# https://github.com/mikedh/trimesh
mtllib material.mtl

o bike_tyre1_dummyProp_0
usemtl dummyProp
v 0.02035545 0.56119264 0.50184034
v 0.01276764 0.58481882 0.49726347
v 0.01276763 0.58424982 0.61107372
v 0.02035543 0.56067059 0.60626085
v 0.01276764 0.58481882 0.49726347
v -0.01246469 0.58503500 0.49722159
v -0.01246471 0.58446557 0.61111777
v 0.01276763 0.58424982 0.61107372
v -0.01246469 0.58503500 0.49722159
v -0.02047133 0.56154242 0.50177258
v -0.02047134 0.56101967 0.60633210
v -0.01246471 0.58446557 0.61111777
v -0.02047133 0.56154242 0.50177258
v -0.00018737 0.54680702 0.50462713
v -0.00018738 0.54631356 0.60333037
v -0.02047134 0.56101967 0.60633210
v -0.00018737 0.54680702 0.50462713
v 0.02035545 0.56119264 0.50184034
v 0.02035543 0.56067059 0.60626085
v -0.00018738 0.54631356 0.60333037
v 0.02035543 0.56067059 0.60626085
v 0.01276763 0.58424982 0.61107372
v 0.01276762 0.54017084 0.71600295
v 0.02035543 0.52022828 0.70253306
v 0.01276763 0.58424982 0.61107372
v -0.01246471 0.58446557 0.61111777
v -0.01246471 0.54035332 0.71612620
v 0.01276762 0.54017084 0.71600295
v -0.01246471 0.58446557 0.61111777
v -0.02047134 0.56101967 0.60633210
v -0.02047135 0.52052353 0.70273248
v -0.01246471 0.54035332 0.71612620
v -0.02047134 0.56101967 0.60633210
v -0.00018738 0.54631356 0.60333037
v -0.00018739 0.50808556 0.69433145
v -0.02047135 0.52052353 0.70273248
v -0.00018738 0.54631356 0.60333037
v 0.02035543 0.56067059 0.60626085
v 0.02035543 0.52022828 0.70253306
v -0.00018739 0.50808556 0.69433145
v 0.02035543 0.52022828 0.70253306
v 0.01276762 0.54017084 0.71600295
v 0.01276762 0.45929250 0.79607661
v 0.02035543 0.44602268 0.77600034
v 0.01276762 0.54017084 0.71600295
v -0.01246471 0.54035332 0.71612620
v -0.01246471 0.45941393 0.79626030
v 0.01276762 0.45929250 0.79607661
v -0.01246471 0.54035332 0.71612620
v -0.02047135 0.52052353 0.70273248
v -0.02047135 0.44621914 0.77629758
v -0.01246471 0.45941393 0.79626030
v -0.02047135 0.52052353 0.70273248
v -0.00018739 0.50808556 0.69433145
v -0.00018738 0.43794289 0.76377622
v -0.02047135 0.44621914 0.77629758
v -0.00018739 0.50808556 0.69433145
v 0.02035543 0.52022828 0.70253306
v 0.02035543 0.44602268 0.77600034
v -0.00018738 0.43794289 0.76377622
v 0.02035543 0.44602268 0.77600034
v 0.01276762 0.45929250 0.79607661
v 0.01276764 0.35392780 0.83910421
v 0.02035544 0.34935093 0.81547802
v 0.01276762 0.45929250 0.79607661
v -0.01246471 0.45941393 0.79626030
v -0.01246470 0.35396967 0.83932039
v 0.01276764 0.35392780 0.83910421
v -0.01246471 0.45941393 0.79626030
v -0.02047135 0.44621914 0.77629758
v -0.02047134 0.34941868 0.81582781
v -0.01246470 0.35396967 0.83932039
v -0.02047135 0.44621914 0.77629758
v -0.00018738 0.43794289 0.76377622
v -0.00018737 0.34656414 0.80109241
v -0.02047134 0.34941868 0.81582781
v -0.00018738 0.43794289 0.76377622
v 0.02035543 0.44602268 0.77600034
v 0.02035544 0.34935093 0.81547802
v -0.00018737 0.34656414 0.80109241
v 0.02035544 0.34935093 0.81547802
v 0.01276764 0.35392780 0.83910421
v 0.01276765 0.24011756 0.83853520
v 0.02035546 0.24493043 0.81495597
v 0.01276764 0.35392780 0.83910421
v -0.01246470 0.35396967 0.83932039
v -0.01246468 0.24007351 0.83875095
v 0.01276765 0.24011756 0.83853520
v -0.01246470 0.35396967 0.83932039
v -0.02047134 0.34941868 0.81582781
v -0.02047132 0.24485917 0.81530506
v -0.01246468 0.24007351 0.83875095
v -0.02047134 0.34941868 0.81582781
v -0.00018737 0.34656414 0.80109241
v -0.00018736 0.24786091 0.80059894
v -0.02047132 0.24485917 0.81530506
v -0.00018737 0.34656414 0.80109241
v 0.02035544 0.34935093 0.81547802
v 0.02035546 0.24493043 0.81495597
v -0.00018736 0.24786091 0.80059894
v 0.02035546 0.24493043 0.81495597
v 0.01276765 0.24011756 0.83853520
v 0.01276768 0.13518835 0.79445620
v 0.02035548 0.14865824 0.77451364
v 0.01276765 0.24011756 0.83853520
v -0.01246468 0.24007351 0.83875095
v -0.01246466 0.13506508 0.79463869
v 0.01276768 0.13518835 0.79445620
v -0.01246468 0.24007351 0.83875095
v -0.02047132 0.24485917 0.81530506
v -0.02047130 0.14845881 0.77480889
v -0.01246466 0.13506508 0.79463869
v -0.02047132 0.24485917 0.81530506
v -0.00018736 0.24786091 0.80059894
v -0.00018734 0.15685985 0.76237093
v -0.02047130 0.14845881 0.77480889
v -0.00018736 0.24786091 0.80059894
v 0.02035546 0.24493043 0.81495597
v 0.02035548 0.14865824 0.77451364
v -0.00018734 0.15685985 0.76237093
v 0.02035548 0.14865824 0.77451364
v 0.01276768 0.13518835 0.79445620
v 0.01276770 0.05511469 0.71357786
v 0.02035550 0.07519096 0.70030804
v 0.01276768 0.13518835 0.79445620
v -0.01246466 0.13506508 0.79463869
v -0.01246464 0.05493098 0.71369928
v 0.01276770 0.05511469 0.71357786
v -0.01246466 0.13506508 0.79463869
v -0.02047130 0.14845881 0.77480889
v -0.02047128 0.07489370 0.70050450
v -0.01246464 0.05493098 0.71369928
v -0.02047130 0.14845881 0.77480889
v -0.00018734 0.15685985 0.76237093
v -0.00018732 0.08741507 0.69222825
v -0.02047128 0.07489370 0.70050450
v -0.00018734 0.15685985 0.76237093
v 0.02035548 0.14865824 0.77451364
v 0.02035550 0.07519096 0.70030804
v -0.00018732 0.08741507 0.69222825
v 0.02035550 0.07519096 0.70030804
v 0.01276770 0.05511469 0.71357786
v 0.01276772 0.01208709 0.60821315
v 0.02035552 0.03571327 0.60363628
v 0.01276770 0.05511469 0.71357786
v -0.01246464 0.05493098 0.71369928
v -0.01246462 0.01187090 0.60825502
v 0.01276772 0.01208709 0.60821315
v -0.01246464 0.05493098 0.71369928
v -0.02047128 0.07489370 0.70050450
v -0.02047126 0.03536348 0.60370404
v -0.01246462 0.01187090 0.60825502
v -0.02047128 0.07489370 0.70050450
v -0.00018732 0.08741507 0.69222825
v -0.00018730 0.05009888 0.60084950
v -0.02047126 0.03536348 0.60370404
v -0.00018732 0.08741507 0.69222825
v 0.02035550 0.07519096 0.70030804
v 0.02035552 0.03571327 0.60363628
v -0.00018730 0.05009888 0.60084950
v 0.02035552 0.03571327 0.60363628
v 0.01276772 0.01208709 0.60821315
v 0.01276774 0.01265610 0.49440289
v 0.02035553 0.03623534 0.49921577
v 0.01276772 0.01208709 0.60821315
v -0.01246462 0.01187090 0.60825502
v -0.01246460 0.01244035 0.49435884
v 0.01276774 0.01265610 0.49440289
v -0.01246462 0.01187090 0.60825502
v -0.02047126 0.03536348 0.60370404
v -0.02047124 0.03588624 0.49914451
v -0.01246460 0.01244035 0.49435884
v -0.02047126 0.03536348 0.60370404
v -0.00018730 0.05009888 0.60084950
v -0.00018729 0.05059237 0.50214626
v -0.02047124 0.03588624 0.49914451
v -0.00018730 0.05009888 0.60084950
v 0.02035552 0.03571327 0.60363628
v 0.02035553 0.03623534 0.49921577
v -0.00018729 0.05059237 0.50214626
v 0.02035553 0.03623534 0.49921577
v 0.01276774 0.01265610 0.49440289
v 0.01276774 0.05673511 0.38947369
v 0.02035554 0.07667769 0.40294360
v 0.01276774 0.01265610 0.49440289
v -0.01246460 0.01244035 0.49435884
v -0.01246459 0.05655264 0.38935042
v 0.01276774 0.05673511 0.38947369
v -0.01246460 0.01244035 0.49435884
v -0.02047124 0.03588624 0.49914451
v -0.02047124 0.07638243 0.40274416
v -0.01246459 0.05655264 0.38935042
v -0.02047124 0.03588624 0.49914451
v -0.00018729 0.05059237 0.50214626
v -0.00018728 0.08882040 0.41114520
v -0.02047124 0.07638243 0.40274416
v -0.00018729 0.05059237 0.50214626
v 0.02035553 0.03623534 0.49921577
v 0.02035554 0.07667769 0.40294360
v -0.00018728 0.08882040 0.41114520
v 0.02035554 0.07667769 0.40294360
v 0.01276774 0.05673511 0.38947369
v 0.01276774 0.13761344 0.30940005
v 0.02035553 0.15088327 0.32947632
v 0.01276774 0.05673511 0.38947369
v -0.01246459 0.05655264 0.38935042
v -0.01246460 0.13749202 0.30921635
v 0.01276774 0.13761344 0.30940005
v -0.01246459 0.05655264 0.38935042
v -0.02047124 0.07638243 0.40274416
v -0.02047124 0.15068680 0.32917908
v -0.01246460 0.13749202 0.30921635
v -0.02047124 0.07638243 0.40274416
v -0.00018728 0.08882040 0.41114520
v -0.00018728 0.15896305 0.34170043
v -0.02047124 0.15068680 0.32917908
v -0.00018728 0.08882040 0.41114520
v 0.02035554 0.07667769 0.40294360
v 0.02035553 0.15088327 0.32947632
v -0.00018728 0.15896305 0.34170043
v 0.02035553 0.15088327 0.32947632
v 0.01276774 0.13761344 0.30940005
v 0.01276773 0.24297813 0.26637247
v 0.02035552 0.24755500 0.28999866
v 0.01276774 0.13761344 0.30940005
v -0.01246460 0.13749202 0.30921635
v -0.01246461 0.24293625 0.26615628
v 0.01276773 0.24297813 0.26637247
v -0.01246460 0.13749202 0.30921635
v -0.02047124 0.15068680 0.32917908
v -0.02047125 0.24748723 0.28964886
v -0.01246461 0.24293625 0.26615628
v -0.02047124 0.15068680 0.32917908
v -0.00018728 0.15896305 0.34170043
v -0.00018729 0.25034178 0.30438427
v -0.02047125 0.24748723 0.28964886
v -0.00018728 0.15896305 0.34170043
v 0.02035553 0.15088327 0.32947632
v 0.02035552 0.24755500 0.28999866
v -0.00018729 0.25034178 0.30438427
v 0.02035552 0.24755500 0.28999866
v 0.01276773 0.24297813 0.26637247
v 0.01276771 0.35678834 0.26694148
v 0.02035551 0.35197547 0.29052071
v 0.01276773 0.24297813 0.26637247
v -0.01246461 0.24293625 0.26615628
v -0.01246463 0.35683239 0.26672572
v 0.01276771 0.35678834 0.26694148
v -0.01246461 0.24293625 0.26615628
v -0.02047125 0.24748723 0.28964886
v -0.02047127 0.35204672 0.29017162
v -0.01246463 0.35683239 0.26672572
v -0.02047125 0.24748723 0.28964886
v -0.00018729 0.25034178 0.30438427
v -0.00018731 0.34904499 0.30487774
v -0.02047127 0.35204672 0.29017162
v -0.00018729 0.25034178 0.30438427
v 0.02035552 0.24755500 0.28999866
v 0.02035551 0.35197547 0.29052071
v -0.00018731 0.34904499 0.30487774
v 0.02035551 0.35197547 0.29052071
v 0.01276771 0.35678834 0.26694148
v 0.01276769 0.46171753 0.31102045
v 0.02035549 0.44824763 0.33096301
v 0.01276771 0.35678834 0.26694148
v -0.01246463 0.35683239 0.26672572
v -0.01246465 0.46184078 0.31083796
v 0.01276769 0.46171753 0.31102045
v -0.01246463 0.35683239 0.26672572
v -0.02047127 0.35204672 0.29017162
v -0.02047129 0.44844706 0.33066774
v -0.01246465 0.46184078 0.31083796
v -0.02047127 0.35204672 0.29017162
v -0.00018731 0.34904499 0.30487774
v -0.00018733 0.44004602 0.34310572
v -0.02047129 0.44844706 0.33066774
v -0.00018731 0.34904499 0.30487774
v 0.02035551 0.35197547 0.29052071
v 0.02035549 0.44824763 0.33096301
v -0.00018733 0.44004602 0.34310572
v 0.02035549 0.44824763 0.33096301
v 0.01276769 0.46171753 0.31102045
v 0.01276766 0.54179120 0.39189874
v 0.02035547 0.52171495 0.40516858
v 0.01276769 0.46171753 0.31102045
v -0.01246465 0.46184078 0.31083796
v -0.01246467 0.54197489 0.39177732
v 0.01276766 0.54179120 0.39189874
v -0.01246465 0.46184078 0.31083796
v -0.02047129 0.44844706 0.33066774
v -0.02047131 0.52201217 0.40497211
v -0.01246467 0.54197489 0.39177732
v -0.02047129 0.44844706 0.33066774
v -0.00018733 0.44004602 0.34310572
v -0.00018735 0.50949083 0.41324836
v -0.02047131 0.52201217 0.40497211
v -0.00018733 0.44004602 0.34310572
v 0.02035549 0.44824763 0.33096301
v 0.02035547 0.52171495 0.40516858
v -0.00018735 0.50949083 0.41324836
v 0.02035547 0.52171495 0.40516858
v 0.01276766 0.54179120 0.39189874
v 0.01276764 0.58481882 0.49726347
v 0.02035545 0.56119264 0.50184034
v 0.01276766 0.54179120 0.39189874
v -0.01246467 0.54197489 0.39177732
v -0.01246469 0.58503500 0.49722159
v 0.01276764 0.58481882 0.49726347
v -0.01246467 0.54197489 0.39177732
v -0.02047131 0.52201217 0.40497211
v -0.02047133 0.56154242 0.50177258
v -0.01246469 0.58503500 0.49722159
v -0.02047131 0.52201217 0.40497211
v -0.00018735 0.50949083 0.41324836
v -0.00018737 0.54680702 0.50462713
v -0.02047133 0.56154242 0.50177258
v -0.00018735 0.50949083 0.41324836
v 0.02035547 0.52171495 0.40516858
v 0.02035545 0.56119264 0.50184034
v -0.00018737 0.54680702 0.50462713
vt 0.91250002 0.67812502
vt 0.91250002 0.67812502
vt 0.91250002 0.67812502
vt 0.91250002 0.67812502
vt 0.91250002 0.67812502
vt 0.91250002 0.67812502
vt 0.91250002 0.67812502
vt 0.91250002 0.67812502
vt 0.91250002 0.67812502
vt 0.91250002 0.67812502
vt 0.91250002 0.67812502
vt 0.91250002 0.67812502
vt 0.38749999 0.63437498
vt 0.38749999 0.63437498
vt 0.38749999 0.63437498
vt 0.38749999 0.63437498
vt 0.38749999 0.63437498
vt 0.38749999 0.63437498
vt 0.38749999 0.63437498
vt 0.38749999 0.63437498
vt 0.91250002 0.67812502
vt 0.91250002 0.67812502
vt 0.91250002 0.67812502
vt 0.91250002 0.67812502
vt 0.91250002 0.67812502
vt 0.91250002 0.67812502
vt 0.91250002 0.67812502
vt 0.91250002 0.67812502
vt 0.91250002 0.67812502
vt 0.91250002 0.67812502
vt 0.91250002 0.67812502
vt 0.91250002 0.67812502
vt 0.38749999 0.63437498
vt 0.38749999 0.63437498
vt 0.38749999 0.63437498
vt 0.38749999 0.63437498
vt 0.38749999 0.63437498
vt 0.38749999 0.63437498
vt 0.38749999 0.63437498
vt 0.38749999 0.63437498
vt 0.91250002 0.67812502
vt 0.91250002 0.67812502
vt 0.91250002 0.67812502
vt 0.91250002 0.67812502
vt 0.91250002 0.67812502
vt 0.91250002 0.67812502
vt 0.91250002 0.67812502
vt 0.91250002 0.67812502
vt 0.91250002 0.67812502
vt 0.91250002 0.67812502
vt 0.91250002 0.67812502
vt 0.91250002 0.67812502
vt 0.38749999 0.63437498
vt 0.38749999 0.63437498
vt 0.38749999 0.63437498
vt 0.38749999 0.63437498
vt 0.38749999 0.63437498
vt 0.38749999 0.63437498
vt 0.38749999 0.63437498
vt 0.38749999 0.63437498
vt 0.91250002 0.67812502
vt 0.91250002 0.67812502
vt 0.91250002 0.67812502
vt 0.91250002 0.67812502
vt 0.91250002 0.67812502
vt 0.91250002 0.67812502
vt 0.91250002 0.67812502
vt 0.91250002 0.67812502
vt 0.91250002 0.67812502
vt 0.91250002 0.67812502
vt 0.91250002 0.67812502
vt 0.91250002 0.67812502
vt 0.38749999 0.63437498
vt 0.38749999 0.63437498
vt 0.38749999 0.63437498
vt 0.38749999 0.63437498
vt 0.38749999 0.63437498
vt 0.38749999 0.63437498
vt 0.38749999 0.63437498
vt 0.38749999 0.63437498
vt 0.91250002 0.67812502
vt 0.91250002 0.67812502
vt 0.91250002 0.67812502
vt 0.91250002 0.67812502
vt 0.91250002 0.67812502
vt 0.91250002 0.67812502
vt 0.91250002 0.67812502
vt 0.91250002 0.67812502
vt 0.91250002 0.67812502
vt 0.91250002 0.67812502
vt 0.91250002 0.67812502
vt 0.91250002 0.67812502
vt 0.38749999 0.63437498
vt 0.38749999 0.63437498
vt 0.38749999 0.63437498
vt 0.38749999 0.63437498
vt 0.38749999 0.63437498
vt 0.38749999 0.63437498
vt 0.38749999 0.63437498
vt 0.38749999 0.63437498
vt 0.91250002 0.67812502
vt 0.91250002 0.67812502
vt 0.91250002 0.67812502
vt 0.91250002 0.67812502
vt 0.91250002 0.67812502
vt 0.91250002 0.67812502
vt 0.91250002 0.67812502
vt 0.91250002 0.67812502
vt 0.91250002 0.67812502
vt 0.91250002 0.67812502
vt 0.91250002 0.67812502
vt 0.91250002 0.67812502
vt 0.38749999 0.63437498
vt 0.38749999 0.63437498
vt 0.38749999 0.63437498
vt 0.38749999 0.63437498
vt 0.38749999 0.63437498
vt 0.38749999 0.63437498
vt 0.38749999 0.63437498
vt 0.38749999 0.63437498
vt 0.91250002 0.67812502
vt 0.91250002 0.67812502
vt 0.91250002 0.67812502
vt 0.91250002 0.67812502
vt 0.91250002 0.67812502
vt 0.91250002 0.67812502
vt 0.91250002 0.67812502
vt 0.91250002 0.67812502
vt 0.91250002 0.67812502
vt 0.91250002 0.67812502
vt 0.91250002 0.67812502
vt 0.91250002 0.67812502
vt 0.38749999 0.63437498
vt 0.38749999 0.63437498
vt 0.38749999 0.63437498
vt 0.38749999 0.63437498
vt 0.38749999 0.63437498
vt 0.38749999 0.63437498
vt 0.38749999 0.63437498
vt 0.38749999 0.63437498
vt 0.91250002 0.67812502
vt 0.91250002 0.67812502
vt 0.91250002 0.67812502
vt 0.91250002 0.67812502
vt 0.91250002 0.67812502
vt 0.91250002 0.67812502
vt 0.91250002 0.67812502
vt 0.91250002 0.67812502
vt 0.91250002 0.67812502
vt 0.91250002 0.67812502
vt 0.91250002 0.67812502
vt 0.91250002 0.67812502
vt 0.38749999 0.63437498
vt 0.38749999 0.63437498
vt 0.38749999 0.63437498
vt 0.38749999 0.63437498
vt 0.38749999 0.63437498
vt 0.38749999 0.63437498
vt 0.38749999 0.63437498
vt 0.38749999 0.63437498
vt 0.91250002 0.67812502
vt 0.91250002 0.67812502
vt 0.91250002 0.67812502
vt 0.91250002 0.67812502
vt 0.91250002 0.67812502
vt 0.91250002 0.67812502
vt 0.91250002 0.67812502
vt 0.91250002 0.67812502
vt 0.91250002 0.67812502
vt 0.91250002 0.67812502
vt 0.91250002 0.67812502
vt 0.91250002 0.67812502
vt 0.38749999 0.63437498
vt 0.38749999 0.63437498
vt 0.38749999 0.63437498
vt 0.38749999 0.63437498
vt 0.38749999 0.63437498
vt 0.38749999 0.63437498
vt 0.38749999 0.63437498
vt 0.38749999 0.63437498
vt 0.91250002 0.67812502
vt 0.91250002 0.67812502
vt 0.91250002 0.67812502
vt 0.91250002 0.67812502
vt 0.91250002 0.67812502
vt 0.91250002 0.67812502
vt 0.91250002 0.67812502
vt 0.91250002 0.67812502
vt 0.91250002 0.67812502
vt 0.91250002 0.67812502
vt 0.91250002 0.67812502
vt 0.91250002 0.67812502
vt 0.38749999 0.63437498
vt 0.38749999 0.63437498
vt 0.38749999 0.63437498
vt 0.38749999 0.63437498
vt 0.38749999 0.63437498
vt 0.38749999 0.63437498
vt 0.38749999 0.63437498
vt 0.38749999 0.63437498
vt 0.91250002 0.67812502
vt 0.91250002 0.67812502
vt 0.91250002 0.67812502
vt 0.91250002 0.67812502
vt 0.91250002 0.67812502
vt 0.91250002 0.67812502
vt 0.91250002 0.67812502
vt 0.91250002 0.67812502
vt 0.91250002 0.67812502
vt 0.91250002 0.67812502
vt 0.91250002 0.67812502
vt 0.91250002 0.67812502
vt 0.38749999 0.63437498
vt 0.38749999 0.63437498
vt 0.38749999 0.63437498
vt 0.38749999 0.63437498
vt 0.38749999 0.63437498
vt 0.38749999 0.63437498
vt 0.38749999 0.63437498
vt 0.38749999 0.63437498
vt 0.91250002 0.67812502
vt 0.91250002 0.67812502
vt 0.91250002 0.67812502
vt 0.91250002 0.67812502
vt 0.91250002 0.67812502
vt 0.91250002 0.67812502
vt 0.91250002 0.67812502
vt 0.91250002 0.67812502
vt 0.91250002 0.67812502
vt 0.91250002 0.67812502
vt 0.91250002 0.67812502
vt 0.91250002 0.67812502
vt 0.38749999 0.63437498
vt 0.38749999 0.63437498
vt 0.38749999 0.63437498
vt 0.38749999 0.63437498
vt 0.38749999 0.63437498
vt 0.38749999 0.63437498
vt 0.38749999 0.63437498
vt 0.38749999 0.63437498
vt 0.91250002 0.67812502
vt 0.91250002 0.67812502
vt 0.91250002 0.67812502
vt 0.91250002 0.67812502
vt 0.91250002 0.67812502
vt 0.91250002 0.67812502
vt 0.91250002 0.67812502
vt 0.91250002 0.67812502
vt 0.91250002 0.67812502
vt 0.91250002 0.67812502
vt 0.91250002 0.67812502
vt 0.91250002 0.67812502
vt 0.38749999 0.63437498
vt 0.38749999 0.63437498
vt 0.38749999 0.63437498
vt 0.38749999 0.63437498
vt 0.38749999 0.63437498
vt 0.38749999 0.63437498
vt 0.38749999 0.63437498
vt 0.38749999 0.63437498
vt 0.91250002 0.67812502
vt 0.91250002 0.67812502
vt 0.91250002 0.67812502
vt 0.91250002 0.67812502
vt 0.91250002 0.67812502
vt 0.91250002 0.67812502
vt 0.91250002 0.67812502
vt 0.91250002 0.67812502
vt 0.91250002 0.67812502
vt 0.91250002 0.67812502
vt 0.91250002 0.67812502
vt 0.91250002 0.67812502
vt 0.38749999 0.63437498
vt 0.38749999 0.63437498
vt 0.38749999 0.63437498
vt 0.38749999 0.63437498
vt 0.38749999 0.63437498
vt 0.38749999 0.63437498
vt 0.38749999 0.63437498
vt 0.38749999 0.63437498
vt 0.91250002 0.67812502
vt 0.91250002 0.67812502
vt 0.91250002 0.67812502
vt 0.91250002 0.67812502
vt 0.91250002 0.67812502
vt 0.91250002 0.67812502
vt 0.91250002 0.67812502
vt 0.91250002 0.67812502
vt 0.91250002 0.67812502
vt 0.91250002 0.67812502
vt 0.91250002 0.67812502
vt 0.91250002 0.67812502
vt 0.38749999 0.63437498
vt 0.38749999 0.63437498
vt 0.38749999 0.63437498
vt 0.38749999 0.63437498
vt 0.38749999 0.63437498
vt 0.38749999 0.63437498
vt 0.38749999 0.63437498
vt 0.38749999 0.63437498
vt 0.91250002 0.67812502
vt 0.91250002 0.67812502
vt 0.91250002 0.67812502
vt 0.91250002 0.67812502
vt 0.91250002 0.67812502
vt 0.91250002 0.67812502
vt 0.91250002 0.67812502
vt 0.91250002 0.67812502
vt 0.91250002 0.67812502
vt 0.91250002 0.67812502
vt 0.91250002 0.67812502
vt 0.91250002 0.67812502
vt 0.38749999 0.63437498
vt 0.38749999 0.63437498
vt 0.38749999 0.63437498
vt 0.38749999 0.63437498
vt 0.38749999 0.63437498
vt 0.38749999 0.63437498
vt 0.38749999 0.63437498
vt 0.38749999 0.63437498
f 1/1 2/2 3/3
f 1/1 3/3 4/4
f 5/5 6/6 7/7
f 5/5 7/7 8/8
f 9/9 10/10 11/11
f 9/9 11/11 12/12
f 13/13 14/14 15/15
f 13/13 15/15 16/16
f 17/17 18/18 19/19
f 17/17 19/19 20/20
f 21/21 22/22 23/23
f 21/21 23/23 24/24
f 25/25 26/26 27/27
f 25/25 27/27 28/28
f 29/29 30/30 31/31
f 29/29 31/31 32/32
f 33/33 34/34 35/35
f 33/33 35/35 36/36
f 37/37 38/38 39/39
f 37/37 39/39 40/40
f 41/41 42/42 43/43
f 41/41 43/43 44/44
f 45/45 46/46 47/47
f 45/45 47/47 48/48
f 49/49 50/50 51/51
f 49/49 51/51 52/52
f 53/53 54/54 55/55
f 53/53 55/55 56/56
f 57/57 58/58 59/59
f 57/57 59/59 60/60
f 61/61 62/62 63/63
f 61/61 63/63 64/64
f 65/65 66/66 67/67
f 65/65 67/67 68/68
f 69/69 70/70 71/71
f 69/69 71/71 72/72
f 73/73 74/74 75/75
f 73/73 75/75 76/76
f 77/77 78/78 79/79
f 77/77 79/79 80/80
f 81/81 82/82 83/83
f 81/81 83/83 84/84
f 85/85 86/86 87/87
f 85/85 87/87 88/88
f 89/89 90/90 91/91
f 89/89 91/91 92/92
f 93/93 94/94 95/95
f 93/93 95/95 96/96
f 97/97 98/98 99/99
f 97/97 99/99 100/100
f 101/101 102/102 103/103
f 101/101 103/103 104/104
f 105/105 106/106 107/107
f 105/105 107/107 108/108
f 109/109 110/110 111/111
f 109/109 111/111 112/112
f 113/113 114/114 115/115
f 113/113 115/115 116/116
f 117/117 118/118 119/119
f 117/117 119/119 120/120
f 121/121 122/122 123/123
f 121/121 123/123 124/124
f 125/125 126/126 127/127
f 125/125 127/127 128/128
f 129/129 130/130 131/131
f 129/129 131/131 132/132
f 133/133 134/134 135/135
f 133/133 135/135 136/136
f 137/137 138/138 139/139
f 137/137 139/139 140/140
f 141/141 142/142 143/143
f 141/141 143/143 144/144
f 145/145 146/146 147/147
f 145/145 147/147 148/148
f 149/149 150/150 151/151
f 149/149 151/151 152/152
f 153/153 154/154 155/155
f 153/153 155/155 156/156
f 157/157 158/158 159/159
f 157/157 159/159 160/160
f 161/161 162/162 163/163
f 161/161 163/163 164/164
f 165/165 166/166 167/167
f 165/165 167/167 168/168
f 169/169 170/170 171/171
f 169/169 171/171 172/172
f 173/173 174/174 175/175
f 173/173 175/175 176/176
f 177/177 178/178 179/179
f 177/177 179/179 180/180
f 181/181 182/182 183/183
f 181/181 183/183 184/184
f 185/185 186/186 187/187
f 185/185 187/187 188/188
f 189/189 190/190 191/191
f 189/189 191/191 192/192
f 193/193 194/194 195/195
f 193/193 195/195 196/196
f 197/197 198/198 199/199
f 197/197 199/199 200/200
f 201/201 202/202 203/203
f 201/201 203/203 204/204
f 205/205 206/206 207/207
f 205/205 207/207 208/208
f 209/209 210/210 211/211
f 209/209 211/211 212/212
f 213/213 214/214 215/215
f 213/213 215/215 216/216
f 217/217 218/218 219/219
f 217/217 219/219 220/220
f 221/221 222/222 223/223
f 221/221 223/223 224/224
f 225/225 226/226 227/227
f 225/225 227/227 228/228
f 229/229 230/230 231/231
f 229/229 231/231 232/232
f 233/233 234/234 235/235
f 233/233 235/235 236/236
f 237/237 238/238 239/239
f 237/237 239/239 240/240
f 241/241 242/242 243/243
f 241/241 243/243 244/244
f 245/245 246/246 247/247
f 245/245 247/247 248/248
f 249/249 250/250 251/251
f 249/249 251/251 252/252
f 253/253 254/254 255/255
f 253/253 255/255 256/256
f 257/257 258/258 259/259
f 257/257 259/259 260/260
f 261/261 262/262 263/263
f 261/261 263/263 264/264
f 265/265 266/266 267/267
f 265/265 267/267 268/268
f 269/269 270/270 271/271
f 269/269 271/271 272/272
f 273/273 274/274 275/275
f 273/273 275/275 276/276
f 277/277 278/278 279/279
f 277/277 279/279 280/280
f 281/281 282/282 283/283
f 281/281 283/283 284/284
f 285/285 286/286 287/287
f 285/285 287/287 288/288
f 289/289 290/290 291/291
f 289/289 291/291 292/292
f 293/293 294/294 295/295
f 293/293 295/295 296/296
f 297/297 298/298 299/299
f 297/297 299/299 300/300
f 301/301 302/302 303/303
f 301/301 303/303 304/304
f 305/305 306/306 307/307
f 305/305 307/307 308/308
f 309/309 310/310 311/311
f 309/309 311/311 312/312
f 313/313 314/314 315/315
f 313/313 315/315 316/316
f 317/317 318/318 319/319
f 317/317 319/319 320/320

o bike_fork_dummyProp_0
usemtl dummyProp
v -0.03308566 0.29764993 0.56634838
v -0.04416594 0.29469943 0.56186115
v -0.04104312 0.28730733 0.55347267
v -0.02972416 0.28663949 0.55373470
v -0.01874626 0.60774883 0.39446277
v -0.01874628 0.58246132 0.39760303
v -0.03227723 0.57381332 0.40571976
v -0.03985903 0.59271152 0.40319111
v -0.01874628 0.58246132 0.39760303
v -0.01874628 0.59535210 0.43374088
v -0.03614219 0.58344704 0.43481918
v -0.03227723 0.57381332 0.40571976
v -0.01874628 0.59535210 0.43374088
v -0.01874626 0.61831261 0.41830943
v -0.04302631 0.60060620 0.42239326
v -0.03614219 0.58344704 0.43481918
v -0.01874626 0.61831261 0.41830943
v -0.01874626 0.60774883 0.39446277
v -0.03985903 0.59271152 0.40319111
v -0.04302631 0.60060620 0.42239326
v -0.03985903 0.59271152 0.40319111
v -0.03227723 0.57381332 0.40571976
v -0.04112461 0.55629757 0.41354256
v -0.05703667 0.56451424 0.41584252
v -0.03227723 0.57381332 0.40571976
v -0.03614219 0.58344704 0.43481918
v -0.04398512 0.56297535 0.43952606
v -0.04112461 0.55629757 0.41354256
v -0.03614219 0.58344704 0.43481918
v -0.04302631 0.60060620 0.42239326
v -0.06018333 0.56960770 0.43317810
v -0.04398512 0.56297535 0.43952606
v -0.04302631 0.60060620 0.42239326
v -0.03985903 0.59271152 0.40319111
v -0.05703667 0.56451424 0.41584252
v -0.06018333 0.56960770 0.43317810
v -0.05703667 0.56451424 0.41584252
v -0.04112461 0.55629757 0.41354256
v -0.04165568 0.41974305 0.46919504
v -0.05410316 0.42051050 0.47144979
v -0.04112461 0.55629757 0.41354256
v -0.04398512 0.56297535 0.43952606
v -0.04535233 0.42619398 0.48644052
v -0.04165568 0.41974305 0.46919504
v -0.04398512 0.56297535 0.43952606
v -0.06018333 0.56960770 0.43317810
v -0.05753733 0.42487245 0.48294565
v -0.04535233 0.42619398 0.48644052
v -0.06018333 0.56960770 0.43317810
v -0.05703667 0.56451424 0.41584252
v -0.05410316 0.42051050 0.47144979
v -0.05753733 0.42487245 0.48294565
v -0.05410316 0.42051050 0.47144979
v -0.04165568 0.41974305 0.46919504
v -0.02972416 0.28663949 0.55373470
v -0.04104312 0.28730733 0.55347267
v -0.04165568 0.41974305 0.46919504
v -0.04535233 0.42619398 0.48644052
v -0.03308566 0.29764993 0.56634838
v -0.02972416 0.28663949 0.55373470
v -0.04535233 0.42619398 0.48644052
v -0.05753733 0.42487245 0.48294565
v -0.04416594 0.29469943 0.56186115
v -0.03308566 0.29764993 0.56634838
v -0.05753733 0.42487245 0.48294565
v -0.05410316 0.42051050 0.47144979
v -0.04104312 0.28730733 0.55347267
v -0.04416594 0.29469943 0.56186115
v -0.01874628 0.58246132 0.39760303
v -0.01874626 0.60774883 0.39446277
v 0.00000000 0.60774883 0.39446277
v 0.00000000 0.58246128 0.39760303
v -0.01874628 0.59535210 0.43374088
v -0.01874628 0.58246132 0.39760303
v 0.00000000 0.58246128 0.39760303
v 0.00000000 0.59535210 0.43374092
v -0.01874626 0.61831261 0.41830943
v -0.01874628 0.59535210 0.43374088
v 0.00000000 0.59535210 0.43374092
v 0.00000000 0.61831261 0.41830943
v -0.01874626 0.60774883 0.39446277
v -0.01874626 0.61831261 0.41830943
v 0.00000000 0.61831261 0.41830943
v 0.00000000 0.60774883 0.39446277
v 0.04104312 0.28730733 0.55347267
v 0.04416594 0.29469943 0.56186115
v 0.03308566 0.29764993 0.56634838
v 0.02972416 0.28663949 0.55373470
v 0.01874626 0.60774883 0.39446277
v 0.03985903 0.59271152 0.40319111
v 0.03227723 0.57381332 0.40571976
v 0.01874628 0.58246132 0.39760303
v 0.01874628 0.58246132 0.39760303
v 0.03227723 0.57381332 0.40571976
v 0.03614219 0.58344704 0.43481918
v 0.01874628 0.59535210 0.43374088
v 0.01874628 0.59535210 0.43374088
v 0.03614219 0.58344704 0.43481918
v 0.04302631 0.60060620 0.42239326
v 0.01874626 0.61831261 0.41830943
v 0.01874626 0.61831261 0.41830943
v 0.04302631 0.60060620 0.42239326
v 0.03985903 0.59271152 0.40319111
v 0.01874626 0.60774883 0.39446277
v 0.03985903 0.59271152 0.40319111
v 0.05703667 0.56451424 0.41584252
v 0.04112461 0.55629757 0.41354256
v 0.03227723 0.57381332 0.40571976
v 0.03227723 0.57381332 0.40571976
v 0.04112461 0.55629757 0.41354256
v 0.04398512 0.56297535 0.43952606
v 0.03614219 0.58344704 0.43481918
v 0.03614219 0.58344704 0.43481918
v 0.04398512 0.56297535 0.43952606
v 0.06018333 0.56960770 0.43317810
v 0.04302631 0.60060620 0.42239326
v 0.04302631 0.60060620 0.42239326
v 0.06018333 0.56960770 0.43317810
v 0.05703667 0.56451424 0.41584252
v 0.03985903 0.59271152 0.40319111
v 0.05703667 0.56451424 0.41584252
v 0.05410316 0.42051050 0.47144979
v 0.04165568 0.41974305 0.46919504
v 0.04112461 0.55629757 0.41354256
v 0.04112461 0.55629757 0.41354256
v 0.04165568 0.41974305 0.46919504
v 0.04535233 0.42619398 0.48644052
v 0.04398512 0.56297535 0.43952606
v 0.04398512 0.56297535 0.43952606
v 0.04535233 0.42619398 0.48644052
v 0.05753733 0.42487245 0.48294565
v 0.06018333 0.56960770 0.43317810
v 0.06018333 0.56960770 0.43317810
v 0.05753733 0.42487245 0.48294565
v 0.05410316 0.42051050 0.47144979
v 0.05703667 0.56451424 0.41584252
v 0.05410316 0.42051050 0.47144979
v 0.04104312 0.28730733 0.55347267
v 0.02972416 0.28663949 0.55373470
v 0.04165568 0.41974305 0.46919504
v 0.04165568 0.41974305 0.46919504
v 0.02972416 0.28663949 0.55373470
v 0.03308566 0.29764993 0.56634838
v 0.04535233 0.42619398 0.48644052
v 0.04535233 0.42619398 0.48644052
v 0.03308566 0.29764993 0.56634838
v 0.04416594 0.29469943 0.56186115
v 0.05753733 0.42487245 0.48294565
v 0.05753733 0.42487245 0.48294565
v 0.04416594 0.29469943 0.56186115
v 0.04104312 0.28730733 0.55347267
v 0.05410316 0.42051050 0.47144979
v 0.00000000 0.60774883 0.39446277
v 0.01874626 0.60774883 0.39446277
v 0.01874628 0.58246132 0.39760303
v 0.00000000 0.58246128 0.39760303
v 0.00000000 0.58246128 0.39760303
v 0.01874628 0.58246132 0.39760303
v 0.01874628 0.59535210 0.43374088
v 0.00000000 0.59535210 0.43374092
v 0.00000000 0.59535210 0.43374092
v 0.01874628 0.59535210 0.43374088
v 0.01874626 0.61831261 0.41830943
v 0.00000000 0.61831261 0.41830943
v 0.01874626 0.61831261 0.41830943
v 0.01874626 0.60774883 0.39446277
vt 0.42187500 0.56250000
vt 0.42187500 0.56250000
vt 0.42187500 0.56250000
vt 0.42187500 0.56250000
vt 0.17187500 0.59687501
vt 0.17187500 0.59687501
vt 0.17187500 0.59687501
vt 0.17187500 0.59687501
vt 0.42187500 0.56250000
vt 0.42187500 0.56250000
vt 0.42187500 0.56250000
vt 0.42187500 0.56250000
vt 0.17187500 0.59687501
vt 0.17187500 0.59687501
vt 0.17187500 0.59687501
vt 0.17187500 0.59687501
vt 0.42187500 0.56250000
vt 0.42187500 0.56250000
vt 0.42187500 0.56250000
vt 0.42187500 0.56250000
vt 0.17187500 0.59687501
vt 0.17187500 0.59687501
vt 0.17187500 0.59687501
vt 0.17187500 0.59687501
vt 0.42187500 0.56250000
vt 0.42187500 0.56250000
vt 0.42187500 0.56250000
vt 0.42187500 0.56250000
vt 0.17187500 0.59687501
vt 0.17187500 0.59687501
vt 0.17187500 0.59687501
vt 0.17187500 0.59687501
vt 0.42187500 0.56250000
vt 0.42187500 0.56250000
vt 0.42187500 0.56250000
vt 0.42187500 0.56250000
vt 0.17187500 0.59687501
vt 0.17187500 0.59687501
vt 0.17187500 0.59687501
vt 0.17187500 0.59687501
vt 0.42187500 0.56250000
vt 0.42187500 0.56250000
vt 0.42187500 0.56250000
vt 0.42187500 0.56250000
vt 0.17187500 0.59687501
vt 0.17187500 0.59687501
vt 0.17187500 0.59687501
vt 0.17187500 0.59687501
vt 0.42187500 0.56250000
vt 0.42187500 0.56250000
vt 0.42187500 0.56250000
vt 0.42187500 0.56250000
vt 0.17187500 0.59687501
vt 0.17187500 0.59687501
vt 0.17187500 0.59687501
vt 0.17187500 0.59687501
vt 0.42187500 0.56250000
vt 0.42187500 0.56250000
vt 0.42187500 0.56250000
vt 0.42187500 0.56250000
vt 0.17187500 0.59687501
vt 0.17187500 0.59687501
vt 0.17187500 0.59687501
vt 0.17187500 0.59687501
vt 0.42187500 0.56250000
vt 0.42187500 0.56250000
vt 0.42187500 0.56250000
vt 0.42187500 0.56250000
vt 0.17187500 0.59687501
vt 0.17187500 0.59687501
vt 0.17187500 0.59687501
vt 0.17187500 0.59687501
vt 0.42187500 0.56250000
vt 0.42187500 0.56250000
vt 0.42187500 0.56250000
vt 0.42187500 0.56250000
vt 0.17187500 0.59687501
vt 0.17187500 0.59687501
vt 0.17187500 0.59687501
vt 0.17187500 0.59687501
vt 0.42187500 0.56250000
vt 0.42187500 0.56250000
vt 0.42187500 0.56250000
vt 0.42187500 0.56250000
vt 0.42187500 0.56250000
vt 0.42187500 0.56250000
vt 0.42187500 0.56250000
vt 0.42187500 0.56250000
vt 0.17187500 0.59687501
vt 0.17187500 0.59687501
vt 0.17187500 0.59687501
vt 0.17187500 0.59687501
vt 0.42187500 0.56250000
vt 0.42187500 0.56250000
vt 0.42187500 0.56250000
vt 0.42187500 0.56250000
vt 0.17187500 0.59687501
vt 0.17187500 0.59687501
vt 0.17187500 0.59687501
vt 0.17187500 0.59687501
vt 0.42187500 0.56250000
vt 0.42187500 0.56250000
vt 0.42187500 0.56250000
vt 0.42187500 0.56250000
vt 0.17187500 0.59687501
vt 0.17187500 0.59687501
vt 0.17187500 0.59687501
vt 0.17187500 0.59687501
vt 0.42187500 0.56250000
vt 0.42187500 0.56250000
vt 0.42187500 0.56250000
vt 0.42187500 0.56250000
vt 0.17187500 0.59687501
vt 0.17187500 0.59687501
vt 0.17187500 0.59687501
vt 0.17187500 0.59687501
vt 0.42187500 0.56250000
vt 0.42187500 0.56250000
vt 0.42187500 0.56250000
vt 0.42187500 0.56250000
vt 0.17187500 0.59687501
vt 0.17187500 0.59687501
vt 0.17187500 0.59687501
vt 0.17187500 0.59687501
vt 0.42187500 0.56250000
vt 0.42187500 0.56250000
vt 0.42187500 0.56250000
vt 0.42187500 0.56250000
vt 0.17187500 0.59687501
vt 0.17187500 0.59687501
vt 0.17187500 0.59687501
vt 0.17187500 0.59687501
vt 0.42187500 0.56250000
vt 0.42187500 0.56250000
vt 0.42187500 0.56250000
vt 0.42187500 0.56250000
vt 0.17187500 0.59687501
vt 0.17187500 0.59687501
vt 0.17187500 0.59687501
vt 0.17187500 0.59687501
vt 0.42187500 0.56250000
vt 0.42187500 0.56250000
vt 0.42187500 0.56250000
vt 0.42187500 0.56250000
vt 0.17187500 0.59687501
vt 0.17187500 0.59687501
vt 0.17187500 0.59687501
vt 0.17187500 0.59687501
vt 0.42187500 0.56250000
vt 0.42187500 0.56250000
vt 0.42187500 0.56250000
vt 0.42187500 0.56250000
vt 0.17187500 0.59687501
vt 0.17187500 0.59687501
vt 0.17187500 0.59687501
vt 0.17187500 0.59687501
vt 0.42187500 0.56250000
vt 0.42187500 0.56250000
vt 0.42187500 0.56250000
vt 0.42187500 0.56250000
vt 0.17187500 0.59687501
vt 0.17187500 0.59687501
vt 0.17187500 0.59687501
vt 0.17187500 0.59687501
vt 0.42187500 0.56250000
vt 0.42187500 0.56250000
f 321/321 322/322 323/323
f 321/321 323/323 324/324
f 325/325 326/326 327/327
f 325/325 327/327 328/328
f 329/329 330/330 331/331
f 329/329 331/331 332/332
f 333/333 334/334 335/335
f 333/333 335/335 336/336
f 337/337 338/338 339/339
f 337/337 339/339 340/340
f 341/341 342/342 343/343
f 341/341 343/343 344/344
f 345/345 346/346 347/347
f 345/345 347/347 348/348
f 349/349 350/350 351/351
f 349/349 351/351 352/352
f 353/353 354/354 355/355
f 353/353 355/355 356/356
f 357/357 358/358 359/359
f 357/357 359/359 360/360
f 361/361 362/362 363/363
f 361/361 363/363 364/364
f 365/365 366/366 367/367
f 365/365 367/367 368/368
f 369/369 370/370 371/371
f 369/369 371/371 372/372
f 373/373 374/374 375/375
f 373/373 375/375 376/376
f 377/377 378/378 379/379
f 377/377 379/379 380/380
f 381/381 382/382 383/383
f 381/381 383/383 384/384
f 385/385 386/386 387/387
f 385/385 387/387 388/388
f 389/389 390/390 391/391
f 389/389 391/391 392/392
f 393/393 394/394 395/395
f 393/393 395/395 396/396
f 397/397 398/398 399/399
f 397/397 399/399 400/400
f 401/401 402/402 403/403
f 401/401 403/403 404/404
f 405/405 406/406 407/407
f 405/405 407/407 408/408
f 409/409 410/410 411/411
f 409/409 411/411 412/412
f 413/413 414/414 415/415
f 413/413 415/415 416/416
f 417/417 418/418 419/419
f 417/417 419/419 420/420
f 421/421 422/422 423/423
f 421/421 423/423 424/424
f 425/425 426/426 427/427
f 425/425 427/427 428/428
f 429/429 430/430 431/431
f 429/429 431/431 432/432
f 433/433 434/434 435/435
f 433/433 435/435 436/436
f 437/437 438/438 439/439
f 437/437 439/439 440/440
f 441/441 442/442 443/443
f 441/441 443/443 444/444
f 445/445 446/446 447/447
f 445/445 447/447 448/448
f 449/449 450/450 451/451
f 449/449 451/451 452/452
f 453/453 454/454 455/455
f 453/453 455/455 456/456
f 457/457 458/458 459/459
f 457/457 459/459 460/460
f 461/461 462/462 463/463
f 461/461 463/463 464/464
f 465/465 466/466 467/467
f 465/465 467/467 468/468
f 469/469 470/470 471/471
f 469/469 471/471 472/472
f 473/473 474/474 475/475
f 473/473 475/475 476/476
f 477/477 478/478 479/479
f 477/477 479/479 480/480
f 481/481 482/482 483/483
f 481/481 483/483 484/484
f 403/403 485/485 486/486
f 403/403 486/486 404/404

o bike_handleBar_dummyProp_0
usemtl dummyProp
v -0.00834467 1.03375200 0.24295502
v -0.00834467 0.84642496 0.31400782
v -0.00834467 0.84999064 0.32298703
v -0.00834467 1.03658594 0.25119200
v -0.00834467 1.03375200 0.24295502
v -0.00000000 1.03237245 0.23827026
v 0.00000000 0.84445780 0.30940482
v -0.00834467 0.84642496 0.31400782
v -0.00834467 0.84999064 0.32298703
v 0.00000000 0.85098093 0.32800255
v -0.00000000 1.03788522 0.25611191
v -0.00834467 1.03658594 0.25119200
v -0.00834467 0.84642496 0.31400782
v 0.00000000 0.84445780 0.30940482
v 0.00000000 0.85098093 0.32800255
v -0.00834467 0.84999064 0.32298703
v -0.00834467 1.03658594 0.25119200
v -0.00000000 1.03788522 0.25611191
v -0.00000000 1.03237245 0.23827026
v -0.00834467 1.03375200 0.24295502
v -0.05983653 1.02377366 0.27477754
v -0.06362925 1.03729112 0.27205366
v -0.10577022 1.04192353 0.27368850
v -0.10124765 1.02905938 0.27799942
v -0.06206861 1.01981767 0.26068605
v -0.05983653 1.02377366 0.27477754
v -0.10124765 1.02905938 0.27799942
v -0.10844012 1.02231462 0.26695499
v -0.06602984 1.03346544 0.25747688
v -0.06206861 1.01981767 0.26068605
v -0.10844012 1.02231462 0.26695499
v -0.11329578 1.03521348 0.26223331
v -0.06362925 1.03729112 0.27205366
v -0.06602984 1.03346544 0.25747688
v -0.11329578 1.03521348 0.26223331
v -0.10577022 1.04192353 0.27368850
v -0.10124765 1.02905938 0.27799942
v -0.10577022 1.04192353 0.27368850
v -0.14488509 1.05786866 0.29242807
v -0.15195632 1.04689508 0.29826776
v -0.10844012 1.02231462 0.26695499
v -0.10124765 1.02905938 0.27799942
v -0.15195632 1.04689508 0.29826776
v -0.15283475 1.03992250 0.28523641
v -0.11329578 1.03521348 0.26223331
v -0.10844012 1.02231462 0.26695499
v -0.15283475 1.03992250 0.28523641
v -0.14567881 1.05090257 0.27887361
v -0.10577022 1.04192353 0.27368850
v -0.11329578 1.03521348 0.26223331
v -0.14567881 1.05090257 0.27887361
v -0.14488509 1.05786866 0.29242807
v -0.15195632 1.04689508 0.29826776
v -0.14488509 1.05786866 0.29242807
v -0.17874998 1.08039628 0.29098243
v -0.18859167 1.07274453 0.29799066
v -0.15283475 1.03992250 0.28523641
v -0.15195632 1.04689508 0.29826776
v -0.18859167 1.07274453 0.29799066
v -0.18998888 1.06330628 0.28666950
v -0.14567881 1.05090257 0.27887361
v -0.15283475 1.03992250 0.28523641
v -0.18998888 1.06330628 0.28666950
v -0.18002127 1.07082696 0.27916332
v -0.14488509 1.05786866 0.29242807
v -0.14567881 1.05090257 0.27887361
v -0.18002127 1.07082696 0.27916332
v -0.17874998 1.08039628 0.29098243
v -0.18859167 1.07274453 0.29799066
v -0.17874998 1.08039628 0.29098243
v -0.21545578 1.08968583 0.26534166
v -0.22559162 1.08285371 0.27276531
v -0.18998888 1.06330628 0.28666950
v -0.18859167 1.07274453 0.29799066
v -0.22559162 1.08285371 0.27276531
v -0.22400417 1.07062509 0.26457132
v -0.18002127 1.07082696 0.27916332
v -0.18998888 1.06330628 0.28666950
v -0.22400417 1.07062509 0.26457132
v -0.21364303 1.07721696 0.25673229
v -0.17874998 1.08039628 0.29098243
v -0.18002127 1.07082696 0.27916332
v -0.21364303 1.07721696 0.25673229
v -0.21545578 1.08968583 0.26534166
v -0.22559162 1.08285371 0.27276531
v -0.21545578 1.08968583 0.26534166
v -0.23774069 1.08968583 0.23755655
v -0.25013014 1.08285371 0.23964140
v -0.22400417 1.07062509 0.26457132
v -0.22559162 1.08285371 0.27276531
v -0.25013014 1.08285371 0.23964140
v -0.24503397 1.07062508 0.23303150
v -0.21364303 1.07721696 0.25673229
v -0.22400417 1.07062509 0.26457132
v -0.24503397 1.07062508 0.23303150
v -0.23225675 1.07721696 0.23067659
v -0.21545578 1.08968583 0.26534166
v -0.21364303 1.07721696 0.25673229
v -0.23225675 1.07721696 0.23067659
v -0.23774069 1.08968583 0.23755655
v -0.25013014 1.08285371 0.23964140
v -0.23774069 1.08968583 0.23755655
v -0.23813892 1.09228379 0.23120636
v -0.25388466 1.08360093 0.23385597
v -0.24503397 1.07062508 0.23303150
v -0.25013014 1.08285371 0.23964140
v -0.25388466 1.08360093 0.23385597
v -0.24740795 1.06805955 0.22545543
v -0.23225675 1.07721696 0.23067659
v -0.24503397 1.07062508 0.23303150
v -0.24740795 1.06805955 0.22545543
v -0.23116938 1.07643708 0.22246261
v -0.23774069 1.08968583 0.23755655
v -0.23225675 1.07721696 0.23067659
v -0.23116938 1.07643708 0.22246261
v -0.23813892 1.09228379 0.23120636
v -0.25388466 1.08360093 0.23385597
v -0.23813892 1.09228379 0.23120636
v -0.27577564 1.09261208 0.14495700
v -0.29152138 1.08511567 0.15007729
v -0.24740795 1.06805955 0.22545543
v -0.25388466 1.08360093 0.23385597
v -0.29152138 1.08511567 0.15007729
v -0.28504467 1.06777543 0.14669795
v -0.23116938 1.07643708 0.22246261
v -0.24740795 1.06805955 0.22545543
v -0.28504467 1.06777543 0.14669795
v -0.26880609 1.07487793 0.14134122
v -0.23813892 1.09228379 0.23120636
v -0.23116938 1.07643708 0.22246261
v -0.26880609 1.07487793 0.14134122
v -0.27577564 1.09261208 0.14495700
v -0.26880609 1.07487793 0.14134122
v -0.28504467 1.06777543 0.14669795
v -0.29152138 1.08511567 0.15007729
v -0.27577564 1.09261208 0.14495700
v -0.00000000 1.04032838 0.27397226
v -0.06362925 1.03729112 0.27205366
v -0.05983653 1.02377366 0.27477754
v -0.00000000 1.02480119 0.27824335
v -0.05983653 1.02377366 0.27477754
v -0.06206861 1.01981767 0.26068605
v -0.00000000 1.01790536 0.26400596
v -0.00000000 1.02480119 0.27824335
v -0.06206861 1.01981767 0.26068605
v -0.06602984 1.03346544 0.25747688
v -0.00000000 1.03476922 0.25364916
v -0.00000000 1.01790536 0.26400596
v -0.00000000 1.03476922 0.25364916
v -0.06602984 1.03346544 0.25747688
v -0.06362925 1.03729112 0.27205366
v -0.00000000 1.04032838 0.27397226
v 0.00834466 1.03375200 0.24295502
v 0.00834466 1.03658594 0.25119200
v 0.00834467 0.84999064 0.32298703
v 0.00834467 0.84642496 0.31400782
v 0.00000000 0.84445780 0.30940482
v -0.00000000 1.03237245 0.23827026
v 0.00834466 1.03375200 0.24295502
v 0.00834467 0.84642496 0.31400782
v 0.00834467 0.84999064 0.32298703
v 0.00834466 1.03658594 0.25119200
v -0.00000000 1.03788522 0.25611191
v 0.00000000 0.85098093 0.32800255
v 0.00000000 0.85098093 0.32800255
v 0.00000000 0.84445780 0.30940482
v 0.00834467 0.84642496 0.31400782
v 0.00834467 0.84999064 0.32298703
v -0.00000000 1.03237245 0.23827026
v -0.00000000 1.03788522 0.25611191
v 0.00834466 1.03658594 0.25119200
v 0.00834466 1.03375200 0.24295502
v 0.05983653 1.02377367 0.27477754
v 0.10124762 1.02905939 0.27799942
v 0.10577019 1.04192354 0.27368850
v 0.06362926 1.03729112 0.27205366
v 0.06206861 1.01981767 0.26068605
v 0.10844010 1.02231462 0.26695499
v 0.10124762 1.02905939 0.27799942
v 0.05983653 1.02377367 0.27477754
v 0.06602983 1.03346544 0.25747688
v 0.11329575 1.03521349 0.26223331
v 0.10844010 1.02231462 0.26695499
v 0.06206861 1.01981767 0.26068605
v 0.06362926 1.03729112 0.27205366
v 0.10577019 1.04192354 0.27368850
v 0.11329575 1.03521349 0.26223331
v 0.06602983 1.03346544 0.25747688
v 0.10124762 1.02905939 0.27799942
v 0.15195629 1.04689508 0.29826776
v 0.14488507 1.05786867 0.29242807
v 0.10577019 1.04192354 0.27368850
v 0.10844010 1.02231462 0.26695499
v 0.15283472 1.03992250 0.28523641
v 0.15195629 1.04689508 0.29826776
v 0.10124762 1.02905939 0.27799942
v 0.11329575 1.03521349 0.26223331
v 0.14567878 1.05090257 0.27887361
v 0.15283472 1.03992250 0.28523641
v 0.10844010 1.02231462 0.26695499
v 0.10577019 1.04192354 0.27368850
v 0.14488507 1.05786867 0.29242807
v 0.14567878 1.05090257 0.27887361
v 0.11329575 1.03521349 0.26223331
v 0.15195629 1.04689508 0.29826776
v 0.18859166 1.07274454 0.29799068
v 0.17874997 1.08039629 0.29098243
v 0.14488507 1.05786867 0.29242807
v 0.15283472 1.03992250 0.28523641
v 0.18998887 1.06330629 0.28666950
v 0.18859166 1.07274454 0.29799068
v 0.15195629 1.04689508 0.29826776
v 0.14567878 1.05090257 0.27887361
v 0.18002126 1.07082697 0.27916332
v 0.18998887 1.06330629 0.28666950
v 0.15283472 1.03992250 0.28523641
v 0.14488507 1.05786867 0.29242807
v 0.17874997 1.08039629 0.29098243
v 0.18002126 1.07082697 0.27916332
v 0.14567878 1.05090257 0.27887361
v 0.18859166 1.07274454 0.29799068
v 0.22559161 1.08285372 0.27276529
v 0.21545577 1.08968584 0.26534168
v 0.17874997 1.08039629 0.29098243
v 0.18998887 1.06330629 0.28666950
v 0.22400416 1.07062509 0.26457130
v 0.22559161 1.08285372 0.27276529
v 0.18859166 1.07274454 0.29799068
v 0.18002126 1.07082697 0.27916332
v 0.21364303 1.07721697 0.25673231
v 0.22400416 1.07062509 0.26457130
v 0.18998887 1.06330629 0.28666950
v 0.17874997 1.08039629 0.29098243
v 0.21545577 1.08968584 0.26534168
v 0.21364303 1.07721697 0.25673231
v 0.18002126 1.07082697 0.27916332
v 0.22559161 1.08285372 0.27276529
v 0.25013013 1.08285371 0.23964138
v 0.23774068 1.08968584 0.23755653
v 0.21545577 1.08968584 0.26534168
v 0.22400416 1.07062509 0.26457130
v 0.24503396 1.07062509 0.23303148
v 0.25013013 1.08285371 0.23964138
v 0.22559161 1.08285372 0.27276529
v 0.21364303 1.07721697 0.25673231
v 0.23225675 1.07721696 0.23067657
v 0.24503396 1.07062509 0.23303148
v 0.22400416 1.07062509 0.26457130
v 0.21545577 1.08968584 0.26534168
v 0.23774068 1.08968584 0.23755653
v 0.23225675 1.07721696 0.23067657
v 0.21364303 1.07721697 0.25673231
v 0.25013013 1.08285371 0.23964138
v 0.25388465 1.08360094 0.23385595
v 0.23813891 1.09228380 0.23120634
v 0.23774068 1.08968584 0.23755653
v 0.24503396 1.07062509 0.23303148
v 0.24740794 1.06805956 0.22545543
v 0.25388465 1.08360094 0.23385595
v 0.25013013 1.08285371 0.23964138
v 0.23225675 1.07721696 0.23067657
v 0.23116937 1.07643709 0.22246259
v 0.24740794 1.06805956 0.22545543
v 0.24503396 1.07062509 0.23303148
v 0.23774068 1.08968584 0.23755653
v 0.23813891 1.09228380 0.23120634
v 0.23116937 1.07643709 0.22246259
v 0.23225675 1.07721696 0.23067657
v 0.25388465 1.08360094 0.23385595
v 0.29152133 1.08511567 0.15007727
v 0.27577559 1.09261209 0.14495700
v 0.23813891 1.09228380 0.23120634
v 0.24740794 1.06805956 0.22545543
v 0.28504462 1.06777543 0.14669795
v 0.29152133 1.08511567 0.15007727
v 0.25388465 1.08360094 0.23385595
v 0.23116937 1.07643709 0.22246259
v 0.26880605 1.07487794 0.14134122
v 0.28504462 1.06777543 0.14669795
v 0.24740794 1.06805956 0.22545543
v 0.23813891 1.09228380 0.23120634
v 0.27577559 1.09261209 0.14495700
v 0.26880605 1.07487794 0.14134122
v 0.23116937 1.07643709 0.22246259
v 0.29152133 1.08511567 0.15007727
v 0.28504462 1.06777543 0.14669795
v 0.26880605 1.07487794 0.14134122
v 0.27577559 1.09261209 0.14495700
v -0.00000000 1.04032838 0.27397226
v -0.00000000 1.02480119 0.27824335
v 0.05983653 1.02377367 0.27477754
v 0.06362926 1.03729112 0.27205366
v -0.00000000 1.01790536 0.26400596
v 0.06206861 1.01981767 0.26068605
v 0.05983653 1.02377367 0.27477754
v -0.00000000 1.02480119 0.27824335
v -0.00000000 1.03476922 0.25364916
v 0.06602983 1.03346544 0.25747688
v 0.06206861 1.01981767 0.26068605
v -0.00000000 1.01790536 0.26400596
v -0.00000000 1.03476922 0.25364916
v -0.00000000 1.04032838 0.27397226
v 0.06362926 1.03729112 0.27205366
v 0.06602983 1.03346544 0.25747688
vt 0.16562501 0.51562500
vt 0.16562501 0.51562500
vt 0.16562501 0.51562500
vt 0.16562501 0.51562500
vt 0.37500000 0.57187498
vt 0.37500000 0.57187498
vt 0.37500000 0.57187498
vt 0.37500000 0.57187498
vt 0.16562501 0.51562500
vt 0.16562501 0.51562500
vt 0.16562501 0.51562500
vt 0.16562501 0.51562500
vt 0.16562501 0.51562500
vt 0.16562501 0.51562500
vt 0.16562501 0.51562500
vt 0.16562501 0.51562500
vt 0.16562501 0.51562500
vt 0.16562501 0.51562500
vt 0.16562501 0.51562500
vt 0.16562501 0.51562500
vt 0.16562501 0.51562500
vt 0.16562501 0.51562500
vt 0.16562501 0.51562500
vt 0.16562501 0.51562500
vt 0.16562501 0.51562500
vt 0.16562501 0.51562500
vt 0.16562501 0.51562500
vt 0.16562501 0.51562500
vt 0.37500000 0.57187498
vt 0.37500000 0.57187498
vt 0.37500000 0.57187498
vt 0.37500000 0.57187498
vt 0.16562501 0.51562500
vt 0.16562501 0.51562500
vt 0.16562501 0.51562500
vt 0.16562501 0.51562500
vt 0.16562501 0.51562500
vt 0.16562501 0.51562500
vt 0.16562501 0.51562500
vt 0.16562501 0.51562500
vt 0.16562501 0.51562500
vt 0.16562501 0.51562500
vt 0.16562501 0.51562500
vt 0.16562501 0.51562500
vt 0.37500000 0.57187498
vt 0.37500000 0.57187498
vt 0.37500000 0.57187498
vt 0.37500000 0.57187498
vt 0.16562501 0.51562500
vt 0.16562501 0.51562500
vt 0.16562501 0.51562500
vt 0.16562501 0.51562500
vt 0.16562501 0.51562500
vt 0.16562501 0.51562500
vt 0.16562501 0.51562500
vt 0.16562501 0.51562500
vt 0.16562501 0.51562500
vt 0.16562501 0.51562500
vt 0.16562501 0.51562500
vt 0.16562501 0.51562500
vt 0.37500000 0.57187498
vt 0.37500000 0.57187498
vt 0.37500000 0.57187498
vt 0.37500000 0.57187498
vt 0.16562501 0.51562500
vt 0.16562501 0.51562500
vt 0.16562501 0.51562500
vt 0.16562501 0.51562500
vt 0.16562501 0.51562500
vt 0.16562501 0.51562500
vt 0.16562501 0.51562500
vt 0.16562501 0.51562500
vt 0.16562501 0.51562500
vt 0.16562501 0.51562500
vt 0.16562501 0.51562500
vt 0.16562501 0.51562500
vt 0.37500000 0.57187498
vt 0.37500000 0.57187498
vt 0.37500000 0.57187498
vt 0.37500000 0.57187498
vt 0.16562501 0.51562500
vt 0.16562501 0.51562500
vt 0.16562501 0.51562500
vt 0.16562501 0.51562500
vt 0.16562501 0.51562500
vt 0.16562501 0.51562500
vt 0.16562501 0.51562500
vt 0.16562501 0.51562500
vt 0.16562501 0.51562500
vt 0.16562501 0.51562500
vt 0.16562501 0.51562500
vt 0.16562501 0.51562500
vt 0.37500000 0.57187498
vt 0.37500000 0.57187498
vt 0.37500000 0.57187498
vt 0.37500000 0.57187498
vt 0.16562501 0.51562500
vt 0.16562501 0.51562500
vt 0.16562501 0.51562500
vt 0.16562501 0.51562500
vt 0.65937501 0.65312499
vt 0.65937501 0.65312499
vt 0.65937501 0.65312499
vt 0.65937501 0.65312499
vt 0.65937501 0.65312499
vt 0.65937501 0.65312499
vt 0.65937501 0.65312499
vt 0.65937501 0.65312499
vt 0.65937501 0.65312499
vt 0.65937501 0.65312499
vt 0.65937501 0.65312499
vt 0.65937501 0.65312499
vt 0.65937501 0.65312499
vt 0.65937501 0.65312499
vt 0.65937501 0.65312499
vt 0.65937501 0.65312499
vt 0.84062499 0.57499999
vt 0.84062499 0.57499999
vt 0.84062499 0.57499999
vt 0.84062499 0.57499999
vt 0.84062499 0.57499999
vt 0.84062499 0.57499999
vt 0.84062499 0.57499999
vt 0.84062499 0.57499999
vt 0.84062499 0.57499999
vt 0.84062499 0.57499999
vt 0.84062499 0.57499999
vt 0.84062499 0.57499999
vt 0.84062499 0.57499999
vt 0.84062499 0.57499999
vt 0.84062499 0.57499999
vt 0.84062499 0.57499999
vt 0.65937501 0.65312499
vt 0.65937501 0.65312499
vt 0.65937501 0.65312499
vt 0.65937501 0.65312499
vt 0.16562501 0.51562500
vt 0.16562501 0.51562500
vt 0.16562501 0.51562500
vt 0.16562501 0.51562500
vt 0.16562501 0.51562500
vt 0.16562501 0.51562500
vt 0.16562501 0.51562500
vt 0.16562501 0.51562500
vt 0.37500000 0.57187498
vt 0.37500000 0.57187498
vt 0.37500000 0.57187498
vt 0.37500000 0.57187498
vt 0.16562501 0.51562500
vt 0.16562501 0.51562500
vt 0.16562501 0.51562500
vt 0.16562501 0.51562500
vt 0.16562501 0.51562500
vt 0.16562501 0.51562500
vt 0.16562501 0.51562500
vt 0.16562501 0.51562500
vt 0.37500000 0.57187498
vt 0.37500000 0.57187498
vt 0.37500000 0.57187498
vt 0.37500000 0.57187498
vt 0.16562501 0.51562500
vt 0.16562501 0.51562500
vt 0.16562501 0.51562500
vt 0.16562501 0.51562500
vt 0.16562501 0.51562500
vt 0.16562501 0.51562500
vt 0.16562501 0.51562500
vt 0.16562501 0.51562500
vt 0.16562501 0.51562500
vt 0.16562501 0.51562500
vt 0.16562501 0.51562500
vt 0.16562501 0.51562500
vt 0.16562501 0.51562500
vt 0.16562501 0.51562500
vt 0.16562501 0.51562500
vt 0.16562501 0.51562500
vt 0.16562501 0.51562500
vt 0.16562501 0.51562500
vt 0.16562501 0.51562500
vt 0.16562501 0.51562500
vt 0.37500000 0.57187498
vt 0.37500000 0.57187498
vt 0.37500000 0.57187498
vt 0.37500000 0.57187498
vt 0.16562501 0.51562500
vt 0.16562501 0.51562500
vt 0.16562501 0.51562500
vt 0.16562501 0.51562500
vt 0.16562501 0.51562500
vt 0.16562501 0.51562500
vt 0.16562501 0.51562500
vt 0.16562501 0.51562500
vt 0.16562501 0.51562500
vt 0.16562501 0.51562500
vt 0.16562501 0.51562500
vt 0.16562501 0.51562500
vt 0.37500000 0.57187498
vt 0.37500000 0.57187498
vt 0.37500000 0.57187498
vt 0.37500000 0.57187498
vt 0.16562501 0.51562500
vt 0.16562501 0.51562500
vt 0.16562501 0.51562500
vt 0.16562501 0.51562500
vt 0.16562501 0.51562500
vt 0.16562501 0.51562500
vt 0.16562501 0.51562500
vt 0.16562501 0.51562500
vt 0.16562501 0.51562500
vt 0.16562501 0.51562500
vt 0.16562501 0.51562500
vt 0.16562501 0.51562500
vt 0.37500000 0.57187498
vt 0.37500000 0.57187498
vt 0.37500000 0.57187498
vt 0.37500000 0.57187498
vt 0.16562501 0.51562500
vt 0.16562501 0.51562500
vt 0.16562501 0.51562500
vt 0.16562501 0.51562500
vt 0.16562501 0.51562500
vt 0.16562501 0.51562500
vt 0.16562501 0.51562500
vt 0.16562501 0.51562500
vt 0.16562501 0.51562500
vt 0.16562501 0.51562500
vt 0.16562501 0.51562500
vt 0.16562501 0.51562500
vt 0.37500000 0.57187498
vt 0.37500000 0.57187498
vt 0.37500000 0.57187498
vt 0.37500000 0.57187498
vt 0.16562501 0.51562500
vt 0.16562501 0.51562500
vt 0.16562501 0.51562500
vt 0.16562501 0.51562500
vt 0.16562501 0.51562500
vt 0.16562501 0.51562500
vt 0.16562501 0.51562500
vt 0.16562501 0.51562500
vt 0.16562501 0.51562500
vt 0.16562501 0.51562500
vt 0.16562501 0.51562500
vt 0.16562501 0.51562500
vt 0.37500000 0.57187498
vt 0.37500000 0.57187498
vt 0.37500000 0.57187498
vt 0.37500000 0.57187498
vt 0.16562501 0.51562500
vt 0.16562501 0.51562500
vt 0.16562501 0.51562500
vt 0.16562501 0.51562500
vt 0.56562501 0.67500001
vt 0.56562501 0.67500001
vt 0.56562501 0.67500001
vt 0.56562501 0.67500001
vt 0.56562501 0.67500001
vt 0.56562501 0.67500001
vt 0.56562501 0.67500001
vt 0.56562501 0.67500001
vt 0.56562501 0.67500001
vt 0.56562501 0.67500001
vt 0.56562501 0.67500001
vt 0.56562501 0.67500001
vt 0.56562501 0.67500001
vt 0.56562501 0.67500001
vt 0.56562501 0.67500001
vt 0.56562501 0.67500001
vt 0.89999998 0.71562499
vt 0.89999998 0.71562499
vt 0.89999998 0.71562499
vt 0.89999998 0.71562499
vt 0.89999998 0.71562499
vt 0.89999998 0.71562499
vt 0.89999998 0.71562499
vt 0.89999998 0.71562499
vt 0.89999998 0.71562499
vt 0.89999998 0.71562499
vt 0.89999998 0.71562499
vt 0.89999998 0.71562499
vt 0.89999998 0.71562499
vt 0.89999998 0.71562499
vt 0.89999998 0.71562499
vt 0.89999998 0.71562499
vt 0.56562501 0.67500001
vt 0.56562501 0.67500001
vt 0.56562501 0.67500001
vt 0.56562501 0.67500001
vt 0.16562501 0.51562500
vt 0.16562501 0.51562500
vt 0.16562501 0.51562500
vt 0.16562501 0.51562500
vt 0.16562501 0.51562500
vt 0.16562501 0.51562500
vt 0.16562501 0.51562500
vt 0.16562501 0.51562500
vt 0.37500000 0.57187498
vt 0.37500000 0.57187498
vt 0.37500000 0.57187498
vt 0.37500000 0.57187498
vt 0.16562501 0.51562500
vt 0.16562501 0.51562500
vt 0.16562501 0.51562500
vt 0.16562501 0.51562500
f 487/487 488/488 489/489
f 487/487 489/489 490/490
f 491/491 492/492 493/493
f 491/491 493/493 494/494
f 495/495 496/496 497/497
f 495/495 497/497 498/498
f 499/499 500/500 501/501
f 499/499 501/501 502/502
f 503/503 504/504 505/505
f 503/503 505/505 506/506
f 507/507 508/508 509/509
f 507/507 509/509 510/510
f 511/511 512/512 513/513
f 511/511 513/513 514/514
f 515/515 516/516 517/517
f 515/515 517/517 518/518
f 519/519 520/520 521/521
f 519/519 521/521 522/522
f 523/523 524/524 525/525
f 523/523 525/525 526/526
f 527/527 528/528 529/529
f 527/527 529/529 530/530
f 531/531 532/532 533/533
f 531/531 533/533 534/534
f 535/535 536/536 537/537
f 535/535 537/537 538/538
f 539/539 540/540 541/541
f 539/539 541/541 542/542
f 543/543 544/544 545/545
f 543/543 545/545 546/546
f 547/547 548/548 549/549
f 547/547 549/549 550/550
f 551/551 552/552 553/553
f 551/551 553/553 554/554
f 555/555 556/556 557/557
f 555/555 557/557 558/558
f 559/559 560/560 561/561
f 559/559 561/561 562/562
f 563/563 564/564 565/565
f 563/563 565/565 566/566
f 567/567 568/568 569/569
f 567/567 569/569 570/570
f 571/571 572/572 573/573
f 571/571 573/573 574/574
f 575/575 576/576 577/577
f 575/575 577/577 578/578
f 579/579 580/580 581/581
f 579/579 581/581 582/582
f 583/583 584/584 585/585
f 583/583 585/585 586/586
f 587/587 588/588 589/589
f 587/587 589/589 590/590
f 591/591 592/592 593/593
f 591/591 593/593 594/594
f 595/595 596/596 597/597
f 595/595 597/597 598/598
f 599/599 600/600 601/601
f 599/599 601/601 602/602
f 603/603 604/604 605/605
f 603/603 605/605 606/606
f 607/607 608/608 609/609
f 607/607 609/609 610/610
f 611/611 612/612 613/613
f 611/611 613/613 614/614
f 615/615 616/616 617/617
f 615/615 617/617 618/618
f 619/619 620/620 621/621
f 619/619 621/621 622/622
f 623/623 624/624 625/625
f 623/623 625/625 626/626
f 627/627 628/628 629/629
f 627/627 629/629 630/630
f 631/631 632/632 633/633
f 631/631 633/633 634/634
f 635/635 636/636 637/637
f 635/635 637/637 638/638
f 639/639 640/640 641/641
f 639/639 641/641 642/642
f 643/643 644/644 645/645
f 643/643 645/645 646/646
f 647/647 648/648 649/649
f 647/647 649/649 650/650
f 651/651 652/652 653/653
f 651/651 653/653 654/654
f 655/655 656/656 657/657
f 655/655 657/657 658/658
f 659/659 660/660 661/661
f 659/659 661/661 662/662
f 663/663 664/664 665/665
f 663/663 665/665 666/666
f 667/667 668/668 669/669
f 667/667 669/669 670/670
f 671/671 672/672 673/673
f 671/671 673/673 674/674
f 675/675 676/676 677/677
f 675/675 677/677 678/678
f 679/679 680/680 681/681
f 679/679 681/681 682/682
f 683/683 684/684 685/685
f 683/683 685/685 686/686
f 687/687 688/688 689/689
f 687/687 689/689 690/690
f 691/691 692/692 693/693
f 691/691 693/693 694/694
f 695/695 696/696 697/697
f 695/695 697/697 698/698
f 699/699 700/700 701/701
f 699/699 701/701 702/702
f 703/703 704/704 705/705
f 703/703 705/705 706/706
f 707/707 708/708 709/709
f 707/707 709/709 710/710
f 711/711 712/712 713/713
f 711/711 713/713 714/714
f 715/715 716/716 717/717
f 715/715 717/717 718/718
f 719/719 720/720 721/721
f 719/719 721/721 722/722
f 723/723 724/724 725/725
f 723/723 725/725 726/726
f 727/727 728/728 729/729
f 727/727 729/729 730/730
f 731/731 732/732 733/733
f 731/731 733/733 734/734
f 735/735 736/736 737/737
f 735/735 737/737 738/738
f 739/739 740/740 741/741
f 739/739 741/741 742/742
f 743/743 744/744 745/745
f 743/743 745/745 746/746
f 747/747 748/748 749/749
f 747/747 749/749 750/750
f 751/751 752/752 753/753
f 751/751 753/753 754/754
f 755/755 756/756 757/757
f 755/755 757/757 758/758
f 759/759 760/760 761/761
f 759/759 761/761 762/762
f 763/763 764/764 765/765
f 763/763 765/765 766/766
f 767/767 768/768 769/769
f 767/767 769/769 770/770
f 771/771 772/772 773/773
f 771/771 773/773 774/774
f 775/775 776/776 777/777
f 775/775 777/777 778/778
f 779/779 780/780 781/781
f 779/779 781/781 782/782
f 783/783 784/784 785/785
f 783/783 785/785 786/786
f 787/787 788/788 789/789
f 787/787 789/789 790/790

o bike_tyre2_dummyProp_0
usemtl dummyProp
v 0.02035548 0.56607722 -0.49527824
v 0.01276768 0.59014264 -0.49527824
v 0.01276767 0.56793908 -0.38365343
v 0.02035547 0.54570554 -0.39286286
v 0.01276768 0.59014264 -0.49527824
v -0.01246466 0.59036284 -0.49527825
v -0.01246467 0.56814251 -0.38356916
v 0.01276767 0.56793908 -0.38365343
v -0.01246466 0.59036284 -0.49527825
v -0.02047129 0.56643351 -0.49527825
v -0.02047131 0.54603470 -0.39272652
v -0.01246467 0.56814251 -0.38356916
v -0.02047129 0.56643351 -0.49527825
v -0.00018733 0.55142417 -0.49527824
v -0.00018734 0.53216788 -0.39847035
v -0.02047131 0.54603470 -0.39272652
v -0.00018733 0.55142417 -0.49527824
v 0.02035548 0.56607722 -0.49527824
v 0.02035547 0.54570554 -0.39286286
v -0.00018734 0.53216788 -0.39847035
v 0.02035547 0.54570554 -0.39286286
v 0.01276767 0.56793908 -0.38365343
v 0.01276766 0.50470870 -0.28902248
v 0.02035547 0.48769189 -0.30603929
v 0.01276767 0.56793908 -0.38365343
v -0.01246467 0.56814251 -0.38356916
v -0.01246468 0.50486441 -0.28886676
v 0.01276766 0.50470870 -0.28902248
v -0.01246467 0.56814251 -0.38356916
v -0.02047131 0.54603470 -0.39272652
v -0.02047131 0.48794383 -0.30578735
v -0.01246468 0.50486441 -0.28886676
v -0.02047131 0.54603470 -0.39272652
v -0.00018734 0.53216788 -0.39847035
v -0.00018735 0.47733062 -0.31640056
v -0.02047131 0.48794383 -0.30578735
v -0.00018734 0.53216788 -0.39847035
v 0.02035547 0.54570554 -0.39286286
v 0.02035547 0.48769189 -0.30603929
v -0.00018735 0.47733062 -0.31640056
v 0.02035547 0.48769189 -0.30603929
v 0.01276766 0.50470870 -0.28902248
v 0.01276767 0.41007776 -0.22579210
v 0.02035547 0.40086832 -0.24802566
v 0.01276766 0.50470870 -0.28902248
v -0.01246468 0.50486441 -0.28886676
v -0.01246467 0.41016203 -0.22558866
v 0.01276767 0.41007776 -0.22579210
v -0.01246468 0.50486441 -0.28886676
v -0.02047131 0.48794383 -0.30578735
v -0.02047131 0.40100466 -0.24769647
v -0.01246467 0.41016203 -0.22558866
v -0.02047131 0.48794383 -0.30578735
v -0.00018735 0.47733062 -0.31640056
v -0.00018734 0.39526084 -0.26156331
v -0.02047131 0.40100466 -0.24769647
v -0.00018735 0.47733062 -0.31640056
v 0.02035547 0.48769189 -0.30603929
v 0.02035547 0.40086832 -0.24802566
v -0.00018734 0.39526084 -0.26156331
v 0.02035547 0.40086832 -0.24802566
v 0.01276767 0.41007776 -0.22579210
v 0.01276768 0.29845295 -0.20358856
v 0.02035548 0.29845295 -0.22765397
v 0.01276767 0.41007776 -0.22579210
v -0.01246467 0.41016203 -0.22558866
v -0.01246466 0.29845294 -0.20336836
v 0.01276768 0.29845295 -0.20358856
v -0.01246467 0.41016203 -0.22558866
v -0.02047131 0.40100466 -0.24769647
v -0.02047129 0.29845294 -0.22729769
v -0.01246466 0.29845294 -0.20336836
v -0.02047131 0.40100466 -0.24769647
v -0.00018734 0.39526084 -0.26156331
v -0.00018733 0.29845295 -0.24230703
v -0.02047129 0.29845294 -0.22729769
v -0.00018734 0.39526084 -0.26156331
v 0.02035547 0.40086832 -0.24802566
v 0.02035548 0.29845295 -0.22765397
v -0.00018733 0.29845295 -0.24230703
v 0.02035548 0.29845295 -0.22765397
v 0.01276768 0.29845295 -0.20358856
v 0.01276770 0.18682814 -0.22579211
v 0.02035550 0.19603758 -0.24802566
v 0.01276768 0.29845295 -0.20358856
v -0.01246466 0.29845294 -0.20336836
v -0.01246463 0.18674387 -0.22558868
v 0.01276770 0.18682814 -0.22579211
v -0.01246466 0.29845294 -0.20336836
v -0.02047129 0.29845294 -0.22729769
v -0.02047127 0.19590122 -0.24769649
v -0.01246463 0.18674387 -0.22558868
v -0.02047129 0.29845294 -0.22729769
v -0.00018733 0.29845295 -0.24230703
v -0.00018731 0.20164506 -0.26156331
v -0.02047127 0.19590122 -0.24769649
v -0.00018733 0.29845295 -0.24230703
v 0.02035548 0.29845295 -0.22765397
v 0.02035550 0.19603758 -0.24802566
v -0.00018731 0.20164506 -0.26156331
v 0.02035550 0.19603758 -0.24802566
v 0.01276770 0.18682814 -0.22579211
v 0.01276773 0.09219721 -0.28902251
v 0.02035553 0.10921402 -0.30603932
v 0.01276770 0.18682814 -0.22579211
v -0.01246463 0.18674387 -0.22558868
v -0.01246461 0.09204149 -0.28886680
v 0.01276773 0.09219721 -0.28902251
v -0.01246463 0.18674387 -0.22558868
v -0.02047127 0.19590122 -0.24769649
v -0.02047125 0.10896207 -0.30578739
v -0.01246461 0.09204149 -0.28886680
v -0.02047127 0.19590122 -0.24769649
v -0.00018731 0.20164506 -0.26156331
v -0.00018729 0.11957529 -0.31640060
v -0.02047125 0.10896207 -0.30578739
v -0.00018731 0.20164506 -0.26156331
v 0.02035550 0.19603758 -0.24802566
v 0.02035553 0.10921402 -0.30603932
v -0.00018729 0.11957529 -0.31640060
v 0.02035553 0.10921402 -0.30603932
v 0.01276773 0.09219721 -0.28902251
v 0.01276775 0.02896683 -0.38365346
v 0.02035555 0.05120039 -0.39286289
v 0.01276773 0.09219721 -0.28902251
v -0.01246461 0.09204149 -0.28886680
v -0.01246458 0.02876339 -0.38356920
v 0.01276775 0.02896683 -0.38365346
v -0.01246461 0.09204149 -0.28886680
v -0.02047125 0.10896207 -0.30578739
v -0.02047122 0.05087120 -0.39272655
v -0.01246458 0.02876339 -0.38356920
v -0.02047125 0.10896207 -0.30578739
v -0.00018729 0.11957529 -0.31640060
v -0.00018727 0.06473804 -0.39847037
v -0.02047122 0.05087120 -0.39272655
v -0.00018729 0.11957529 -0.31640060
v 0.02035553 0.10921402 -0.30603932
v 0.02035555 0.05120039 -0.39286289
v -0.00018727 0.06473804 -0.39847037
v 0.02035555 0.05120039 -0.39286289
v 0.01276775 0.02896683 -0.38365346
v 0.01276778 0.00676329 -0.49527828
v 0.02035557 0.03082871 -0.49527827
v 0.01276775 0.02896683 -0.38365346
v -0.01246458 0.02876339 -0.38356920
v -0.01246456 0.00654308 -0.49527828
v 0.01276778 0.00676329 -0.49527828
v -0.01246458 0.02876339 -0.38356920
v -0.02047122 0.05087120 -0.39272655
v -0.02047120 0.03047241 -0.49527828
v -0.01246456 0.00654308 -0.49527828
v -0.02047122 0.05087120 -0.39272655
v -0.00018727 0.06473804 -0.39847037
v -0.00018725 0.04548176 -0.49527827
v -0.02047120 0.03047241 -0.49527828
v -0.00018727 0.06473804 -0.39847037
v 0.02035555 0.05120039 -0.39286289
v 0.02035557 0.03082871 -0.49527827
v -0.00018725 0.04548176 -0.49527827
v 0.02035557 0.03082871 -0.49527827
v 0.01276778 0.00676329 -0.49527828
v 0.01276779 0.02896687 -0.60690310
v 0.02035558 0.05120041 -0.59769366
v 0.01276778 0.00676329 -0.49527828
v -0.01246456 0.00654308 -0.49527828
v -0.01246455 0.02876343 -0.60698737
v 0.01276779 0.02896687 -0.60690310
v -0.01246456 0.00654308 -0.49527828
v -0.02047120 0.03047241 -0.49527828
v -0.02047119 0.05087123 -0.59783001
v -0.01246455 0.02876343 -0.60698737
v -0.02047120 0.03047241 -0.49527828
v -0.00018725 0.04548176 -0.49527827
v -0.00018723 0.06473806 -0.59208617
v -0.02047119 0.05087123 -0.59783001
v -0.00018725 0.04548176 -0.49527827
v 0.02035557 0.03082871 -0.49527827
v 0.02035558 0.05120041 -0.59769366
v -0.00018723 0.06473806 -0.59208617
v 0.02035558 0.05120041 -0.59769366
v 0.01276779 0.02896687 -0.60690310
v 0.01276780 0.09219727 -0.70153402
v 0.02035559 0.10921410 -0.68451719
v 0.01276779 0.02896687 -0.60690310
v -0.01246455 0.02876343 -0.60698737
v -0.01246454 0.09204156 -0.70168974
v 0.01276780 0.09219727 -0.70153402
v -0.01246455 0.02876343 -0.60698737
v -0.02047119 0.05087123 -0.59783001
v -0.02047119 0.10896215 -0.68476914
v -0.01246454 0.09204156 -0.70168974
v -0.02047119 0.05087123 -0.59783001
v -0.00018723 0.06473806 -0.59208617
v -0.00018723 0.11957536 -0.67415593
v -0.02047119 0.10896215 -0.68476914
v -0.00018723 0.06473806 -0.59208617
v 0.02035558 0.05120041 -0.59769366
v 0.02035559 0.10921410 -0.68451719
v -0.00018723 0.11957536 -0.67415593
v 0.02035559 0.10921410 -0.68451719
v 0.01276780 0.09219727 -0.70153402
v 0.01276779 0.18682820 -0.76476439
v 0.02035558 0.19603763 -0.74253082
v 0.01276780 0.09219727 -0.70153402
v -0.01246454 0.09204156 -0.70168974
v -0.01246455 0.18674393 -0.76496783
v 0.01276779 0.18682820 -0.76476439
v -0.01246454 0.09204156 -0.70168974
v -0.02047119 0.10896215 -0.68476914
v -0.02047119 0.19590128 -0.74286000
v -0.01246455 0.18674393 -0.76496783
v -0.02047119 0.10896215 -0.68476914
v -0.00018723 0.11957536 -0.67415593
v -0.00018723 0.20164511 -0.72899317
v -0.02047119 0.19590128 -0.74286000
v -0.00018723 0.11957536 -0.67415593
v 0.02035559 0.10921410 -0.68451719
v 0.02035558 0.19603763 -0.74253082
v -0.00018723 0.20164511 -0.72899317
v 0.02035558 0.19603763 -0.74253082
v 0.01276779 0.18682820 -0.76476439
v 0.01276778 0.29845299 -0.78696791
v 0.02035557 0.29845299 -0.76290249
v 0.01276779 0.18682820 -0.76476439
v -0.01246455 0.18674393 -0.76496783
v -0.01246456 0.29845299 -0.78718811
v 0.01276778 0.29845299 -0.78696791
v -0.01246455 0.18674393 -0.76496783
v -0.02047119 0.19590128 -0.74286000
v -0.02047120 0.29845298 -0.76325879
v -0.01246456 0.29845299 -0.78718811
v -0.02047119 0.19590128 -0.74286000
v -0.00018723 0.20164511 -0.72899317
v -0.00018725 0.29845298 -0.74824944
v -0.02047120 0.29845298 -0.76325879
v -0.00018723 0.20164511 -0.72899317
v 0.02035558 0.19603763 -0.74253082
v 0.02035557 0.29845299 -0.76290249
v -0.00018725 0.29845298 -0.74824944
v 0.02035557 0.29845299 -0.76290249
v 0.01276778 0.29845299 -0.78696791
v 0.01276775 0.41007777 -0.76476435
v 0.02035555 0.40086833 -0.74253080
v 0.01276778 0.29845299 -0.78696791
v -0.01246456 0.29845299 -0.78718811
v -0.01246458 0.41016204 -0.76496779
v 0.01276775 0.41007777 -0.76476435
v -0.01246456 0.29845299 -0.78718811
v -0.02047120 0.29845298 -0.76325879
v -0.02047122 0.40100467 -0.74285998
v -0.01246458 0.41016204 -0.76496779
v -0.02047120 0.29845298 -0.76325879
v -0.00018725 0.29845298 -0.74824944
v -0.00018727 0.39526085 -0.72899315
v -0.02047122 0.40100467 -0.74285998
v -0.00018725 0.29845298 -0.74824944
v 0.02035557 0.29845299 -0.76290249
v 0.02035555 0.40086833 -0.74253080
v -0.00018727 0.39526085 -0.72899315
v 0.02035555 0.40086833 -0.74253080
v 0.01276775 0.41007777 -0.76476435
v 0.01276773 0.50470868 -0.70153399
v 0.02035553 0.48769187 -0.68451717
v 0.01276775 0.41007777 -0.76476435
v -0.01246458 0.41016204 -0.76496779
v -0.01246461 0.50486439 -0.70168971
v 0.01276773 0.50470868 -0.70153399
v -0.01246458 0.41016204 -0.76496779
v -0.02047122 0.40100467 -0.74285998
v -0.02047125 0.48794381 -0.68476912
v -0.01246461 0.50486439 -0.70168971
v -0.02047122 0.40100467 -0.74285998
v -0.00018727 0.39526085 -0.72899315
v -0.00018729 0.47733060 -0.67415591
v -0.02047125 0.48794381 -0.68476912
v -0.00018727 0.39526085 -0.72899315
v 0.02035555 0.40086833 -0.74253080
v 0.02035553 0.48769187 -0.68451717
v -0.00018729 0.47733060 -0.67415591
v 0.02035553 0.48769187 -0.68451717
v 0.01276773 0.50470868 -0.70153399
v 0.01276770 0.56793908 -0.60690308
v 0.02035550 0.54570554 -0.59769364
v 0.01276773 0.50470868 -0.70153399
v -0.01246461 0.50486439 -0.70168971
v -0.01246463 0.56814251 -0.60698735
v 0.01276770 0.56793908 -0.60690308
v -0.01246461 0.50486439 -0.70168971
v -0.02047125 0.48794381 -0.68476912
v -0.02047127 0.54603470 -0.59782999
v -0.01246463 0.56814251 -0.60698735
v -0.02047125 0.48794381 -0.68476912
v -0.00018729 0.47733060 -0.67415591
v -0.00018731 0.53216788 -0.59208616
v -0.02047127 0.54603470 -0.59782999
v -0.00018729 0.47733060 -0.67415591
v 0.02035553 0.48769187 -0.68451717
v 0.02035550 0.54570554 -0.59769364
v -0.00018731 0.53216788 -0.59208616
v 0.02035550 0.54570554 -0.59769364
v 0.01276770 0.56793908 -0.60690308
v 0.01276768 0.59014264 -0.49527824
v 0.02035548 0.56607722 -0.49527824
v 0.01276770 0.56793908 -0.60690308
v -0.01246463 0.56814251 -0.60698735
v -0.01246466 0.59036284 -0.49527825
v 0.01276768 0.59014264 -0.49527824
v -0.01246463 0.56814251 -0.60698735
v -0.02047127 0.54603470 -0.59782999
v -0.02047129 0.56643351 -0.49527825
v -0.01246466 0.59036284 -0.49527825
v -0.02047127 0.54603470 -0.59782999
v -0.00018731 0.53216788 -0.59208616
v -0.00018733 0.55142417 -0.49527824
v -0.02047129 0.56643351 -0.49527825
v -0.00018731 0.53216788 -0.59208616
v 0.02035550 0.54570554 -0.59769364
v 0.02035548 0.56607722 -0.49527824
v -0.00018733 0.55142417 -0.49527824
vt 0.88437498 0.59062499
vt 0.88437498 0.59062499
vt 0.88437498 0.59062499
vt 0.88437498 0.59062499
vt 0.88437498 0.59062499
vt 0.88437498 0.59062499
vt 0.88437498 0.59062499
vt 0.88437498 0.59062499
vt 0.88437498 0.59062499
vt 0.88437498 0.59062499
vt 0.88437498 0.59062499
vt 0.88437498 0.59062499
vt 0.34375000 0.64687502
vt 0.34375000 0.64687502
vt 0.34375000 0.64687502
vt 0.34375000 0.64687502
vt 0.34375000 0.64687502
vt 0.34375000 0.64687502
vt 0.34375000 0.64687502
vt 0.34375000 0.64687502
vt 0.88437498 0.59062499
vt 0.88437498 0.59062499
vt 0.88437498 0.59062499
vt 0.88437498 0.59062499
vt 0.88437498 0.59062499
vt 0.88437498 0.59062499
vt 0.88437498 0.59062499
vt 0.88437498 0.59062499
vt 0.88437498 0.59062499
vt 0.88437498 0.59062499
vt 0.88437498 0.59062499
vt 0.88437498 0.59062499
vt 0.34375000 0.64687502
vt 0.34375000 0.64687502
vt 0.34375000 0.64687502
vt 0.34375000 0.64687502
vt 0.34375000 0.64687502
vt 0.34375000 0.64687502
vt 0.34375000 0.64687502
vt 0.34375000 0.64687502
vt 0.88437498 0.59062499
vt 0.88437498 0.59062499
vt 0.88437498 0.59062499
vt 0.88437498 0.59062499
vt 0.88437498 0.59062499
vt 0.88437498 0.59062499
vt 0.88437498 0.59062499
vt 0.88437498 0.59062499
vt 0.88437498 0.59062499
vt 0.88437498 0.59062499
vt 0.88437498 0.59062499
vt 0.88437498 0.59062499
vt 0.34375000 0.64687502
vt 0.34375000 0.64687502
vt 0.34375000 0.64687502
vt 0.34375000 0.64687502
vt 0.34375000 0.64687502
vt 0.34375000 0.64687502
vt 0.34375000 0.64687502
vt 0.34375000 0.64687502
vt 0.88437498 0.59062499
vt 0.88437498 0.59062499
vt 0.88437498 0.59062499
vt 0.88437498 0.59062499
vt 0.88437498 0.59062499
vt 0.88437498 0.59062499
vt 0.88437498 0.59062499
vt 0.88437498 0.59062499
vt 0.88437498 0.59062499
vt 0.88437498 0.59062499
vt 0.88437498 0.59062499
vt 0.88437498 0.59062499
vt 0.34375000 0.64687502
vt 0.34375000 0.64687502
vt 0.34375000 0.64687502
vt 0.34375000 0.64687502
vt 0.34375000 0.64687502
vt 0.34375000 0.64687502
vt 0.34375000 0.64687502
vt 0.34375000 0.64687502
vt 0.88437498 0.59062499
vt 0.88437498 0.59062499
vt 0.88437498 0.59062499
vt 0.88437498 0.59062499
vt 0.88437498 0.59062499
vt 0.88437498 0.59062499
vt 0.88437498 0.59062499
vt 0.88437498 0.59062499
vt 0.88437498 0.59062499
vt 0.88437498 0.59062499
vt 0.88437498 0.59062499
vt 0.88437498 0.59062499
vt 0.34375000 0.64687502
vt 0.34375000 0.64687502
vt 0.34375000 0.64687502
vt 0.34375000 0.64687502
vt 0.34375000 0.64687502
vt 0.34375000 0.64687502
vt 0.34375000 0.64687502
vt 0.34375000 0.64687502
vt 0.88437498 0.59062499
vt 0.88437498 0.59062499
vt 0.88437498 0.59062499
vt 0.88437498 0.59062499
vt 0.88437498 0.59062499
vt 0.88437498 0.59062499
vt 0.88437498 0.59062499
vt 0.88437498 0.59062499
vt 0.88437498 0.59062499
vt 0.88437498 0.59062499
vt 0.88437498 0.59062499
vt 0.88437498 0.59062499
vt 0.34375000 0.64687502
vt 0.34375000 0.64687502
vt 0.34375000 0.64687502
vt 0.34375000 0.64687502
vt 0.34375000 0.64687502
vt 0.34375000 0.64687502
vt 0.34375000 0.64687502
vt 0.34375000 0.64687502
vt 0.88437498 0.59062499
vt 0.88437498 0.59062499
vt 0.88437498 0.59062499
vt 0.88437498 0.59062499
vt 0.88437498 0.59062499
vt 0.88437498 0.59062499
vt 0.88437498 0.59062499
vt 0.88437498 0.59062499
vt 0.88437498 0.59062499
vt 0.88437498 0.59062499
vt 0.88437498 0.59062499
vt 0.88437498 0.59062499
vt 0.34375000 0.64687502
vt 0.34375000 0.64687502
vt 0.34375000 0.64687502
vt 0.34375000 0.64687502
vt 0.34375000 0.64687502
vt 0.34375000 0.64687502
vt 0.34375000 0.64687502
vt 0.34375000 0.64687502
vt 0.88437498 0.59062499
vt 0.88437498 0.59062499
vt 0.88437498 0.59062499
vt 0.88437498 0.59062499
vt 0.88437498 0.59062499
vt 0.88437498 0.59062499
vt 0.88437498 0.59062499
vt 0.88437498 0.59062499
vt 0.88437498 0.59062499
vt 0.88437498 0.59062499
vt 0.88437498 0.59062499
vt 0.88437498 0.59062499
vt 0.34375000 0.64687502
vt 0.34375000 0.64687502
vt 0.34375000 0.64687502
vt 0.34375000 0.64687502
vt 0.34375000 0.64687502
vt 0.34375000 0.64687502
vt 0.34375000 0.64687502
vt 0.34375000 0.64687502
vt 0.88437498 0.59062499
vt 0.88437498 0.59062499
vt 0.88437498 0.59062499
vt 0.88437498 0.59062499
vt 0.88437498 0.59062499
vt 0.88437498 0.59062499
vt 0.88437498 0.59062499
vt 0.88437498 0.59062499
vt 0.88437498 0.59062499
vt 0.88437498 0.59062499
vt 0.88437498 0.59062499
vt 0.88437498 0.59062499
vt 0.34375000 0.64687502
vt 0.34375000 0.64687502
vt 0.34375000 0.64687502
vt 0.34375000 0.64687502
vt 0.34375000 0.64687502
vt 0.34375000 0.64687502
vt 0.34375000 0.64687502
vt 0.34375000 0.64687502
vt 0.88437498 0.59062499
vt 0.88437498 0.59062499
vt 0.88437498 0.59062499
vt 0.88437498 0.59062499
vt 0.88437498 0.59062499
vt 0.88437498 0.59062499
vt 0.88437498 0.59062499
vt 0.88437498 0.59062499
vt 0.88437498 0.59062499
vt 0.88437498 0.59062499
vt 0.88437498 0.59062499
vt 0.88437498 0.59062499
vt 0.34375000 0.64687502
vt 0.34375000 0.64687502
vt 0.34375000 0.64687502
vt 0.34375000 0.64687502
vt 0.34375000 0.64687502
vt 0.34375000 0.64687502
vt 0.34375000 0.64687502
vt 0.34375000 0.64687502
vt 0.88437498 0.59062499
vt 0.88437498 0.59062499
vt 0.88437498 0.59062499
vt 0.88437498 0.59062499
vt 0.88437498 0.59062499
vt 0.88437498 0.59062499
vt 0.88437498 0.59062499
vt 0.88437498 0.59062499
vt 0.88437498 0.59062499
vt 0.88437498 0.59062499
vt 0.88437498 0.59062499
vt 0.88437498 0.59062499
vt 0.34375000 0.64687502
vt 0.34375000 0.64687502
vt 0.34375000 0.64687502
vt 0.34375000 0.64687502
vt 0.34375000 0.64687502
vt 0.34375000 0.64687502
vt 0.34375000 0.64687502
vt 0.34375000 0.64687502
vt 0.88437498 0.59062499
vt 0.88437498 0.59062499
vt 0.88437498 0.59062499
vt 0.88437498 0.59062499
vt 0.88437498 0.59062499
vt 0.88437498 0.59062499
vt 0.88437498 0.59062499
vt 0.88437498 0.59062499
vt 0.88437498 0.59062499
vt 0.88437498 0.59062499
vt 0.88437498 0.59062499
vt 0.88437498 0.59062499
vt 0.34375000 0.64687502
vt 0.34375000 0.64687502
vt 0.34375000 0.64687502
vt 0.34375000 0.64687502
vt 0.34375000 0.64687502
vt 0.34375000 0.64687502
vt 0.34375000 0.64687502
vt 0.34375000 0.64687502
vt 0.88437498 0.59062499
vt 0.88437498 0.59062499
vt 0.88437498 0.59062499
vt 0.88437498 0.59062499
vt 0.88437498 0.59062499
vt 0.88437498 0.59062499
vt 0.88437498 0.59062499
vt 0.88437498 0.59062499
vt 0.88437498 0.59062499
vt 0.88437498 0.59062499
vt 0.88437498 0.59062499
vt 0.88437498 0.59062499
vt 0.34375000 0.64687502
vt 0.34375000 0.64687502
vt 0.34375000 0.64687502
vt 0.34375000 0.64687502
vt 0.34375000 0.64687502
vt 0.34375000 0.64687502
vt 0.34375000 0.64687502
vt 0.34375000 0.64687502
vt 0.88437498 0.59062499
vt 0.88437498 0.59062499
vt 0.88437498 0.59062499
vt 0.88437498 0.59062499
vt 0.88437498 0.59062499
vt 0.88437498 0.59062499
vt 0.88437498 0.59062499
vt 0.88437498 0.59062499
vt 0.88437498 0.59062499
vt 0.88437498 0.59062499
vt 0.88437498 0.59062499
vt 0.88437498 0.59062499
vt 0.34375000 0.64687502
vt 0.34375000 0.64687502
vt 0.34375000 0.64687502
vt 0.34375000 0.64687502
vt 0.34375000 0.64687502
vt 0.34375000 0.64687502
vt 0.34375000 0.64687502
vt 0.34375000 0.64687502
vt 0.88437498 0.59062499
vt 0.88437498 0.59062499
vt 0.88437498 0.59062499
vt 0.88437498 0.59062499
vt 0.88437498 0.59062499
vt 0.88437498 0.59062499
vt 0.88437498 0.59062499
vt 0.88437498 0.59062499
vt 0.88437498 0.59062499
vt 0.88437498 0.59062499
vt 0.88437498 0.59062499
vt 0.88437498 0.59062499
vt 0.34375000 0.64687502
vt 0.34375000 0.64687502
vt 0.34375000 0.64687502
vt 0.34375000 0.64687502
vt 0.34375000 0.64687502
vt 0.34375000 0.64687502
vt 0.34375000 0.64687502
vt 0.34375000 0.64687502
vt 0.88437498 0.59062499
vt 0.88437498 0.59062499
vt 0.88437498 0.59062499
vt 0.88437498 0.59062499
vt 0.88437498 0.59062499
vt 0.88437498 0.59062499
vt 0.88437498 0.59062499
vt 0.88437498 0.59062499
vt 0.88437498 0.59062499
vt 0.88437498 0.59062499
vt 0.88437498 0.59062499
vt 0.88437498 0.59062499
vt 0.34375000 0.64687502
vt 0.34375000 0.64687502
vt 0.34375000 0.64687502
vt 0.34375000 0.64687502
vt 0.34375000 0.64687502
vt 0.34375000 0.64687502
vt 0.34375000 0.64687502
vt 0.34375000 0.64687502
f 791/791 792/792 793/793
f 791/791 793/793 794/794
f 795/795 796/796 797/797
f 795/795 797/797 798/798
f 799/799 800/800 801/801
f 799/799 801/801 802/802
f 803/803 804/804 805/805
f 803/803 805/805 806/806
f 807/807 808/808 809/809
f 807/807 809/809 810/810
f 811/811 812/812 813/813
f 811/811 813/813 814/814
f 815/815 816/816 817/817
f 815/815 817/817 818/818
f 819/819 820/820 821/821
f 819/819 821/821 822/822
f 823/823 824/824 825/825
f 823/823 825/825 826/826
f 827/827 828/828 829/829
f 827/827 829/829 830/830
f 831/831 832/832 833/833
f 831/831 833/833 834/834
f 835/835 836/836 837/837
f 835/835 837/837 838/838
f 839/839 840/840 841/841
f 839/839 841/841 842/842
f 843/843 844/844 845/845
f 843/843 845/845 846/846
f 847/847 848/848 849/849
f 847/847 849/849 850/850
f 851/851 852/852 853/853
f 851/851 853/853 854/854
f 855/855 856/856 857/857
f 855/855 857/857 858/858
f 859/859 860/860 861/861
f 859/859 861/861 862/862
f 863/863 864/864 865/865
f 863/863 865/865 866/866
f 867/867 868/868 869/869
f 867/867 869/869 870/870
f 871/871 872/872 873/873
f 871/871 873/873 874/874
f 875/875 876/876 877/877
f 875/875 877/877 878/878
f 879/879 880/880 881/881
f 879/879 881/881 882/882
f 883/883 884/884 885/885
f 883/883 885/885 886/886
f 887/887 888/888 889/889
f 887/887 889/889 890/890
f 891/891 892/892 893/893
f 891/891 893/893 894/894
f 895/895 896/896 897/897
f 895/895 897/897 898/898
f 899/899 900/900 901/901
f 899/899 901/901 902/902
f 903/903 904/904 905/905
f 903/903 905/905 906/906
f 907/907 908/908 909/909
f 907/907 909/909 910/910
f 911/911 912/912 913/913
f 911/911 913/913 914/914
f 915/915 916/916 917/917
f 915/915 917/917 918/918
f 919/919 920/920 921/921
f 919/919 921/921 922/922
f 923/923 924/924 925/925
f 923/923 925/925 926/926
f 927/927 928/928 929/929
f 927/927 929/929 930/930
f 931/931 932/932 933/933
f 931/931 933/933 934/934
f 935/935 936/936 937/937
f 935/935 937/937 938/938
f 939/939 940/940 941/941
f 939/939 941/941 942/942
f 943/943 944/944 945/945
f 943/943 945/945 946/946
f 947/947 948/948 949/949
f 947/947 949/949 950/950
f 951/951 952/952 953/953
f 951/951 953/953 954/954
f 955/955 956/956 957/957
f 955/955 957/957 958/958
f 959/959 960/960 961/961
f 959/959 961/961 962/962
f 963/963 964/964 965/965
f 963/963 965/965 966/966
f 967/967 968/968 969/969
f 967/967 969/969 970/970
f 971/971 972/972 973/973
f 971/971 973/973 974/974
f 975/975 976/976 977/977
f 975/975 977/977 978/978
f 979/979 980/980 981/981
f 979/979 981/981 982/982
f 983/983 984/984 985/985
f 983/983 985/985 986/986
f 987/987 988/988 989/989
f 987/987 989/989 990/990
f 991/991 992/992 993/993
f 991/991 993/993 994/994
f 995/995 996/996 997/997
f 995/995 997/997 998/998
f 999/999 1000/1000 1001/1001
f 999/999 1001/1001 1002/1002
f 1003/1003 1004/1004 1005/1005
f 1003/1003 1005/1005 1006/1006
f 1007/1007 1008/1008 1009/1009
f 1007/1007 1009/1009 1010/1010
f 1011/1011 1012/1012 1013/1013
f 1011/1011 1013/1013 1014/1014
f 1015/1015 1016/1016 1017/1017
f 1015/1015 1017/1017 1018/1018
f 1019/1019 1020/1020 1021/1021
f 1019/1019 1021/1021 1022/1022
f 1023/1023 1024/1024 1025/1025
f 1023/1023 1025/1025 1026/1026
f 1027/1027 1028/1028 1029/1029
f 1027/1027 1029/1029 1030/1030
f 1031/1031 1032/1032 1033/1033
f 1031/1031 1033/1033 1034/1034
f 1035/1035 1036/1036 1037/1037
f 1035/1035 1037/1037 1038/1038
f 1039/1039 1040/1040 1041/1041
f 1039/1039 1041/1041 1042/1042
f 1043/1043 1044/1044 1045/1045
f 1043/1043 1045/1045 1046/1046
f 1047/1047 1048/1048 1049/1049
f 1047/1047 1049/1049 1050/1050
f 1051/1051 1052/1052 1053/1053
f 1051/1051 1053/1053 1054/1054
f 1055/1055 1056/1056 1057/1057
f 1055/1055 1057/1057 1058/1058
f 1059/1059 1060/1060 1061/1061
f 1059/1059 1061/1061 1062/1062
f 1063/1063 1064/1064 1065/1065
f 1063/1063 1065/1065 1066/1066
f 1067/1067 1068/1068 1069/1069
f 1067/1067 1069/1069 1070/1070
f 1071/1071 1072/1072 1073/1073
f 1071/1071 1073/1073 1074/1074
f 1075/1075 1076/1076 1077/1077
f 1075/1075 1077/1077 1078/1078
f 1079/1079 1080/1080 1081/1081
f 1079/1079 1081/1081 1082/1082
f 1083/1083 1084/1084 1085/1085
f 1083/1083 1085/1085 1086/1086
f 1087/1087 1088/1088 1089/1089
f 1087/1087 1089/1089 1090/1090
f 1091/1091 1092/1092 1093/1093
f 1091/1091 1093/1093 1094/1094
f 1095/1095 1096/1096 1097/1097
f 1095/1095 1097/1097 1098/1098
f 1099/1099 1100/1100 1101/1101
f 1099/1099 1101/1101 1102/1102
f 1103/1103 1104/1104 1105/1105
f 1103/1103 1105/1105 1106/1106
f 1107/1107 1108/1108 1109/1109
f 1107/1107 1109/1109 1110/1110

o bike_pedalFootL_dummyProp_0
usemtl dummyProp
v 0.18300454 0.46886522 -0.05271145
v 0.18300455 0.46886523 -0.12831145
v 0.08525456 0.46886522 -0.12831146
v 0.08525455 0.46886522 -0.05271146
v 0.18300454 0.45226522 -0.05271145
v 0.08525455 0.45226522 -0.05271146
v 0.08525456 0.45226522 -0.12831146
v 0.18300455 0.45226523 -0.12831145
v 0.18300454 0.46886522 -0.05271145
v 0.08525455 0.46886522 -0.05271146
v 0.08525455 0.45226522 -0.05271146
v 0.18300454 0.45226522 -0.05271145
v 0.08525455 0.46886522 -0.05271146
v 0.08525456 0.46886522 -0.12831146
v 0.08525456 0.45226522 -0.12831146
v 0.08525455 0.45226522 -0.05271146
v 0.08525456 0.46886522 -0.12831146
v 0.18300455 0.46886523 -0.12831145
v 0.18300455 0.45226523 -0.12831145
v 0.08525456 0.45226522 -0.12831146
v 0.18300455 0.46886523 -0.12831145
v 0.18300454 0.46886522 -0.05271145
v 0.18300454 0.45226522 -0.05271145
v 0.18300455 0.45226523 -0.12831145
vt 0.89062500 0.60000002
vt 0.89062500 0.60000002
vt 0.89062500 0.60000002
vt 0.89062500 0.60000002
vt 0.89062500 0.60000002
vt 0.89062500 0.60000002
vt 0.89062500 0.60000002
vt 0.89062500 0.60000002
vt 0.89062500 0.60000002
vt 0.89062500 0.60000002
vt 0.89062500 0.60000002
vt 0.89062500 0.60000002
vt 0.89062500 0.60000002
vt 0.89062500 0.60000002
vt 0.89062500 0.60000002
vt 0.89062500 0.60000002
vt 0.89062500 0.60000002
vt 0.89062500 0.60000002
vt 0.89062500 0.60000002
vt 0.89062500 0.60000002
vt 0.89062500 0.60000002
vt 0.89062500 0.60000002
vt 0.89062500 0.60000002
vt 0.89062500 0.60000002
f 1111/1111 1112/1112 1113/1113
f 1111/1111 1113/1113 1114/1114
f 1115/1115 1116/1116 1117/1117
f 1115/1115 1117/1117 1118/1118
f 1119/1119 1120/1120 1121/1121
f 1119/1119 1121/1121 1122/1122
f 1123/1123 1124/1124 1125/1125
f 1123/1123 1125/1125 1126/1126
f 1127/1127 1128/1128 1129/1129
f 1127/1127 1129/1129 1130/1130
f 1131/1131 1132/1132 1133/1133
f 1131/1131 1133/1133 1134/1134

o bike_pedalFootR_dummyProp_0
usemtl dummyProp
v -0.18304158 0.04662648 -0.05361060
v -0.18304158 0.04662648 -0.12921060
v -0.08529159 0.04662648 -0.12921060
v -0.08529159 0.04662648 -0.05361060
v -0.18304158 0.06322648 -0.05361060
v -0.08529159 0.06322648 -0.05361060
v -0.08529159 0.06322648 -0.12921060
v -0.18304158 0.06322648 -0.12921060
v -0.18304158 0.04662648 -0.05361060
v -0.08529159 0.04662648 -0.05361060
v -0.08529159 0.06322648 -0.05361060
v -0.18304158 0.06322648 -0.05361060
v -0.08529159 0.04662648 -0.05361060
v -0.08529159 0.04662648 -0.12921060
v -0.08529159 0.06322648 -0.12921060
v -0.08529159 0.06322648 -0.05361060
v -0.08529159 0.04662648 -0.12921060
v -0.18304158 0.04662648 -0.12921060
v -0.18304158 0.06322648 -0.12921060
v -0.08529159 0.06322648 -0.12921060
v -0.18304158 0.04662648 -0.12921060
v -0.18304158 0.04662648 -0.05361060
v -0.18304158 0.06322648 -0.05361060
v -0.18304158 0.06322648 -0.12921060
vt 0.89062500 0.60000002
vt 0.89062500 0.60000002
vt 0.89062500 0.60000002
vt 0.89062500 0.60000002
vt 0.89062500 0.60000002
vt 0.89062500 0.60000002
vt 0.89062500 0.60000002
vt 0.89062500 0.60000002
vt 0.89062500 0.60000002
vt 0.89062500 0.60000002
vt 0.89062500 0.60000002
vt 0.89062500 0.60000002
vt 0.89062500 0.60000002
vt 0.89062500 0.60000002
vt 0.89062500 0.60000002
vt 0.89062500 0.60000002
vt 0.89062500 0.60000002
vt 0.89062500 0.60000002
vt 0.89062500 0.60000002
vt 0.89062500 0.60000002
vt 0.89062500 0.60000002
vt 0.89062500 0.60000002
vt 0.89062500 0.60000002
vt 0.89062500 0.60000002
f 1135/1135 1136/1136 1137/1137
f 1135/1135 1137/1137 1138/1138
f 1139/1139 1140/1140 1141/1141
f 1139/1139 1141/1141 1142/1142
f 1143/1143 1144/1144 1145/1145
f 1143/1143 1145/1145 1146/1146
f 1147/1147 1148/1148 1149/1149
f 1147/1147 1149/1149 1150/1150
f 1151/1151 1152/1152 1153/1153
f 1151/1151 1153/1153 1154/1154
f 1155/1155 1156/1156 1157/1157
f 1155/1155 1157/1157 1158/1158

o bike_pedal_dummyProp_0
usemtl dummyProp
v -0.08211423 0.26661592 -0.10904241
v -0.08211425 0.23220598 -0.10936363
v -0.08211425 0.23235617 -0.07294083
v -0.08211423 0.26588076 -0.07410128
v -0.05816936 0.26661592 -0.10904241
v -0.05816938 0.23220598 -0.10936363
v -0.08211425 0.23220598 -0.10936363
v -0.08211423 0.26661592 -0.10904241
v -0.07478699 0.05160101 -0.09870084
v -0.07478699 0.05166326 -0.08360361
v -0.08471211 0.05166326 -0.08360361
v -0.08471211 0.05160101 -0.09870084
v -0.05816938 0.23235617 -0.07294083
v -0.05816936 0.26588076 -0.07410128
v -0.08211423 0.26588076 -0.07410128
v -0.08211425 0.23235617 -0.07294083
v -0.05816936 0.26588076 -0.07410128
v -0.05816936 0.26661592 -0.10904241
v -0.08211423 0.26661592 -0.10904241
v -0.08211423 0.26588076 -0.07410128
v -0.05816936 0.26588076 -0.07410128
v -0.05816938 0.23235617 -0.07294083
v -0.05816938 0.23220598 -0.10936363
v -0.05816936 0.26661592 -0.10904241
v -0.08211425 0.23235617 -0.07294083
v -0.08211425 0.23220598 -0.10936363
v -0.08471211 0.05160101 -0.09870084
v -0.08471211 0.05166326 -0.08360361
v -0.08211425 0.23220598 -0.10936363
v -0.05816938 0.23220598 -0.10936363
v -0.07478699 0.05160101 -0.09870084
v -0.08471211 0.05160101 -0.09870084
v -0.05816938 0.23220598 -0.10936363
v -0.05816938 0.23235617 -0.07294083
v -0.07478699 0.05166326 -0.08360361
v -0.07478699 0.05160101 -0.09870084
v -0.05816938 0.23235617 -0.07294083
v -0.08211425 0.23235617 -0.07294083
v -0.08471211 0.05166326 -0.08360361
v -0.07478699 0.05166326 -0.08360361
v 0.08207721 0.24887578 -0.10814330
v 0.08207722 0.28328572 -0.10846451
v 0.08207722 0.28313553 -0.07204171
v 0.08207720 0.24961095 -0.07320216
v 0.05813233 0.24887578 -0.10814330
v 0.05813235 0.28328572 -0.10846451
v 0.08207722 0.28328572 -0.10846451
v 0.08207721 0.24887578 -0.10814330
v 0.07474996 0.46389070 -0.09780170
v 0.07474995 0.46382844 -0.08270448
v 0.08467507 0.46382844 -0.08270448
v 0.08467508 0.46389070 -0.09780170
v 0.05813235 0.28313553 -0.07204171
v 0.05813233 0.24961095 -0.07320216
v 0.08207720 0.24961095 -0.07320216
v 0.08207722 0.28313553 -0.07204171
v 0.05813233 0.24961095 -0.07320216
v 0.05813233 0.24887578 -0.10814330
v 0.08207721 0.24887578 -0.10814330
v 0.08207720 0.24961095 -0.07320216
v 0.05813233 0.24961095 -0.07320216
v 0.05813235 0.28313553 -0.07204171
v 0.05813235 0.28328572 -0.10846451
v 0.05813233 0.24887578 -0.10814330
v 0.08207722 0.28313553 -0.07204171
v 0.08207722 0.28328572 -0.10846451
v 0.08467508 0.46389070 -0.09780170
v 0.08467507 0.46382844 -0.08270448
v 0.08207722 0.28328572 -0.10846451
v 0.05813235 0.28328572 -0.10846451
v 0.07474996 0.46389070 -0.09780170
v 0.08467508 0.46389070 -0.09780170
v 0.05813235 0.28328572 -0.10846451
v 0.05813235 0.28313553 -0.07204171
v 0.07474995 0.46382844 -0.08270448
v 0.07474996 0.46389070 -0.09780170
v 0.05813235 0.28313553 -0.07204171
v 0.08207722 0.28313553 -0.07204171
v 0.08467507 0.46382844 -0.08270448
v 0.07474995 0.46382844 -0.08270448
vt 0.13750000 0.50625002
vt 0.13750000 0.50625002
vt 0.13750000 0.50625002
vt 0.13750000 0.50625002
vt 0.13750000 0.50625002
vt 0.13750000 0.50625002
vt 0.13750000 0.50625002
vt 0.13750000 0.50625002
vt 0.13750000 0.50625002
vt 0.13750000 0.50625002
vt 0.13750000 0.50625002
vt 0.13750000 0.50625002
vt 0.13750000 0.50625002
vt 0.13750000 0.50625002
vt 0.13750000 0.50625002
vt 0.13750000 0.50625002
vt 0.13750000 0.50625002
vt 0.13750000 0.50625002
vt 0.13750000 0.50625002
vt 0.13750000 0.50625002
vt 0.13750000 0.50625002
vt 0.13750000 0.50625002
vt 0.13750000 0.50625002
vt 0.13750000 0.50625002
vt 0.13750000 0.50625002
vt 0.13750000 0.50625002
vt 0.13750000 0.50625002
vt 0.13750000 0.50625002
vt 0.13750000 0.50625002
vt 0.13750000 0.50625002
vt 0.13750000 0.50625002
vt 0.13750000 0.50625002
vt 0.40312499 0.67500001
vt 0.40312499 0.67500001
vt 0.40312499 0.67500001
vt 0.40312499 0.67500001
vt 0.13750000 0.50625002
vt 0.13750000 0.50625002
vt 0.13750000 0.50625002
vt 0.13750000 0.50625002
vt 0.13750000 0.50625002
vt 0.13750000 0.50625002
vt 0.13750000 0.50625002
vt 0.13750000 0.50625002
vt 0.13750000 0.50625002
vt 0.13750000 0.50625002
vt 0.13750000 0.50625002
vt 0.13750000 0.50625002
vt 0.13750000 0.50625002
vt 0.13750000 0.50625002
vt 0.13750000 0.50625002
vt 0.13750000 0.50625002
vt 0.13750000 0.50625002
vt 0.13750000 0.50625002
vt 0.13750000 0.50625002
vt 0.13750000 0.50625002
vt 0.13750000 0.50625002
vt 0.13750000 0.50625002
vt 0.13750000 0.50625002
vt 0.13750000 0.50625002
vt 0.13750000 0.50625002
vt 0.13750000 0.50625002
vt 0.13750000 0.50625002
vt 0.13750000 0.50625002
vt 0.13750000 0.50625002
vt 0.13750000 0.50625002
vt 0.13750000 0.50625002
vt 0.13750000 0.50625002
vt 0.13750000 0.50625002
vt 0.13750000 0.50625002
vt 0.13750000 0.50625002
vt 0.13750000 0.50625002
vt 0.40312499 0.67500001
vt 0.40312499 0.67500001
vt 0.40312499 0.67500001
vt 0.40312499 0.67500001
vt 0.13750000 0.50625002
vt 0.13750000 0.50625002
vt 0.13750000 0.50625002
vt 0.13750000 0.50625002
f 1159/1159 1160/1160 1161/1161
f 1159/1159 1161/1161 1162/1162
f 1163/1163 1164/1164 1165/1165
f 1163/1163 1165/1165 1166/1166
f 1167/1167 1168/1168 1169/1169
f 1167/1167 1169/1169 1170/1170
f 1171/1171 1172/1172 1173/1173
f 1171/1171 1173/1173 1174/1174
f 1175/1175 1176/1176 1177/1177
f 1175/1175 1177/1177 1178/1178
f 1179/1179 1180/1180 1181/1181
f 1179/1179 1181/1181 1182/1182
f 1183/1183 1184/1184 1185/1185
f 1183/1183 1185/1185 1186/1186
f 1187/1187 1188/1188 1189/1189
f 1187/1187 1189/1189 1190/1190
f 1191/1191 1192/1192 1193/1193
f 1191/1191 1193/1193 1194/1194
f 1195/1195 1196/1196 1197/1197
f 1195/1195 1197/1197 1198/1198
f 1199/1199 1200/1200 1201/1201
f 1199/1199 1201/1201 1202/1202
f 1203/1203 1204/1204 1205/1205
f 1203/1203 1205/1205 1206/1206
f 1207/1207 1208/1208 1209/1209
f 1207/1207 1209/1209 1210/1210
f 1211/1211 1212/1212 1213/1213
f 1211/1211 1213/1213 1214/1214
f 1215/1215 1216/1216 1217/1217
f 1215/1215 1217/1217 1218/1218
f 1219/1219 1220/1220 1221/1221
f 1219/1219 1221/1221 1222/1222
f 1223/1223 1224/1224 1225/1225
f 1223/1223 1225/1225 1226/1226
f 1227/1227 1228/1228 1229/1229
f 1227/1227 1229/1229 1230/1230
f 1231/1231 1232/1232 1233/1233
f 1231/1231 1233/1233 1234/1234
f 1235/1235 1236/1236 1237/1237
f 1235/1235 1237/1237 1238/1238

o bike_body_dummyProp_0
usemtl dummyProp
v -0.02522680 0.89535444 -0.24712680
v -0.02522680 0.92152899 -0.24584451
v -0.05747530 0.90309019 -0.28605064
v -0.02522680 0.92152899 -0.24584451
v -0.05217417 0.92745359 -0.31149177
v -0.05747530 0.90309019 -0.28605064
v -0.02522680 0.89535444 -0.24712680
v -0.05747530 0.90309019 -0.28605064
v -0.02626202 0.88437475 -0.28648559
v 0.02522680 0.89535444 -0.24712680
v 0.05747530 0.90309019 -0.28605064
v 0.02522680 0.92152899 -0.24584451
v 0.02522680 0.92152899 -0.24584451
v 0.05747530 0.90309019 -0.28605064
v 0.05217417 0.92745359 -0.31149177
v 0.02522680 0.89535444 -0.24712680
v 0.02626202 0.88437475 -0.28648559
v 0.05747530 0.90309019 -0.28605064
v -0.01100009 0.25575538 -0.06593592
v -0.01100011 0.63462729 0.39617843
v -0.01100011 0.66087683 0.38787292
v -0.01100009 0.27850068 -0.07871373
v -0.00996130 0.77877257 0.34383174
v -0.00996129 0.47243033 -0.15705963
v -0.00996129 0.45383639 -0.14826576
v -0.00996130 0.76093275 0.35156818
v -0.01428500 0.85719686 0.30798526
v -0.01428501 0.58963816 0.40693858
v -0.01428501 0.59541171 0.42147777
v -0.01428500 0.86178549 0.32132259
v -0.01597452 0.72110159 -0.26387443
v -0.01597454 0.26812129 -0.10259791
v -0.01597454 0.27512374 -0.08496406
v -0.01597452 0.72666693 -0.24769826
v -0.05951689 0.29895007 -0.08675854
v -0.05951689 0.28287498 -0.12543422
v -0.05951691 0.23631227 -0.13228445
v -0.05951693 0.21045072 -0.08938063
v -0.06012297 0.25696035 -0.12812602
v -0.04152153 0.27421234 -0.12812602
v -0.04152153 0.27421234 -0.15349617
v -0.06012297 0.25696035 -0.15349617
v -0.04287096 0.23835891 -0.15349617
v -0.04287096 0.23835891 -0.12812602
v -0.06012297 0.25696035 -0.12812602
v -0.06012297 0.25696035 -0.15349617
v -0.05018865 0.28547460 -0.23906858
v -0.04181721 0.26714950 -0.24226299
v -0.03484049 0.30354665 -0.51373862
v -0.04137773 0.31782682 -0.51107863
v -0.04954146 0.30458257 -0.51354567
v -0.04137773 0.31782682 -0.51107863
v -0.03484049 0.30354665 -0.51373862
v -0.04243151 0.29030237 -0.51620566
v -0.03064219 0.54930419 -0.34795421
v -0.04036306 0.53956946 -0.33371104
v -0.04231877 0.29305436 -0.49193675
v -0.03695798 0.29851339 -0.49972880
v -0.03901363 0.55980040 -0.36331134
v -0.03064219 0.54930419 -0.34795421
v -0.03695798 0.29851339 -0.49972880
v -0.04157460 0.30439935 -0.50813029
v -0.04733984 0.29894037 -0.50033820
v -0.04157460 0.30439935 -0.50813029
v -0.03695798 0.29851339 -0.49972880
v -0.04231877 0.29305436 -0.49193675
v -0.01597452 0.72110159 -0.26387443
v -0.01597452 0.72666693 -0.24769826
v -0.01597452 0.87632101 -0.30758703
v -0.01597452 0.86845739 -0.32277930
v -0.01548962 0.89774099 -0.19952236
v 0.00000000 0.89179182 -0.19987352
v 0.00000000 0.89179182 -0.17765306
v -0.01548962 0.89774099 -0.17730190
v -0.01548962 0.92304334 -0.19847087
v -0.01548962 0.89774099 -0.19952236
v -0.01548962 0.89774099 -0.17730190
v -0.01548962 0.91234312 -0.17518257
v 0.00000000 0.94823438 -0.39157317
v 0.00000000 0.91160063 -0.41230441
v -0.07383346 0.90506300 -0.38170730
v -0.07383346 0.94169676 -0.36097610
v -0.00996129 0.45383639 -0.14826576
v -0.00048737 0.44689872 -0.14593574
v -0.00048738 0.75417143 0.35427905
v -0.00996130 0.76093275 0.35156818
v -0.01100009 0.25575538 -0.06593592
v 0.00000000 0.24920684 -0.06113932
v 0.00000000 0.62745627 0.40039786
v -0.01100011 0.63462729 0.39617843
v -0.01100011 0.66087683 0.38787292
v 0.00000000 0.66893515 0.38517646
v 0.00000000 0.28546211 -0.08351745
v -0.01100009 0.27850068 -0.07871373
v -0.00996129 0.47243033 -0.15705963
v -0.00996130 0.77877257 0.34383174
v -0.00048738 0.78518568 0.34104846
v -0.00048737 0.47860236 -0.16070045
v -0.01428500 0.85719686 0.30798526
v 0.00000000 0.85483534 0.29996557
v 0.00000000 0.58627051 0.39905883
v -0.01428501 0.58963816 0.40693858
v -0.01428501 0.59541171 0.42147777
v 0.00000000 0.59710703 0.43006366
v 0.00000000 0.86400969 0.32974483
v -0.01428500 0.86178549 0.32132259
v -0.01428501 0.58963816 0.40693858
v 0.00000000 0.58627051 0.39905883
v 0.00000000 0.59710703 0.43006366
v -0.01428501 0.59541171 0.42147777
v 0.00000000 0.88895849 -0.24787374
v 0.00000000 0.89179182 -0.19987352
v -0.01548962 0.89774099 -0.19952236
v -0.02522680 0.89535444 -0.24712680
v -0.01548962 0.92304334 -0.19847087
v -0.02522680 0.92152899 -0.24584451
v -0.02522680 0.89535444 -0.24712680
v -0.01548962 0.89774099 -0.19952236
v -0.01548962 0.92304334 -0.19847087
v 0.00000000 0.92876005 -0.19829471
v 0.00000000 0.92780714 -0.24642801
v -0.02522680 0.92152899 -0.24584451
v -0.01597452 0.72110159 -0.26387443
v 0.00000000 0.71846083 -0.27284263
v 0.00000000 0.26435539 -0.11140962
v -0.01597454 0.26812129 -0.10259791
v 0.00000000 0.27701955 -0.07536268
v 0.00000000 0.72915419 -0.23827991
v -0.01597452 0.72666693 -0.24769826
v -0.01597454 0.27512374 -0.08496406
v -0.01597454 0.26812129 -0.10259791
v 0.00000000 0.26435539 -0.11140962
v 0.00000000 0.27701955 -0.07536268
v -0.01597454 0.27512374 -0.08496406
v -0.05787003 0.23295976 -0.04592784
v -0.05787001 0.27768539 -0.04759528
v -0.05951689 0.29895007 -0.08675854
v -0.05951693 0.21045072 -0.08938063
v -0.04287096 0.23835891 -0.12812602
v -0.04287096 0.23835891 -0.15349617
v -0.03315009 0.25561092 -0.15349617
v -0.02426953 0.25561092 -0.12812602
v -0.02426953 0.25561092 -0.12812602
v -0.03315009 0.25561092 -0.15349617
v -0.04152153 0.27421234 -0.15349617
v -0.04152153 0.27421234 -0.12812602
v -0.03315009 0.25561092 -0.15349617
v -0.04287096 0.23835891 -0.15349617
v -0.05153808 0.25015378 -0.24522567
v -0.04181721 0.26714950 -0.24226299
v -0.06012297 0.25696035 -0.15349617
v -0.04152153 0.27421234 -0.15349617
v -0.05018865 0.28547460 -0.23906858
v -0.06879009 0.26847888 -0.24203126
v -0.04152153 0.27421234 -0.15349617
v -0.03315009 0.25561092 -0.15349617
v -0.04181721 0.26714950 -0.24226299
v -0.05018865 0.28547460 -0.23906858
v -0.04287096 0.23835891 -0.15349617
v -0.06012297 0.25696035 -0.15349617
v -0.06879009 0.26847888 -0.24203126
v -0.05153808 0.25015378 -0.24522567
v -0.04181721 0.26714950 -0.24226299
v -0.05153808 0.25015378 -0.24522567
v -0.04243151 0.29030237 -0.51620566
v -0.03484049 0.30354665 -0.51373862
v -0.06879009 0.26847888 -0.24203126
v -0.05018865 0.28547460 -0.23906858
v -0.04137773 0.31782682 -0.51107863
v -0.04954146 0.30458257 -0.51354567
v -0.05153808 0.25015378 -0.24522567
v -0.06879009 0.26847888 -0.24203126
v -0.04954146 0.30458257 -0.51354567
v -0.04243151 0.29030237 -0.51620566
v -0.02725589 0.69426573 -0.24808963
v -0.03726244 0.62229666 -0.29073924
v -0.01826874 0.62125075 -0.29362729
v -0.01523015 0.70596083 -0.24076261
v -0.02640001 0.70322966 -0.26255653
v -0.01439180 0.71264006 -0.25755823
v -0.01802038 0.62826544 -0.31098844
v -0.03548105 0.63086108 -0.30974012
v -0.01523015 0.70596083 -0.24076261
v -0.01826874 0.62125075 -0.29362729
v -0.01802038 0.62826544 -0.31098844
v -0.01439180 0.71264006 -0.25755823
v -0.03726244 0.62229666 -0.29073924
v -0.02725589 0.69426573 -0.24808963
v -0.02640001 0.70322966 -0.26255653
v -0.03548105 0.63086108 -0.30974012
v -0.01826874 0.62125075 -0.29362729
v -0.03726244 0.62229666 -0.29073924
v -0.04036306 0.53956946 -0.33371104
v -0.03064219 0.54930419 -0.34795421
v -0.03548105 0.63086108 -0.30974012
v -0.01802038 0.62826544 -0.31098844
v -0.03901363 0.55980040 -0.36331134
v -0.05761507 0.55006560 -0.34906825
v -0.01802038 0.62826544 -0.31098844
v -0.01826874 0.62125075 -0.29362729
v -0.03064219 0.54930419 -0.34795421
v -0.03901363 0.55980040 -0.36331134
v -0.03726244 0.62229666 -0.29073924
v -0.03548105 0.63086108 -0.30974012
v -0.05761507 0.55006560 -0.34906825
v -0.04036306 0.53956946 -0.33371104
v -0.05761507 0.55006560 -0.34906825
v -0.03901363 0.55980040 -0.36331134
v -0.04157460 0.30439935 -0.50813029
v -0.04733984 0.29894037 -0.50033820
v -0.04036306 0.53956946 -0.33371104
v -0.05761507 0.55006560 -0.34906825
v -0.04733984 0.29894037 -0.50033820
v -0.04231877 0.29305436 -0.49193675
v -0.01523015 0.70596083 -0.24076261
v -0.01439180 0.71264006 -0.25755823
v -0.02640001 0.70322966 -0.26255653
v -0.02725589 0.69426573 -0.24808963
v -0.01597452 0.72666693 -0.24769826
v 0.00000000 0.72915419 -0.23827991
v 0.00000000 0.88015440 -0.29863174
v -0.01597452 0.87632101 -0.30758703
v -0.01597452 0.87632101 -0.30758703
v 0.00000000 0.88015440 -0.29863174
v 0.00000000 0.86453779 -0.33126689
v -0.01597452 0.86845739 -0.32277930
v -0.01548962 0.89774099 -0.17730190
v 0.00000000 0.89179182 -0.17765306
v 0.00000000 0.91805982 -0.17500640
v -0.01548962 0.91234312 -0.17518257
v -0.02522680 0.92152899 -0.24584451
v 0.00000000 0.92780714 -0.24642801
v 0.00000000 0.93414694 -0.31211387
v -0.05217417 0.92745359 -0.31149177
v -0.05747530 0.90309019 -0.28605064
v -0.05217417 0.92745359 -0.31149177
v -0.07383346 0.94169676 -0.36097610
v -0.06372338 0.89089437 -0.33274020
v 0.00000000 0.93414694 -0.31211387
v 0.00000000 0.94823438 -0.39157317
v -0.07383346 0.94169676 -0.36097610
v -0.05217417 0.92745359 -0.31149177
v 0.00000000 0.91160063 -0.41230441
v 0.00000000 0.84891188 -0.34328277
v -0.04044135 0.86381201 -0.33625915
v -0.07383346 0.90506300 -0.38170730
v -0.02626202 0.88437475 -0.28648559
v -0.05747530 0.90309019 -0.28605064
v -0.06372338 0.89089437 -0.33274020
v -0.04044135 0.86381201 -0.33625915
v -0.06372338 0.89089437 -0.33274020
v -0.07383346 0.94169676 -0.36097610
v -0.07383346 0.90506300 -0.38170730
v -0.04044135 0.86381201 -0.33625915
v -0.01428500 0.86178549 0.32132259
v 0.00000000 0.86400969 0.32974483
v 0.00000000 0.85483534 0.29996557
v -0.01428500 0.85719686 0.30798526
v -0.05951691 0.23631227 -0.13228445
v -0.05951689 0.28287498 -0.12543422
v 0.00000000 0.28287498 -0.12543422
v 0.00000000 0.23631227 -0.13228445
v -0.05787003 0.23295976 -0.04592784
v -0.05951693 0.21045072 -0.08938063
v 0.00000000 0.21045072 -0.08938062
v 0.00000000 0.23295976 -0.04592784
v -0.05787001 0.27768539 -0.04759528
v -0.05787003 0.23295976 -0.04592784
v 0.00000000 0.23295976 -0.04592784
v 0.00000000 0.27768539 -0.04759528
v -0.05951689 0.28287498 -0.12543422
v -0.05951689 0.29895007 -0.08675854
v 0.00000000 0.29895007 -0.08675854
v 0.00000000 0.28287498 -0.12543422
v 0.00000000 0.29895007 -0.08675854
v -0.05951689 0.29895007 -0.08675854
v -0.05787001 0.27768539 -0.04759528
v 0.00000000 0.27768539 -0.04759528
v -0.05951693 0.21045072 -0.08938063
v -0.05951691 0.23631227 -0.13228445
v 0.00000000 0.23631227 -0.13228445
v 0.00000000 0.21045072 -0.08938062
v -0.01548962 0.92304334 -0.19847087
v -0.01548962 0.91234312 -0.17518257
v 0.00000000 0.91805982 -0.17500640
v 0.00000000 0.92876005 -0.19829471
v -0.01597452 0.72110159 -0.26387443
v -0.01597452 0.86845739 -0.32277930
v 0.00000000 0.86453779 -0.33126689
v 0.00000000 0.71846083 -0.27284263
v 0.00000000 0.88895849 -0.24787374
v -0.02522680 0.89535444 -0.24712680
v -0.02626202 0.88437475 -0.28648559
v 0.00000000 0.87621717 -0.28392640
v 0.00000000 0.87621717 -0.28392640
v -0.02626202 0.88437475 -0.28648559
v -0.04044135 0.86381201 -0.33625915
v 0.00000000 0.84891188 -0.34328277
v 0.01100009 0.25575538 -0.06593592
v 0.01100009 0.27850068 -0.07871373
v 0.01100011 0.66087683 0.38787292
v 0.01100011 0.63462729 0.39617843
v 0.00996130 0.77877257 0.34383174
v 0.00996130 0.76093275 0.35156818
v 0.00996129 0.45383639 -0.14826576
v 0.00996129 0.47243033 -0.15705963
v 0.01428500 0.85719686 0.30798526
v 0.01428500 0.86178549 0.32132259
v 0.01428501 0.59541171 0.42147777
v 0.01428501 0.58963816 0.40693858
v 0.01597452 0.72110159 -0.26387443
v 0.01597452 0.72666693 -0.24769826
v 0.01597454 0.27512374 -0.08496406
v 0.01597454 0.26812129 -0.10259791
v 0.05951691 0.23631227 -0.13228445
v 0.05951689 0.28287498 -0.12543422
v 0.05951689 0.29895007 -0.08675854
v 0.05951693 0.21045072 -0.08938063
v 0.06012297 0.25696035 -0.12812602
v 0.06012297 0.25696035 -0.15349617
v 0.04152153 0.27421234 -0.15349617
v 0.04152153 0.27421234 -0.12812602
v 0.04287096 0.23835891 -0.15349617
v 0.06012297 0.25696035 -0.15349617
v 0.06012297 0.25696035 -0.12812602
v 0.04287096 0.23835891 -0.12812602
v 0.05018865 0.28547460 -0.23906858
v 0.04137773 0.31782682 -0.51107863
v 0.03484049 0.30354665 -0.51373862
v 0.04181721 0.26714950 -0.24226299
v 0.03484049 0.30354665 -0.51373862
v 0.04137773 0.31782682 -0.51107863
v 0.04954146 0.30458257 -0.51354567
v 0.04243151 0.29030237 -0.51620566
v 0.03064219 0.54930419 -0.34795421
v 0.03695798 0.29851339 -0.49972880
v 0.04231877 0.29305436 -0.49193675
v 0.04036306 0.53956946 -0.33371104
v 0.03901363 0.55980040 -0.36331134
v 0.04157460 0.30439935 -0.50813029
v 0.03695798 0.29851339 -0.49972880
v 0.03064219 0.54930419 -0.34795421
v 0.03695798 0.29851339 -0.49972880
v 0.04157460 0.30439935 -0.50813029
v 0.04733984 0.29894037 -0.50033820
v 0.04231877 0.29305436 -0.49193675
v 0.01597452 0.72110159 -0.26387443
v 0.01597452 0.86845739 -0.32277930
v 0.01597452 0.87632101 -0.30758703
v 0.01597452 0.72666693 -0.24769826
v 0.01548962 0.89774099 -0.19952236
v 0.01548962 0.89774099 -0.17730190
v 0.00000000 0.89179182 -0.17765306
v 0.00000000 0.89179182 -0.19987352
v 0.01548962 0.92304334 -0.19847087
v 0.01548962 0.91234312 -0.17518257
v 0.01548962 0.89774099 -0.17730190
v 0.01548962 0.89774099 -0.19952236
v 0.07383346 0.90506300 -0.38170730
v 0.00000000 0.91160063 -0.41230441
v 0.00000000 0.94823438 -0.39157317
v 0.07383346 0.94169676 -0.36097610
v 0.00996129 0.45383639 -0.14826576
v 0.00996130 0.76093275 0.35156818
v 0.00048738 0.75417143 0.35427905
v 0.00048737 0.44689872 -0.14593574
v 0.00000000 0.62745627 0.40039786
v 0.00000000 0.24920684 -0.06113932
v 0.01100009 0.25575538 -0.06593592
v 0.01100011 0.63462729 0.39617843
v 0.01100011 0.66087683 0.38787292
v 0.01100009 0.27850068 -0.07871373
v 0.00000000 0.28546211 -0.08351745
v 0.00000000 0.66893515 0.38517646
v 0.00996129 0.47243033 -0.15705963
v 0.00048737 0.47860236 -0.16070045
v 0.00048738 0.78518568 0.34104846
v 0.00996130 0.77877257 0.34383174
v 0.00000000 0.58627051 0.39905883
v 0.00000000 0.85483534 0.29996557
v 0.01428500 0.85719686 0.30798526
v 0.01428501 0.58963816 0.40693858
v 0.01428501 0.59541171 0.42147777
v 0.01428500 0.86178549 0.32132259
v 0.00000000 0.86400969 0.32974483
v 0.00000000 0.59710703 0.43006366
v 0.00000000 0.59710703 0.43006366
v 0.00000000 0.58627051 0.39905883
v 0.01428501 0.58963816 0.40693858
v 0.01428501 0.59541171 0.42147777
v 0.01548962 0.89774099 -0.19952236
v 0.00000000 0.89179182 -0.19987352
v 0.00000000 0.88895849 -0.24787374
v 0.02522680 0.89535444 -0.24712680
v 0.01548962 0.92304334 -0.19847087
v 0.01548962 0.89774099 -0.19952236
v 0.02522680 0.89535444 -0.24712680
v 0.02522680 0.92152899 -0.24584451
v 0.00000000 0.92780714 -0.24642801
v 0.00000000 0.92876005 -0.19829471
v 0.01548962 0.92304334 -0.19847087
v 0.02522680 0.92152899 -0.24584451
v 0.00000000 0.26435539 -0.11140962
v 0.00000000 0.71846083 -0.27284263
v 0.01597452 0.72110159 -0.26387443
v 0.01597454 0.26812129 -0.10259791
v 0.01597452 0.72666693 -0.24769826
v 0.00000000 0.72915419 -0.23827991
v 0.00000000 0.27701955 -0.07536268
v 0.01597454 0.27512374 -0.08496406
v 0.00000000 0.27701955 -0.07536268
v 0.00000000 0.26435539 -0.11140962
v 0.01597454 0.26812129 -0.10259791
v 0.01597454 0.27512374 -0.08496406
v 0.05787003 0.23295976 -0.04592784
v 0.05951693 0.21045072 -0.08938063
v 0.05951689 0.29895007 -0.08675854
v 0.05787001 0.27768539 -0.04759528
v 0.04287096 0.23835891 -0.12812602
v 0.02426953 0.25561092 -0.12812602
v 0.03315009 0.25561092 -0.15349617
v 0.04287096 0.23835891 -0.15349617
v 0.02426953 0.25561092 -0.12812602
v 0.04152153 0.27421234 -0.12812602
v 0.04152153 0.27421234 -0.15349617
v 0.03315009 0.25561092 -0.15349617
v 0.03315009 0.25561092 -0.15349617
v 0.04181721 0.26714950 -0.24226299
v 0.05153808 0.25015378 -0.24522567
v 0.04287096 0.23835891 -0.15349617
v 0.06012297 0.25696035 -0.15349617
v 0.06879009 0.26847888 -0.24203126
v 0.05018865 0.28547460 -0.23906858
v 0.04152153 0.27421234 -0.15349617
v 0.04152153 0.27421234 -0.15349617
v 0.05018865 0.28547460 -0.23906858
v 0.04181721 0.26714950 -0.24226299
v 0.03315009 0.25561092 -0.15349617
v 0.04287096 0.23835891 -0.15349617
v 0.05153808 0.25015378 -0.24522567
v 0.06879009 0.26847888 -0.24203126
v 0.06012297 0.25696035 -0.15349617
v 0.04181721 0.26714950 -0.24226299
v 0.03484049 0.30354665 -0.51373862
v 0.04243151 0.29030237 -0.51620566
v 0.05153808 0.25015378 -0.24522567
v 0.06879009 0.26847888 -0.24203126
v 0.04954146 0.30458257 -0.51354567
v 0.04137773 0.31782682 -0.51107863
v 0.05018865 0.28547460 -0.23906858
v 0.05153808 0.25015378 -0.24522567
v 0.04243151 0.29030237 -0.51620566
v 0.04954146 0.30458257 -0.51354567
v 0.06879009 0.26847888 -0.24203126
v 0.02725589 0.69426573 -0.24808963
v 0.01523015 0.70596083 -0.24076261
v 0.01826874 0.62125075 -0.29362729
v 0.03726244 0.62229666 -0.29073924
v 0.02640001 0.70322966 -0.26255653
v 0.03548105 0.63086108 -0.30974012
v 0.01802038 0.62826544 -0.31098844
v 0.01439180 0.71264006 -0.25755823
v 0.01523015 0.70596083 -0.24076261
v 0.01439180 0.71264006 -0.25755823
v 0.01802038 0.62826544 -0.31098844
v 0.01826874 0.62125075 -0.29362729
v 0.03726244 0.62229666 -0.29073924
v 0.03548105 0.63086108 -0.30974012
v 0.02640001 0.70322966 -0.26255653
v 0.02725589 0.69426573 -0.24808963
v 0.01826874 0.62125075 -0.29362729
v 0.03064219 0.54930419 -0.34795421
v 0.04036306 0.53956946 -0.33371104
v 0.03726244 0.62229666 -0.29073924
v 0.03548105 0.63086108 -0.30974012
v 0.05761507 0.55006560 -0.34906825
v 0.03901363 0.55980040 -0.36331134
v 0.01802038 0.62826544 -0.31098844
v 0.01802038 0.62826544 -0.31098844
v 0.03901363 0.55980040 -0.36331134
v 0.03064219 0.54930419 -0.34795421
v 0.01826874 0.62125075 -0.29362729
v 0.03726244 0.62229666 -0.29073924
v 0.04036306 0.53956946 -0.33371104
v 0.05761507 0.55006560 -0.34906825
v 0.03548105 0.63086108 -0.30974012
v 0.05761507 0.55006560 -0.34906825
v 0.04733984 0.29894037 -0.50033820
v 0.04157460 0.30439935 -0.50813029
v 0.03901363 0.55980040 -0.36331134
v 0.04036306 0.53956946 -0.33371104
v 0.04231877 0.29305436 -0.49193675
v 0.04733984 0.29894037 -0.50033820
v 0.05761507 0.55006560 -0.34906825
v 0.01523015 0.70596083 -0.24076261
v 0.02725589 0.69426573 -0.24808963
v 0.02640001 0.70322966 -0.26255653
v 0.01439180 0.71264006 -0.25755823
v 0.01597452 0.72666693 -0.24769826
v 0.01597452 0.87632101 -0.30758703
v 0.00000000 0.88015440 -0.29863174
v 0.00000000 0.72915419 -0.23827991
v 0.00000000 0.86453779 -0.33126689
v 0.00000000 0.88015440 -0.29863174
v 0.01597452 0.87632101 -0.30758703
v 0.01597452 0.86845739 -0.32277930
v 0.01548962 0.89774099 -0.17730190
v 0.01548962 0.91234312 -0.17518257
v 0.00000000 0.91805982 -0.17500640
v 0.00000000 0.89179182 -0.17765306
v 0.02522680 0.92152899 -0.24584451
v 0.05217417 0.92745359 -0.31149177
v 0.00000000 0.93414694 -0.31211387
v 0.00000000 0.92780714 -0.24642801
v 0.05747530 0.90309019 -0.28605064
v 0.06372338 0.89089437 -0.33274020
v 0.07383346 0.94169676 -0.36097610
v 0.05217417 0.92745359 -0.31149177
v 0.07383346 0.94169676 -0.36097610
v 0.00000000 0.94823438 -0.39157317
v 0.00000000 0.93414694 -0.31211387
v 0.05217417 0.92745359 -0.31149177
v 0.04044135 0.86381201 -0.33625915
v 0.00000000 0.84891188 -0.34328277
v 0.00000000 0.91160063 -0.41230441
v 0.07383346 0.90506300 -0.38170730
v 0.02626202 0.88437475 -0.28648559
v 0.04044135 0.86381201 -0.33625915
v 0.06372338 0.89089437 -0.33274020
v 0.05747530 0.90309019 -0.28605064
v 0.06372338 0.89089437 -0.33274020
v 0.04044135 0.86381201 -0.33625915
v 0.07383346 0.90506300 -0.38170730
v 0.07383346 0.94169676 -0.36097610
v 0.00000000 0.85483534 0.29996557
v 0.00000000 0.86400969 0.32974483
v 0.01428500 0.86178549 0.32132259
v 0.01428500 0.85719686 0.30798526
v 0.05951689 0.28287498 -0.12543422
v 0.05951691 0.23631227 -0.13228445
v 0.00000000 0.21045072 -0.08938062
v 0.05951693 0.21045072 -0.08938063
v 0.05787003 0.23295976 -0.04592784
v 0.00000000 0.23295976 -0.04592784
v 0.05787003 0.23295976 -0.04592784
v 0.05787001 0.27768539 -0.04759528
v 0.00000000 0.29895007 -0.08675854
v 0.05951689 0.29895007 -0.08675854
v 0.05951689 0.28287498 -0.12543422
v 0.00000000 0.28287498 -0.12543422
v 0.00000000 0.29895007 -0.08675854
v 0.00000000 0.27768539 -0.04759528
v 0.05787001 0.27768539 -0.04759528
v 0.05951689 0.29895007 -0.08675854
v 0.00000000 0.23631227 -0.13228445
v 0.05951691 0.23631227 -0.13228445
v 0.05951693 0.21045072 -0.08938063
v 0.00000000 0.21045072 -0.08938062
v 0.00000000 0.91805982 -0.17500640
v 0.01548962 0.91234312 -0.17518257
v 0.01548962 0.92304334 -0.19847087
v 0.00000000 0.92876005 -0.19829471
v 0.00000000 0.86453779 -0.33126689
v 0.01597452 0.86845739 -0.32277930
v 0.01597452 0.72110159 -0.26387443
v 0.00000000 0.71846083 -0.27284263
v 0.00000000 0.88895849 -0.24787374
v 0.00000000 0.87621717 -0.28392640
v 0.02626202 0.88437475 -0.28648559
v 0.02522680 0.89535444 -0.24712680
v 0.00000000 0.87621717 -0.28392640
v 0.00000000 0.84891188 -0.34328277
v 0.04044135 0.86381201 -0.33625915
v 0.02626202 0.88437475 -0.28648559
vt 0.62812501 0.73750001
vt 0.62812501 0.73750001
vt 0.62812501 0.73750001
vt 0.62812501 0.73750001
vt 0.62812501 0.73750001
vt 0.62812501 0.73750001
vt 0.62812501 0.73750001
vt 0.62812501 0.73750001
vt 0.62812501 0.73750001
vt 0.62812501 0.73750001
vt 0.62812501 0.73750001
vt 0.62812501 0.73750001
vt 0.62812501 0.73750001
vt 0.62812501 0.73750001
vt 0.62812501 0.73750001
vt 0.62812501 0.73750001
vt 0.62812501 0.73750001
vt 0.62812501 0.73750001
vt 0.17812499 0.69999999
vt 0.17812499 0.69999999
vt 0.17812499 0.69999999
vt 0.17812499 0.69999999
vt 0.17812499 0.69999999
vt 0.17812499 0.69999999
vt 0.17812499 0.69999999
vt 0.17812499 0.69999999
vt 0.17812499 0.69999999
vt 0.17812499 0.69999999
vt 0.17812499 0.69999999
vt 0.17812499 0.69999999
vt 0.17812499 0.69999999
vt 0.17812499 0.69999999
vt 0.17812499 0.69999999
vt 0.17812499 0.69999999
vt 0.17812499 0.69999999
vt 0.17812499 0.69999999
vt 0.17812499 0.69999999
vt 0.17812499 0.69999999
vt 0.17812499 0.69999999
vt 0.17812499 0.69999999
vt 0.17812499 0.69999999
vt 0.17812499 0.69999999
vt 0.38124999 0.72812498
vt 0.38124999 0.72812498
vt 0.38124999 0.72812498
vt 0.38124999 0.72812498
vt 0.17812499 0.69999999
vt 0.17812499 0.69999999
vt 0.17812499 0.69999999
vt 0.17812499 0.69999999
vt 0.17812499 0.69999999
vt 0.17812499 0.69999999
vt 0.17812499 0.69999999
vt 0.17812499 0.69999999
vt 0.17812499 0.69999999
vt 0.17812499 0.69999999
vt 0.17812499 0.69999999
vt 0.17812499 0.69999999
vt 0.17812499 0.69999999
vt 0.17812499 0.69999999
vt 0.17812499 0.69999999
vt 0.17812499 0.69999999
vt 0.17812499 0.69999999
vt 0.17812499 0.69999999
vt 0.17812499 0.69999999
vt 0.17812499 0.69999999
vt 0.38124999 0.72812498
vt 0.38124999 0.72812498
vt 0.38124999 0.72812498
vt 0.38124999 0.72812498
vt 0.80624998 0.59062499
vt 0.80624998 0.59062499
vt 0.80624998 0.59062499
vt 0.80624998 0.59062499
vt 0.62812501 0.73750001
vt 0.62812501 0.73750001
vt 0.62812501 0.73750001
vt 0.62812501 0.73750001
vt 0.62812501 0.73750001
vt 0.62812501 0.73750001
vt 0.62812501 0.73750001
vt 0.62812501 0.73750001
vt 0.38124999 0.72812498
vt 0.38124999 0.72812498
vt 0.38124999 0.72812498
vt 0.38124999 0.72812498
vt 0.38124999 0.72812498
vt 0.38124999 0.72812498
vt 0.38124999 0.72812498
vt 0.38124999 0.72812498
vt 0.17812499 0.69999999
vt 0.17812499 0.69999999
vt 0.17812499 0.69999999
vt 0.17812499 0.69999999
vt 0.17812499 0.69999999
vt 0.17812499 0.69999999
vt 0.17812499 0.69999999
vt 0.17812499 0.69999999
vt 0.38124999 0.72812498
vt 0.38124999 0.72812498
vt 0.38124999 0.72812498
vt 0.38124999 0.72812498
vt 0.17812499 0.69999999
vt 0.17812499 0.69999999
vt 0.17812499 0.69999999
vt 0.17812499 0.69999999
vt 0.17812499 0.69999999
vt 0.17812499 0.69999999
vt 0.17812499 0.69999999
vt 0.17812499 0.69999999
vt 0.80624998 0.59062499
vt 0.80624998 0.59062499
vt 0.80624998 0.59062499
vt 0.80624998 0.59062499
vt 0.62812501 0.73750001
vt 0.62812501 0.73750001
vt 0.62812501 0.73750001
vt 0.62812501 0.73750001
vt 0.62812501 0.73750001
vt 0.62812501 0.73750001
vt 0.62812501 0.73750001
vt 0.62812501 0.73750001
vt 0.39062500 0.61562502
vt 0.39062500 0.61562502
vt 0.39062500 0.61562502
vt 0.39062500 0.61562502
vt 0.17812499 0.69999999
vt 0.17812499 0.69999999
vt 0.17812499 0.69999999
vt 0.17812499 0.69999999
vt 0.17812499 0.69999999
vt 0.17812499 0.69999999
vt 0.17812499 0.69999999
vt 0.17812499 0.69999999
vt 0.17812499 0.69999999
vt 0.17812499 0.69999999
vt 0.17812499 0.69999999
vt 0.17812499 0.69999999
vt 0.17812499 0.69999999
vt 0.17812499 0.69999999
vt 0.17812499 0.69999999
vt 0.17812499 0.69999999
vt 0.17812499 0.69999999
vt 0.17812499 0.69999999
vt 0.17812499 0.69999999
vt 0.17812499 0.69999999
vt 0.17812499 0.69999999
vt 0.17812499 0.69999999
vt 0.17812499 0.69999999
vt 0.17812499 0.69999999
vt 0.17812499 0.69999999
vt 0.17812499 0.69999999
vt 0.17812499 0.69999999
vt 0.17812499 0.69999999
vt 0.17812499 0.69999999
vt 0.17812499 0.69999999
vt 0.17812499 0.69999999
vt 0.17812499 0.69999999
vt 0.38124999 0.72812498
vt 0.38124999 0.72812498
vt 0.38124999 0.72812498
vt 0.38124999 0.72812498
vt 0.17812499 0.69999999
vt 0.17812499 0.69999999
vt 0.17812499 0.69999999
vt 0.17812499 0.69999999
vt 0.17812499 0.69999999
vt 0.17812499 0.69999999
vt 0.17812499 0.69999999
vt 0.17812499 0.69999999
vt 0.38124999 0.72812498
vt 0.38124999 0.72812498
vt 0.38124999 0.72812498
vt 0.38124999 0.72812498
vt 0.17812499 0.69999999
vt 0.17812499 0.69999999
vt 0.17812499 0.69999999
vt 0.17812499 0.69999999
vt 0.17812499 0.69999999
vt 0.17812499 0.69999999
vt 0.17812499 0.69999999
vt 0.17812499 0.69999999
vt 0.17812499 0.69999999
vt 0.17812499 0.69999999
vt 0.17812499 0.69999999
vt 0.17812499 0.69999999
vt 0.38124999 0.72812498
vt 0.38124999 0.72812498
vt 0.38124999 0.72812498
vt 0.38124999 0.72812498
vt 0.17812499 0.69999999
vt 0.17812499 0.69999999
vt 0.17812499 0.69999999
vt 0.17812499 0.69999999
vt 0.17812499 0.69999999
vt 0.17812499 0.69999999
vt 0.17812499 0.69999999
vt 0.17812499 0.69999999
vt 0.17812499 0.69999999
vt 0.17812499 0.69999999
vt 0.17812499 0.69999999
vt 0.17812499 0.69999999
vt 0.38124999 0.72812498
vt 0.38124999 0.72812498
vt 0.38124999 0.72812498
vt 0.38124999 0.72812498
vt 0.17812499 0.69999999
vt 0.17812499 0.69999999
vt 0.17812499 0.69999999
vt 0.17812499 0.69999999
vt 0.38124999 0.72812498
vt 0.38124999 0.72812498
vt 0.38124999 0.72812498
vt 0.38124999 0.72812498
vt 0.17812499 0.69999999
vt 0.17812499 0.69999999
vt 0.17812499 0.69999999
vt 0.17812499 0.69999999
vt 0.38124999 0.72812498
vt 0.38124999 0.72812498
vt 0.38124996 0.72812498
vt 0.38124999 0.72812498
vt 0.17812499 0.69999999
vt 0.17812499 0.69999999
vt 0.17812499 0.69999999
vt 0.17812499 0.69999999
vt 0.62812501 0.73750001
vt 0.62812501 0.73750001
vt 0.62812501 0.73750001
vt 0.62812501 0.73750001
vt 0.62812501 0.73750001
vt 0.62812501 0.73750001
vt 0.62812501 0.73750001
vt 0.62812501 0.73750001
vt 0.62812501 0.73750001
vt 0.62812501 0.73750001
vt 0.62812501 0.73750001
vt 0.62812501 0.73750001
vt 0.62812501 0.73750001
vt 0.62812501 0.73750001
vt 0.62812501 0.73750001
vt 0.62812501 0.73750001
vt 0.80625004 0.59062499
vt 0.80624992 0.59062499
vt 0.80624998 0.59062499
vt 0.80624998 0.59062499
vt 0.62812501 0.73750001
vt 0.62812501 0.73750001
vt 0.62812501 0.73750001
vt 0.62812501 0.73750001
vt 0.62812501 0.73750001
vt 0.62812501 0.73750001
vt 0.62812501 0.73750001
vt 0.62812501 0.73750001
vt 0.17812499 0.69999999
vt 0.17812499 0.69999999
vt 0.17812499 0.69999999
vt 0.17812499 0.69999999
vt 0.38124999 0.72812498
vt 0.38124999 0.72812498
vt 0.38125002 0.72812498
vt 0.38124999 0.72812498
vt 0.38124999 0.72812498
vt 0.38124999 0.72812498
vt 0.38124999 0.72812498
vt 0.38124999 0.72812498
vt 0.38124999 0.72812498
vt 0.38124999 0.72812498
vt 0.38124999 0.72812498
vt 0.38125002 0.72812498
vt 0.17812499 0.69999999
vt 0.17812499 0.69999999
vt 0.17812499 0.69999999
vt 0.17812499 0.69999999
vt 0.17812499 0.69999999
vt 0.17812499 0.69999999
vt 0.17812499 0.69999999
vt 0.17812501 0.69999999
vt 0.38124999 0.72812498
vt 0.38124999 0.72812498
vt 0.38124999 0.72812498
vt 0.38124999 0.72812498
vt 0.62812501 0.73750001
vt 0.62812501 0.73750001
vt 0.62812501 0.73750001
vt 0.62812501 0.73750001
vt 0.38124999 0.72812498
vt 0.38124999 0.72812498
vt 0.38124996 0.72812498
vt 0.38124999 0.72812498
vt 0.80624998 0.59062499
vt 0.80624998 0.59062499
vt 0.80624998 0.59062499
vt 0.80624998 0.59062499
vt 0.80624998 0.59062499
vt 0.80624998 0.59062499
vt 0.80624998 0.59062499
vt 0.80624992 0.59062499
vt 0.17812499 0.69999999
vt 0.17812499 0.69999999
vt 0.17812499 0.69999999
vt 0.17812499 0.69999999
vt 0.17812499 0.69999999
vt 0.17812499 0.69999999
vt 0.17812499 0.69999999
vt 0.17812499 0.69999999
vt 0.17812499 0.69999999
vt 0.17812499 0.69999999
vt 0.17812499 0.69999999
vt 0.17812499 0.69999999
vt 0.17812499 0.69999999
vt 0.17812499 0.69999999
vt 0.17812499 0.69999999
vt 0.17812499 0.69999999
vt 0.17812499 0.69999999
vt 0.17812499 0.69999999
vt 0.17812499 0.69999999
vt 0.17812499 0.69999999
vt 0.17812499 0.69999999
vt 0.17812499 0.69999999
vt 0.17812499 0.69999999
vt 0.17812499 0.69999999
vt 0.38124999 0.72812498
vt 0.38124999 0.72812498
vt 0.38124999 0.72812498
vt 0.38124999 0.72812498
vt 0.17812499 0.69999999
vt 0.17812499 0.69999999
vt 0.17812499 0.69999999
vt 0.17812499 0.69999999
vt 0.17812499 0.69999999
vt 0.17812499 0.69999999
vt 0.17812499 0.69999999
vt 0.17812499 0.69999999
vt 0.17812499 0.69999999
vt 0.17812499 0.69999999
vt 0.17812499 0.69999999
vt 0.17812499 0.69999999
vt 0.17812499 0.69999999
vt 0.17812499 0.69999999
vt 0.17812499 0.69999999
vt 0.17812499 0.69999999
vt 0.17812499 0.69999999
vt 0.17812499 0.69999999
vt 0.17812499 0.69999999
vt 0.17812499 0.69999999
vt 0.38124999 0.72812498
vt 0.38124999 0.72812498
vt 0.38124999 0.72812498
vt 0.38124999 0.72812498
vt 0.80624998 0.59062499
vt 0.80624998 0.59062499
vt 0.80624998 0.59062499
vt 0.80624998 0.59062499
vt 0.62812501 0.73750001
vt 0.62812501 0.73750001
vt 0.62812501 0.73750001
vt 0.62812501 0.73750001
vt 0.62812501 0.73750001
vt 0.62812501 0.73750001
vt 0.62812501 0.73750001
vt 0.62812501 0.73750001
vt 0.38124999 0.72812498
vt 0.38124999 0.72812498
vt 0.38124999 0.72812498
vt 0.38124999 0.72812498
vt 0.38124999 0.72812498
vt 0.38124999 0.72812498
vt 0.38124999 0.72812498
vt 0.38124999 0.72812498
vt 0.17812499 0.69999999
vt 0.17812499 0.69999999
vt 0.17812499 0.69999999
vt 0.17812499 0.69999999
vt 0.17812499 0.69999999
vt 0.17812499 0.69999999
vt 0.17812499 0.69999999
vt 0.17812499 0.69999999
vt 0.38124999 0.72812498
vt 0.38124999 0.72812498
vt 0.38124999 0.72812498
vt 0.38124999 0.72812498
vt 0.17812499 0.69999999
vt 0.17812499 0.69999999
vt 0.17812499 0.69999999
vt 0.17812499 0.69999999
vt 0.17812499 0.69999999
vt 0.17812499 0.69999999
vt 0.17812499 0.69999999
vt 0.17812499 0.69999999
vt 0.80624998 0.59062499
vt 0.80624998 0.59062499
vt 0.80624998 0.59062499
vt 0.80624998 0.59062499
vt 0.62812501 0.73750001
vt 0.62812501 0.73750001
vt 0.62812501 0.73750001
vt 0.62812501 0.73750001
vt 0.62812501 0.73750001
vt 0.62812501 0.73750001
vt 0.62812501 0.73750001
vt 0.62812501 0.73750001
vt 0.39062500 0.61562502
vt 0.39062500 0.61562502
vt 0.39062500 0.61562502
vt 0.39062500 0.61562502
vt 0.17812499 0.69999999
vt 0.17812499 0.69999999
vt 0.17812499 0.69999999
vt 0.17812499 0.69999999
vt 0.17812499 0.69999999
vt 0.17812499 0.69999999
vt 0.17812499 0.69999999
vt 0.17812499 0.69999999
vt 0.17812499 0.69999999
vt 0.17812499 0.69999999
vt 0.17812499 0.69999999
vt 0.17812499 0.69999999
vt 0.17812499 0.69999999
vt 0.17812499 0.69999999
vt 0.17812499 0.69999999
vt 0.17812499 0.69999999
vt 0.17812499 0.69999999
vt 0.17812499 0.69999999
vt 0.17812499 0.69999999
vt 0.17812499 0.69999999
vt 0.17812499 0.69999999
vt 0.17812499 0.69999999
vt 0.17812499 0.69999999
vt 0.17812499 0.69999999
vt 0.17812499 0.69999999
vt 0.17812499 0.69999999
vt 0.17812499 0.69999999
vt 0.17812499 0.69999999
vt 0.17812499 0.69999999
vt 0.17812499 0.69999999
vt 0.17812499 0.69999999
vt 0.17812499 0.69999999
vt 0.38124999 0.72812498
vt 0.38124999 0.72812498
vt 0.38124999 0.72812498
vt 0.38124999 0.72812498
vt 0.17812499 0.69999999
vt 0.17812499 0.69999999
vt 0.17812499 0.69999999
vt 0.17812499 0.69999999
vt 0.17812499 0.69999999
vt 0.17812499 0.69999999
vt 0.17812499 0.69999999
vt 0.17812499 0.69999999
vt 0.38124999 0.72812498
vt 0.38124999 0.72812498
vt 0.38124999 0.72812498
vt 0.38124999 0.72812498
vt 0.17812499 0.69999999
vt 0.17812499 0.69999999
vt 0.17812499 0.69999999
vt 0.17812499 0.69999999
vt 0.17812499 0.69999999
vt 0.17812499 0.69999999
vt 0.17812499 0.69999999
vt 0.17812499 0.69999999
vt 0.17812499 0.69999999
vt 0.17812499 0.69999999
vt 0.17812499 0.69999999
vt 0.17812499 0.69999999
vt 0.38124999 0.72812498
vt 0.38124999 0.72812498
vt 0.38124999 0.72812498
vt 0.38124999 0.72812498
vt 0.17812499 0.69999999
vt 0.17812499 0.69999999
vt 0.17812499 0.69999999
vt 0.17812499 0.69999999
vt 0.17812499 0.69999999
vt 0.17812499 0.69999999
vt 0.17812499 0.69999999
vt 0.17812499 0.69999999
vt 0.17812499 0.69999999
vt 0.17812499 0.69999999
vt 0.17812499 0.69999999
vt 0.17812499 0.69999999
vt 0.38124999 0.72812498
vt 0.38124999 0.72812498
vt 0.38124999 0.72812498
vt 0.38124999 0.72812498
vt 0.17812499 0.69999999
vt 0.17812499 0.69999999
vt 0.17812499 0.69999999
vt 0.17812499 0.69999999
vt 0.38124999 0.72812498
vt 0.38124999 0.72812498
vt 0.38124999 0.72812498
vt 0.38124999 0.72812498
vt 0.17812499 0.69999999
vt 0.17812499 0.69999999
vt 0.17812499 0.69999999
vt 0.17812499 0.69999999
vt 0.38124999 0.72812498
vt 0.38124999 0.72812498
vt 0.38124996 0.72812498
vt 0.38124999 0.72812498
vt 0.17812499 0.69999999
vt 0.17812499 0.69999999
vt 0.17812499 0.69999999
vt 0.17812499 0.69999999
vt 0.62812501 0.73750001
vt 0.62812501 0.73750001
vt 0.62812501 0.73750001
vt 0.62812501 0.73750001
vt 0.62812501 0.73750001
vt 0.62812501 0.73750001
vt 0.62812501 0.73750001
vt 0.62812501 0.73750001
vt 0.62812501 0.73750001
vt 0.62812501 0.73750001
vt 0.62812501 0.73750001
vt 0.62812501 0.73750001
vt 0.62812501 0.73750001
vt 0.62812501 0.73750001
vt 0.62812501 0.73750001
vt 0.62812501 0.73750001
vt 0.80624998 0.59062499
vt 0.80624992 0.59062499
vt 0.80625004 0.59062499
vt 0.80624998 0.59062499
vt 0.62812501 0.73750001
vt 0.62812501 0.73750001
vt 0.62812501 0.73750001
vt 0.62812501 0.73750001
vt 0.62812501 0.73750001
vt 0.62812501 0.73750001
vt 0.62812501 0.73750001
vt 0.62812501 0.73750001
vt 0.17812499 0.69999999
vt 0.17812499 0.69999999
vt 0.17812499 0.69999999
vt 0.17812499 0.69999999
vt 0.38124999 0.72812498
vt 0.38124999 0.72812498
vt 0.38124999 0.72812498
vt 0.38124999 0.72812498
vt 0.38124999 0.72812498
vt 0.38124999 0.72812498
vt 0.38124999 0.72812498
vt 0.38124999 0.72812498
vt 0.17812499 0.69999999
vt 0.17812499 0.69999999
vt 0.17812499 0.69999999
vt 0.17812499 0.69999999
vt 0.17812499 0.69999999
vt 0.17812501 0.69999999
vt 0.17812499 0.69999999
vt 0.17812499 0.69999999
vt 0.38124999 0.72812498
vt 0.38124999 0.72812498
vt 0.38124999 0.72812498
vt 0.38124999 0.72812498
vt 0.62812501 0.73750001
vt 0.62812501 0.73750001
vt 0.62812501 0.73750001
vt 0.62812501 0.73750001
vt 0.38124996 0.72812498
vt 0.38124999 0.72812498
vt 0.38124999 0.72812498
vt 0.38124999 0.72812498
vt 0.80624998 0.59062499
vt 0.80624998 0.59062499
vt 0.80624998 0.59062499
vt 0.80624998 0.59062499
vt 0.80624998 0.59062499
vt 0.80624992 0.59062499
vt 0.80624998 0.59062499
vt 0.80624998 0.59062499
f 1239/1239 1240/1240 1241/1241
f 1242/1242 1243/1243 1244/1244
f 1245/1245 1246/1246 1247/1247
f 1248/1248 1249/1249 1250/1250
f 1251/1251 1252/1252 1253/1253
f 1254/1254 1255/1255 1256/1256
f 1257/1257 1258/1258 1259/1259
f 1257/1257 1259/1259 1260/1260
f 1261/1261 1262/1262 1263/1263
f 1261/1261 1263/1263 1264/1264
f 1265/1265 1266/1266 1267/1267
f 1265/1265 1267/1267 1268/1268
f 1269/1269 1270/1270 1271/1271
f 1269/1269 1271/1271 1272/1272
f 1273/1273 1274/1274 1275/1275
f 1273/1273 1275/1275 1276/1276
f 1277/1277 1278/1278 1279/1279
f 1277/1277 1279/1279 1280/1280
f 1281/1281 1282/1282 1283/1283
f 1281/1281 1283/1283 1284/1284
f 1285/1285 1286/1286 1287/1287
f 1285/1285 1287/1287 1288/1288
f 1289/1289 1290/1290 1291/1291
f 1289/1289 1291/1291 1292/1292
f 1293/1293 1294/1294 1295/1295
f 1293/1293 1295/1295 1296/1296
f 1297/1297 1298/1298 1299/1299
f 1297/1297 1299/1299 1300/1300
f 1301/1301 1302/1302 1303/1303
f 1301/1301 1303/1303 1304/1304
f 1305/1305 1306/1306 1307/1307
f 1305/1305 1307/1307 1308/1308
f 1309/1309 1310/1310 1311/1311
f 1309/1309 1311/1311 1312/1312
f 1313/1313 1314/1314 1315/1315
f 1313/1313 1315/1315 1316/1316
f 1317/1317 1318/1318 1319/1319
f 1317/1317 1319/1319 1320/1320
f 1321/1321 1322/1322 1323/1323
f 1321/1321 1323/1323 1324/1324
f 1325/1325 1326/1326 1327/1327
f 1325/1325 1327/1327 1328/1328
f 1329/1329 1330/1330 1331/1331
f 1329/1329 1331/1331 1332/1332
f 1333/1333 1334/1334 1335/1335
f 1333/1333 1335/1335 1336/1336
f 1337/1337 1338/1338 1339/1339
f 1337/1337 1339/1339 1340/1340
f 1341/1341 1342/1342 1343/1343
f 1341/1341 1343/1343 1344/1344
f 1345/1345 1346/1346 1347/1347
f 1345/1345 1347/1347 1348/1348
f 1349/1349 1350/1350 1351/1351
f 1349/1349 1351/1351 1352/1352
f 1353/1353 1354/1354 1355/1355
f 1353/1353 1355/1355 1356/1356
f 1357/1357 1358/1358 1359/1359
f 1357/1357 1359/1359 1360/1360
f 1361/1361 1362/1362 1363/1363
f 1361/1361 1363/1363 1364/1364
f 1365/1365 1366/1366 1367/1367
f 1365/1365 1367/1367 1368/1368
f 1369/1369 1370/1370 1371/1371
f 1369/1369 1371/1371 1372/1372
f 1373/1373 1374/1374 1375/1375
f 1373/1373 1375/1375 1376/1376
f 1377/1377 1378/1378 1379/1379
f 1377/1377 1379/1379 1380/1380
f 1381/1381 1382/1382 1383/1383
f 1381/1381 1383/1383 1384/1384
f 1385/1385 1386/1386 1387/1387
f 1385/1385 1387/1387 1388/1388
f 1389/1389 1390/1390 1391/1391
f 1389/1389 1391/1391 1392/1392
f 1393/1393 1394/1394 1395/1395
f 1393/1393 1395/1395 1396/1396
f 1397/1397 1398/1398 1399/1399
f 1397/1397 1399/1399 1400/1400
f 1401/1401 1402/1402 1403/1403
f 1401/1401 1403/1403 1404/1404
f 1405/1405 1406/1406 1407/1407
f 1405/1405 1407/1407 1408/1408
f 1409/1409 1410/1410 1411/1411
f 1409/1409 1411/1411 1412/1412
f 1413/1413 1414/1414 1415/1415
f 1413/1413 1415/1415 1416/1416
f 1417/1417 1418/1418 1419/1419
f 1417/1417 1419/1419 1420/1420
f 1421/1421 1422/1422 1423/1423
f 1421/1421 1423/1423 1424/1424
f 1425/1425 1426/1426 1427/1427
f 1425/1425 1427/1427 1428/1428
f 1429/1429 1430/1430 1431/1431
f 1429/1429 1431/1431 1432/1432
f 1433/1433 1434/1434 1435/1435
f 1433/1433 1435/1435 1436/1436
f 1437/1437 1438/1438 1439/1439
f 1437/1437 1439/1439 1440/1440
f 1441/1441 1442/1442 1443/1443
f 1441/1441 1443/1443 1444/1444
f 1445/1445 1446/1446 1447/1447
f 1445/1445 1447/1447 1448/1448
f 1449/1449 1450/1450 1451/1451
f 1449/1449 1451/1451 1452/1452
f 1453/1453 1454/1454 1455/1455
f 1453/1453 1455/1455 1456/1456
f 1457/1457 1458/1458 1459/1459
f 1457/1457 1459/1459 1460/1460
f 1461/1461 1462/1462 1463/1463
f 1461/1461 1463/1463 1464/1464
f 1465/1465 1466/1466 1467/1467
f 1465/1465 1467/1467 1468/1468
f 1469/1469 1470/1470 1471/1471
f 1469/1469 1471/1471 1472/1472
f 1473/1473 1474/1474 1475/1475
f 1473/1473 1475/1475 1476/1476
f 1477/1477 1478/1478 1479/1479
f 1477/1477 1479/1479 1480/1480
f 1481/1481 1482/1482 1483/1483
f 1481/1481 1483/1483 1484/1484
f 1485/1485 1486/1486 1487/1487
f 1485/1485 1487/1487 1488/1488
f 1489/1489 1490/1490 1491/1491
f 1489/1489 1491/1491 1492/1492
f 1493/1493 1494/1494 1495/1495
f 1493/1493 1495/1495 1496/1496
f 1497/1497 1498/1498 1499/1499
f 1497/1497 1499/1499 1500/1500
f 1501/1501 1502/1502 1503/1503
f 1501/1501 1503/1503 1504/1504
f 1505/1505 1506/1506 1507/1507
f 1505/1505 1507/1507 1508/1508
f 1509/1509 1510/1510 1511/1511
f 1509/1509 1511/1511 1512/1512
f 1513/1513 1514/1514 1515/1515
f 1513/1513 1515/1515 1516/1516
f 1517/1517 1518/1518 1519/1519
f 1517/1517 1519/1519 1520/1520
f 1521/1521 1522/1522 1523/1523
f 1521/1521 1523/1523 1524/1524
f 1525/1525 1526/1526 1527/1527
f 1525/1525 1527/1527 1528/1528
f 1529/1529 1530/1530 1531/1531
f 1529/1529 1531/1531 1532/1532
f 1533/1533 1534/1534 1535/1535
f 1533/1533 1535/1535 1536/1536
f 1537/1537 1538/1538 1539/1539
f 1537/1537 1539/1539 1540/1540
f 1541/1541 1542/1542 1543/1543
f 1541/1541 1543/1543 1544/1544
f 1545/1545 1546/1546 1547/1547
f 1545/1545 1547/1547 1548/1548
f 1549/1549 1550/1550 1551/1551
f 1549/1549 1551/1551 1552/1552
f 1553/1553 1554/1554 1555/1555
f 1553/1553 1555/1555 1556/1556
f 1557/1557 1558/1558 1559/1559
f 1557/1557 1559/1559 1560/1560
f 1561/1561 1562/1562 1563/1563
f 1561/1561 1563/1563 1564/1564
f 1565/1565 1566/1566 1567/1567
f 1565/1565 1567/1567 1568/1568
f 1569/1569 1570/1570 1571/1571
f 1569/1569 1571/1571 1572/1572
f 1573/1573 1574/1574 1575/1575
f 1573/1573 1575/1575 1576/1576
f 1577/1577 1578/1578 1579/1579
f 1577/1577 1579/1579 1580/1580
f 1581/1581 1582/1582 1583/1583
f 1581/1581 1583/1583 1584/1584
f 1585/1585 1586/1586 1587/1587
f 1585/1585 1587/1587 1588/1588
f 1589/1589 1590/1590 1591/1591
f 1589/1589 1591/1591 1592/1592
f 1593/1593 1594/1594 1595/1595
f 1593/1593 1595/1595 1596/1596
f 1597/1597 1598/1598 1599/1599
f 1597/1597 1599/1599 1600/1600
f 1601/1601 1602/1602 1603/1603
f 1601/1601 1603/1603 1604/1604
f 1605/1605 1606/1606 1607/1607
f 1605/1605 1607/1607 1608/1608
f 1609/1609 1610/1610 1611/1611
f 1609/1609 1611/1611 1612/1612
f 1613/1613 1614/1614 1615/1615
f 1613/1613 1615/1615 1616/1616
f 1617/1617 1618/1618 1619/1619
f 1617/1617 1619/1619 1620/1620
f 1621/1621 1622/1622 1623/1623
f 1621/1621 1623/1623 1624/1624
f 1625/1625 1626/1626 1627/1627
f 1625/1625 1627/1627 1628/1628
f 1629/1629 1630/1630 1631/1631
f 1629/1629 1631/1631 1632/1632
f 1633/1633 1634/1634 1635/1635
f 1633/1633 1635/1635 1636/1636
f 1637/1637 1638/1638 1639/1639
f 1637/1637 1639/1639 1640/1640
f 1641/1641 1642/1642 1643/1643
f 1641/1641 1643/1643 1644/1644
f 1645/1645 1646/1646 1647/1647
f 1645/1645 1647/1647 1648/1648
f 1649/1649 1650/1650 1651/1651
f 1649/1649 1651/1651 1652/1652
f 1653/1653 1654/1654 1655/1655
f 1653/1653 1655/1655 1656/1656
f 1657/1657 1658/1658 1659/1659
f 1657/1657 1659/1659 1660/1660
f 1661/1661 1662/1662 1663/1663
f 1661/1661 1663/1663 1664/1664
f 1665/1665 1666/1666 1667/1667
f 1665/1665 1667/1667 1668/1668
f 1669/1669 1670/1670 1671/1671
f 1669/1669 1671/1671 1672/1672
f 1673/1673 1674/1674 1675/1675
f 1673/1673 1675/1675 1676/1676
f 1677/1677 1678/1678 1679/1679
f 1677/1677 1679/1679 1680/1680
f 1681/1681 1682/1682 1683/1683
f 1681/1681 1683/1683 1684/1684
f 1685/1685 1686/1686 1687/1687
f 1685/1685 1687/1687 1688/1688
f 1689/1689 1690/1690 1691/1691
f 1689/1689 1691/1691 1692/1692
f 1693/1693 1694/1694 1695/1695
f 1693/1693 1695/1695 1696/1696
f 1697/1697 1698/1698 1699/1699
f 1697/1697 1699/1699 1700/1700
f 1701/1701 1702/1702 1703/1703
f 1701/1701 1703/1703 1704/1704
f 1705/1705 1706/1706 1707/1707
f 1705/1705 1707/1707 1708/1708
f 1709/1709 1710/1710 1711/1711
f 1709/1709 1711/1711 1712/1712
f 1713/1713 1714/1714 1715/1715
f 1713/1713 1715/1715 1716/1716
f 1717/1717 1718/1718 1719/1719
f 1717/1717 1719/1719 1720/1720
f 1721/1721 1722/1722 1723/1723
f 1721/1721 1723/1723 1724/1724
f 1725/1725 1726/1726 1727/1727
f 1725/1725 1727/1727 1728/1728
f 1729/1729 1730/1730 1731/1731
f 1729/1729 1731/1731 1732/1732
f 1733/1733 1734/1734 1735/1735
f 1733/1733 1735/1735 1736/1736
f 1737/1737 1738/1738 1739/1739
f 1737/1737 1739/1739 1740/1740
f 1741/1741 1742/1742 1743/1743
f 1741/1741 1743/1743 1744/1744
f 1745/1745 1746/1746 1747/1747
f 1745/1745 1747/1747 1748/1748
f 1749/1749 1750/1750 1751/1751
f 1749/1749 1751/1751 1752/1752
f 1753/1753 1754/1754 1755/1755
f 1753/1753 1755/1755 1756/1756
f 1757/1757 1758/1758 1759/1759
f 1757/1757 1759/1759 1760/1760
f 1761/1761 1762/1762 1763/1763
f 1761/1761 1763/1763 1764/1764
f 1765/1765 1766/1766 1767/1767
f 1765/1765 1767/1767 1768/1768
f 1769/1769 1770/1770 1771/1771
f 1769/1769 1771/1771 1772/1772
f 1773/1773 1774/1774 1775/1775
f 1773/1773 1775/1775 1776/1776
f 1499/1499 1777/1777 1778/1778
f 1499/1499 1778/1778 1500/1500
f 1779/1779 1780/1780 1781/1781
f 1779/1779 1781/1781 1782/1782
f 1507/1507 1783/1783 1784/1784
f 1507/1507 1784/1784 1508/1508
f 1785/1785 1786/1786 1787/1787
f 1785/1785 1787/1787 1788/1788
f 1789/1789 1790/1790 1791/1791
f 1789/1789 1791/1791 1792/1792
f 1793/1793 1794/1794 1795/1795
f 1793/1793 1795/1795 1796/1796
f 1797/1797 1798/1798 1799/1799
f 1797/1797 1799/1799 1800/1800
f 1801/1801 1802/1802 1803/1803
f 1801/1801 1803/1803 1804/1804
f 1805/1805 1806/1806 1807/1807
f 1805/1805 1807/1807 1808/1808
f 1809/1809 1810/1810 1811/1811
f 1809/1809 1811/1811 1812/1812

