# Blender 5.0.0
# www.blender.org
mtllib cyclist.mtl
o Object_9
v -0.008623 0.952763 -0.292834
v 0.026534 0.952763 -0.292833
v 0.026534 0.952763 -0.151631
v -0.008623 0.952763 -0.151631
v 0.150055 1.489305 -0.151492
v 0.149941 1.310574 -0.142182
v 0.186299 1.236746 -0.239771
v 0.235995 1.310270 -0.214562
v -0.008623 1.310574 -0.322685
v -0.008623 1.495480 -0.322685
v 0.149941 1.495480 -0.292834
v 0.149941 1.310574 -0.303609
v 0.149941 1.495480 -0.292834
v -0.008623 1.495480 -0.322685
v -0.008623 1.523620 -0.271792
v 0.063361 1.523620 -0.267516
v 0.149941 1.310574 -0.142182
v 0.150055 1.489305 -0.151492
v -0.008623 1.489479 -0.123361
v -0.008623 1.310574 -0.112928
v 0.159480 1.088558 -0.148257
v 0.157975 1.131668 -0.151631
v -0.008623 1.131668 -0.112928
v -0.008623 1.088558 -0.120429
v 0.157975 1.131668 -0.151631
v 0.149941 1.310574 -0.142182
v -0.008623 1.310574 -0.112928
v -0.008623 1.131668 -0.112928
v -0.008623 1.088558 -0.328433
v -0.008623 1.131668 -0.334407
v 0.157975 1.131668 -0.292834
v 0.159480 1.088558 -0.296171
v -0.008623 1.131668 -0.334407
v -0.008623 1.310574 -0.322685
v 0.149941 1.310574 -0.303609
v 0.157975 1.131668 -0.292834
v 0.159480 1.088558 -0.296171
v 0.157975 1.131668 -0.292834
v 0.157975 1.131668 -0.151631
v 0.159480 1.088558 -0.148257
v 0.157975 1.131668 -0.292834
v 0.149941 1.310574 -0.303609
v 0.149941 1.310574 -0.142182
v 0.157975 1.131668 -0.151631
v 0.026534 0.952763 -0.151631
v 0.026534 0.952763 -0.292833
v 0.047556 0.918324 -0.266464
v 0.047556 0.918323 -0.178001
v -0.008623 0.952763 -0.292834
v -0.008623 0.987168 -0.323631
v 0.139618 0.987168 -0.292832
v 0.026534 0.952763 -0.292833
v 0.026534 0.952763 -0.151631
v 0.139618 0.987168 -0.151633
v -0.008623 0.987168 -0.132949
v -0.008623 0.952763 -0.151631
v 0.127820 0.918459 -0.266464
v 0.127820 0.918458 -0.178001
v 0.128088 0.797919 -0.178001
v 0.128088 0.797919 -0.266464
v 0.139618 0.987168 -0.151633
v 0.026534 0.952763 -0.151631
v 0.047556 0.918323 -0.178001
v 0.127820 0.918458 -0.178001
v 0.139618 0.987168 -0.292832
v 0.139618 0.987168 -0.151633
v 0.127820 0.918458 -0.178001
v 0.127820 0.918459 -0.266464
v 0.026534 0.952763 -0.292833
v 0.139618 0.987168 -0.292832
v 0.127820 0.918459 -0.266464
v 0.047556 0.918324 -0.266464
v 0.047824 0.797919 -0.178001
v 0.047824 0.797919 -0.266464
v 0.047824 0.763479 -0.266464
v 0.047824 0.763480 -0.178001
v 0.127820 0.918458 -0.178001
v 0.047556 0.918323 -0.178001
v 0.047824 0.797919 -0.178001
v 0.128088 0.797919 -0.178001
v 0.047556 0.918323 -0.178001
v 0.047556 0.918324 -0.266464
v 0.047824 0.797919 -0.266464
v 0.047824 0.797919 -0.178001
v 0.047556 0.918324 -0.266464
v 0.127820 0.918459 -0.266464
v 0.128088 0.797919 -0.266464
v 0.047824 0.797919 -0.266464
v 0.047824 0.763479 -0.266464
v 0.128088 0.763479 -0.266464
v 0.128088 0.731910 -0.266464
v 0.047824 0.731910 -0.266464
v 0.047824 0.797919 -0.266464
v 0.128088 0.797919 -0.266464
v 0.128088 0.763479 -0.266464
v 0.047824 0.763479 -0.266464
v 0.128088 0.797919 -0.266464
v 0.128088 0.797919 -0.178001
v 0.128088 0.763480 -0.178001
v 0.128088 0.763479 -0.266464
v 0.128088 0.797919 -0.178001
v 0.047824 0.797919 -0.178001
v 0.047824 0.763480 -0.178001
v 0.128088 0.763480 -0.178001
v 0.131277 0.598795 -0.269978
v 0.131277 0.598795 -0.174486
v 0.128088 0.564628 -0.178001
v 0.128088 0.564628 -0.266464
v 0.128088 0.731910 -0.178001
v 0.128088 0.731910 -0.266464
v 0.128088 0.763480 -0.178001
v 0.047824 0.763480 -0.178001
v 0.047824 0.731910 -0.178001
v 0.128088 0.731910 -0.178001
v 0.047824 0.763480 -0.178001
v 0.047824 0.763479 -0.266464
v 0.047824 0.731910 -0.266464
v 0.047824 0.731910 -0.178001
v 0.047824 0.564628 -0.178001
v 0.047824 0.564628 -0.266464
v 0.047824 0.509142 -0.266464
v 0.047824 0.509143 -0.178001
v 0.131277 0.598795 -0.174486
v 0.044635 0.598795 -0.174486
v 0.047824 0.564628 -0.178001
v 0.128088 0.564628 -0.178001
v 0.044635 0.598795 -0.174486
v 0.044635 0.598795 -0.269978
v 0.047824 0.564628 -0.266464
v 0.047824 0.564628 -0.178001
v 0.044635 0.598795 -0.269978
v 0.131277 0.598795 -0.269978
v 0.128088 0.564628 -0.266464
v 0.047824 0.564628 -0.266464
v 0.047824 0.509142 -0.266464
v 0.128088 0.509142 -0.266464
v 0.128088 0.509143 -0.178001
v 0.047824 0.509143 -0.178001
v 0.047824 0.564628 -0.266464
v 0.128088 0.564628 -0.266464
v 0.128088 0.509142 -0.266464
v 0.047824 0.509142 -0.266464
v 0.128088 0.564628 -0.266464
v 0.128088 0.564628 -0.178001
v 0.128088 0.509143 -0.178001
v 0.128088 0.509142 -0.266464
v 0.128088 0.509143 -0.178001
v 0.128088 0.564628 -0.178001
v 0.128088 0.554556 -0.125400
v 0.128088 0.509143 -0.125400
v 0.047824 0.509143 -0.125400
v 0.128088 0.509143 -0.125400
v 0.128088 0.509143 -0.067551
v 0.047824 0.509143 -0.067551
v 0.047824 0.564628 -0.178001
v 0.047824 0.509143 -0.178001
v 0.047824 0.509143 -0.125400
v 0.047824 0.554556 -0.125400
v 0.047824 0.509143 -0.178001
v 0.128088 0.509143 -0.178001
v 0.128088 0.564628 -0.178001
v 0.047824 0.564628 -0.178001
v 0.047824 0.554556 -0.125400
v 0.128088 0.554556 -0.125400
v 0.128088 0.534474 -0.067551
v 0.047824 0.534474 -0.067551
v 0.047824 0.509143 -0.067551
v 0.128088 0.509143 -0.067551
v 0.047824 0.509143 -0.067551
v 0.047824 0.534474 -0.067551
v 0.128088 0.554556 -0.125400
v 0.047824 0.554556 -0.125400
v 0.047824 0.534474 -0.067551
v 0.128088 0.534474 -0.067551
v 0.128088 0.509143 -0.125400
v 0.128088 0.554556 -0.125400
v 0.128088 0.534474 -0.067551
v 0.128088 0.509143 -0.067551
v 0.047824 0.731910 -0.266464
v 0.128088 0.731910 -0.266464
v 0.131277 0.598795 -0.269978
v 0.044635 0.598795 -0.269978
v 0.047824 0.731910 -0.178001
v 0.047824 0.731910 -0.266464
v 0.044635 0.598795 -0.269978
v 0.044635 0.598795 -0.174486
v 0.128088 0.731910 -0.178001
v 0.047824 0.731910 -0.178001
v 0.044635 0.598795 -0.174486
v 0.131277 0.598795 -0.174486
v 0.128088 0.731910 -0.266464
v 0.128088 0.731910 -0.178001
v 0.131277 0.598795 -0.174486
v 0.131277 0.598795 -0.269978
v 0.193631 1.208050 -0.150631
v 0.247742 1.175531 -0.162458
v 0.247842 1.151182 -0.071737
v 0.200964 1.179355 -0.061491
v 0.149941 1.310574 -0.142182
v 0.149941 1.310574 -0.303609
v 0.247642 1.199880 -0.253178
v 0.186299 1.236746 -0.239771
v 0.149941 1.310574 -0.303609
v 0.149941 1.495480 -0.292834
v 0.297337 1.273404 -0.227969
v 0.247642 1.199880 -0.253178
v 0.149941 1.495480 -0.292834
v 0.150055 1.489305 -0.151492
v 0.235995 1.310270 -0.214562
v 0.297337 1.273404 -0.227969
v 0.247842 1.151182 -0.071737
v 0.285820 1.207369 -0.052472
v 0.286013 1.199806 -0.030795
v 0.248035 1.143619 -0.050059
v 0.247742 1.175531 -0.162458
v 0.291579 1.240387 -0.140221
v 0.285820 1.207369 -0.052472
v 0.247842 1.151182 -0.071737
v 0.237468 1.272906 -0.128394
v 0.193631 1.208050 -0.150631
v 0.200964 1.179355 -0.061491
v 0.238942 1.235542 -0.042226
v 0.291579 1.240387 -0.140221
v 0.237468 1.272906 -0.128394
v 0.238942 1.235542 -0.042226
v 0.285820 1.207369 -0.052472
v 0.239134 1.227979 -0.020549
v 0.201157 1.171792 -0.039813
v 0.201334 1.164859 -0.019942
v 0.239311 1.221046 -0.000678
v 0.238942 1.235542 -0.042226
v 0.200964 1.179355 -0.061491
v 0.201157 1.171792 -0.039813
v 0.239134 1.227979 -0.020549
v 0.285820 1.207369 -0.052472
v 0.238942 1.235542 -0.042226
v 0.239134 1.227979 -0.020549
v 0.286013 1.199806 -0.030795
v 0.200964 1.179355 -0.061491
v 0.247842 1.151182 -0.071737
v 0.248035 1.143619 -0.050059
v 0.201157 1.171792 -0.039813
v 0.201334 1.164859 -0.019942
v 0.248212 1.136687 -0.030188
v 0.248404 1.100931 0.101215
v 0.211518 1.123098 0.109277
v 0.286013 1.199806 -0.030795
v 0.239134 1.227979 -0.020549
v 0.239311 1.221046 -0.000678
v 0.286189 1.192874 -0.010924
v 0.201157 1.171792 -0.039813
v 0.248035 1.143619 -0.050059
v 0.248212 1.136687 -0.030188
v 0.201334 1.164859 -0.019942
v 0.248035 1.143619 -0.050059
v 0.286013 1.199806 -0.030795
v 0.286189 1.192874 -0.010924
v 0.248212 1.136687 -0.030188
v 0.241401 1.167309 0.124436
v 0.211518 1.123098 0.109277
v 0.204417 1.114763 0.125535
v 0.240792 1.168578 0.143987
v 0.248212 1.136687 -0.030188
v 0.286189 1.192874 -0.010924
v 0.278287 1.145141 0.116374
v 0.248404 1.100931 0.101215
v 0.239311 1.221046 -0.000678
v 0.201334 1.164859 -0.019942
v 0.211518 1.123098 0.109277
v 0.241401 1.167309 0.124436
v 0.286189 1.192874 -0.010924
v 0.239311 1.221046 -0.000678
v 0.241401 1.167309 0.124436
v 0.278287 1.145141 0.116374
v 0.240792 1.168578 0.143987
v 0.204417 1.114763 0.125535
v 0.205013 1.091372 0.192582
v 0.241388 1.145187 0.211033
v 0.278287 1.145141 0.116374
v 0.241401 1.167309 0.124436
v 0.240792 1.168578 0.143987
v 0.285691 1.141595 0.134173
v 0.211518 1.123098 0.109277
v 0.248404 1.100931 0.101215
v 0.249317 1.087779 0.115722
v 0.204417 1.114763 0.125535
v 0.248404 1.100931 0.101215
v 0.278287 1.145141 0.116374
v 0.285691 1.141595 0.134173
v 0.249317 1.087779 0.115722
v 0.249913 1.064388 0.182768
v 0.286288 1.118203 0.201220
v 0.241388 1.145187 0.211033
v 0.205013 1.091372 0.192582
v 0.285691 1.141595 0.134173
v 0.240792 1.168578 0.143987
v 0.241388 1.145187 0.211033
v 0.286288 1.118203 0.201220
v 0.204417 1.114763 0.125535
v 0.249317 1.087779 0.115722
v 0.249913 1.064388 0.182768
v 0.205013 1.091372 0.192582
v 0.249317 1.087779 0.115722
v 0.285691 1.141595 0.134173
v 0.286288 1.118203 0.201220
v 0.249913 1.064388 0.182768
v -0.008623 1.522275 -0.172731
v 0.063361 1.522275 -0.176950
v 0.038346 1.570783 -0.184265
v -0.008623 1.570783 -0.184265
v 0.150055 1.489305 -0.151492
v 0.149941 1.495480 -0.292834
v 0.063361 1.523620 -0.267516
v 0.063361 1.522275 -0.176950
v -0.008623 1.489479 -0.123361
v 0.150055 1.489305 -0.151492
v 0.063361 1.522275 -0.176950
v -0.008623 1.522275 -0.172731
v 0.038346 1.570783 -0.260200
v -0.008623 1.570783 -0.260200
v -0.008623 1.589308 -0.292789
v 0.085539 1.589308 -0.292789
v 0.063361 1.522275 -0.176950
v 0.063361 1.523620 -0.267516
v 0.038346 1.570783 -0.260200
v 0.038346 1.570783 -0.184265
v 0.063361 1.523620 -0.267516
v -0.008623 1.523620 -0.271792
v -0.008623 1.570783 -0.260200
v 0.038346 1.570783 -0.260200
v 0.115604 1.793145 -0.308207
v -0.008623 1.793145 -0.317771
v -0.008623 1.879225 -0.292789
v 0.085539 1.879225 -0.292789
v -0.008623 1.570783 -0.184265
v 0.038346 1.570783 -0.184265
v 0.085539 1.589308 -0.151676
v -0.008623 1.589308 -0.151676
v 0.038346 1.570783 -0.184265
v 0.038346 1.570783 -0.260200
v 0.085539 1.589308 -0.292789
v 0.085539 1.589308 -0.151676
v 0.085539 1.879225 -0.292789
v -0.008623 1.879225 -0.292789
v -0.008623 1.879225 -0.151676
v 0.085539 1.879225 -0.151676
v -0.008623 1.793145 -0.117073
v 0.115604 1.793145 -0.136258
v 0.085539 1.879225 -0.151676
v -0.008623 1.879225 -0.151676
v 0.115604 1.793145 -0.136258
v 0.115604 1.793145 -0.308207
v 0.085539 1.879225 -0.292789
v 0.085539 1.879225 -0.151676
v 0.085539 1.589308 -0.151676
v 0.085539 1.589308 -0.292789
v 0.115604 1.675389 -0.308207
v 0.115604 1.675389 -0.136258
v 0.115604 1.675389 -0.136258
v 0.115604 1.675389 -0.308207
v 0.115604 1.793145 -0.308207
v 0.115604 1.793145 -0.136258
v -0.008623 1.589308 -0.151676
v 0.085539 1.589308 -0.151676
v 0.115604 1.675389 -0.136258
v -0.008623 1.675389 -0.117073
v -0.008623 1.675389 -0.117073
v 0.115604 1.675389 -0.136258
v 0.115604 1.793145 -0.136258
v -0.008623 1.793145 -0.117073
v 0.085539 1.589308 -0.292789
v -0.008623 1.589308 -0.292789
v -0.008623 1.675389 -0.317771
v 0.115604 1.675389 -0.308207
v 0.115604 1.675389 -0.308207
v -0.008623 1.675389 -0.317771
v -0.008623 1.793145 -0.317771
v 0.115604 1.793145 -0.308207
v 0.146790 1.020051 -0.293915
v 0.159480 1.088558 -0.296171
v 0.159480 1.088558 -0.148257
v 0.146790 1.020051 -0.150538
v -0.008623 1.020051 -0.325189
v -0.008623 1.088558 -0.328433
v 0.159480 1.088558 -0.296171
v 0.146790 1.020051 -0.293915
v 0.146790 1.020051 -0.150538
v 0.159480 1.088558 -0.148257
v -0.008623 1.088558 -0.120429
v -0.008623 1.020051 -0.127237
v 0.139618 0.987168 -0.151633
v 0.146790 1.020051 -0.150538
v -0.008623 1.020051 -0.127237
v -0.008623 0.987168 -0.132949
v -0.008623 0.987168 -0.323631
v -0.008623 1.020051 -0.325189
v 0.146790 1.020051 -0.293915
v 0.139618 0.987168 -0.292832
v 0.139618 0.987168 -0.292832
v 0.146790 1.020051 -0.293915
v 0.146790 1.020051 -0.150538
v 0.139618 0.987168 -0.151633
v 0.115604 1.707703 -0.214842
v 0.115604 1.760831 -0.214842
v 0.115604 1.760831 -0.229623
v 0.115604 1.707703 -0.229623
v 0.140146 1.707703 -0.214842
v 0.140146 1.707703 -0.229623
v 0.140146 1.760831 -0.229623
v 0.140146 1.760831 -0.214842
v 0.115604 1.707703 -0.214842
v 0.115604 1.707703 -0.229623
v 0.140146 1.707703 -0.229623
v 0.140146 1.707703 -0.214842
v 0.115604 1.707703 -0.229623
v 0.115604 1.760831 -0.229623
v 0.140146 1.760831 -0.229623
v 0.140146 1.707703 -0.229623
v 0.115604 1.760831 -0.229623
v 0.115604 1.760831 -0.214842
v 0.140146 1.760831 -0.214842
v 0.140146 1.760831 -0.229623
v 0.115604 1.760831 -0.214842
v 0.115604 1.707703 -0.214842
v 0.140146 1.707703 -0.214842
v 0.140146 1.760831 -0.214842
v 0.053491 1.713303 -0.126666
v 0.053491 1.755231 -0.126666
v 0.075606 1.755231 -0.130081
v 0.075606 1.713303 -0.130081
v 0.031375 1.713303 -0.123250
v 0.031375 1.755231 -0.123250
v 0.053491 1.755231 -0.126666
v 0.053491 1.713303 -0.126666
v 0.054440 1.713303 -0.120516
v 0.076556 1.713303 -0.123932
v 0.076556 1.755231 -0.123932
v 0.054440 1.755231 -0.120516
v 0.032324 1.713303 -0.117101
v 0.054440 1.713303 -0.120516
v 0.054440 1.755231 -0.120516
v 0.032324 1.755231 -0.117101
v 0.075606 1.755231 -0.130081
v 0.053491 1.755231 -0.126666
v 0.054440 1.755231 -0.120516
v 0.076556 1.755231 -0.123932
v 0.053491 1.755231 -0.126666
v 0.031375 1.755231 -0.123250
v 0.032324 1.755231 -0.117101
v 0.054440 1.755231 -0.120516
v 0.031375 1.755231 -0.123250
v 0.031375 1.713303 -0.123250
v 0.032324 1.713303 -0.117101
v 0.032324 1.755231 -0.117101
v 0.053491 1.713303 -0.126666
v 0.075606 1.713303 -0.130081
v 0.076556 1.713303 -0.123932
v 0.054440 1.713303 -0.120516
v 0.031375 1.713303 -0.123250
v 0.053491 1.713303 -0.126666
v 0.054440 1.713303 -0.120516
v 0.032324 1.713303 -0.117101
v 0.075606 1.713303 -0.130081
v 0.075606 1.755231 -0.130081
v 0.076556 1.755231 -0.123932
v 0.076556 1.713303 -0.123932
v 0.297337 1.273404 -0.227969
v 0.235995 1.310270 -0.214562
v 0.237468 1.272906 -0.128394
v 0.291579 1.240387 -0.140221
v 0.235995 1.310270 -0.214562
v 0.186299 1.236746 -0.239771
v 0.193631 1.208050 -0.150631
v 0.237468 1.272906 -0.128394
v 0.247642 1.199880 -0.253178
v 0.297337 1.273404 -0.227969
v 0.291579 1.240387 -0.140221
v 0.247742 1.175531 -0.162458
v 0.186299 1.236746 -0.239771
v 0.247642 1.199880 -0.253178
v 0.247742 1.175531 -0.162458
v 0.193631 1.208050 -0.150631
v -0.043779 0.952763 -0.151631
v -0.043779 0.952763 -0.292833
v -0.149907 1.470480 -0.130056
v -0.197858 1.439898 -0.162611
v -0.201673 1.349572 -0.166216
v -0.175254 1.303399 -0.134982
v -0.008623 1.310574 -0.322685
v -0.158556 1.296717 -0.290312
v -0.151717 1.473729 -0.270461
v -0.008623 1.495480 -0.322685
v -0.151717 1.473729 -0.270461
v -0.079769 1.522771 -0.266430
v -0.008623 1.523620 -0.271792
v -0.008623 1.495480 -0.322685
v -0.175254 1.303399 -0.134982
v -0.008623 1.310574 -0.112928
v -0.008623 1.489479 -0.123361
v -0.149907 1.470480 -0.130056
v -0.176726 1.088558 -0.148257
v -0.008623 1.088558 -0.120429
v -0.008623 1.131668 -0.112928
v -0.175222 1.131669 -0.151631
v -0.175222 1.131669 -0.151631
v -0.008623 1.131668 -0.112928
v -0.008623 1.310574 -0.112928
v -0.175254 1.303399 -0.134982
v -0.008623 1.088558 -0.328433
v -0.176726 1.088558 -0.296171
v -0.175221 1.131668 -0.292834
v -0.008623 1.131668 -0.334407
v -0.008623 1.131668 -0.334407
v -0.175221 1.131668 -0.292834
v -0.158556 1.296717 -0.290312
v -0.008623 1.310574 -0.322685
v -0.176726 1.088558 -0.296171
v -0.176726 1.088558 -0.148257
v -0.175222 1.131669 -0.151631
v -0.175221 1.131668 -0.292834
v -0.175221 1.131668 -0.292834
v -0.175222 1.131669 -0.151631
v -0.175254 1.303399 -0.134982
v -0.158556 1.296717 -0.290312
v -0.043779 0.952763 -0.151631
v -0.064801 0.918323 -0.178001
v -0.064801 0.918324 -0.266464
v -0.043779 0.952763 -0.292833
v -0.008623 0.952763 -0.292834
v -0.043779 0.952763 -0.292833
v -0.156863 0.987168 -0.292832
v -0.008623 0.987168 -0.323631
v -0.043779 0.952763 -0.151631
v -0.008623 0.952763 -0.151631
v -0.008623 0.987168 -0.132949
v -0.156863 0.987168 -0.151633
v -0.145065 0.918459 -0.266464
v -0.145334 0.797919 -0.266464
v -0.145334 0.797919 -0.178001
v -0.145065 0.918458 -0.178001
v -0.156863 0.987168 -0.151633
v -0.145065 0.918458 -0.178001
v -0.064801 0.918323 -0.178001
v -0.043779 0.952763 -0.151631
v -0.156863 0.987168 -0.292832
v -0.145065 0.918459 -0.266464
v -0.145065 0.918458 -0.178001
v -0.156863 0.987168 -0.151633
v -0.043779 0.952763 -0.292833
v -0.064801 0.918324 -0.266464
v -0.145065 0.918459 -0.266464
v -0.156863 0.987168 -0.292832
v -0.065070 0.797919 -0.178001
v -0.065070 0.763480 -0.178001
v -0.065070 0.763479 -0.266464
v -0.065070 0.797919 -0.266464
v -0.145065 0.918458 -0.178001
v -0.145334 0.797919 -0.178001
v -0.065070 0.797919 -0.178001
v -0.064801 0.918323 -0.178001
v -0.064801 0.918323 -0.178001
v -0.065070 0.797919 -0.178001
v -0.065070 0.797919 -0.266464
v -0.064801 0.918324 -0.266464
v -0.064801 0.918324 -0.266464
v -0.065070 0.797919 -0.266464
v -0.145334 0.797919 -0.266464
v -0.145065 0.918459 -0.266464
v -0.065070 0.763479 -0.266464
v -0.065070 0.731910 -0.266464
v -0.145334 0.731910 -0.266464
v -0.145334 0.763479 -0.266464
v -0.065070 0.797919 -0.266464
v -0.065070 0.763479 -0.266464
v -0.145334 0.763479 -0.266464
v -0.145334 0.797919 -0.266464
v -0.145334 0.797919 -0.266464
v -0.145334 0.763479 -0.266464
v -0.145334 0.763480 -0.178001
v -0.145334 0.797919 -0.178001
v -0.145334 0.797919 -0.178001
v -0.145334 0.763480 -0.178001
v -0.065070 0.763480 -0.178001
v -0.065070 0.797919 -0.178001
v -0.148523 0.598795 -0.269978
v -0.145334 0.564628 -0.266464
v -0.145334 0.564628 -0.178001
v -0.148523 0.598795 -0.174486
v -0.145334 0.731910 -0.266464
v -0.145334 0.731910 -0.178001
v -0.145334 0.763480 -0.178001
v -0.145334 0.731910 -0.178001
v -0.065070 0.731910 -0.178001
v -0.065070 0.763480 -0.178001
v -0.065070 0.763480 -0.178001
v -0.065070 0.731910 -0.178001
v -0.065070 0.731910 -0.266464
v -0.065070 0.763479 -0.266464
v -0.065070 0.564628 -0.178001
v -0.065070 0.509143 -0.178001
v -0.065070 0.509142 -0.266464
v -0.065070 0.564628 -0.266464
v -0.148523 0.598795 -0.174486
v -0.145334 0.564628 -0.178001
v -0.065070 0.564628 -0.178001
v -0.061881 0.598795 -0.174486
v -0.061881 0.598795 -0.174486
v -0.065070 0.564628 -0.178001
v -0.065070 0.564628 -0.266464
v -0.061881 0.598795 -0.269978
v -0.061881 0.598795 -0.269978
v -0.065070 0.564628 -0.266464
v -0.145334 0.564628 -0.266464
v -0.148523 0.598795 -0.269978
v -0.065070 0.509142 -0.266464
v -0.065070 0.509143 -0.178001
v -0.145334 0.509143 -0.178001
v -0.145334 0.509142 -0.266464
v -0.065070 0.564628 -0.266464
v -0.065070 0.509142 -0.266464
v -0.145334 0.509142 -0.266464
v -0.145334 0.564628 -0.266464
v -0.145334 0.564628 -0.266464
v -0.145334 0.509142 -0.266464
v -0.145334 0.509143 -0.178001
v -0.145334 0.564628 -0.178001
v -0.145334 0.509143 -0.178001
v -0.145334 0.509143 -0.125400
v -0.145334 0.554556 -0.125400
v -0.145334 0.564628 -0.178001
v -0.065070 0.509143 -0.125400
v -0.065070 0.509143 -0.067551
v -0.145334 0.509143 -0.067551
v -0.145334 0.509143 -0.125400
v -0.065070 0.554556 -0.125400
v -0.065070 0.509143 -0.125400
v -0.065070 0.509143 -0.178001
v -0.145334 0.509143 -0.178001
v -0.145334 0.564628 -0.178001
v -0.145334 0.554556 -0.125400
v -0.065070 0.554556 -0.125400
v -0.065070 0.564628 -0.178001
v -0.145334 0.534474 -0.067551
v -0.145334 0.509143 -0.067551
v -0.065070 0.509143 -0.067551
v -0.065070 0.534474 -0.067551
v -0.065070 0.534474 -0.067551
v -0.065070 0.509143 -0.067551
v -0.145334 0.554556 -0.125400
v -0.145334 0.534474 -0.067551
v -0.065070 0.534474 -0.067551
v -0.065070 0.554556 -0.125400
v -0.145334 0.509143 -0.125400
v -0.145334 0.509143 -0.067551
v -0.145334 0.534474 -0.067551
v -0.145334 0.554556 -0.125400
v -0.065070 0.731910 -0.266464
v -0.061881 0.598795 -0.269978
v -0.148523 0.598795 -0.269978
v -0.145334 0.731910 -0.266464
v -0.065070 0.731910 -0.178001
v -0.061881 0.598795 -0.174486
v -0.061881 0.598795 -0.269978
v -0.065070 0.731910 -0.266464
v -0.145334 0.731910 -0.178001
v -0.148523 0.598795 -0.174486
v -0.061881 0.598795 -0.174486
v -0.065070 0.731910 -0.178001
v -0.145334 0.731910 -0.266464
v -0.148523 0.598795 -0.269978
v -0.148523 0.598795 -0.174486
v -0.145334 0.731910 -0.178001
v -0.298313 1.219790 -0.120179
v -0.251303 1.135317 0.028427
v -0.299146 1.109878 0.041080
v -0.309402 1.202464 -0.144312
v -0.175254 1.303399 -0.134982
v -0.201673 1.349572 -0.166216
v -0.205696 1.347537 -0.236477
v -0.158556 1.296717 -0.290312
v -0.158556 1.296717 -0.290312
v -0.205696 1.347537 -0.236477
v -0.204770 1.440319 -0.237966
v -0.151717 1.473729 -0.270461
v -0.151717 1.473729 -0.270461
v -0.204770 1.440319 -0.237966
v -0.197858 1.439898 -0.162611
v -0.149907 1.470480 -0.130056
v -0.299146 1.109878 0.041080
v -0.286015 1.110119 0.061224
v -0.322241 1.171679 0.074288
v -0.340290 1.173031 0.051867
v -0.309402 1.202464 -0.144312
v -0.299146 1.109878 0.041080
v -0.340290 1.173031 0.051867
v -0.306478 1.286435 -0.148449
v -0.288605 1.302555 -0.121941
v -0.292741 1.195975 0.043150
v -0.251303 1.135317 0.028427
v -0.298313 1.219790 -0.120179
v -0.306478 1.286435 -0.148449
v -0.340290 1.173031 0.051867
v -0.292741 1.195975 0.043150
v -0.288605 1.302555 -0.121941
v -0.274502 1.197227 0.061460
v -0.263488 1.197675 0.079557
v -0.232568 1.135450 0.067622
v -0.238808 1.136203 0.047536
v -0.292741 1.195975 0.043150
v -0.274502 1.197227 0.061460
v -0.238808 1.136203 0.047536
v -0.251303 1.135317 0.028427
v -0.340290 1.173031 0.051867
v -0.322241 1.171679 0.074288
v -0.274502 1.197227 0.061460
v -0.292741 1.195975 0.043150
v -0.251303 1.135317 0.028427
v -0.238808 1.136203 0.047536
v -0.286015 1.110119 0.061224
v -0.299146 1.109878 0.041080
v -0.232568 1.135450 0.067622
v -0.200620 1.134448 0.200000
v -0.237766 1.113924 0.210770
v -0.279775 1.109367 0.081311
v -0.322241 1.171679 0.074288
v -0.310696 1.171592 0.093246
v -0.263488 1.197675 0.079557
v -0.274502 1.197227 0.061460
v -0.238808 1.136203 0.047536
v -0.232568 1.135450 0.067622
v -0.279775 1.109367 0.081311
v -0.286015 1.110119 0.061224
v -0.286015 1.110119 0.061224
v -0.279775 1.109367 0.081311
v -0.310696 1.171592 0.093246
v -0.322241 1.171679 0.074288
v -0.224950 1.183410 0.209391
v -0.218211 1.190313 0.226454
v -0.188596 1.130715 0.215023
v -0.200620 1.134448 0.200000
v -0.279775 1.109367 0.081311
v -0.237766 1.113924 0.210770
v -0.262095 1.162886 0.220161
v -0.310696 1.171592 0.093246
v -0.263488 1.197675 0.079557
v -0.224950 1.183410 0.209391
v -0.200620 1.134448 0.200000
v -0.232568 1.135450 0.067622
v -0.310696 1.171592 0.093246
v -0.262095 1.162886 0.220161
v -0.224950 1.183410 0.209391
v -0.263488 1.197675 0.079557
v -0.218211 1.190313 0.226454
v -0.197157 1.187775 0.294226
v -0.167542 1.128177 0.282795
v -0.188596 1.130715 0.215023
v -0.262095 1.162886 0.220161
v -0.263425 1.165330 0.239565
v -0.218211 1.190313 0.226454
v -0.224950 1.183410 0.209391
v -0.200620 1.134448 0.200000
v -0.188596 1.130715 0.215023
v -0.233810 1.105732 0.228133
v -0.237766 1.113924 0.210770
v -0.237766 1.113924 0.210770
v -0.233810 1.105732 0.228133
v -0.263425 1.165330 0.239565
v -0.262095 1.162886 0.220161
v -0.212757 1.103194 0.295906
v -0.167542 1.128177 0.282795
v -0.197157 1.187775 0.294226
v -0.242372 1.162793 0.307337
v -0.263425 1.165330 0.239565
v -0.242372 1.162793 0.307337
v -0.197157 1.187775 0.294226
v -0.218211 1.190313 0.226454
v -0.188596 1.130715 0.215023
v -0.167542 1.128177 0.282795
v -0.212757 1.103194 0.295906
v -0.233810 1.105732 0.228133
v -0.233810 1.105732 0.228133
v -0.212757 1.103194 0.295906
v -0.242372 1.162793 0.307337
v -0.263425 1.165330 0.239565
v -0.008623 1.522275 -0.172731
v -0.008623 1.570783 -0.184265
v -0.055592 1.570783 -0.184265
v -0.079257 1.520907 -0.175200
v -0.149907 1.470480 -0.130056
v -0.079257 1.520907 -0.175200
v -0.079769 1.522771 -0.266430
v -0.151717 1.473729 -0.270461
v -0.008623 1.489479 -0.123361
v -0.008623 1.522275 -0.172731
v -0.079257 1.520907 -0.175200
v -0.149907 1.470480 -0.130056
v -0.055592 1.570783 -0.260200
v -0.102734 1.589257 -0.292724
v -0.079257 1.520907 -0.175200
v -0.055592 1.570783 -0.184265
v -0.055592 1.570783 -0.260200
v -0.079769 1.522771 -0.266430
v -0.079769 1.522771 -0.266430
v -0.055592 1.570783 -0.260200
v -0.008623 1.570783 -0.260200
v -0.008623 1.523620 -0.271792
v -0.132850 1.793145 -0.308207
v -0.102784 1.879225 -0.292789
v -0.008623 1.879225 -0.292789
v -0.008623 1.793145 -0.317771
v -0.008623 1.570783 -0.184265
v -0.008623 1.589308 -0.151676
v -0.102775 1.589299 -0.151664
v -0.055592 1.570783 -0.184265
v -0.055592 1.570783 -0.184265
v -0.102775 1.589299 -0.151664
v -0.102734 1.589257 -0.292724
v -0.055592 1.570783 -0.260200
v -0.102784 1.879225 -0.292789
v -0.102784 1.879225 -0.151676
v -0.008623 1.793145 -0.117073
v -0.008623 1.879225 -0.151676
v -0.102784 1.879225 -0.151676
v -0.132850 1.793145 -0.136258
v -0.132850 1.793145 -0.136258
v -0.102784 1.879225 -0.151676
v -0.102784 1.879225 -0.292789
v -0.132850 1.793145 -0.308207
v -0.102775 1.589299 -0.151664
v -0.132850 1.675389 -0.136258
v -0.132850 1.675389 -0.308207
v -0.102734 1.589257 -0.292724
v -0.132850 1.675389 -0.136258
v -0.132850 1.793145 -0.136258
v -0.132850 1.793145 -0.308207
v -0.132850 1.675389 -0.308207
v -0.008623 1.589308 -0.151676
v -0.008623 1.675389 -0.117073
v -0.132850 1.675389 -0.136258
v -0.102775 1.589299 -0.151664
v -0.008623 1.675389 -0.117073
v -0.008623 1.793145 -0.117073
v -0.132850 1.793145 -0.136258
v -0.132850 1.675389 -0.136258
v -0.102734 1.589257 -0.292724
v -0.132850 1.675389 -0.308207
v -0.008623 1.675389 -0.317771
v -0.008623 1.589308 -0.292789
v -0.132850 1.675389 -0.308207
v -0.132850 1.793145 -0.308207
v -0.008623 1.793145 -0.317771
v -0.008623 1.675389 -0.317771
v -0.164036 1.020051 -0.293915
v -0.164036 1.020051 -0.150538
v -0.176726 1.088558 -0.148257
v -0.176726 1.088558 -0.296171
v -0.008623 1.020051 -0.325189
v -0.164036 1.020051 -0.293915
v -0.176726 1.088558 -0.296171
v -0.008623 1.088558 -0.328433
v -0.164036 1.020051 -0.150538
v -0.008623 1.020051 -0.127237
v -0.008623 1.088558 -0.120429
v -0.176726 1.088558 -0.148257
v -0.156863 0.987168 -0.151633
v -0.008623 0.987168 -0.132949
v -0.008623 1.020051 -0.127237
v -0.164036 1.020051 -0.150538
v -0.008623 0.987168 -0.323631
v -0.156863 0.987168 -0.292832
v -0.164036 1.020051 -0.293915
v -0.008623 1.020051 -0.325189
v -0.156863 0.987168 -0.292832
v -0.156863 0.987168 -0.151633
v -0.164036 1.020051 -0.150538
v -0.164036 1.020051 -0.293915
v -0.132850 1.707703 -0.214842
v -0.132850 1.707703 -0.229623
v -0.132850 1.760831 -0.229623
v -0.132850 1.760831 -0.214842
v -0.157392 1.707703 -0.214842
v -0.157392 1.760831 -0.214842
v -0.157392 1.760831 -0.229623
v -0.157392 1.707703 -0.229623
v -0.132850 1.707703 -0.214842
v -0.157392 1.707703 -0.214842
v -0.157392 1.707703 -0.229623
v -0.132850 1.707703 -0.229623
v -0.132850 1.707703 -0.229623
v -0.157392 1.707703 -0.229623
v -0.157392 1.760831 -0.229623
v -0.132850 1.760831 -0.229623
v -0.132850 1.760831 -0.229623
v -0.157392 1.760831 -0.229623
v -0.157392 1.760831 -0.214842
v -0.132850 1.760831 -0.214842
v -0.132850 1.760831 -0.214842
v -0.157392 1.760831 -0.214842
v -0.157392 1.707703 -0.214842
v -0.132850 1.707703 -0.214842
v -0.070736 1.713303 -0.126666
v -0.092852 1.713303 -0.130081
v -0.092852 1.755231 -0.130081
v -0.070736 1.755231 -0.126666
v -0.048620 1.713303 -0.123250
v -0.070736 1.713303 -0.126666
v -0.070736 1.755231 -0.126666
v -0.048620 1.755231 -0.123250
v -0.071686 1.713303 -0.120516
v -0.071686 1.755231 -0.120516
v -0.093802 1.755231 -0.123932
v -0.093802 1.713303 -0.123932
v -0.049570 1.713303 -0.117101
v -0.049570 1.755231 -0.117101
v -0.071686 1.755231 -0.120516
v -0.071686 1.713303 -0.120516
v -0.092852 1.755231 -0.130081
v -0.093802 1.755231 -0.123932
v -0.071686 1.755231 -0.120516
v -0.070736 1.755231 -0.126666
v -0.070736 1.755231 -0.126666
v -0.071686 1.755231 -0.120516
v -0.049570 1.755231 -0.117101
v -0.048620 1.755231 -0.123250
v -0.048620 1.755231 -0.123250
v -0.049570 1.755231 -0.117101
v -0.049570 1.713303 -0.117101
v -0.048620 1.713303 -0.123250
v -0.070736 1.713303 -0.126666
v -0.071686 1.713303 -0.120516
v -0.093802 1.713303 -0.123932
v -0.092852 1.713303 -0.130081
v -0.048620 1.713303 -0.123250
v -0.049570 1.713303 -0.117101
v -0.071686 1.713303 -0.120516
v -0.070736 1.713303 -0.126666
v -0.092852 1.713303 -0.130081
v -0.093802 1.713303 -0.123932
v -0.093802 1.755231 -0.123932
v -0.092852 1.755231 -0.130081
v -0.204770 1.440319 -0.237966
v -0.306478 1.286435 -0.148449
v -0.288605 1.302555 -0.121941
v -0.197858 1.439898 -0.162611
v -0.197858 1.439898 -0.162611
v -0.288605 1.302555 -0.121941
v -0.298313 1.219790 -0.120179
v -0.201673 1.349572 -0.166216
v -0.205696 1.347537 -0.236477
v -0.309402 1.202464 -0.144312
v -0.306478 1.286435 -0.148449
v -0.204770 1.440319 -0.237966
v -0.201673 1.349572 -0.166216
v -0.298313 1.219790 -0.120179
v -0.309402 1.202464 -0.144312
v -0.205696 1.347537 -0.236477
vn -0.0000 -1.0000 -0.0000
vn 0.6888 -0.1553 0.7081
vn 0.9315 0.0162 0.3634
vn 0.5312 -0.2054 0.8220
vn 0.0625 -0.3358 0.9398
vn 0.1524 0.0288 -0.9879
vn 0.0789 0.8426 -0.5327
vn 0.0788 0.8426 -0.5327
vn 0.1777 0.0542 0.9826
vn 0.1773 0.0538 0.9827
vn 0.1775 0.0540 0.9826
vn 0.1782 0.0546 0.9825
vn 0.1948 -0.0435 0.9799
vn 0.1948 -0.0434 0.9799
vn 0.2045 -0.0212 0.9786
vn 0.2046 -0.0212 0.9786
vn 0.2154 -0.0261 -0.9762
vn 0.2153 -0.0261 -0.9762
vn 0.2153 -0.0260 -0.9762
vn 0.1834 0.0067 -0.9830
vn 0.1833 0.0067 -0.9830
vn 0.9994 0.0349 -0.0000
vn 0.9990 0.0449 -0.0000
vn -0.8536 -0.5210 -0.0000
vn 0.1348 -0.5809 -0.8027
vn 0.1348 -0.5809 -0.8028
vn 0.0929 -0.4002 0.9117
vn 0.0928 -0.4002 0.9117
vn 1.0000 0.0022 -0.0000
vn 0.0801 -0.4481 0.8904
vn 0.0800 -0.4481 0.8904
vn 0.9856 -0.1692 -0.0000
vn 0.0800 -0.4481 -0.8904
vn 0.0801 -0.4481 -0.8904
vn -1.0000 -0.0000 -0.0000
vn -0.0000 -0.0000 1.0000
vn -1.0000 -0.0022 -0.0000
vn -0.0000 -0.0000 -1.0000
vn 1.0000 -0.0000 -0.0000
vn 0.9957 -0.0929 -0.0000
vn -0.0000 -0.1023 0.9948
vn -0.9957 -0.0929 -0.0000
vn -0.0000 -0.1023 -0.9948
vn -0.0000 0.9822 0.1881
vn -0.0000 0.9447 0.3280
vn -0.0000 0.0264 -0.9997
vn -0.9997 0.0239 -0.0000
vn -0.0000 0.0264 0.9997
vn 0.9997 0.0239 -0.0000
vn -0.5373 -0.8147 -0.2181
vn -0.7497 -0.6617 -0.0000
vn 0.3796 0.8004 -0.4641
vn 0.4530 0.0497 -0.8901
vn 0.4858 0.0179 -0.8739
vn 0.4654 0.0069 -0.8851
vn 0.4513 0.0720 -0.8895
vn 0.8750 0.4670 0.1278
vn 0.9137 0.4063 0.0075
vn 0.6044 0.5279 0.5967
vn 0.4327 0.5524 0.7125
vn 0.8425 -0.5063 -0.1841
vn 0.8420 -0.5209 -0.1407
vn 0.8420 -0.5208 -0.1407
vn -0.8412 0.4907 0.2272
vn 0.5383 0.7765 0.3275
vn -0.8425 0.5063 0.1841
vn 0.5387 0.7970 0.2733
vn 0.5387 0.7970 0.2732
vn -0.5387 -0.7970 -0.2732
vn -0.5374 -0.8139 -0.2207
vn -0.5387 -0.7970 -0.2733
vn -0.8168 0.5736 -0.0627
vn 0.8420 -0.5202 -0.1428
vn -0.8413 0.4915 0.2251
vn 0.5383 0.7776 0.3250
vn 0.5083 0.8603 -0.0400
vn -0.5136 -0.6515 -0.5584
vn 0.8125 -0.4056 -0.4188
vn 0.0084 -0.3294 0.9442
vn 0.0347 0.1992 0.9793
vn 0.0346 0.1993 0.9793
vn 0.3325 0.9426 0.0303
vn 0.3320 0.9428 0.0308
vn 0.3324 0.9426 0.0304
vn 0.3331 0.9424 0.0299
vn 0.0847 0.7951 0.6005
vn 0.0849 0.7951 0.6006
vn 0.0848 0.7951 0.6005
vn 0.0846 0.7953 0.6003
vn -0.0000 -0.8693 -0.4942
vn -0.0000 -0.8694 -0.4942
vn 0.8861 0.4634 0.0037
vn 0.8861 0.4634 0.0038
vn 0.0352 0.2054 -0.9781
vn 0.0352 0.2054 -0.9780
vn 0.0425 0.2353 -0.9710
vn -0.0000 -0.8694 0.4942
vn 0.3654 -0.9308 -0.0000
vn -0.0000 1.0000 -0.0000
vn 0.0837 0.2915 0.9529
vn 0.9441 0.3297 -0.0000
vn 0.9441 -0.3297 -0.0000
vn 0.0837 -0.2915 0.9529
vn 0.1526 -0.0000 0.9883
vn 0.0425 -0.2353 -0.9710
vn 0.0768 -0.0000 -0.9970
vn 0.9833 -0.1821 -0.0000
vn 0.1924 -0.0571 -0.9797
vn 0.1924 -0.0572 -0.9797
vn 0.1556 -0.0797 0.9846
vn 0.1360 -0.1167 0.9838
vn 0.1360 -0.1166 0.9838
vn 0.1999 -0.0610 -0.9779
vn 0.9770 -0.2131 -0.0000
vn -0.1526 -0.0000 -0.9883
vn -0.9883 -0.0000 0.1526
vn 0.9883 -0.0000 -0.1526
vn -0.6235 0.0322 0.7811
vn -0.5972 0.0169 0.8019
vn -0.6694 0.0635 0.7401
vn -0.6817 0.0665 0.7286
vn -0.2790 0.0618 -0.9583
vn -0.2520 0.0871 -0.9638
vn -0.2873 0.0546 -0.9563
vn -0.3135 0.0310 -0.9491
vn -0.2329 0.6462 -0.7268
vn -0.1342 0.3593 -0.9235
vn -0.2652 0.7471 -0.6095
vn -0.2863 0.8084 -0.5143
vn -0.0959 0.0237 0.9951
vn -0.1304 0.0551 0.9899
vn -0.0900 0.0184 0.9958
vn -0.0472 -0.0200 0.9987
vn -0.1948 -0.0435 0.9799
vn -0.1948 -0.0434 0.9799
vn -0.1780 -0.0468 0.9829
vn -0.2045 -0.0212 0.9786
vn -0.1780 -0.0470 0.9829
vn -0.1511 -0.0743 0.9857
vn -0.2153 -0.0261 -0.9762
vn -0.2153 -0.0260 -0.9762
vn -0.2154 -0.0261 -0.9762
vn -0.2275 0.0530 -0.9723
vn -0.1814 0.0921 -0.9791
vn -0.2327 0.0484 -0.9713
vn -0.2764 0.0024 -0.9611
vn -0.9994 0.0349 -0.0000
vn -1.0000 -0.0002 -0.0000
vn -0.9887 0.1015 -0.1107
vn 0.8536 -0.5210 -0.0000
vn -0.1348 -0.5809 -0.8027
vn -0.1349 -0.5809 -0.8027
vn -0.1348 -0.5809 -0.8028
vn -0.0929 -0.4002 0.9117
vn -0.0928 -0.4002 0.9117
vn -1.0000 0.0022 -0.0000
vn -0.0801 -0.4481 0.8904
vn -0.0800 -0.4481 0.8904
vn -0.9856 -0.1692 -0.0000
vn -0.0800 -0.4481 -0.8904
vn -0.0801 -0.4481 -0.8904
vn 1.0000 -0.0022 -0.0000
vn 0.2795 -0.7941 -0.5398
vn 0.9288 -0.3084 -0.2054
vn -0.8842 -0.4626 0.0640
vn -0.7599 -0.6478 -0.0538
vn -0.6661 0.0574 -0.7436
vn -0.7081 0.0323 -0.7054
vn -0.6243 0.0818 -0.7769
vn -0.5981 0.0913 -0.7962
vn -0.5199 0.8530 0.0460
vn -0.4720 0.8783 0.0757
vn -0.5433 0.8390 0.0305
vn -0.5677 0.8231 0.0117
vn -0.7130 -0.5195 0.4710
vn -0.6766 -0.5284 0.5128
vn -0.8354 -0.5088 -0.2079
vn -0.9881 0.0269 -0.1515
vn 0.8151 0.4771 0.3285
vn 0.9261 -0.1163 -0.3590
vn -0.3300 0.8443 0.4223
vn -0.8382 0.4675 0.2808
vn 0.7518 0.4635 -0.4690
vn 0.8152 0.5301 -0.2334
vn 0.5988 0.4941 -0.6303
vn 0.6733 0.5733 -0.4669
vn -0.3679 0.8622 0.3481
vn -0.3676 0.8781 0.3061
vn 0.4178 -0.8783 -0.2325
vn 0.4017 -0.8806 -0.2513
vn 0.4543 -0.8832 -0.1163
vn -0.4103 0.8759 0.2539
vn -0.4110 0.8826 0.2283
vn 0.4386 -0.8826 -0.1693
vn -0.8484 -0.4688 0.2460
vn -0.7291 -0.5228 0.4416
vn 0.7447 0.4624 -0.4812
vn -0.8346 -0.4699 0.2874
vn 0.8605 0.4668 -0.2041
vn 0.8605 0.4667 -0.2041
vn -0.4215 0.8793 0.2217
vn 0.8484 0.4688 -0.2460
vn -0.5099 0.8484 -0.1419
vn 0.3220 -0.8258 -0.4630
vn -0.8959 -0.4442 -0.0055
vn -0.8959 -0.4441 -0.0055
vn 0.2965 -0.0357 0.9544
vn -0.4386 0.8826 0.1693
vn -0.0248 0.2083 0.9778
vn -0.0347 0.1992 0.9793
vn -0.0226 0.2105 0.9773
vn -0.0159 0.2181 0.9758
vn -0.5652 0.8246 0.0252
vn -0.5544 0.8316 0.0337
vn -0.5678 0.8228 0.0236
vn -0.5756 0.8175 0.0175
vn -0.0975 0.7825 0.6150
vn -0.0868 0.7947 0.6008
vn -0.0983 0.7869 0.6092
vn -0.1164 0.7827 0.6115
vn 0.0001 -0.8694 -0.4941
vn -0.8990 0.4379 0.0066
vn -0.9010 0.4338 0.0037
vn -0.8977 0.4405 0.0085
vn -0.8960 0.4439 0.0110
vn -0.0450 0.1938 -0.9800
vn -0.0357 0.1806 -0.9829
vn -0.0461 0.1955 -0.9796
vn -0.0532 0.2053 -0.9773
vn -0.0425 0.2353 -0.9710
vn 0.0001 -0.8694 0.4942
vn -0.0000 -0.8695 0.4939
vn -0.3652 -0.9309 0.0002
vn -0.3649 -0.9311 -0.0000
vn -0.0837 0.2915 0.9529
vn -0.9441 0.3297 -0.0000
vn -0.9441 -0.3298 -0.0000
vn -0.9440 -0.3301 -0.0002
vn -0.0837 -0.2914 0.9529
vn -0.0837 -0.2915 0.9529
vn -0.0836 -0.2914 0.9529
vn -0.0835 -0.2913 0.9530
vn -0.1526 -0.0000 0.9883
vn -0.0427 -0.2357 -0.9709
vn -0.0425 -0.2359 -0.9708
vn -0.0428 -0.2356 -0.9709
vn -0.0430 -0.2353 -0.9710
vn -0.0768 -0.0000 -0.9970
vn -0.9833 -0.1821 -0.0000
vn -0.1924 -0.0571 -0.9797
vn -0.1924 -0.0572 -0.9797
vn -0.1556 -0.0797 0.9846
vn -0.1360 -0.1167 0.9838
vn -0.1365 -0.1167 0.9837
vn -0.1999 -0.0610 -0.9779
vn -0.9770 -0.2131 -0.0000
vn 0.1526 -0.0000 -0.9883
vn 0.9883 -0.0000 0.1526
vn -0.9883 -0.0000 -0.1526
vn -0.7795 0.6064 0.1568
vn -0.8209 0.5656 0.0785
vn 0.4510 -0.0339 0.8919
vn 0.4891 -0.0554 0.8705
vn -0.6527 -0.0146 -0.7574
vn -0.6559 -0.0056 -0.7548
vn 0.8093 -0.5854 0.0485
vn 0.8044 -0.5934 -0.0289
vt 0.597656 0.449219
vt 0.035156 0.054688
vt 0.035156 0.054688
vt 0.792969 0.437500
vt 0.820312 0.566406
vt 0.597656 0.449219
vt 0.035156 0.054688
vt 0.035156 0.054688
vt 0.597656 0.449219
vt 0.597656 0.449219
vt 0.058745 0.072719
vt 0.942166 0.077641
vt 0.066127 0.062876
s 0
usemtl Material.003
f 1/1/1 2/1/1 3/1/1
f 1/1/1 3/1/1 4/1/1
s 1
f 5/2/2 6/2/3 7/2/4
f 5/2/2 7/2/4 8/2/5
f 9/2/6 10/2/6 11/2/6
f 9/2/6 11/2/6 12/2/6
f 13/2/7 14/2/7 15/2/7
f 13/2/7 15/2/7 16/3/8
f 17/2/9 18/2/10 19/2/11
f 17/2/9 19/2/11 20/2/12
f 21/2/13 22/2/14 23/2/13
f 21/2/13 23/2/13 24/2/13
f 25/2/15 26/2/15 27/2/15
f 25/2/15 27/2/15 28/2/16
f 29/2/17 30/2/17 31/2/18
f 29/2/17 31/2/18 32/2/19
f 33/2/20 34/2/21 35/2/21
f 33/2/20 35/2/21 36/2/20
s 0
f 37/2/22 38/2/22 39/2/22
f 37/2/22 39/2/22 40/2/22
f 41/2/23 42/2/23 43/2/23
f 41/2/23 43/2/23 44/2/23
f 45/4/24 46/4/24 47/4/24
f 45/4/24 47/4/24 48/4/24
s 1
f 49/4/25 50/4/25 51/4/26
f 49/4/25 51/4/26 52/4/25
f 53/4/27 54/4/27 55/4/27
f 53/4/27 55/4/27 56/4/28
s 0
f 57/4/29 58/4/29 59/4/29
f 57/4/29 59/4/29 60/4/29
s 1
f 61/4/30 62/4/30 63/4/30
f 61/4/30 63/4/30 64/4/31
s 0
f 65/4/32 66/4/32 67/4/32
f 65/4/32 67/4/32 68/4/32
s 1
f 69/4/33 70/4/34 71/4/33
f 69/4/33 71/4/33 72/4/33
s 0
f 73/4/35 74/4/35 75/4/35
f 73/4/35 75/4/35 76/4/35
f 77/4/36 78/4/36 79/4/36
f 77/4/36 79/4/36 80/4/36
f 81/4/37 82/4/37 83/4/37
f 81/4/37 83/4/37 84/4/37
f 85/4/38 86/4/38 87/4/38
f 85/4/38 87/4/38 88/4/38
f 89/4/38 90/4/38 91/4/38
f 89/4/38 91/4/38 92/4/38
f 93/4/38 94/4/38 95/4/38
f 93/4/38 95/4/38 96/4/38
f 97/4/39 98/4/39 99/4/39
f 97/4/39 99/4/39 100/4/39
f 101/4/36 102/4/36 103/4/36
f 101/4/36 103/4/36 104/4/36
f 105/5/40 106/5/40 107/5/40
f 105/5/40 107/5/40 108/5/40
f 100/4/39 99/4/39 109/4/39
f 100/4/39 109/4/39 110/4/39
f 111/4/36 112/4/36 113/4/36
f 111/4/36 113/4/36 114/4/36
f 115/4/35 116/4/35 117/4/35
f 115/4/35 117/4/35 118/4/35
f 119/5/35 120/5/35 121/5/35
f 119/5/35 121/5/35 122/5/35
f 123/5/41 124/5/41 125/5/41
f 123/5/41 125/5/41 126/5/41
f 127/5/42 128/5/42 129/5/42
f 127/5/42 129/5/42 130/5/42
f 131/5/43 132/5/43 133/5/43
f 131/5/43 133/5/43 134/5/43
f 135/5/1 136/5/1 137/5/1
f 135/5/1 137/5/1 138/5/1
f 139/5/38 140/5/38 141/5/38
f 139/5/38 141/5/38 142/5/38
f 143/5/39 144/5/39 145/5/39
f 143/5/39 145/5/39 146/5/39
f 147/5/39 148/5/39 149/5/39
f 147/5/39 149/5/39 150/5/39
f 151/5/1 152/5/1 153/5/1
f 151/5/1 153/5/1 154/5/1
f 155/5/35 156/5/35 157/5/35
f 155/5/35 157/5/35 158/5/35
f 159/5/1 160/5/1 152/5/1
f 159/5/1 152/5/1 151/5/1
f 161/5/44 162/5/44 163/5/44
f 161/5/44 163/5/44 164/5/44
f 165/5/36 166/5/36 167/5/36
f 165/5/36 167/5/36 168/5/36
f 158/5/35 157/5/35 169/5/35
f 158/5/35 169/5/35 170/5/35
f 171/5/45 172/5/45 173/5/45
f 171/5/45 173/5/45 174/5/45
f 175/5/39 176/5/39 177/5/39
f 175/5/39 177/5/39 178/5/39
f 179/4/46 180/4/46 181/4/46
f 179/4/46 181/4/46 182/4/46
f 183/4/47 184/4/47 185/4/47
f 183/4/47 185/4/47 186/4/47
f 187/4/48 188/4/48 189/4/48
f 187/4/48 189/4/48 190/4/48
f 191/4/49 192/4/49 193/4/49
f 191/4/49 193/4/49 194/4/49
f 195/1/50 196/1/50 197/1/50
f 195/1/50 197/1/50 198/1/50
f 199/2/51 200/2/51 201/2/51
f 199/2/52 201/2/52 202/2/52
s 1
f 203/2/53 204/2/54 205/2/55
f 203/2/53 205/2/55 206/2/56
f 207/2/57 208/2/58 209/2/59
f 207/2/57 209/2/59 210/2/60
s 0
f 211/1/61 212/1/61 213/1/61
f 211/1/61 213/1/61 214/1/61
f 215/1/62 216/1/62 217/1/62
f 215/1/63 217/1/63 218/1/63
f 219/1/64 220/1/64 221/1/64
f 219/1/64 221/1/64 222/1/64
f 223/1/65 224/1/65 225/1/65
f 223/1/65 225/1/65 226/1/65
f 227/1/66 228/1/66 229/1/66
f 227/1/66 229/1/66 230/1/66
f 231/1/66 232/1/66 233/1/66
f 231/1/66 233/1/66 234/1/66
f 235/1/67 236/1/67 237/1/67
f 235/1/68 237/1/68 238/1/68
f 239/1/69 240/1/69 241/1/69
f 239/1/69 241/1/69 242/1/69
f 243/1/70 244/1/70 245/1/70
f 243/1/70 245/1/70 246/1/70
f 247/1/67 248/1/67 249/1/67
f 247/1/68 249/1/68 250/1/68
f 251/1/71 252/1/71 253/1/71
f 251/1/71 253/1/71 254/1/71
f 255/1/61 256/1/61 257/1/61
f 255/1/61 257/1/61 258/1/61
f 259/1/72 260/1/72 261/1/72
f 259/1/72 261/1/72 262/1/72
f 263/1/73 264/1/73 265/1/73
f 263/1/73 265/1/73 266/1/73
f 267/1/74 268/1/74 269/1/74
f 267/1/74 269/1/74 270/1/74
f 271/1/75 272/1/75 273/1/75
f 271/1/75 273/1/75 274/1/75
f 275/1/66 276/1/66 277/1/66
f 275/1/66 277/1/66 278/1/66
f 279/1/76 280/1/76 281/1/76
f 279/1/76 281/1/76 282/1/76
f 283/1/77 284/1/77 285/1/77
f 283/1/77 285/1/77 286/1/77
f 287/1/78 288/1/78 289/1/78
f 287/1/78 289/1/78 290/1/78
f 291/1/79 292/1/79 293/1/79
f 291/1/79 293/1/79 294/1/79
f 295/1/67 296/1/67 297/1/67
f 295/1/67 297/1/67 298/1/67
f 299/1/71 300/1/71 301/1/71
f 299/1/71 301/1/71 302/1/71
f 303/1/61 304/1/61 305/1/61
f 303/1/61 305/1/61 306/1/61
s 1
f 307/1/80 308/6/80 309/1/81
f 307/1/80 309/1/81 310/1/80
f 311/2/82 312/2/83 313/3/84
f 311/2/82 313/3/84 314/7/85
f 315/2/86 316/2/87 317/7/88
f 315/2/86 317/7/88 318/8/89
s 0
f 319/1/90 320/1/90 321/1/90
f 319/1/91 321/1/91 322/1/91
s 1
f 323/6/92 324/1/92 325/1/93
f 323/6/92 325/1/93 326/1/92
f 327/1/94 328/1/94 329/1/95
f 327/1/94 329/1/95 330/1/94
f 331/9/96 332/1/96 333/1/96
f 331/9/96 333/1/96 334/10/96
s 0
f 335/1/97 336/1/97 337/1/97
f 335/1/97 337/1/97 338/1/97
f 339/1/98 340/1/98 341/1/98
f 339/1/98 341/1/98 342/1/98
f 343/10/99 344/1/99 345/1/99
f 343/10/99 345/1/99 346/10/99
s 1
f 347/1/100 348/1/100 349/10/100
f 347/1/100 349/10/100 350/1/100
s 0
f 351/1/101 352/9/101 353/10/101
f 351/1/101 353/10/101 354/10/101
f 355/1/102 356/1/102 357/1/102
f 355/1/102 357/1/102 358/1/102
f 359/1/39 360/1/39 361/9/39
f 359/1/39 361/9/39 362/1/39
s 1
f 363/1/103 364/1/103 365/1/103
f 363/1/103 365/1/103 366/1/103
s 0
f 367/1/104 368/1/104 369/1/104
f 367/1/104 369/1/104 370/1/104
s 1
f 371/1/105 372/1/105 373/1/105
f 371/1/105 373/1/105 374/1/105
s 0
f 375/1/106 376/1/106 377/1/106
f 375/1/106 377/1/106 378/9/106
f 379/4/107 380/4/107 381/4/107
f 379/4/107 381/4/107 382/4/107
s 1
f 383/4/108 384/4/108 385/4/109
f 383/4/108 385/4/109 386/4/108
f 387/4/110 388/4/110 389/4/110
f 387/4/110 389/4/110 390/4/110
f 391/4/111 392/4/112 393/4/111
f 391/4/111 393/4/111 394/4/111
f 395/4/113 396/4/113 397/4/113
f 395/4/113 397/4/113 398/4/113
s 0
f 399/4/114 400/4/114 401/4/114
s 1
f 399/4/114 401/4/114 402/4/114
s 0
f 403/1/35 404/1/35 405/9/35
f 403/1/35 405/9/35 406/1/35
f 407/1/39 408/1/39 409/9/39
f 407/1/39 409/9/39 410/1/39
f 411/1/1 412/1/1 413/1/1
f 411/1/1 413/1/1 414/1/1
f 415/1/38 416/9/38 417/9/38
f 415/1/38 417/9/38 418/1/38
f 419/9/99 420/1/99 421/1/99
f 419/9/99 421/1/99 422/9/99
f 423/1/36 424/1/36 425/1/36
f 423/1/36 425/1/36 426/1/36
f 427/11/115 428/11/115 429/11/115
f 427/11/115 429/11/115 430/11/115
f 431/12/115 432/12/115 433/12/115
f 431/12/115 433/12/115 434/12/115
f 435/11/104 436/11/104 437/11/104
f 435/11/104 437/11/104 438/11/104
f 439/12/104 440/12/104 441/12/104
f 439/12/104 441/12/104 442/12/104
f 443/11/99 444/11/99 445/11/99
f 443/11/99 445/11/99 446/11/99
f 447/12/99 448/12/99 449/12/99
f 447/12/99 449/12/99 450/12/99
f 451/12/116 452/12/116 453/12/116
f 451/12/116 453/12/116 454/12/116
f 455/11/1 456/11/1 457/11/1
f 455/11/1 457/11/1 458/11/1
f 459/12/1 460/12/1 461/12/1
f 459/12/1 461/12/1 462/12/1
s 1
f 463/11/117 464/11/117 465/11/117
s 0
f 463/11/117 465/11/117 466/11/117
f 467/13/65 468/13/65 469/13/65
f 467/13/65 469/13/65 470/13/65
f 471/13/64 472/13/64 473/13/64
f 471/13/64 473/13/64 474/13/64
f 475/13/63 476/13/63 477/13/63
f 475/13/63 477/13/63 478/13/63
f 479/13/50 480/13/50 481/13/50
f 479/13/50 481/13/50 482/13/50
f 1/1/1 4/1/1 483/1/1
f 1/1/1 483/1/1 484/1/1
s 1
f 485/2/118 486/2/119 487/2/120
f 485/2/118 487/2/120 488/2/121
f 489/2/122 490/2/123 491/2/124
f 489/2/122 491/2/124 492/2/125
f 493/2/126 494/3/127 495/2/128
f 493/2/126 495/2/128 496/2/129
f 497/2/130 498/2/131 499/2/132
f 497/2/130 499/2/132 500/2/133
f 501/2/134 502/2/134 503/2/134
f 501/2/134 503/2/134 504/2/135
f 505/2/136 506/2/137 507/2/138
f 505/2/136 507/2/138 508/2/139
f 509/2/140 510/2/141 511/2/140
f 509/2/140 511/2/140 512/2/142
f 513/2/143 514/2/144 515/2/145
f 513/2/143 515/2/145 516/2/146
s 0
f 517/2/147 518/2/147 519/2/147
f 517/2/147 519/2/147 520/2/147
f 521/2/148 522/2/148 523/2/148
f 521/2/149 523/2/149 524/2/149
f 525/4/150 526/4/150 527/4/150
f 525/4/150 527/4/150 528/4/150
s 1
f 529/4/151 530/4/152 531/4/153
f 529/4/151 531/4/153 532/4/151
f 533/4/154 534/4/155 535/4/154
f 533/4/154 535/4/154 536/4/154
s 0
f 537/4/156 538/4/156 539/4/156
f 537/4/156 539/4/156 540/4/156
s 1
f 541/4/157 542/4/158 543/4/157
f 541/4/157 543/4/157 544/4/158
s 0
f 545/4/159 546/4/159 547/4/159
f 545/4/159 547/4/159 548/4/159
s 1
f 549/4/160 550/4/160 551/4/160
f 549/4/160 551/4/160 552/4/161
s 0
f 553/4/39 554/4/39 555/4/39
f 553/4/39 555/4/39 556/4/39
f 557/4/36 558/4/36 559/4/36
f 557/4/36 559/4/36 560/4/36
f 561/4/162 562/4/162 563/4/162
f 561/4/162 563/4/162 564/4/162
f 565/4/38 566/4/38 567/4/38
f 565/4/38 567/4/38 568/4/38
f 569/4/38 570/4/38 571/4/38
f 569/4/38 571/4/38 572/4/38
f 573/4/38 574/4/38 575/4/38
f 573/4/38 575/4/38 576/4/38
f 577/4/35 578/4/35 579/4/35
f 577/4/35 579/4/35 580/4/35
f 581/4/36 582/4/36 583/4/36
f 581/4/36 583/4/36 584/4/36
f 585/5/42 586/5/42 587/5/42
f 585/5/42 587/5/42 588/5/42
f 578/4/35 589/4/35 590/4/35
f 578/4/35 590/4/35 579/4/35
f 591/4/36 592/4/36 593/4/36
f 591/4/36 593/4/36 594/4/36
f 595/4/39 596/4/39 597/4/39
f 595/4/39 597/4/39 598/4/39
f 599/5/39 600/5/39 601/5/39
f 599/5/39 601/5/39 602/5/39
f 603/5/41 604/5/41 605/5/41
f 603/5/41 605/5/41 606/5/41
f 607/5/40 608/5/40 609/5/40
f 607/5/40 609/5/40 610/5/40
f 611/5/43 612/5/43 613/5/43
f 611/5/43 613/5/43 614/5/43
f 615/5/1 616/5/1 617/5/1
f 615/5/1 617/5/1 618/5/1
f 619/5/38 620/5/38 621/5/38
f 619/5/38 621/5/38 622/5/38
f 623/5/35 624/5/35 625/5/35
f 623/5/35 625/5/35 626/5/35
f 627/5/35 628/5/35 629/5/35
f 627/5/35 629/5/35 630/5/35
f 631/5/1 632/5/1 633/5/1
f 631/5/1 633/5/1 634/5/1
f 599/5/39 635/5/39 636/5/39
f 599/5/39 636/5/39 600/5/39
f 637/5/1 631/5/1 634/5/1
f 637/5/1 634/5/1 638/5/1
f 639/5/44 640/5/44 641/5/44
f 639/5/44 641/5/44 642/5/44
f 643/5/36 644/5/36 645/5/36
f 643/5/36 645/5/36 646/5/36
f 635/5/39 647/5/39 648/5/39
f 635/5/39 648/5/39 636/5/39
f 649/5/45 650/5/45 651/5/45
f 649/5/45 651/5/45 652/5/45
f 653/5/35 654/5/35 655/5/35
f 653/5/35 655/5/35 656/5/35
f 657/4/46 658/4/46 659/4/46
f 657/4/46 659/4/46 660/4/46
f 661/4/49 662/4/49 663/4/49
f 661/4/49 663/4/49 664/4/49
f 665/4/48 666/4/48 667/4/48
f 665/4/48 667/4/48 668/4/48
f 669/4/47 670/4/47 671/4/47
f 669/4/47 671/4/47 672/4/47
f 673/1/163 674/1/163 675/1/163
f 673/1/164 675/1/164 676/1/164
f 677/2/165 678/2/165 679/2/165
f 677/2/166 679/2/166 680/2/166
s 1
f 681/2/167 682/2/168 683/2/169
f 681/2/167 683/2/169 684/2/170
f 685/2/171 686/2/172 687/2/173
f 685/2/171 687/2/173 688/2/174
s 0
f 689/1/175 690/1/175 691/1/175
f 689/1/176 691/1/176 692/1/176
f 693/1/177 694/1/177 695/1/177
f 693/1/178 695/1/178 696/1/178
f 697/1/179 698/1/179 699/1/179
f 697/1/180 699/1/180 700/1/180
f 701/1/181 702/1/181 703/1/181
f 701/1/182 703/1/182 704/1/182
f 705/1/183 706/1/183 707/1/183
f 705/1/184 707/1/184 708/1/184
f 709/1/185 710/1/185 711/1/185
f 709/1/186 711/1/186 712/1/186
f 713/1/187 714/1/187 715/1/187
f 713/1/188 715/1/188 716/1/188
f 717/1/189 718/1/189 719/1/189
f 717/1/190 719/1/190 720/1/190
f 721/1/191 722/1/191 723/1/191
f 721/1/191 723/1/191 724/1/191
f 725/1/192 726/1/192 727/1/192
f 725/1/193 727/1/193 728/1/193
f 729/1/194 730/1/194 731/1/194
f 729/1/194 731/1/194 732/1/194
f 733/1/195 734/1/195 735/1/195
f 733/1/196 735/1/196 736/1/196
f 737/1/197 738/1/197 739/1/197
f 737/1/197 739/1/197 740/1/197
f 741/1/198 742/1/198 743/1/198
f 741/1/198 743/1/198 744/1/198
f 745/1/199 746/1/199 747/1/199
f 745/1/200 747/1/200 748/1/200
f 749/1/201 750/1/201 751/1/201
f 749/1/201 751/1/201 752/1/201
f 753/1/202 754/1/202 755/1/202
f 753/1/202 755/1/202 756/1/202
f 757/1/203 758/1/203 759/1/203
f 757/1/203 759/1/203 760/1/203
f 761/1/204 762/1/204 763/1/204
f 761/1/204 763/1/204 764/1/204
f 765/1/205 766/1/205 767/1/205
f 765/1/206 767/1/206 768/1/206
f 769/1/207 770/1/207 771/1/207
f 769/1/207 771/1/207 772/1/207
f 773/1/208 774/1/208 775/1/208
f 773/1/208 775/1/208 776/1/208
f 777/1/194 778/1/194 779/1/194
f 777/1/194 779/1/194 780/1/194
f 781/1/195 782/1/195 783/1/195
f 781/1/195 783/1/195 784/1/195
s 1
f 785/1/209 786/1/210 787/1/211
f 785/1/209 787/1/211 788/6/212
f 789/2/213 790/7/214 791/3/215
f 789/2/213 791/3/215 792/2/216
f 793/2/217 794/8/218 795/7/219
f 793/2/217 795/7/219 796/2/220
s 0
f 797/1/221 798/1/221 321/1/221
f 797/1/91 321/1/91 320/1/91
s 1
f 799/6/222 800/1/223 801/1/224
f 799/6/222 801/1/224 802/1/225
f 803/1/226 804/1/227 805/1/228
f 803/1/226 805/1/228 806/1/229
f 807/9/230 808/10/230 809/1/230
f 807/9/230 809/1/230 810/1/230
s 0
f 811/1/231 812/1/231 813/1/231
f 811/1/232 813/1/232 814/1/232
f 815/1/233 816/1/233 817/1/233
f 815/1/234 817/1/234 818/1/234
f 819/10/99 820/10/99 345/1/99
f 819/10/99 345/1/99 344/1/99
s 1
f 821/1/235 822/1/235 823/10/235
f 821/1/235 823/10/235 824/1/235
s 0
f 825/1/236 826/10/236 827/10/236
f 825/1/236 827/10/236 828/9/236
f 829/1/237 830/1/237 831/1/237
f 829/1/238 831/1/238 832/1/238
f 833/1/35 834/1/35 835/9/35
f 833/1/35 835/9/35 836/1/35
s 1
f 837/1/239 838/1/240 839/1/241
f 837/1/239 839/1/241 840/1/242
s 0
f 841/1/243 842/1/243 843/1/243
f 841/1/243 843/1/243 844/1/243
s 1
f 845/1/244 846/1/245 847/1/246
f 845/1/244 847/1/246 848/1/247
s 0
f 849/1/248 850/9/248 851/1/248
f 849/1/248 851/1/248 852/1/248
f 853/4/249 854/4/249 855/4/249
f 853/4/249 855/4/249 856/4/249
s 1
f 857/4/250 858/4/250 859/4/251
f 857/4/250 859/4/251 860/4/250
f 861/4/252 862/4/252 863/4/252
f 861/4/252 863/4/252 864/4/252
f 865/4/253 866/4/253 867/4/253
f 865/4/253 867/4/253 868/4/254
f 869/4/255 870/4/255 871/4/255
f 869/4/255 871/4/255 872/4/255
f 873/4/256 874/4/256 875/4/256
s 0
f 873/4/256 875/4/256 876/4/256
f 877/1/39 878/1/39 879/9/39
f 877/1/39 879/9/39 880/1/39
f 881/1/35 882/1/35 883/9/35
f 881/1/35 883/9/35 884/1/35
f 885/1/1 886/1/1 887/1/1
f 885/1/1 887/1/1 888/1/1
f 889/1/38 890/1/38 891/9/38
f 889/1/38 891/9/38 892/9/38
f 893/9/99 894/9/99 895/1/99
f 893/9/99 895/1/99 896/1/99
f 897/1/36 898/1/36 899/1/36
f 897/1/36 899/1/36 900/1/36
f 901/11/257 902/11/257 903/11/257
f 901/11/257 903/11/257 904/11/257
f 905/12/257 906/12/257 907/12/257
f 905/12/257 907/12/257 908/12/257
f 909/11/243 910/11/243 911/11/243
f 909/11/243 911/11/243 912/11/243
f 913/12/243 914/12/243 915/12/243
f 913/12/243 915/12/243 916/12/243
f 917/11/99 918/11/99 919/11/99
f 917/11/99 919/11/99 920/11/99
f 921/12/99 922/12/99 923/12/99
f 921/12/99 923/12/99 924/12/99
f 925/12/258 926/12/258 927/12/258
f 925/12/258 927/12/258 928/12/258
f 929/11/1 930/11/1 931/11/1
f 929/11/1 931/11/1 932/11/1
f 933/12/1 934/12/1 935/12/1
f 933/12/1 935/12/1 936/12/1
f 937/11/259 938/11/259 939/11/259
s 1
f 937/11/259 939/11/259 940/11/259
s 0
f 941/13/260 942/13/260 943/13/260
f 941/13/261 943/13/261 944/13/261
f 945/13/262 946/13/262 947/13/262
f 945/13/263 947/13/263 948/13/263
f 949/13/264 950/13/264 951/13/264
f 949/13/265 951/13/265 952/13/265
f 953/13/266 954/13/266 955/13/266
f 953/13/267 955/13/267 956/13/267
o bike_body_dummyProp_0
v -0.025227 0.895355 -0.247127
v -0.025227 0.921529 -0.245845
v -0.057475 0.903090 -0.286051
v -0.025227 0.921529 -0.245845
v -0.052174 0.927454 -0.311492
v -0.057475 0.903090 -0.286051
v -0.025227 0.895355 -0.247127
v -0.057475 0.903090 -0.286051
v -0.026262 0.884375 -0.286486
v 0.025227 0.895355 -0.247127
v 0.057475 0.903090 -0.286051
v 0.025227 0.921529 -0.245845
v 0.025227 0.921529 -0.245845
v 0.057475 0.903090 -0.286051
v 0.052174 0.927454 -0.311492
v 0.025227 0.895355 -0.247127
v 0.026262 0.884375 -0.286486
v 0.057475 0.903090 -0.286051
v -0.011000 0.255755 -0.065936
v -0.011000 0.634628 0.396178
v -0.011000 0.660877 0.387873
v -0.011000 0.278501 -0.078714
v -0.009961 0.778773 0.343832
v -0.009961 0.472430 -0.157060
v -0.009961 0.453837 -0.148266
v -0.009961 0.760933 0.351568
v -0.014285 0.857197 0.307985
v -0.014285 0.589638 0.406939
v -0.014285 0.595412 0.421478
v -0.014285 0.861786 0.321323
v -0.015975 0.721102 -0.263875
v -0.015975 0.268121 -0.102598
v -0.015975 0.275124 -0.084964
v -0.015975 0.726667 -0.247698
v -0.059517 0.298950 -0.086759
v -0.059517 0.282875 -0.125434
v -0.059517 0.236312 -0.132285
v -0.059517 0.210451 -0.089381
v -0.060123 0.256960 -0.128126
v -0.041522 0.274212 -0.128126
v -0.041522 0.274212 -0.153496
v -0.060123 0.256960 -0.153496
v -0.042871 0.238359 -0.153496
v -0.042871 0.238359 -0.128126
v -0.060123 0.256960 -0.128126
v -0.060123 0.256960 -0.153496
v -0.050189 0.285475 -0.239069
v -0.041817 0.267150 -0.242263
v -0.034840 0.303547 -0.513739
v -0.041378 0.317827 -0.511079
v -0.049541 0.304583 -0.513546
v -0.041378 0.317827 -0.511079
v -0.034840 0.303547 -0.513739
v -0.042432 0.290302 -0.516206
v -0.030642 0.549304 -0.347954
v -0.040363 0.539570 -0.333711
v -0.042319 0.293054 -0.491937
v -0.036958 0.298513 -0.499729
v -0.039014 0.559801 -0.363312
v -0.030642 0.549304 -0.347954
v -0.036958 0.298513 -0.499729
v -0.041575 0.304399 -0.508130
v -0.047340 0.298940 -0.500338
v -0.041575 0.304399 -0.508130
v -0.036958 0.298513 -0.499729
v -0.042319 0.293054 -0.491937
v -0.015975 0.721102 -0.263875
v -0.015975 0.726667 -0.247698
v -0.015975 0.876321 -0.307587
v -0.015975 0.868458 -0.322780
v -0.015490 0.897741 -0.199523
v 0.000000 0.891792 -0.199874
v 0.000000 0.891792 -0.177653
v -0.015490 0.897741 -0.177302
v -0.015490 0.923044 -0.198471
v -0.015490 0.897741 -0.199523
v -0.015490 0.897741 -0.177302
v -0.015490 0.912343 -0.175183
v 0.000000 0.948235 -0.391573
v 0.000000 0.911601 -0.412305
v -0.073833 0.905063 -0.381708
v -0.073833 0.941697 -0.360976
v -0.009961 0.453837 -0.148266
v -0.000487 0.446899 -0.145936
v -0.000487 0.754172 0.354279
v -0.009961 0.760933 0.351568
v -0.011000 0.255755 -0.065936
v 0.000000 0.249207 -0.061139
v 0.000000 0.627456 0.400398
v -0.011000 0.634628 0.396178
v -0.011000 0.660877 0.387873
v 0.000000 0.668935 0.385176
v 0.000000 0.285462 -0.083518
v -0.011000 0.278501 -0.078714
v -0.009961 0.472430 -0.157060
v -0.009961 0.778773 0.343832
v -0.000487 0.785186 0.341048
v -0.000487 0.478602 -0.160701
v -0.014285 0.857197 0.307985
v 0.000000 0.854836 0.299966
v 0.000000 0.586271 0.399059
v -0.014285 0.589638 0.406939
v -0.014285 0.595412 0.421478
v 0.000000 0.597107 0.430064
v 0.000000 0.864010 0.329745
v -0.014285 0.861786 0.321323
v -0.014285 0.589638 0.406939
v 0.000000 0.586271 0.399059
v 0.000000 0.597107 0.430064
v -0.014285 0.595412 0.421478
v 0.000000 0.888959 -0.247874
v 0.000000 0.891792 -0.199874
v -0.015490 0.897741 -0.199523
v -0.025227 0.895355 -0.247127
v -0.015490 0.923044 -0.198471
v -0.025227 0.921529 -0.245845
v -0.025227 0.895355 -0.247127
v -0.015490 0.897741 -0.199523
v -0.015490 0.923044 -0.198471
v 0.000000 0.928760 -0.198295
v 0.000000 0.927807 -0.246428
v -0.025227 0.921529 -0.245845
v -0.015975 0.721102 -0.263875
v 0.000000 0.718461 -0.272843
v 0.000000 0.264355 -0.111410
v -0.015975 0.268121 -0.102598
v 0.000000 0.277020 -0.075363
v 0.000000 0.729154 -0.238280
v -0.015975 0.726667 -0.247698
v -0.015975 0.275124 -0.084964
v -0.015975 0.268121 -0.102598
v 0.000000 0.264355 -0.111410
v 0.000000 0.277020 -0.075363
v -0.015975 0.275124 -0.084964
v -0.057870 0.232960 -0.045928
v -0.057870 0.277685 -0.047595
v -0.059517 0.298950 -0.086759
v -0.059517 0.210451 -0.089381
v -0.042871 0.238359 -0.128126
v -0.042871 0.238359 -0.153496
v -0.033150 0.255611 -0.153496
v -0.024270 0.255611 -0.128126
v -0.024270 0.255611 -0.128126
v -0.033150 0.255611 -0.153496
v -0.041522 0.274212 -0.153496
v -0.041522 0.274212 -0.128126
v -0.033150 0.255611 -0.153496
v -0.042871 0.238359 -0.153496
v -0.051538 0.250154 -0.245226
v -0.041817 0.267150 -0.242263
v -0.060123 0.256960 -0.153496
v -0.041522 0.274212 -0.153496
v -0.050189 0.285475 -0.239069
v -0.068790 0.268479 -0.242031
v -0.041522 0.274212 -0.153496
v -0.033150 0.255611 -0.153496
v -0.041817 0.267150 -0.242263
v -0.050189 0.285475 -0.239069
v -0.042871 0.238359 -0.153496
v -0.060123 0.256960 -0.153496
v -0.068790 0.268479 -0.242031
v -0.051538 0.250154 -0.245226
v -0.041817 0.267150 -0.242263
v -0.051538 0.250154 -0.245226
v -0.042432 0.290302 -0.516206
v -0.034840 0.303547 -0.513739
v -0.068790 0.268479 -0.242031
v -0.050189 0.285475 -0.239069
v -0.041378 0.317827 -0.511079
v -0.049541 0.304583 -0.513546
v -0.051538 0.250154 -0.245226
v -0.068790 0.268479 -0.242031
v -0.049541 0.304583 -0.513546
v -0.042432 0.290302 -0.516206
v -0.027256 0.694266 -0.248090
v -0.037262 0.622297 -0.290739
v -0.018269 0.621251 -0.293627
v -0.015230 0.705961 -0.240763
v -0.026400 0.703230 -0.262557
v -0.014392 0.712640 -0.257558
v -0.018020 0.628266 -0.310989
v -0.035481 0.630861 -0.309740
v -0.015230 0.705961 -0.240763
v -0.018269 0.621251 -0.293627
v -0.018020 0.628266 -0.310989
v -0.014392 0.712640 -0.257558
v -0.037262 0.622297 -0.290739
v -0.027256 0.694266 -0.248090
v -0.026400 0.703230 -0.262557
v -0.035481 0.630861 -0.309740
v -0.018269 0.621251 -0.293627
v -0.037262 0.622297 -0.290739
v -0.040363 0.539570 -0.333711
v -0.030642 0.549304 -0.347954
v -0.035481 0.630861 -0.309740
v -0.018020 0.628266 -0.310989
v -0.039014 0.559801 -0.363312
v -0.057615 0.550066 -0.349068
v -0.018020 0.628266 -0.310989
v -0.018269 0.621251 -0.293627
v -0.030642 0.549304 -0.347954
v -0.039014 0.559801 -0.363312
v -0.037262 0.622297 -0.290739
v -0.035481 0.630861 -0.309740
v -0.057615 0.550066 -0.349068
v -0.040363 0.539570 -0.333711
v -0.057615 0.550066 -0.349068
v -0.039014 0.559801 -0.363312
v -0.041575 0.304399 -0.508130
v -0.047340 0.298940 -0.500338
v -0.040363 0.539570 -0.333711
v -0.057615 0.550066 -0.349068
v -0.047340 0.298940 -0.500338
v -0.042319 0.293054 -0.491937
v -0.015230 0.705961 -0.240763
v -0.014392 0.712640 -0.257558
v -0.026400 0.703230 -0.262557
v -0.027256 0.694266 -0.248090
v -0.015975 0.726667 -0.247698
v 0.000000 0.729154 -0.238280
v 0.000000 0.880155 -0.298632
v -0.015975 0.876321 -0.307587
v -0.015975 0.876321 -0.307587
v 0.000000 0.880155 -0.298632
v 0.000000 0.864538 -0.331267
v -0.015975 0.868458 -0.322780
v -0.015490 0.897741 -0.177302
v 0.000000 0.891792 -0.177653
v 0.000000 0.918060 -0.175007
v -0.015490 0.912343 -0.175183
v -0.025227 0.921529 -0.245845
v 0.000000 0.927807 -0.246428
v 0.000000 0.934147 -0.312114
v -0.052174 0.927454 -0.311492
v -0.057475 0.903090 -0.286051
v -0.052174 0.927454 -0.311492
v -0.073833 0.941697 -0.360976
v -0.063723 0.890895 -0.332740
v 0.000000 0.934147 -0.312114
v 0.000000 0.948235 -0.391573
v -0.073833 0.941697 -0.360976
v -0.052174 0.927454 -0.311492
v 0.000000 0.911601 -0.412305
v 0.000000 0.848912 -0.343283
v -0.040441 0.863812 -0.336259
v -0.073833 0.905063 -0.381708
v -0.026262 0.884375 -0.286486
v -0.057475 0.903090 -0.286051
v -0.063723 0.890895 -0.332740
v -0.040441 0.863812 -0.336259
v -0.063723 0.890895 -0.332740
v -0.073833 0.941697 -0.360976
v -0.073833 0.905063 -0.381708
v -0.040441 0.863812 -0.336259
v -0.014285 0.861786 0.321323
v 0.000000 0.864010 0.329745
v 0.000000 0.854836 0.299966
v -0.014285 0.857197 0.307985
v -0.059517 0.236312 -0.132285
v -0.059517 0.282875 -0.125434
v 0.000000 0.282875 -0.125434
v 0.000000 0.236312 -0.132285
v -0.057870 0.232960 -0.045928
v -0.059517 0.210451 -0.089381
v 0.000000 0.210451 -0.089381
v 0.000000 0.232960 -0.045928
v -0.057870 0.277685 -0.047595
v -0.057870 0.232960 -0.045928
v 0.000000 0.232960 -0.045928
v 0.000000 0.277685 -0.047595
v -0.059517 0.282875 -0.125434
v -0.059517 0.298950 -0.086759
v 0.000000 0.298950 -0.086759
v 0.000000 0.282875 -0.125434
v 0.000000 0.298950 -0.086759
v -0.059517 0.298950 -0.086759
v -0.057870 0.277685 -0.047595
v 0.000000 0.277685 -0.047595
v -0.059517 0.210451 -0.089381
v -0.059517 0.236312 -0.132285
v 0.000000 0.236312 -0.132285
v 0.000000 0.210451 -0.089381
v -0.015490 0.923044 -0.198471
v -0.015490 0.912343 -0.175183
v 0.000000 0.918060 -0.175007
v 0.000000 0.928760 -0.198295
v -0.015975 0.721102 -0.263875
v -0.015975 0.868458 -0.322780
v 0.000000 0.864538 -0.331267
v 0.000000 0.718461 -0.272843
v 0.000000 0.888959 -0.247874
v -0.025227 0.895355 -0.247127
v -0.026262 0.884375 -0.286486
v 0.000000 0.876217 -0.283927
v 0.000000 0.876217 -0.283927
v -0.026262 0.884375 -0.286486
v -0.040441 0.863812 -0.336259
v 0.000000 0.848912 -0.343283
v 0.011000 0.255755 -0.065936
v 0.011000 0.278501 -0.078714
v 0.011000 0.660877 0.387873
v 0.011000 0.634628 0.396178
v 0.009961 0.778773 0.343832
v 0.009961 0.760933 0.351568
v 0.009961 0.453837 -0.148266
v 0.009961 0.472430 -0.157060
v 0.014285 0.857197 0.307985
v 0.014285 0.861786 0.321323
v 0.014285 0.595412 0.421478
v 0.014285 0.589638 0.406939
v 0.015975 0.721102 -0.263875
v 0.015975 0.726667 -0.247698
v 0.015975 0.275124 -0.084964
v 0.015975 0.268121 -0.102598
v 0.059517 0.236312 -0.132285
v 0.059517 0.282875 -0.125434
v 0.059517 0.298950 -0.086759
v 0.059517 0.210451 -0.089381
v 0.060123 0.256960 -0.128126
v 0.060123 0.256960 -0.153496
v 0.041522 0.274212 -0.153496
v 0.041522 0.274212 -0.128126
v 0.042871 0.238359 -0.153496
v 0.060123 0.256960 -0.153496
v 0.060123 0.256960 -0.128126
v 0.042871 0.238359 -0.128126
v 0.050189 0.285475 -0.239069
v 0.041378 0.317827 -0.511079
v 0.034840 0.303547 -0.513739
v 0.041817 0.267150 -0.242263
v 0.034840 0.303547 -0.513739
v 0.041378 0.317827 -0.511079
v 0.049541 0.304583 -0.513546
v 0.042432 0.290302 -0.516206
v 0.030642 0.549304 -0.347954
v 0.036958 0.298513 -0.499729
v 0.042319 0.293054 -0.491937
v 0.040363 0.539570 -0.333711
v 0.039014 0.559801 -0.363312
v 0.041575 0.304399 -0.508130
v 0.036958 0.298513 -0.499729
v 0.030642 0.549304 -0.347954
v 0.036958 0.298513 -0.499729
v 0.041575 0.304399 -0.508130
v 0.047340 0.298940 -0.500338
v 0.042319 0.293054 -0.491937
v 0.015975 0.721102 -0.263875
v 0.015975 0.868458 -0.322780
v 0.015975 0.876321 -0.307587
v 0.015975 0.726667 -0.247698
v 0.015490 0.897741 -0.199523
v 0.015490 0.897741 -0.177302
v 0.000000 0.891792 -0.177653
v 0.000000 0.891792 -0.199874
v 0.015490 0.923044 -0.198471
v 0.015490 0.912343 -0.175183
v 0.015490 0.897741 -0.177302
v 0.015490 0.897741 -0.199523
v 0.073833 0.905063 -0.381708
v 0.000000 0.911601 -0.412305
v 0.000000 0.948235 -0.391573
v 0.073833 0.941697 -0.360976
v 0.009961 0.453837 -0.148266
v 0.009961 0.760933 0.351568
v 0.000487 0.754172 0.354279
v 0.000487 0.446899 -0.145936
v 0.000000 0.627456 0.400398
v 0.000000 0.249207 -0.061139
v 0.011000 0.255755 -0.065936
v 0.011000 0.634628 0.396178
v 0.011000 0.660877 0.387873
v 0.011000 0.278501 -0.078714
v 0.000000 0.285462 -0.083518
v 0.000000 0.668935 0.385176
v 0.009961 0.472430 -0.157060
v 0.000487 0.478602 -0.160701
v 0.000487 0.785186 0.341048
v 0.009961 0.778773 0.343832
v 0.000000 0.586271 0.399059
v 0.000000 0.854836 0.299966
v 0.014285 0.857197 0.307985
v 0.014285 0.589638 0.406939
v 0.014285 0.595412 0.421478
v 0.014285 0.861786 0.321323
v 0.000000 0.864010 0.329745
v 0.000000 0.597107 0.430064
v 0.000000 0.597107 0.430064
v 0.000000 0.586271 0.399059
v 0.014285 0.589638 0.406939
v 0.014285 0.595412 0.421478
v 0.015490 0.897741 -0.199523
v 0.000000 0.891792 -0.199874
v 0.000000 0.888959 -0.247874
v 0.025227 0.895355 -0.247127
v 0.015490 0.923044 -0.198471
v 0.015490 0.897741 -0.199523
v 0.025227 0.895355 -0.247127
v 0.025227 0.921529 -0.245845
v 0.000000 0.927807 -0.246428
v 0.000000 0.928760 -0.198295
v 0.015490 0.923044 -0.198471
v 0.025227 0.921529 -0.245845
v 0.000000 0.264355 -0.111410
v 0.000000 0.718461 -0.272843
v 0.015975 0.721102 -0.263875
v 0.015975 0.268121 -0.102598
v 0.015975 0.726667 -0.247698
v 0.000000 0.729154 -0.238280
v 0.000000 0.277020 -0.075363
v 0.015975 0.275124 -0.084964
v 0.000000 0.277020 -0.075363
v 0.000000 0.264355 -0.111410
v 0.015975 0.268121 -0.102598
v 0.015975 0.275124 -0.084964
v 0.057870 0.232960 -0.045928
v 0.059517 0.210451 -0.089381
v 0.059517 0.298950 -0.086759
v 0.057870 0.277685 -0.047595
v 0.042871 0.238359 -0.128126
v 0.024270 0.255611 -0.128126
v 0.033150 0.255611 -0.153496
v 0.042871 0.238359 -0.153496
v 0.024270 0.255611 -0.128126
v 0.041522 0.274212 -0.128126
v 0.041522 0.274212 -0.153496
v 0.033150 0.255611 -0.153496
v 0.033150 0.255611 -0.153496
v 0.041817 0.267150 -0.242263
v 0.051538 0.250154 -0.245226
v 0.042871 0.238359 -0.153496
v 0.060123 0.256960 -0.153496
v 0.068790 0.268479 -0.242031
v 0.050189 0.285475 -0.239069
v 0.041522 0.274212 -0.153496
v 0.041522 0.274212 -0.153496
v 0.050189 0.285475 -0.239069
v 0.041817 0.267150 -0.242263
v 0.033150 0.255611 -0.153496
v 0.042871 0.238359 -0.153496
v 0.051538 0.250154 -0.245226
v 0.068790 0.268479 -0.242031
v 0.060123 0.256960 -0.153496
v 0.041817 0.267150 -0.242263
v 0.034840 0.303547 -0.513739
v 0.042432 0.290302 -0.516206
v 0.051538 0.250154 -0.245226
v 0.068790 0.268479 -0.242031
v 0.049541 0.304583 -0.513546
v 0.041378 0.317827 -0.511079
v 0.050189 0.285475 -0.239069
v 0.051538 0.250154 -0.245226
v 0.042432 0.290302 -0.516206
v 0.049541 0.304583 -0.513546
v 0.068790 0.268479 -0.242031
v 0.027256 0.694266 -0.248090
v 0.015230 0.705961 -0.240763
v 0.018269 0.621251 -0.293627
v 0.037262 0.622297 -0.290739
v 0.026400 0.703230 -0.262557
v 0.035481 0.630861 -0.309740
v 0.018020 0.628266 -0.310989
v 0.014392 0.712640 -0.257558
v 0.015230 0.705961 -0.240763
v 0.014392 0.712640 -0.257558
v 0.018020 0.628266 -0.310989
v 0.018269 0.621251 -0.293627
v 0.037262 0.622297 -0.290739
v 0.035481 0.630861 -0.309740
v 0.026400 0.703230 -0.262557
v 0.027256 0.694266 -0.248090
v 0.018269 0.621251 -0.293627
v 0.030642 0.549304 -0.347954
v 0.040363 0.539570 -0.333711
v 0.037262 0.622297 -0.290739
v 0.035481 0.630861 -0.309740
v 0.057615 0.550066 -0.349068
v 0.039014 0.559801 -0.363312
v 0.018020 0.628266 -0.310989
v 0.018020 0.628266 -0.310989
v 0.039014 0.559801 -0.363312
v 0.030642 0.549304 -0.347954
v 0.018269 0.621251 -0.293627
v 0.037262 0.622297 -0.290739
v 0.040363 0.539570 -0.333711
v 0.057615 0.550066 -0.349068
v 0.035481 0.630861 -0.309740
v 0.057615 0.550066 -0.349068
v 0.047340 0.298940 -0.500338
v 0.041575 0.304399 -0.508130
v 0.039014 0.559801 -0.363312
v 0.040363 0.539570 -0.333711
v 0.042319 0.293054 -0.491937
v 0.047340 0.298940 -0.500338
v 0.057615 0.550066 -0.349068
v 0.015230 0.705961 -0.240763
v 0.027256 0.694266 -0.248090
v 0.026400 0.703230 -0.262557
v 0.014392 0.712640 -0.257558
v 0.015975 0.726667 -0.247698
v 0.015975 0.876321 -0.307587
v 0.000000 0.880155 -0.298632
v 0.000000 0.729154 -0.238280
v 0.000000 0.864538 -0.331267
v 0.000000 0.880155 -0.298632
v 0.015975 0.876321 -0.307587
v 0.015975 0.868458 -0.322780
v 0.015490 0.897741 -0.177302
v 0.015490 0.912343 -0.175183
v 0.000000 0.918060 -0.175007
v 0.000000 0.891792 -0.177653
v 0.025227 0.921529 -0.245845
v 0.052174 0.927454 -0.311492
v 0.000000 0.934147 -0.312114
v 0.000000 0.927807 -0.246428
v 0.057475 0.903090 -0.286051
v 0.063723 0.890895 -0.332740
v 0.073833 0.941697 -0.360976
v 0.052174 0.927454 -0.311492
v 0.073833 0.941697 -0.360976
v 0.000000 0.948235 -0.391573
v 0.000000 0.934147 -0.312114
v 0.052174 0.927454 -0.311492
v 0.040441 0.863812 -0.336259
v 0.000000 0.848912 -0.343283
v 0.000000 0.911601 -0.412305
v 0.073833 0.905063 -0.381708
v 0.026262 0.884375 -0.286486
v 0.040441 0.863812 -0.336259
v 0.063723 0.890895 -0.332740
v 0.057475 0.903090 -0.286051
v 0.063723 0.890895 -0.332740
v 0.040441 0.863812 -0.336259
v 0.073833 0.905063 -0.381708
v 0.073833 0.941697 -0.360976
v 0.000000 0.854836 0.299966
v 0.000000 0.864010 0.329745
v 0.014285 0.861786 0.321323
v 0.014285 0.857197 0.307985
v 0.059517 0.282875 -0.125434
v 0.059517 0.236312 -0.132285
v 0.000000 0.210451 -0.089381
v 0.059517 0.210451 -0.089381
v 0.057870 0.232960 -0.045928
v 0.000000 0.232960 -0.045928
v 0.057870 0.232960 -0.045928
v 0.057870 0.277685 -0.047595
v 0.000000 0.298950 -0.086759
v 0.059517 0.298950 -0.086759
v 0.059517 0.282875 -0.125434
v 0.000000 0.282875 -0.125434
v 0.000000 0.298950 -0.086759
v 0.000000 0.277685 -0.047595
v 0.057870 0.277685 -0.047595
v 0.059517 0.298950 -0.086759
v 0.000000 0.236312 -0.132285
v 0.059517 0.236312 -0.132285
v 0.059517 0.210451 -0.089381
v 0.000000 0.210451 -0.089381
v 0.000000 0.918060 -0.175007
v 0.015490 0.912343 -0.175183
v 0.015490 0.923044 -0.198471
v 0.000000 0.928760 -0.198295
v 0.000000 0.864538 -0.331267
v 0.015975 0.868458 -0.322780
v 0.015975 0.721102 -0.263875
v 0.000000 0.718461 -0.272843
v 0.000000 0.888959 -0.247874
v 0.000000 0.876217 -0.283927
v 0.026262 0.884375 -0.286486
v 0.025227 0.895355 -0.247127
v 0.000000 0.876217 -0.283927
v 0.000000 0.848912 -0.343283
v 0.040441 0.863812 -0.336259
v 0.026262 0.884375 -0.286486
vn -0.7727 -0.0311 0.6340
vn -0.7593 0.5417 0.3606
vn -0.4960 -0.8329 0.2454
vn 0.7727 -0.0311 0.6340
vn 0.7593 0.5417 0.3606
vn 0.4960 -0.8329 0.2454
vn -1.0000 -0.0000 -0.0000
vn -0.6800 0.7332 -0.0000
vn -0.7332 -0.6800 -0.0000
vn 0.9119 0.4031 0.0775
vn 0.9119 0.4030 0.0775
vn -0.0000 0.1831 -0.9831
vn 0.8712 -0.2701 0.4100
vn 0.8711 -0.2701 0.4101
vn 0.9111 0.1964 -0.3624
vn 0.9109 0.1966 -0.3628
vn 0.9110 0.1964 -0.3625
vn -0.0000 -0.8190 -0.5738
vn -0.3585 -0.9335 -0.0000
vn -0.3748 0.4566 -0.8069
vn -0.6027 -0.6799 0.4177
vn -0.5959 -0.6210 0.5091
vn -0.5970 0.6207 -0.5082
vn -0.5970 0.6207 -0.5083
vn -0.5967 0.6847 -0.4186
vn -0.5967 0.6847 -0.4185
vn -0.5091 -0.2982 -0.8074
vn -0.5180 0.3010 0.8007
vn -0.5178 0.3010 0.8008
vn -0.5181 0.3010 0.8006
vn -0.5179 0.3010 0.8007
vn -0.0633 -0.9376 0.3419
vn -0.0634 -0.9376 0.3420
vn -0.2872 -0.9544 0.0814
vn -0.2872 -0.9544 0.0813
vn -0.9795 -0.0091 0.2012
vn -0.9795 -0.0094 0.2014
vn -0.2826 0.9592 0.0040
vn -0.2825 0.9592 0.0040
vn -0.2825 0.9593 0.0040
vn -0.5091 -0.2885 -0.8109
vn -0.5185 0.2899 0.8044
vn -0.5188 0.2898 0.8043
vn -0.5187 0.2899 0.8044
vn -0.5186 0.2899 0.8044
vn -0.0633 -0.9371 0.3433
vn -0.0634 -0.9371 0.3433
vn -0.9992 -0.0002 0.0400
vn -0.9992 -0.0003 0.0399
vn -0.9992 -0.0002 0.0401
vn 0.7660 -0.6288 -0.1341
vn 0.7660 -0.6287 -0.1340
vn 0.7660 -0.6287 -0.1341
vn 0.7659 -0.6288 -0.1341
vn 0.8151 0.5614 -0.1427
vn 0.8152 0.5614 -0.1427
vn 0.8151 0.5615 -0.1426
vn 0.8658 -0.4789 -0.1451
vn -0.6753 0.7196 0.1614
vn -0.6753 0.7197 0.1614
vn 0.9090 0.4153 -0.0361
vn -0.7313 -0.6818 -0.0178
vn -0.7313 -0.6818 -0.0179
vn 0.8703 -0.4906 -0.0434
vn 0.8705 -0.4903 -0.0434
vn 0.8702 -0.4907 -0.0434
vn 0.8704 -0.4904 -0.0434
vn -0.7520 0.6577 0.0440
vn -0.7520 0.6576 0.0440
vn -0.8054 -0.5797 -0.1236
vn -0.8055 -0.5799 -0.1218
vn -0.8055 -0.5796 -0.1236
vn 0.0579 -0.5232 0.8503
vn -0.0182 0.5411 -0.8407
vn -0.0181 0.5411 -0.8407
vn 0.9988 -0.0474 0.0128
vn -0.9908 0.1355 -0.0072
vn -0.9908 0.1355 -0.0071
vn 0.5517 -0.4829 0.6800
vn 0.5518 -0.4829 0.6799
vn -0.4181 0.5600 -0.7153
vn -0.4181 0.5600 -0.7152
vn -0.4182 0.5600 -0.7152
vn 0.9656 -0.0337 -0.2577
vn 0.9656 -0.0337 -0.2578
vn 0.9656 -0.0336 -0.2578
vn -0.9211 -0.0520 0.3858
vn -0.9211 -0.0521 0.3858
vn -0.9211 -0.0521 0.3859
vn -0.7381 0.3321 -0.5873
vn -0.7382 0.3320 -0.5873
vn -0.7382 0.3320 -0.5872
vn -0.7915 -0.3323 0.5130
vn -0.7915 -0.3314 0.5135
vn -0.7915 -0.3322 0.5129
vn -0.7108 0.6437 0.2836
vn -0.7107 0.6438 0.2836
vn -0.5192 0.3174 0.7936
vn -0.5191 0.3174 0.7936
vn 0.0089 0.8976 -0.4407
vn 0.0088 0.8976 -0.4407
vn 0.0047 -0.1158 0.9933
vn 0.0048 -0.1158 0.9933
vn -0.1621 0.9789 0.1247
vn -0.9504 0.1383 0.2787
vn -0.9504 0.1382 0.2787
vn -0.0473 0.9739 0.2219
vn -0.0473 0.9739 0.2220
vn -0.2552 -0.7517 -0.6081
vn -0.5820 -0.7245 0.3693
vn -0.5820 -0.7245 0.3692
vn -0.5821 -0.7245 0.3693
vn -0.5821 -0.7244 0.3693
vn -0.9252 -0.3701 0.0839
vn -0.9252 -0.3700 0.0840
vn 0.0088 0.9526 -0.3041
vn 0.0089 0.9526 -0.3041
vn -0.0000 0.1456 -0.9894
vn -0.0000 -0.8879 0.4600
vn -0.0000 0.0373 0.9993
vn -0.0000 0.9234 -0.3838
vn -0.0000 0.8788 0.4772
vn -0.0000 -0.8564 -0.5162
vn -0.3220 0.8603 0.3953
vn -0.5039 -0.3207 -0.8020
vn -0.5040 -0.3207 -0.8020
vn -0.2696 -0.9175 0.2923
vn -0.2721 -0.8677 0.4160
vn 1.0000 -0.0000 -0.0000
vn 0.6800 0.7332 -0.0000
vn 0.7332 -0.6800 -0.0000
vn -0.9119 0.4030 0.0775
vn -0.9119 0.4031 0.0775
vn -0.8711 -0.2701 0.4101
vn -0.8712 -0.2701 0.4100
vn -0.9109 0.1966 -0.3628
vn -0.9110 0.1964 -0.3625
vn -0.9111 0.1964 -0.3624
vn 0.3585 -0.9335 -0.0000
vn 0.3748 0.4566 -0.8069
vn 0.6027 -0.6799 0.4177
vn 0.5959 -0.6211 0.5091
vn 0.5959 -0.6210 0.5091
vn 0.5970 0.6207 -0.5082
vn 0.5970 0.6207 -0.5083
vn 0.5967 0.6847 -0.4186
vn 0.5967 0.6847 -0.4185
vn 0.5091 -0.2982 -0.8074
vn 0.5180 0.3010 0.8007
vn 0.5179 0.3010 0.8007
vn 0.5181 0.3010 0.8006
vn 0.0633 -0.9376 0.3419
vn 0.0632 -0.9375 0.3421
vn 0.0634 -0.9376 0.3420
vn 0.2872 -0.9544 0.0814
vn 0.2872 -0.9544 0.0813
vn 0.9795 -0.0091 0.2012
vn 0.9795 -0.0094 0.2014
vn 0.2825 0.9593 0.0040
vn 0.2826 0.9592 0.0040
vn 0.5091 -0.2885 -0.8109
vn 0.5091 -0.2884 -0.8109
vn 0.5187 0.2898 0.8043
vn 0.5186 0.2899 0.8044
vn 0.5185 0.2899 0.8044
vn 0.0634 -0.9371 0.3433
vn 0.0633 -0.9371 0.3433
vn 0.9992 -0.0002 0.0400
vn 0.9992 -0.0003 0.0399
vn 0.9992 -0.0002 0.0401
vn -0.7660 -0.6287 -0.1340
vn -0.7659 -0.6288 -0.1341
vn -0.7660 -0.6287 -0.1341
vn -0.8151 0.5614 -0.1427
vn -0.8151 0.5614 -0.1426
vn -0.8152 0.5614 -0.1427
vn -0.8658 -0.4789 -0.1451
vn 0.6753 0.7196 0.1614
vn 0.6753 0.7197 0.1614
vn -0.9090 0.4153 -0.0361
vn 0.7313 -0.6818 -0.0178
vn 0.7313 -0.6818 -0.0179
vn -0.8704 -0.4904 -0.0434
vn -0.8705 -0.4903 -0.0434
vn -0.8703 -0.4906 -0.0434
vn -0.8702 -0.4907 -0.0434
vn 0.7520 0.6577 0.0440
vn 0.8054 -0.5797 -0.1236
vn 0.8055 -0.5796 -0.1236
vn -0.0579 -0.5232 0.8503
vn 0.0182 0.5411 -0.8407
vn 0.0181 0.5411 -0.8407
vn -0.9988 -0.0474 0.0128
vn 0.9908 0.1355 -0.0072
vn 0.9908 0.1355 -0.0071
vn 0.9908 0.1354 -0.0071
vn -0.5517 -0.4829 0.6800
vn -0.5518 -0.4829 0.6799
vn -0.5518 -0.4830 0.6799
vn 0.4181 0.5600 -0.7152
vn 0.4182 0.5594 -0.7157
vn -0.9656 -0.0337 -0.2577
vn -0.9656 -0.0337 -0.2578
vn 0.9211 -0.0520 0.3858
vn 0.9211 -0.0521 0.3859
vn 0.9211 -0.0520 0.3859
vn 0.7381 0.3321 -0.5873
vn 0.7382 0.3325 -0.5870
vn 0.7382 0.3320 -0.5873
vn 0.7915 -0.3323 0.5130
vn 0.7915 -0.3322 0.5129
vn 0.7916 -0.3322 0.5129
vn 0.7108 0.6437 0.2836
vn 0.7107 0.6438 0.2836
vn 0.5191 0.3174 0.7936
vn -0.0089 0.8976 -0.4407
vn -0.0088 0.8976 -0.4407
vn -0.0047 -0.1158 0.9933
vn -0.0048 -0.1158 0.9933
vn 0.1621 0.9789 0.1247
vn 0.9504 0.1383 0.2787
vn 0.9504 0.1382 0.2787
vn 0.0473 0.9739 0.2219
vn 0.0473 0.9739 0.2220
vn 0.2552 -0.7517 -0.6081
vn 0.5820 -0.7245 0.3693
vn 0.5821 -0.7244 0.3693
vn 0.5821 -0.7245 0.3693
vn 0.9252 -0.3701 0.0839
vn 0.9252 -0.3700 0.0840
vn -0.0088 0.9526 -0.3041
vn -0.0089 0.9526 -0.3041
vn 0.3220 0.8603 0.3953
vn 0.5040 -0.3207 -0.8020
vn 0.5041 -0.3206 -0.8019
vn 0.5038 -0.3207 -0.8021
vn 0.2696 -0.9175 0.2923
vn 0.2721 -0.8677 0.4160
vt 0.628125 0.737500
vt 0.178125 0.700000
vt 0.381250 0.728125
vt 0.806250 0.590625
vt 0.390625 0.615625
vt 0.381250 0.728125
vt 0.806250 0.590625
vt 0.806250 0.590625
vt 0.381250 0.728125
vt 0.178125 0.700000
s 0
usemtl dummyProp
f 957/14/268 958/14/268 959/14/268
f 960/14/269 961/14/269 962/14/269
f 963/14/270 964/14/270 965/14/270
f 966/14/271 967/14/271 968/14/271
f 969/14/272 970/14/272 971/14/272
f 972/14/273 973/14/273 974/14/273
f 975/15/274 976/15/274 977/15/274
f 975/15/274 977/15/274 978/15/274
f 979/15/274 980/15/274 981/15/274
f 979/15/274 981/15/274 982/15/274
f 983/15/274 984/15/274 985/15/274
f 983/15/274 985/15/274 986/15/274
f 987/15/274 988/15/274 989/15/274
f 987/15/274 989/15/274 990/15/274
f 991/15/274 992/15/274 993/15/274
f 991/15/274 993/15/274 994/15/274
f 995/15/275 996/15/275 997/15/275
f 995/15/275 997/15/275 998/15/275
f 999/16/276 1000/16/276 1001/16/276
f 999/16/276 1001/16/276 1002/16/276
f 1003/15/277 1004/15/277 1005/15/277
f 1003/15/278 1005/15/278 1006/15/278
f 1007/15/279 1008/15/279 1009/15/279
f 1007/15/279 1009/15/279 1010/15/279
f 1011/15/280 1012/15/280 1013/15/280
f 1011/15/281 1013/15/281 1014/15/281
f 1015/15/282 1016/15/282 1017/15/282
f 1015/15/283 1017/15/283 1018/15/284
f 1019/15/285 1020/15/285 1021/15/285
f 1019/15/285 1021/15/285 1022/15/285
f 1023/16/274 1024/16/274 1025/16/274
f 1023/16/274 1025/16/274 1026/16/274
f 1027/17/286 1028/17/286 1029/17/286
f 1027/17/286 1029/17/286 1030/17/286
f 1031/14/274 1032/14/274 1033/14/274
f 1031/14/274 1033/14/274 1034/14/274
f 1035/14/287 1036/14/287 1037/14/287
f 1035/14/287 1037/14/287 1038/14/287
s 1
f 1039/16/288 1040/16/288 1041/16/288
f 1039/16/288 1041/16/288 1042/16/288
f 1043/16/289 1044/16/289 1045/16/289
f 1043/16/289 1045/16/289 1046/16/289
f 1047/15/290 1048/15/291 1049/15/290
f 1047/15/290 1049/15/290 1050/15/290
f 1051/15/292 1052/15/293 1053/15/292
f 1051/15/292 1053/15/292 1054/15/292
f 1055/16/294 1056/16/294 1057/16/294
f 1055/16/294 1057/16/294 1058/16/294
f 1059/15/295 1060/15/296 1061/15/297
f 1059/15/295 1061/15/297 1062/15/298
f 1063/15/299 1064/15/299 1065/15/299
f 1063/15/299 1065/15/299 1066/15/300
f 1067/17/301 1068/17/302 1069/17/301
f 1067/17/301 1069/17/301 1070/17/301
f 1071/14/303 1072/14/303 1073/14/304
f 1071/14/303 1073/14/304 1074/14/303
f 1075/14/305 1076/14/305 1077/14/306
f 1075/14/305 1077/14/306 1078/14/307
f 1079/18/308 1080/18/308 1081/18/308
f 1079/18/308 1081/18/308 1082/18/308
f 1083/15/309 1084/15/310 1085/15/311
f 1083/15/309 1085/15/311 1086/15/312
f 1087/15/313 1088/15/313 1089/15/314
f 1087/15/313 1089/15/314 1090/15/314
f 1091/15/315 1092/15/316 1093/15/317
f 1091/15/315 1093/15/317 1094/15/316
f 1095/15/318 1096/15/319 1097/15/320
f 1095/15/318 1097/15/320 1098/15/321
f 1099/15/322 1100/15/323 1101/15/322
f 1099/15/322 1101/15/322 1102/15/324
f 1103/15/325 1104/15/325 1105/15/325
f 1103/15/325 1105/15/325 1106/15/325
f 1107/15/326 1108/15/327 1109/15/326
f 1107/15/326 1109/15/326 1110/15/326
f 1111/15/328 1112/15/328 1113/15/328
f 1111/15/328 1113/15/328 1114/15/328
f 1115/16/329 1116/16/329 1117/16/329
f 1115/16/329 1117/16/329 1118/16/330
s 0
f 1119/15/331 1120/15/332 1121/15/333
f 1119/15/334 1121/15/332 1122/15/334
s 1
f 1123/15/335 1124/15/335 1125/15/336
f 1123/15/335 1125/15/336 1126/15/335
f 1127/16/337 1128/16/337 1129/16/338
f 1127/16/337 1129/16/338 1130/16/339
f 1131/15/340 1132/15/340 1133/15/340
f 1131/15/340 1133/15/340 1134/15/340
f 1135/15/341 1136/15/341 1137/15/342
f 1135/15/341 1137/15/342 1138/15/341
f 1139/15/343 1140/15/343 1141/15/343
f 1139/15/343 1141/15/343 1142/15/343
f 1143/16/344 1144/16/345 1145/16/345
f 1143/16/344 1145/16/345 1146/16/345
f 1147/15/346 1148/15/347 1149/15/347
f 1147/15/346 1149/15/347 1150/15/347
f 1151/15/348 1152/15/349 1153/15/348
f 1151/15/348 1153/15/348 1154/15/350
f 1155/15/351 1156/15/351 1157/15/352
f 1155/15/351 1157/15/352 1158/15/353
f 1159/16/354 1160/16/355 1161/16/356
f 1159/16/354 1161/16/356 1162/16/356
f 1163/15/357 1164/15/357 1165/15/358
f 1163/15/357 1165/15/358 1166/15/359
f 1167/16/360 1168/16/360 1169/16/361
f 1167/16/360 1169/16/361 1170/16/362
f 1171/15/363 1172/15/364 1173/15/363
f 1171/15/363 1173/15/363 1174/15/363
f 1175/16/365 1176/16/366 1177/19/366
f 1175/16/365 1177/19/366 1178/16/365
f 1179/15/367 1180/15/367 1181/15/367
f 1179/15/367 1181/15/367 1182/15/368
f 1183/14/369 1184/14/369 1185/14/370
f 1183/14/369 1185/14/370 1186/14/369
f 1187/14/371 1188/14/371 1189/14/371
f 1187/14/371 1189/14/371 1190/14/371
f 1191/14/372 1192/14/373 1193/14/373
f 1191/14/372 1193/14/373 1194/14/373
f 1195/14/374 1196/14/374 1197/14/374
f 1195/14/374 1197/14/374 1198/14/375
f 1199/20/376 1200/21/376 1201/17/376
f 1199/20/376 1201/17/376 1202/17/376
f 1203/14/377 1204/14/378 1205/14/379
f 1203/14/377 1205/14/379 1206/14/380
f 1207/14/381 1208/14/382 1209/14/382
f 1207/14/381 1209/14/382 1210/14/381
f 1211/15/383 1212/15/384 1213/15/383
f 1211/15/383 1213/15/383 1214/15/383
s 0
f 1215/16/385 1216/16/385 1217/22/385
f 1215/16/385 1217/22/385 1218/16/385
f 1219/16/386 1220/16/386 1221/16/386
f 1219/16/386 1221/16/386 1222/16/386
f 1223/16/387 1224/16/387 1225/16/387
f 1223/16/387 1225/16/387 1226/22/387
f 1227/15/388 1228/15/388 1229/15/388
f 1227/15/388 1229/15/388 1230/15/388
f 1231/15/389 1232/15/389 1233/15/389
f 1231/15/389 1233/15/389 1234/23/389
s 1
f 1235/16/390 1236/16/390 1237/16/390
s 0
f 1235/16/390 1237/16/390 1238/16/390
f 1239/14/391 1240/14/391 1241/14/391
f 1239/14/391 1241/14/391 1242/14/391
s 1
f 1243/16/392 1244/16/393 1245/19/393
f 1243/16/392 1245/19/393 1246/16/392
f 1247/17/394 1248/17/394 1249/17/394
f 1247/17/394 1249/17/394 1250/17/394
f 1251/17/395 1252/17/395 1253/17/395
f 1251/17/395 1253/17/395 1254/21/395
s 0
f 1255/15/396 1256/15/396 1257/15/396
f 1255/15/396 1257/15/396 1258/15/396
f 1259/15/396 1260/15/396 1261/15/396
f 1259/15/396 1261/15/396 1262/15/396
f 1263/15/396 1264/15/396 1265/15/396
f 1263/15/396 1265/15/396 1266/15/396
f 1267/15/396 1268/15/396 1269/15/396
f 1267/15/396 1269/15/396 1270/15/396
f 1271/15/396 1272/15/396 1273/15/396
f 1271/15/396 1273/15/396 1274/15/396
f 1275/15/397 1276/15/397 1277/15/397
f 1275/15/397 1277/15/397 1278/15/397
f 1279/16/398 1280/16/398 1281/16/398
f 1279/16/398 1281/16/398 1282/16/398
f 1283/15/399 1284/15/399 1285/15/399
f 1283/15/400 1285/15/400 1286/15/400
f 1287/15/279 1288/15/279 1289/15/279
f 1287/15/279 1289/15/279 1290/15/279
f 1291/15/401 1292/15/401 1293/15/401
f 1291/15/402 1293/15/402 1294/15/402
f 1295/15/403 1296/15/404 1297/15/405
f 1295/15/405 1297/15/405 1298/15/405
f 1299/15/285 1300/15/285 1301/15/285
f 1299/15/285 1301/15/285 1302/15/285
f 1303/16/396 1304/16/396 1305/16/396
f 1303/16/396 1305/16/396 1306/16/396
f 1307/17/406 1308/17/406 1309/17/406
f 1307/17/406 1309/17/406 1310/17/406
f 1311/14/396 1312/14/396 1313/14/396
f 1311/14/396 1313/14/396 1314/14/396
f 1315/14/407 1316/14/407 1317/14/407
f 1315/14/407 1317/14/407 1318/14/407
s 1
f 1319/16/408 1320/16/408 1321/16/408
f 1319/16/408 1321/16/408 1322/16/408
f 1323/16/409 1324/16/410 1325/16/410
f 1323/16/409 1325/16/410 1326/16/409
f 1327/15/411 1328/15/411 1329/15/411
f 1327/15/411 1329/15/411 1330/15/412
f 1331/15/413 1332/15/413 1333/15/413
f 1331/15/413 1333/15/413 1334/15/414
f 1335/16/415 1336/16/415 1337/16/415
f 1335/16/415 1337/16/415 1338/16/415
f 1339/15/416 1340/15/417 1341/15/418
f 1339/15/416 1341/15/418 1342/15/417
f 1343/15/419 1344/15/420 1345/15/421
f 1343/15/419 1345/15/421 1346/15/421
f 1347/17/422 1348/17/423 1349/17/422
f 1347/17/422 1349/17/422 1350/17/422
f 1351/14/424 1352/14/424 1353/14/425
f 1351/14/424 1353/14/425 1354/14/424
f 1355/14/426 1356/14/427 1357/14/427
f 1355/14/426 1357/14/427 1358/14/426
f 1359/18/428 1360/18/429 1361/18/428
f 1359/18/428 1361/18/428 1362/18/428
f 1363/15/430 1364/15/431 1365/15/432
f 1363/15/430 1365/15/432 1366/15/430
f 1367/15/433 1368/15/434 1369/15/434
f 1367/15/433 1369/15/434 1370/15/433
f 1371/15/435 1372/15/436 1373/15/437
f 1371/15/435 1373/15/437 1374/15/436
f 1375/15/438 1376/15/439 1377/15/440
f 1375/15/438 1377/15/440 1378/15/438
f 1379/15/441 1380/15/442 1381/15/441
f 1379/15/441 1381/15/441 1382/15/443
f 1383/15/444 1384/15/444 1385/15/444
f 1383/15/444 1385/15/444 1386/15/444
f 1387/15/445 1388/15/445 1389/15/445
f 1387/15/445 1389/15/445 1390/15/446
f 1391/15/447 1392/15/447 1393/15/447
f 1391/15/447 1393/15/447 1394/15/447
f 1395/16/448 1396/16/449 1397/16/448
f 1395/16/448 1397/16/448 1398/16/448
s 0
f 1399/15/450 1400/15/450 1401/15/451
f 1399/15/452 1401/15/453 1402/15/451
s 1
f 1403/15/454 1404/15/454 1405/15/454
f 1403/15/454 1405/15/454 1406/15/454
f 1407/16/455 1408/16/456 1409/16/456
f 1407/16/455 1409/16/456 1410/16/455
f 1411/15/457 1412/15/457 1413/15/457
f 1411/15/457 1413/15/457 1414/15/457
f 1415/15/458 1416/15/458 1417/15/459
f 1415/15/458 1417/15/459 1418/15/458
f 1419/15/460 1420/15/460 1421/15/460
f 1419/15/460 1421/15/460 1422/15/460
f 1423/16/461 1424/16/462 1425/16/463
f 1423/16/461 1425/16/463 1426/16/462
f 1427/15/464 1428/15/465 1429/15/466
f 1427/15/464 1429/15/466 1430/15/465
f 1431/15/467 1432/15/468 1433/15/467
f 1431/15/467 1433/15/467 1434/15/467
f 1435/15/469 1436/15/470 1437/15/470
f 1435/15/469 1437/15/470 1438/15/469
f 1439/16/471 1440/16/472 1441/16/472
f 1439/16/471 1441/16/472 1442/16/473
f 1443/15/474 1444/15/475 1445/15/476
f 1443/15/474 1445/15/476 1446/15/474
f 1447/16/477 1448/16/478 1449/16/479
f 1447/16/477 1449/16/479 1450/16/477
f 1451/15/480 1452/15/480 1453/15/480
f 1451/15/480 1453/15/480 1454/15/481
f 1455/16/482 1456/16/482 1457/19/482
f 1455/16/482 1457/19/482 1458/16/482
f 1459/15/483 1460/15/483 1461/15/483
f 1459/15/483 1461/15/483 1462/15/484
f 1463/14/485 1464/14/485 1465/14/486
f 1463/14/485 1465/14/486 1466/14/485
f 1467/14/487 1468/14/487 1469/14/487
f 1467/14/487 1469/14/487 1470/14/487
f 1471/14/488 1472/14/489 1473/14/489
f 1471/14/488 1473/14/489 1474/14/489
f 1475/14/490 1476/14/490 1477/14/490
f 1475/14/490 1477/14/490 1478/14/491
f 1479/17/492 1480/21/492 1481/20/492
f 1479/17/492 1481/20/492 1482/17/492
f 1483/14/493 1484/14/494 1485/14/495
f 1483/14/493 1485/14/495 1486/14/493
f 1487/14/496 1488/14/496 1489/14/497
f 1487/14/496 1489/14/497 1490/14/497
f 1491/15/498 1492/15/499 1493/15/499
f 1491/15/498 1493/15/499 1494/15/498
s 0
f 1217/22/385 1495/16/385 1496/16/385
f 1217/22/385 1496/16/385 1218/16/385
f 1497/16/386 1498/16/386 1499/16/386
f 1497/16/386 1499/16/386 1500/16/386
f 1225/16/387 1501/16/387 1502/16/387
f 1225/16/387 1502/16/387 1226/22/387
f 1503/15/388 1504/15/388 1505/15/388
f 1503/15/388 1505/15/388 1506/15/388
f 1507/15/389 1508/23/389 1509/15/389
f 1507/15/389 1509/15/389 1510/15/389
f 1511/16/390 1512/16/390 1513/16/390
f 1511/16/390 1513/16/390 1514/16/390
f 1515/14/500 1516/14/500 1517/14/500
f 1515/14/500 1517/14/500 1518/14/500
s 1
f 1519/19/501 1520/16/502 1521/16/503
f 1519/19/501 1521/16/503 1522/16/501
f 1523/17/504 1524/17/504 1525/17/504
f 1523/17/504 1525/17/504 1526/17/504
f 1527/17/505 1528/21/505 1529/17/505
f 1527/17/505 1529/17/505 1530/17/505
o bike_pedal_dummyProp_0
v -0.082114 0.266616 -0.109042
v -0.082114 0.232206 -0.109364
v -0.082114 0.232356 -0.072941
v -0.082114 0.265881 -0.074101
v -0.058169 0.266616 -0.109042
v -0.058169 0.232206 -0.109364
v -0.082114 0.232206 -0.109364
v -0.082114 0.266616 -0.109042
v -0.074787 0.051601 -0.098701
v -0.074787 0.051663 -0.083604
v -0.084712 0.051663 -0.083604
v -0.084712 0.051601 -0.098701
v -0.058169 0.232356 -0.072941
v -0.058169 0.265881 -0.074101
v -0.082114 0.265881 -0.074101
v -0.082114 0.232356 -0.072941
v -0.058169 0.265881 -0.074101
v -0.058169 0.266616 -0.109042
v -0.082114 0.266616 -0.109042
v -0.082114 0.265881 -0.074101
v -0.058169 0.265881 -0.074101
v -0.058169 0.232356 -0.072941
v -0.058169 0.232206 -0.109364
v -0.058169 0.266616 -0.109042
v -0.082114 0.232356 -0.072941
v -0.082114 0.232206 -0.109364
v -0.084712 0.051601 -0.098701
v -0.084712 0.051663 -0.083604
v -0.082114 0.232206 -0.109364
v -0.058169 0.232206 -0.109364
v -0.074787 0.051601 -0.098701
v -0.084712 0.051601 -0.098701
v -0.058169 0.232206 -0.109364
v -0.058169 0.232356 -0.072941
v -0.074787 0.051663 -0.083604
v -0.074787 0.051601 -0.098701
v -0.058169 0.232356 -0.072941
v -0.082114 0.232356 -0.072941
v -0.084712 0.051663 -0.083604
v -0.074787 0.051663 -0.083604
v 0.082077 0.248876 -0.108143
v 0.082077 0.283286 -0.108465
v 0.082077 0.283136 -0.072042
v 0.082077 0.249611 -0.073202
v 0.058132 0.248876 -0.108143
v 0.058132 0.283286 -0.108465
v 0.082077 0.283286 -0.108465
v 0.082077 0.248876 -0.108143
v 0.074750 0.463891 -0.097802
v 0.074750 0.463829 -0.082705
v 0.084675 0.463829 -0.082705
v 0.084675 0.463891 -0.097802
v 0.058132 0.283136 -0.072042
v 0.058132 0.249611 -0.073202
v 0.082077 0.249611 -0.073202
v 0.082077 0.283136 -0.072042
v 0.058132 0.249611 -0.073202
v 0.058132 0.248876 -0.108143
v 0.082077 0.248876 -0.108143
v 0.082077 0.249611 -0.073202
v 0.058132 0.249611 -0.073202
v 0.058132 0.283136 -0.072042
v 0.058132 0.283286 -0.108465
v 0.058132 0.248876 -0.108143
v 0.082077 0.283136 -0.072042
v 0.082077 0.283286 -0.108465
v 0.084675 0.463891 -0.097802
v 0.084675 0.463829 -0.082705
v 0.082077 0.283286 -0.108465
v 0.058132 0.283286 -0.108465
v 0.074750 0.463891 -0.097802
v 0.084675 0.463891 -0.097802
v 0.058132 0.283286 -0.108465
v 0.058132 0.283136 -0.072042
v 0.074750 0.463829 -0.082705
v 0.074750 0.463891 -0.097802
v 0.058132 0.283136 -0.072042
v 0.082077 0.283136 -0.072042
v 0.084675 0.463829 -0.082705
v 0.074750 0.463829 -0.082705
vn -1.0000 -0.0000 -0.0000
vn -0.0000 0.0093 -1.0000
vn -0.0000 -1.0000 0.0041
vn -0.0000 0.0346 0.9994
vn -0.0000 0.9998 0.0210
vn 1.0000 -0.0000 -0.0000
vn -0.9999 0.0144 -0.0001
vn -0.0000 -0.0589 -0.9983
vn 0.9958 -0.0916 0.0004
vn -0.0000 -0.0589 0.9983
vn -0.0000 -0.0093 -1.0000
vn -0.0000 1.0000 0.0041
vn -0.0000 -0.0346 0.9994
vn -0.0000 -0.9998 0.0210
vn 0.9999 -0.0144 -0.0001
vn -0.0000 0.0589 -0.9983
vn -0.9958 0.0916 0.0004
vn -0.0000 0.0589 0.9983
vt 0.137500 0.506250
vt 0.403125 0.675000
s 0
usemtl dummyProp
f 1531/24/506 1532/24/506 1533/24/506
f 1531/24/506 1533/24/506 1534/24/506
f 1535/24/507 1536/24/507 1537/24/507
f 1535/24/507 1537/24/507 1538/24/507
f 1539/24/508 1540/24/508 1541/24/508
f 1539/24/508 1541/24/508 1542/24/508
f 1543/24/509 1544/24/509 1545/24/509
f 1543/24/509 1545/24/509 1546/24/509
f 1547/24/510 1548/24/510 1549/24/510
f 1547/24/510 1549/24/510 1550/24/510
f 1551/24/511 1552/24/511 1553/24/511
f 1551/24/511 1553/24/511 1554/24/511
f 1555/24/512 1556/24/512 1557/24/512
f 1555/24/512 1557/24/512 1558/24/512
f 1559/24/513 1560/24/513 1561/24/513
f 1559/24/513 1561/24/513 1562/24/513
f 1563/25/514 1564/25/514 1565/25/514
f 1563/25/514 1565/25/514 1566/25/514
f 1567/24/515 1568/24/515 1569/24/515
f 1567/24/515 1569/24/515 1570/24/515
f 1571/24/511 1572/24/511 1573/24/511
f 1571/24/511 1573/24/511 1574/24/511
f 1575/24/516 1576/24/516 1577/24/516
f 1575/24/516 1577/24/516 1578/24/516
f 1579/24/517 1580/24/517 1581/24/517
f 1579/24/517 1581/24/517 1582/24/517
f 1583/24/518 1584/24/518 1585/24/518
f 1583/24/518 1585/24/518 1586/24/518
f 1587/24/519 1588/24/519 1589/24/519
f 1587/24/519 1589/24/519 1590/24/519
f 1591/24/506 1592/24/506 1593/24/506
f 1591/24/506 1593/24/506 1594/24/506
f 1595/24/520 1596/24/520 1597/24/520
f 1595/24/520 1597/24/520 1598/24/520
f 1599/24/521 1600/24/521 1601/24/521
f 1599/24/521 1601/24/521 1602/24/521
f 1603/25/522 1604/25/522 1605/25/522
f 1603/25/522 1605/25/522 1606/25/522
f 1607/24/523 1608/24/523 1609/24/523
f 1607/24/523 1609/24/523 1610/24/523
o bike_pedalFootR_dummyProp_0
v -0.183042 0.046626 -0.053611
v -0.183042 0.046626 -0.129211
v -0.085292 0.046626 -0.129211
v -0.085292 0.046626 -0.053611
v -0.183042 0.063227 -0.053611
v -0.085292 0.063227 -0.053611
v -0.085292 0.063226 -0.129211
v -0.183042 0.063226 -0.129211
v -0.183042 0.046626 -0.053611
v -0.085292 0.046626 -0.053611
v -0.085292 0.063227 -0.053611
v -0.183042 0.063227 -0.053611
v -0.085292 0.046626 -0.053611
v -0.085292 0.046626 -0.129211
v -0.085292 0.063226 -0.129211
v -0.085292 0.063227 -0.053611
v -0.085292 0.046626 -0.129211
v -0.183042 0.046626 -0.129211
v -0.183042 0.063226 -0.129211
v -0.085292 0.063226 -0.129211
v -0.183042 0.046626 -0.129211
v -0.183042 0.046626 -0.053611
v -0.183042 0.063227 -0.053611
v -0.183042 0.063226 -0.129211
vn -0.0000 -1.0000 -0.0000
vn -0.0000 1.0000 -0.0000
vn -0.0000 -0.0000 1.0000
vn 1.0000 -0.0000 -0.0000
vn -0.0000 -0.0000 -1.0000
vn -1.0000 -0.0000 -0.0000
vt 0.890625 0.600000
s 0
usemtl dummyProp
f 1611/26/524 1612/26/524 1613/26/524
f 1611/26/524 1613/26/524 1614/26/524
f 1615/26/525 1616/26/525 1617/26/525
f 1615/26/525 1617/26/525 1618/26/525
f 1619/26/526 1620/26/526 1621/26/526
f 1619/26/526 1621/26/526 1622/26/526
f 1623/26/527 1624/26/527 1625/26/527
f 1623/26/527 1625/26/527 1626/26/527
f 1627/26/528 1628/26/528 1629/26/528
f 1627/26/528 1629/26/528 1630/26/528
f 1631/26/529 1632/26/529 1633/26/529
f 1631/26/529 1633/26/529 1634/26/529
o bike_pedalFootL_dummyProp_0
v 0.183005 0.468865 -0.052712
v 0.183005 0.468865 -0.128312
v 0.085255 0.468865 -0.128312
v 0.085255 0.468865 -0.052712
v 0.183005 0.452265 -0.052712
v 0.085255 0.452265 -0.052712
v 0.085255 0.452265 -0.128312
v 0.183005 0.452265 -0.128312
v 0.183005 0.468865 -0.052712
v 0.085255 0.468865 -0.052712
v 0.085255 0.452265 -0.052712
v 0.183005 0.452265 -0.052712
v 0.085255 0.468865 -0.052712
v 0.085255 0.468865 -0.128312
v 0.085255 0.452265 -0.128312
v 0.085255 0.452265 -0.052712
v 0.085255 0.468865 -0.128312
v 0.183005 0.468865 -0.128312
v 0.183005 0.452265 -0.128312
v 0.085255 0.452265 -0.128312
v 0.183005 0.468865 -0.128312
v 0.183005 0.468865 -0.052712
v 0.183005 0.452265 -0.052712
v 0.183005 0.452265 -0.128312
vn -0.0000 1.0000 -0.0000
vn -0.0000 -1.0000 -0.0000
vn -0.0000 -0.0000 1.0000
vn -1.0000 -0.0000 -0.0000
vn -0.0000 -0.0000 -1.0000
vn 1.0000 -0.0000 -0.0000
vt 0.890625 0.600000
s 0
usemtl dummyProp
f 1635/27/530 1636/27/530 1637/27/530
f 1635/27/530 1637/27/530 1638/27/530
f 1639/27/531 1640/27/531 1641/27/531
f 1639/27/531 1641/27/531 1642/27/531
f 1643/27/532 1644/27/532 1645/27/532
f 1643/27/532 1645/27/532 1646/27/532
f 1647/27/533 1648/27/533 1649/27/533
f 1647/27/533 1649/27/533 1650/27/533
f 1651/27/534 1652/27/534 1653/27/534
f 1651/27/534 1653/27/534 1654/27/534
f 1655/27/535 1656/27/535 1657/27/535
f 1655/27/535 1657/27/535 1658/27/535
o bike_tyre2_dummyProp_0
v 0.020355 0.566077 -0.495278
v 0.012768 0.590143 -0.495278
v 0.012768 0.567939 -0.383654
v 0.020355 0.545706 -0.392863
v 0.012768 0.590143 -0.495278
v -0.012465 0.590363 -0.495278
v -0.012465 0.568143 -0.383569
v 0.012768 0.567939 -0.383654
v -0.012465 0.590363 -0.495278
v -0.020471 0.566434 -0.495278
v -0.020471 0.546035 -0.392727
v -0.012465 0.568143 -0.383569
v -0.020471 0.566434 -0.495278
v -0.000187 0.551424 -0.495278
v -0.000187 0.532168 -0.398471
v -0.020471 0.546035 -0.392727
v -0.000187 0.551424 -0.495278
v 0.020355 0.566077 -0.495278
v 0.020355 0.545706 -0.392863
v -0.000187 0.532168 -0.398471
v 0.020355 0.545706 -0.392863
v 0.012768 0.567939 -0.383654
v 0.012768 0.504709 -0.289023
v 0.020355 0.487692 -0.306039
v 0.012768 0.567939 -0.383654
v -0.012465 0.568143 -0.383569
v -0.012465 0.504865 -0.288867
v 0.012768 0.504709 -0.289023
v -0.012465 0.568143 -0.383569
v -0.020471 0.546035 -0.392727
v -0.020471 0.487944 -0.305787
v -0.012465 0.504865 -0.288867
v -0.020471 0.546035 -0.392727
v -0.000187 0.532168 -0.398471
v -0.000187 0.477331 -0.316401
v -0.020471 0.487944 -0.305787
v -0.000187 0.532168 -0.398471
v 0.020355 0.545706 -0.392863
v 0.020355 0.487692 -0.306039
v -0.000187 0.477331 -0.316401
v 0.020355 0.487692 -0.306039
v 0.012768 0.504709 -0.289023
v 0.012768 0.410078 -0.225792
v 0.020355 0.400868 -0.248026
v 0.012768 0.504709 -0.289023
v -0.012465 0.504865 -0.288867
v -0.012465 0.410162 -0.225589
v 0.012768 0.410078 -0.225792
v -0.012465 0.504865 -0.288867
v -0.020471 0.487944 -0.305787
v -0.020471 0.401005 -0.247697
v -0.012465 0.410162 -0.225589
v -0.020471 0.487944 -0.305787
v -0.000187 0.477331 -0.316401
v -0.000187 0.395261 -0.261563
v -0.020471 0.401005 -0.247697
v -0.000187 0.477331 -0.316401
v 0.020355 0.487692 -0.306039
v 0.020355 0.400868 -0.248026
v -0.000187 0.395261 -0.261563
v 0.020355 0.400868 -0.248026
v 0.012768 0.410078 -0.225792
v 0.012768 0.298453 -0.203589
v 0.020355 0.298453 -0.227654
v 0.012768 0.410078 -0.225792
v -0.012465 0.410162 -0.225589
v -0.012465 0.298453 -0.203368
v 0.012768 0.298453 -0.203589
v -0.012465 0.410162 -0.225589
v -0.020471 0.401005 -0.247697
v -0.020471 0.298453 -0.227298
v -0.012465 0.298453 -0.203368
v -0.020471 0.401005 -0.247697
v -0.000187 0.395261 -0.261563
v -0.000187 0.298453 -0.242307
v -0.020471 0.298453 -0.227298
v -0.000187 0.395261 -0.261563
v 0.020355 0.400868 -0.248026
v 0.020355 0.298453 -0.227654
v -0.000187 0.298453 -0.242307
v 0.020355 0.298453 -0.227654
v 0.012768 0.298453 -0.203589
v 0.012768 0.186828 -0.225792
v 0.020356 0.196038 -0.248026
v 0.012768 0.298453 -0.203589
v -0.012465 0.298453 -0.203368
v -0.012465 0.186744 -0.225589
v 0.012768 0.186828 -0.225792
v -0.012465 0.298453 -0.203368
v -0.020471 0.298453 -0.227298
v -0.020471 0.195901 -0.247697
v -0.012465 0.186744 -0.225589
v -0.020471 0.298453 -0.227298
v -0.000187 0.298453 -0.242307
v -0.000187 0.201645 -0.261563
v -0.020471 0.195901 -0.247697
v -0.000187 0.298453 -0.242307
v 0.020355 0.298453 -0.227654
v 0.020356 0.196038 -0.248026
v -0.000187 0.201645 -0.261563
v 0.020356 0.196038 -0.248026
v 0.012768 0.186828 -0.225792
v 0.012768 0.092197 -0.289023
v 0.020356 0.109214 -0.306039
v 0.012768 0.186828 -0.225792
v -0.012465 0.186744 -0.225589
v -0.012465 0.092041 -0.288867
v 0.012768 0.092197 -0.289023
v -0.012465 0.186744 -0.225589
v -0.020471 0.195901 -0.247697
v -0.020471 0.108962 -0.305787
v -0.012465 0.092041 -0.288867
v -0.020471 0.195901 -0.247697
v -0.000187 0.201645 -0.261563
v -0.000187 0.119575 -0.316401
v -0.020471 0.108962 -0.305787
v -0.000187 0.201645 -0.261563
v 0.020356 0.196038 -0.248026
v 0.020356 0.109214 -0.306039
v -0.000187 0.119575 -0.316401
v 0.020356 0.109214 -0.306039
v 0.012768 0.092197 -0.289023
v 0.012768 0.028967 -0.383654
v 0.020356 0.051200 -0.392863
v 0.012768 0.092197 -0.289023
v -0.012465 0.092041 -0.288867
v -0.012465 0.028763 -0.383569
v 0.012768 0.028967 -0.383654
v -0.012465 0.092041 -0.288867
v -0.020471 0.108962 -0.305787
v -0.020471 0.050871 -0.392727
v -0.012465 0.028763 -0.383569
v -0.020471 0.108962 -0.305787
v -0.000187 0.119575 -0.316401
v -0.000187 0.064738 -0.398470
v -0.020471 0.050871 -0.392727
v -0.000187 0.119575 -0.316401
v 0.020356 0.109214 -0.306039
v 0.020356 0.051200 -0.392863
v -0.000187 0.064738 -0.398470
v 0.020356 0.051200 -0.392863
v 0.012768 0.028967 -0.383654
v 0.012768 0.006763 -0.495278
v 0.020356 0.030829 -0.495278
v 0.012768 0.028967 -0.383654
v -0.012465 0.028763 -0.383569
v -0.012465 0.006543 -0.495278
v 0.012768 0.006763 -0.495278
v -0.012465 0.028763 -0.383569
v -0.020471 0.050871 -0.392727
v -0.020471 0.030472 -0.495278
v -0.012465 0.006543 -0.495278
v -0.020471 0.050871 -0.392727
v -0.000187 0.064738 -0.398470
v -0.000187 0.045482 -0.495278
v -0.020471 0.030472 -0.495278
v -0.000187 0.064738 -0.398470
v 0.020356 0.051200 -0.392863
v 0.020356 0.030829 -0.495278
v -0.000187 0.045482 -0.495278
v 0.020356 0.030829 -0.495278
v 0.012768 0.006763 -0.495278
v 0.012768 0.028967 -0.606903
v 0.020356 0.051200 -0.597694
v 0.012768 0.006763 -0.495278
v -0.012465 0.006543 -0.495278
v -0.012465 0.028763 -0.606988
v 0.012768 0.028967 -0.606903
v -0.012465 0.006543 -0.495278
v -0.020471 0.030472 -0.495278
v -0.020471 0.050871 -0.597830
v -0.012465 0.028763 -0.606988
v -0.020471 0.030472 -0.495278
v -0.000187 0.045482 -0.495278
v -0.000187 0.064738 -0.592086
v -0.020471 0.050871 -0.597830
v -0.000187 0.045482 -0.495278
v 0.020356 0.030829 -0.495278
v 0.020356 0.051200 -0.597694
v -0.000187 0.064738 -0.592086
v 0.020356 0.051200 -0.597694
v 0.012768 0.028967 -0.606903
v 0.012768 0.092197 -0.701534
v 0.020356 0.109214 -0.684517
v 0.012768 0.028967 -0.606903
v -0.012465 0.028763 -0.606988
v -0.012465 0.092041 -0.701690
v 0.012768 0.092197 -0.701534
v -0.012465 0.028763 -0.606988
v -0.020471 0.050871 -0.597830
v -0.020471 0.108962 -0.684769
v -0.012465 0.092041 -0.701690
v -0.020471 0.050871 -0.597830
v -0.000187 0.064738 -0.592086
v -0.000187 0.119575 -0.674156
v -0.020471 0.108962 -0.684769
v -0.000187 0.064738 -0.592086
v 0.020356 0.051200 -0.597694
v 0.020356 0.109214 -0.684517
v -0.000187 0.119575 -0.674156
v 0.020356 0.109214 -0.684517
v 0.012768 0.092197 -0.701534
v 0.012768 0.186828 -0.764765
v 0.020356 0.196038 -0.742531
v 0.012768 0.092197 -0.701534
v -0.012465 0.092041 -0.701690
v -0.012465 0.186744 -0.764968
v 0.012768 0.186828 -0.764765
v -0.012465 0.092041 -0.701690
v -0.020471 0.108962 -0.684769
v -0.020471 0.195901 -0.742860
v -0.012465 0.186744 -0.764968
v -0.020471 0.108962 -0.684769
v -0.000187 0.119575 -0.674156
v -0.000187 0.201645 -0.728993
v -0.020471 0.195901 -0.742860
v -0.000187 0.119575 -0.674156
v 0.020356 0.109214 -0.684517
v 0.020356 0.196038 -0.742531
v -0.000187 0.201645 -0.728993
v 0.020356 0.196038 -0.742531
v 0.012768 0.186828 -0.764765
v 0.012768 0.298453 -0.786968
v 0.020356 0.298453 -0.762903
v 0.012768 0.186828 -0.764765
v -0.012465 0.186744 -0.764968
v -0.012465 0.298453 -0.787188
v 0.012768 0.298453 -0.786968
v -0.012465 0.186744 -0.764968
v -0.020471 0.195901 -0.742860
v -0.020471 0.298453 -0.763259
v -0.012465 0.298453 -0.787188
v -0.020471 0.195901 -0.742860
v -0.000187 0.201645 -0.728993
v -0.000187 0.298453 -0.748250
v -0.020471 0.298453 -0.763259
v -0.000187 0.201645 -0.728993
v 0.020356 0.196038 -0.742531
v 0.020356 0.298453 -0.762903
v -0.000187 0.298453 -0.748250
v 0.020356 0.298453 -0.762903
v 0.012768 0.298453 -0.786968
v 0.012768 0.410078 -0.764765
v 0.020356 0.400868 -0.742531
v 0.012768 0.298453 -0.786968
v -0.012465 0.298453 -0.787188
v -0.012465 0.410162 -0.764968
v 0.012768 0.410078 -0.764765
v -0.012465 0.298453 -0.787188
v -0.020471 0.298453 -0.763259
v -0.020471 0.401005 -0.742860
v -0.012465 0.410162 -0.764968
v -0.020471 0.298453 -0.763259
v -0.000187 0.298453 -0.748250
v -0.000187 0.395261 -0.728993
v -0.020471 0.401005 -0.742860
v -0.000187 0.298453 -0.748250
v 0.020356 0.298453 -0.762903
v 0.020356 0.400868 -0.742531
v -0.000187 0.395261 -0.728993
v 0.020356 0.400868 -0.742531
v 0.012768 0.410078 -0.764765
v 0.012768 0.504709 -0.701534
v 0.020356 0.487692 -0.684517
v 0.012768 0.410078 -0.764765
v -0.012465 0.410162 -0.764968
v -0.012465 0.504864 -0.701690
v 0.012768 0.504709 -0.701534
v -0.012465 0.410162 -0.764968
v -0.020471 0.401005 -0.742860
v -0.020471 0.487944 -0.684769
v -0.012465 0.504864 -0.701690
v -0.020471 0.401005 -0.742860
v -0.000187 0.395261 -0.728993
v -0.000187 0.477331 -0.674156
v -0.020471 0.487944 -0.684769
v -0.000187 0.395261 -0.728993
v 0.020356 0.400868 -0.742531
v 0.020356 0.487692 -0.684517
v -0.000187 0.477331 -0.674156
v 0.020356 0.487692 -0.684517
v 0.012768 0.504709 -0.701534
v 0.012768 0.567939 -0.606903
v 0.020356 0.545706 -0.597694
v 0.012768 0.504709 -0.701534
v -0.012465 0.504864 -0.701690
v -0.012465 0.568143 -0.606988
v 0.012768 0.567939 -0.606903
v -0.012465 0.504864 -0.701690
v -0.020471 0.487944 -0.684769
v -0.020471 0.546035 -0.597830
v -0.012465 0.568143 -0.606988
v -0.020471 0.487944 -0.684769
v -0.000187 0.477331 -0.674156
v -0.000187 0.532168 -0.592086
v -0.020471 0.546035 -0.597830
v -0.000187 0.477331 -0.674156
v 0.020356 0.487692 -0.684517
v 0.020356 0.545706 -0.597694
v -0.000187 0.532168 -0.592086
v 0.020356 0.545706 -0.597694
v 0.012768 0.567939 -0.606903
v 0.012768 0.590143 -0.495278
v 0.020355 0.566077 -0.495278
v 0.012768 0.567939 -0.606903
v -0.012465 0.568143 -0.606988
v -0.012465 0.590363 -0.495278
v 0.012768 0.590143 -0.495278
v -0.012465 0.568143 -0.606988
v -0.020471 0.546035 -0.597830
v -0.020471 0.566434 -0.495278
v -0.012465 0.590363 -0.495278
v -0.020471 0.546035 -0.597830
v -0.000187 0.532168 -0.592086
v -0.000187 0.551424 -0.495278
v -0.020471 0.566434 -0.495278
v -0.000187 0.532168 -0.592086
v 0.020356 0.545706 -0.597694
v 0.020355 0.566077 -0.495278
v -0.000187 0.551424 -0.495278
vn 0.9520 0.3002 0.0597
vn 0.0086 0.9807 0.1951
vn -0.9464 0.3167 0.0630
vn -0.5874 -0.7938 -0.1579
vn 0.5732 -0.8036 -0.1599
vn 0.9520 0.2545 0.1700
vn 0.0086 0.8314 0.5555
vn -0.9464 0.2685 0.1794
vn -0.5874 -0.6729 -0.4496
vn 0.5732 -0.6813 -0.4552
vn 0.9520 0.1700 0.2545
vn 0.0086 0.5555 0.8314
vn -0.9464 0.1794 0.2685
vn -0.5874 -0.4496 -0.6729
vn 0.5732 -0.4552 -0.6813
vn 0.9520 0.0597 0.3002
vn 0.0086 0.1951 0.9807
vn -0.9464 0.0630 0.3167
vn -0.5874 -0.1579 -0.7938
vn 0.5732 -0.1599 -0.8036
vn 0.9520 -0.0597 0.3002
vn 0.0086 -0.1951 0.9807
vn -0.9464 -0.0630 0.3167
vn -0.5874 0.1579 -0.7938
vn 0.5732 0.1599 -0.8036
vn 0.9520 -0.1700 0.2545
vn 0.0086 -0.5555 0.8314
vn 0.0086 -0.5556 0.8314
vn -0.9464 -0.1794 0.2685
vn -0.5874 0.4496 -0.6729
vn 0.5732 0.4552 -0.6813
vn 0.9520 -0.2545 0.1700
vn 0.0086 -0.8314 0.5556
vn 0.0086 -0.8314 0.5555
vn -0.9464 -0.2685 0.1794
vn -0.5874 0.6729 -0.4496
vn 0.5732 0.6813 -0.4552
vn 0.9520 -0.3002 0.0597
vn 0.0086 -0.9807 0.1951
vn -0.9464 -0.3167 0.0630
vn -0.5874 0.7938 -0.1579
vn 0.5732 0.8036 -0.1599
vn 0.9520 -0.3002 -0.0597
vn 0.0086 -0.9807 -0.1951
vn -0.9464 -0.3167 -0.0630
vn -0.5874 0.7938 0.1579
vn 0.5732 0.8036 0.1599
vn 0.9520 -0.2545 -0.1700
vn 0.0086 -0.8314 -0.5556
vn -0.9464 -0.2685 -0.1794
vn -0.5874 0.6729 0.4496
vn 0.5732 0.6813 0.4552
vn 0.9520 -0.1700 -0.2545
vn 0.0086 -0.5556 -0.8314
vn 0.0086 -0.5555 -0.8314
vn -0.9464 -0.1794 -0.2685
vn -0.5874 0.4496 0.6729
vn 0.5732 0.4552 0.6813
vn 0.9520 -0.0597 -0.3002
vn 0.0086 -0.1951 -0.9807
vn -0.9464 -0.0630 -0.3167
vn -0.5874 0.1579 0.7938
vn 0.5732 0.1599 0.8036
vn 0.9520 0.0597 -0.3002
vn 0.0086 0.1951 -0.9807
vn -0.9464 0.0630 -0.3167
vn -0.5874 -0.1579 0.7938
vn 0.5732 -0.1599 0.8036
vn 0.9520 0.1700 -0.2545
vn 0.0086 0.5555 -0.8314
vn -0.9464 0.1794 -0.2685
vn -0.5874 -0.4496 0.6729
vn 0.5732 -0.4552 0.6813
vn 0.9520 0.2545 -0.1700
vn 0.0086 0.8314 -0.5556
vn -0.9464 0.2685 -0.1794
vn -0.5874 -0.6729 0.4496
vn 0.5732 -0.6813 0.4552
vn 0.9520 0.3002 -0.0597
vn 0.0086 0.9807 -0.1951
vn -0.9464 0.3167 -0.0630
vn -0.5874 -0.7938 0.1579
vn 0.5732 -0.8036 0.1599
vt 0.884375 0.590625
vt 0.343750 0.646875
s 0
usemtl dummyProp
f 1659/28/536 1660/28/536 1661/28/536
f 1659/28/536 1661/28/536 1662/28/536
f 1663/28/537 1664/28/537 1665/28/537
s 1
f 1663/28/537 1665/28/537 1666/28/537
s 0
f 1667/28/538 1668/28/538 1669/28/538
f 1667/28/538 1669/28/538 1670/28/538
f 1671/29/539 1672/29/539 1673/29/539
f 1671/29/539 1673/29/539 1674/29/539
s 1
f 1675/29/540 1676/29/540 1677/29/540
s 0
f 1675/29/540 1677/29/540 1678/29/540
f 1679/28/541 1680/28/541 1681/28/541
f 1679/28/541 1681/28/541 1682/28/541
f 1683/28/542 1684/28/542 1685/28/542
f 1683/28/542 1685/28/542 1686/28/542
f 1687/28/543 1688/28/543 1689/28/543
f 1687/28/543 1689/28/543 1690/28/543
f 1691/29/544 1692/29/544 1693/29/544
f 1691/29/544 1693/29/544 1694/29/544
f 1695/29/545 1696/29/545 1697/29/545
f 1695/29/545 1697/29/545 1698/29/545
f 1699/28/546 1700/28/546 1701/28/546
f 1699/28/546 1701/28/546 1702/28/546
f 1703/28/547 1704/28/547 1705/28/547
f 1703/28/547 1705/28/547 1706/28/547
f 1707/28/548 1708/28/548 1709/28/548
f 1707/28/548 1709/28/548 1710/28/548
f 1711/29/549 1712/29/549 1713/29/549
f 1711/29/549 1713/29/549 1714/29/549
f 1715/29/550 1716/29/550 1717/29/550
f 1715/29/550 1717/29/550 1718/29/550
f 1719/28/551 1720/28/551 1721/28/551
f 1719/28/551 1721/28/551 1722/28/551
f 1723/28/552 1724/28/552 1725/28/552
f 1723/28/552 1725/28/552 1726/28/552
f 1727/28/553 1728/28/553 1729/28/553
f 1727/28/553 1729/28/553 1730/28/553
f 1731/29/554 1732/29/554 1733/29/554
f 1731/29/554 1733/29/554 1734/29/554
f 1735/29/555 1736/29/555 1737/29/555
f 1735/29/555 1737/29/555 1738/29/555
f 1739/28/556 1740/28/556 1741/28/556
s 1
f 1739/28/556 1741/28/556 1742/28/556
s 0
f 1743/28/557 1744/28/557 1745/28/557
s 1
f 1743/28/557 1745/28/557 1746/28/557
s 0
f 1747/28/558 1748/28/558 1749/28/558
f 1747/28/558 1749/28/558 1750/28/558
f 1751/29/559 1752/29/559 1753/29/559
f 1751/29/559 1753/29/559 1754/29/559
f 1755/29/560 1756/29/560 1757/29/560
f 1755/29/560 1757/29/560 1758/29/560
f 1759/28/561 1760/28/561 1761/28/561
f 1759/28/561 1761/28/561 1762/28/561
f 1763/28/562 1764/28/562 1765/28/562
f 1763/28/563 1765/28/563 1766/28/563
f 1767/28/564 1768/28/564 1769/28/564
f 1767/28/564 1769/28/564 1770/28/564
f 1771/29/565 1772/29/565 1773/29/565
f 1771/29/565 1773/29/565 1774/29/565
f 1775/29/566 1776/29/566 1777/29/566
f 1775/29/566 1777/29/566 1778/29/566
f 1779/28/567 1780/28/567 1781/28/567
f 1779/28/567 1781/28/567 1782/28/567
f 1783/28/568 1784/28/568 1785/28/568
f 1783/28/569 1785/28/569 1786/28/569
f 1787/28/570 1788/28/570 1789/28/570
f 1787/28/570 1789/28/570 1790/28/570
f 1791/29/571 1792/29/571 1793/29/571
f 1791/29/571 1793/29/571 1794/29/571
f 1795/29/572 1796/29/572 1797/29/572
s 1
f 1795/29/572 1797/29/572 1798/29/572
s 0
f 1799/28/573 1800/28/573 1801/28/573
f 1799/28/573 1801/28/573 1802/28/573
f 1803/28/574 1804/28/574 1805/28/574
f 1803/28/574 1805/28/574 1806/28/574
f 1807/28/575 1808/28/575 1809/28/575
f 1807/28/575 1809/28/575 1810/28/575
f 1811/29/576 1812/29/576 1813/29/576
f 1811/29/576 1813/29/576 1814/29/576
s 1
f 1815/29/577 1816/29/577 1817/29/577
s 0
f 1815/29/577 1817/29/577 1818/29/577
f 1819/28/578 1820/28/578 1821/28/578
f 1819/28/578 1821/28/578 1822/28/578
f 1823/28/579 1824/28/579 1825/28/579
f 1823/28/579 1825/28/579 1826/28/579
f 1827/28/580 1828/28/580 1829/28/580
f 1827/28/580 1829/28/580 1830/28/580
f 1831/29/581 1832/29/581 1833/29/581
f 1831/29/581 1833/29/581 1834/29/581
f 1835/29/582 1836/29/582 1837/29/582
f 1835/29/582 1837/29/582 1838/29/582
f 1839/28/583 1840/28/583 1841/28/583
f 1839/28/583 1841/28/583 1842/28/583
f 1843/28/584 1844/28/584 1845/28/584
f 1843/28/584 1845/28/584 1846/28/584
f 1847/28/585 1848/28/585 1849/28/585
f 1847/28/585 1849/28/585 1850/28/585
f 1851/29/586 1852/29/586 1853/29/586
f 1851/29/586 1853/29/586 1854/29/586
f 1855/29/587 1856/29/587 1857/29/587
f 1855/29/587 1857/29/587 1858/29/587
f 1859/28/588 1860/28/588 1861/28/588
f 1859/28/588 1861/28/588 1862/28/588
f 1863/28/589 1864/28/589 1865/28/589
f 1863/28/590 1865/28/590 1866/28/590
f 1867/28/591 1868/28/591 1869/28/591
f 1867/28/591 1869/28/591 1870/28/591
f 1871/29/592 1872/29/592 1873/29/592
f 1871/29/592 1873/29/592 1874/29/592
f 1875/29/593 1876/29/593 1877/29/593
f 1875/29/593 1877/29/593 1878/29/593
f 1879/28/594 1880/28/594 1881/28/594
f 1879/28/594 1881/28/594 1882/28/594
f 1883/28/595 1884/28/595 1885/28/595
f 1883/28/595 1885/28/595 1886/28/595
f 1887/28/596 1888/28/596 1889/28/596
f 1887/28/596 1889/28/596 1890/28/596
f 1891/29/597 1892/29/597 1893/29/597
f 1891/29/597 1893/29/597 1894/29/597
f 1895/29/598 1896/29/598 1897/29/598
f 1895/29/598 1897/29/598 1898/29/598
f 1899/28/599 1900/28/599 1901/28/599
f 1899/28/599 1901/28/599 1902/28/599
f 1903/28/600 1904/28/600 1905/28/600
f 1903/28/600 1905/28/600 1906/28/600
f 1907/28/601 1908/28/601 1909/28/601
f 1907/28/601 1909/28/601 1910/28/601
f 1911/29/602 1912/29/602 1913/29/602
f 1911/29/602 1913/29/602 1914/29/602
f 1915/29/603 1916/29/603 1917/29/603
f 1915/29/603 1917/29/603 1918/29/603
f 1919/28/604 1920/28/604 1921/28/604
f 1919/28/604 1921/28/604 1922/28/604
f 1923/28/605 1924/28/605 1925/28/605
f 1923/28/605 1925/28/605 1926/28/605
f 1927/28/606 1928/28/606 1929/28/606
f 1927/28/606 1929/28/606 1930/28/606
f 1931/29/607 1932/29/607 1933/29/607
f 1931/29/607 1933/29/607 1934/29/607
f 1935/29/608 1936/29/608 1937/29/608
f 1935/29/608 1937/29/608 1938/29/608
f 1939/28/609 1940/28/609 1941/28/609
f 1939/28/609 1941/28/609 1942/28/609
f 1943/28/610 1944/28/610 1945/28/610
f 1943/28/610 1945/28/610 1946/28/610
f 1947/28/611 1948/28/611 1949/28/611
f 1947/28/611 1949/28/611 1950/28/611
f 1951/29/612 1952/29/612 1953/29/612
f 1951/29/612 1953/29/612 1954/29/612
f 1955/29/613 1956/29/613 1957/29/613
f 1955/29/613 1957/29/613 1958/29/613
s 1
f 1959/28/614 1960/28/614 1961/28/614
s 0
f 1959/28/614 1961/28/614 1962/28/614
f 1963/28/615 1964/28/615 1965/28/615
f 1963/28/615 1965/28/615 1966/28/615
f 1967/28/616 1968/28/616 1969/28/616
f 1967/28/616 1969/28/616 1970/28/616
f 1971/29/617 1972/29/617 1973/29/617
f 1971/29/617 1973/29/617 1974/29/617
f 1975/29/618 1976/29/618 1977/29/618
f 1975/29/618 1977/29/618 1978/29/618
o bike_handleBar_dummyProp_0
v -0.008345 1.033752 0.242955
v -0.008345 0.846425 0.314008
v -0.008345 0.849991 0.322987
v -0.008345 1.036586 0.251192
v -0.008345 1.033752 0.242955
v -0.000000 1.032373 0.238270
v 0.000000 0.844458 0.309405
v -0.008345 0.846425 0.314008
v -0.008345 0.849991 0.322987
v 0.000000 0.850981 0.328003
v -0.000000 1.037886 0.256112
v -0.008345 1.036586 0.251192
v -0.008345 0.846425 0.314008
v 0.000000 0.844458 0.309405
v 0.000000 0.850981 0.328003
v -0.008345 0.849991 0.322987
v -0.008345 1.036586 0.251192
v -0.000000 1.037886 0.256112
v -0.000000 1.032373 0.238270
v -0.008345 1.033752 0.242955
v -0.059837 1.023774 0.274778
v -0.063629 1.037291 0.272054
v -0.105770 1.041924 0.273688
v -0.101248 1.029060 0.277999
v -0.062069 1.019818 0.260686
v -0.059837 1.023774 0.274778
v -0.101248 1.029060 0.277999
v -0.108440 1.022315 0.266955
v -0.066030 1.033466 0.257477
v -0.062069 1.019818 0.260686
v -0.108440 1.022315 0.266955
v -0.113296 1.035214 0.262233
v -0.063629 1.037291 0.272054
v -0.066030 1.033466 0.257477
v -0.113296 1.035214 0.262233
v -0.105770 1.041924 0.273688
v -0.101248 1.029060 0.277999
v -0.105770 1.041924 0.273688
v -0.144885 1.057869 0.292428
v -0.151956 1.046895 0.298268
v -0.108440 1.022315 0.266955
v -0.101248 1.029060 0.277999
v -0.151956 1.046895 0.298268
v -0.152835 1.039923 0.285236
v -0.113296 1.035214 0.262233
v -0.108440 1.022315 0.266955
v -0.152835 1.039923 0.285236
v -0.145679 1.050903 0.278874
v -0.105770 1.041924 0.273688
v -0.113296 1.035214 0.262233
v -0.145679 1.050903 0.278874
v -0.144885 1.057869 0.292428
v -0.151956 1.046895 0.298268
v -0.144885 1.057869 0.292428
v -0.178750 1.080397 0.290982
v -0.188592 1.072745 0.297991
v -0.152835 1.039923 0.285236
v -0.151956 1.046895 0.298268
v -0.188592 1.072745 0.297991
v -0.189989 1.063307 0.286669
v -0.145679 1.050903 0.278874
v -0.152835 1.039923 0.285236
v -0.189989 1.063307 0.286669
v -0.180021 1.070827 0.279163
v -0.144885 1.057869 0.292428
v -0.145679 1.050903 0.278874
v -0.180021 1.070827 0.279163
v -0.178750 1.080397 0.290982
v -0.188592 1.072745 0.297991
v -0.178750 1.080397 0.290982
v -0.215456 1.089686 0.265342
v -0.225592 1.082854 0.272765
v -0.189989 1.063307 0.286669
v -0.188592 1.072745 0.297991
v -0.225592 1.082854 0.272765
v -0.224004 1.070625 0.264571
v -0.180021 1.070827 0.279163
v -0.189989 1.063307 0.286669
v -0.224004 1.070625 0.264571
v -0.213643 1.077217 0.256732
v -0.178750 1.080397 0.290982
v -0.180021 1.070827 0.279163
v -0.213643 1.077217 0.256732
v -0.215456 1.089686 0.265342
v -0.225592 1.082854 0.272765
v -0.215456 1.089686 0.265342
v -0.237741 1.089686 0.237557
v -0.250130 1.082854 0.239641
v -0.224004 1.070625 0.264571
v -0.225592 1.082854 0.272765
v -0.250130 1.082854 0.239641
v -0.245034 1.070625 0.233031
v -0.213643 1.077217 0.256732
v -0.224004 1.070625 0.264571
v -0.245034 1.070625 0.233031
v -0.232257 1.077217 0.230677
v -0.215456 1.089686 0.265342
v -0.213643 1.077217 0.256732
v -0.232257 1.077217 0.230677
v -0.237741 1.089686 0.237557
v -0.250130 1.082854 0.239641
v -0.237741 1.089686 0.237557
v -0.238139 1.092284 0.231206
v -0.253885 1.083601 0.233856
v -0.245034 1.070625 0.233031
v -0.250130 1.082854 0.239641
v -0.253885 1.083601 0.233856
v -0.247408 1.068060 0.225455
v -0.232257 1.077217 0.230677
v -0.245034 1.070625 0.233031
v -0.247408 1.068060 0.225455
v -0.231169 1.076437 0.222463
v -0.237741 1.089686 0.237557
v -0.232257 1.077217 0.230677
v -0.231169 1.076437 0.222463
v -0.238139 1.092284 0.231206
v -0.253885 1.083601 0.233856
v -0.238139 1.092284 0.231206
v -0.275776 1.092612 0.144957
v -0.291521 1.085116 0.150077
v -0.247408 1.068060 0.225455
v -0.253885 1.083601 0.233856
v -0.291521 1.085116 0.150077
v -0.285045 1.067776 0.146698
v -0.231169 1.076437 0.222463
v -0.247408 1.068060 0.225455
v -0.285045 1.067776 0.146698
v -0.268806 1.074878 0.141341
v -0.238139 1.092284 0.231206
v -0.231169 1.076437 0.222463
v -0.268806 1.074878 0.141341
v -0.275776 1.092612 0.144957
v -0.268806 1.074878 0.141341
v -0.285045 1.067776 0.146698
v -0.291521 1.085116 0.150077
v -0.275776 1.092612 0.144957
v -0.000000 1.040329 0.273972
v -0.063629 1.037291 0.272054
v -0.059837 1.023774 0.274778
v -0.000000 1.024801 0.278243
v -0.059837 1.023774 0.274778
v -0.062069 1.019818 0.260686
v -0.000000 1.017906 0.264006
v -0.000000 1.024801 0.278243
v -0.062069 1.019818 0.260686
v -0.066030 1.033466 0.257477
v -0.000000 1.034770 0.253649
v -0.000000 1.017906 0.264006
v -0.000000 1.034770 0.253649
v -0.066030 1.033466 0.257477
v -0.063629 1.037291 0.272054
v -0.000000 1.040329 0.273972
v 0.008345 1.033752 0.242955
v 0.008345 1.036586 0.251192
v 0.008345 0.849991 0.322987
v 0.008345 0.846425 0.314008
v 0.000000 0.844458 0.309405
v -0.000000 1.032373 0.238270
v 0.008345 1.033752 0.242955
v 0.008345 0.846425 0.314008
v 0.008345 0.849991 0.322987
v 0.008345 1.036586 0.251192
v -0.000000 1.037886 0.256112
v 0.000000 0.850981 0.328003
v 0.000000 0.850981 0.328003
v 0.000000 0.844458 0.309405
v 0.008345 0.846425 0.314008
v 0.008345 0.849991 0.322987
v -0.000000 1.032373 0.238270
v -0.000000 1.037886 0.256112
v 0.008345 1.036586 0.251192
v 0.008345 1.033752 0.242955
v 0.059837 1.023774 0.274778
v 0.101248 1.029060 0.277999
v 0.105770 1.041924 0.273688
v 0.063629 1.037291 0.272054
v 0.062069 1.019818 0.260686
v 0.108440 1.022315 0.266955
v 0.101248 1.029060 0.277999
v 0.059837 1.023774 0.274778
v 0.066030 1.033466 0.257477
v 0.113296 1.035214 0.262233
v 0.108440 1.022315 0.266955
v 0.062069 1.019818 0.260686
v 0.063629 1.037291 0.272054
v 0.105770 1.041924 0.273688
v 0.113296 1.035214 0.262233
v 0.066030 1.033466 0.257477
v 0.101248 1.029060 0.277999
v 0.151956 1.046895 0.298268
v 0.144885 1.057869 0.292428
v 0.105770 1.041924 0.273688
v 0.108440 1.022315 0.266955
v 0.152835 1.039923 0.285236
v 0.151956 1.046895 0.298268
v 0.101248 1.029060 0.277999
v 0.113296 1.035214 0.262233
v 0.145679 1.050903 0.278874
v 0.152835 1.039923 0.285236
v 0.108440 1.022315 0.266955
v 0.105770 1.041924 0.273688
v 0.144885 1.057869 0.292428
v 0.145679 1.050903 0.278874
v 0.113296 1.035214 0.262233
v 0.151956 1.046895 0.298268
v 0.188592 1.072745 0.297991
v 0.178750 1.080397 0.290982
v 0.144885 1.057869 0.292428
v 0.152835 1.039923 0.285236
v 0.189989 1.063307 0.286669
v 0.188592 1.072745 0.297991
v 0.151956 1.046895 0.298268
v 0.145679 1.050903 0.278874
v 0.180021 1.070827 0.279163
v 0.189989 1.063307 0.286669
v 0.152835 1.039923 0.285236
v 0.144885 1.057869 0.292428
v 0.178750 1.080397 0.290982
v 0.180021 1.070827 0.279163
v 0.145679 1.050903 0.278874
v 0.188592 1.072745 0.297991
v 0.225592 1.082854 0.272765
v 0.215456 1.089686 0.265342
v 0.178750 1.080397 0.290982
v 0.189989 1.063307 0.286669
v 0.224004 1.070625 0.264571
v 0.225592 1.082854 0.272765
v 0.188592 1.072745 0.297991
v 0.180021 1.070827 0.279163
v 0.213643 1.077217 0.256732
v 0.224004 1.070625 0.264571
v 0.189989 1.063307 0.286669
v 0.178750 1.080397 0.290982
v 0.215456 1.089686 0.265342
v 0.213643 1.077217 0.256732
v 0.180021 1.070827 0.279163
v 0.225592 1.082854 0.272765
v 0.250130 1.082854 0.239641
v 0.237741 1.089686 0.237557
v 0.215456 1.089686 0.265342
v 0.224004 1.070625 0.264571
v 0.245034 1.070625 0.233031
v 0.250130 1.082854 0.239641
v 0.225592 1.082854 0.272765
v 0.213643 1.077217 0.256732
v 0.232257 1.077217 0.230677
v 0.245034 1.070625 0.233031
v 0.224004 1.070625 0.264571
v 0.215456 1.089686 0.265342
v 0.237741 1.089686 0.237557
v 0.232257 1.077217 0.230677
v 0.213643 1.077217 0.256732
v 0.250130 1.082854 0.239641
v 0.253885 1.083601 0.233856
v 0.238139 1.092284 0.231206
v 0.237741 1.089686 0.237557
v 0.245034 1.070625 0.233031
v 0.247408 1.068060 0.225455
v 0.253885 1.083601 0.233856
v 0.250130 1.082854 0.239641
v 0.232257 1.077217 0.230677
v 0.231169 1.076437 0.222463
v 0.247408 1.068060 0.225455
v 0.245034 1.070625 0.233031
v 0.237741 1.089686 0.237557
v 0.238139 1.092284 0.231206
v 0.231169 1.076437 0.222463
v 0.232257 1.077217 0.230677
v 0.253885 1.083601 0.233856
v 0.291521 1.085116 0.150077
v 0.275776 1.092612 0.144957
v 0.238139 1.092284 0.231206
v 0.247408 1.068060 0.225455
v 0.285045 1.067776 0.146698
v 0.291521 1.085116 0.150077
v 0.253885 1.083601 0.233856
v 0.231169 1.076437 0.222463
v 0.268806 1.074878 0.141341
v 0.285045 1.067776 0.146698
v 0.247408 1.068060 0.225455
v 0.238139 1.092284 0.231206
v 0.275776 1.092612 0.144957
v 0.268806 1.074878 0.141341
v 0.231169 1.076437 0.222463
v 0.291521 1.085116 0.150077
v 0.285045 1.067776 0.146698
v 0.268806 1.074878 0.141341
v 0.275776 1.092612 0.144957
v -0.000000 1.040329 0.273972
v -0.000000 1.024801 0.278243
v 0.059837 1.023774 0.274778
v 0.063629 1.037291 0.272054
v -0.000000 1.017906 0.264006
v 0.062069 1.019818 0.260686
v 0.059837 1.023774 0.274778
v -0.000000 1.024801 0.278243
v -0.000000 1.034770 0.253649
v 0.066030 1.033466 0.257477
v 0.062069 1.019818 0.260686
v -0.000000 1.017906 0.264006
v -0.000000 1.034770 0.253649
v -0.000000 1.040329 0.273972
v 0.063629 1.037291 0.272054
v 0.066030 1.033466 0.257477
vn -1.0000 -0.0000 -0.0000
vn -0.5091 -0.3050 -0.8049
vn -0.5175 0.3072 0.7986
vn -0.5176 0.3072 0.7986
vn -0.5176 0.3072 0.7985
vn -0.0633 -0.9372 0.3429
vn -0.0634 -0.9372 0.3429
vn 0.0089 0.9524 -0.3048
vn 0.0891 0.2827 0.9550
vn 0.0891 0.2827 0.9551
vn 0.0891 0.2828 0.9550
vn -0.0375 -0.9143 0.4033
vn -0.0375 -0.9143 0.4032
vn -0.0374 -0.9143 0.4033
vn -0.1251 -0.3219 -0.9385
vn 0.0380 0.9212 -0.3873
vn 0.0381 0.9211 -0.3874
vn 0.4730 0.3019 0.8277
vn -0.1058 -0.8483 0.5188
vn -0.1059 -0.8483 0.5188
vn -0.5043 -0.3232 -0.8008
vn -0.5044 -0.3232 -0.8007
vn -0.5044 -0.3231 -0.8008
vn -0.5043 -0.3231 -0.8008
vn 0.1258 0.8522 -0.5079
vn 0.1257 0.8522 -0.5079
vn 0.1258 0.8522 -0.5078
vn 0.2455 0.3894 0.8877
vn -0.4671 -0.7124 0.5237
vn -0.4671 -0.7124 0.5238
vn -0.2676 -0.4070 -0.8734
vn -0.2676 -0.4070 -0.8733
vn 0.4605 0.7261 -0.5106
vn -0.1771 0.8064 0.5642
vn -0.5498 -0.5617 0.6182
vn -0.5498 -0.5617 0.6183
vn 0.1787 -0.8307 -0.5272
vn 0.5446 0.5774 -0.6084
vn 0.5446 0.5773 -0.6084
vn -0.3966 0.8659 0.3049
vn -0.7095 -0.4965 0.5000
vn -0.7095 -0.4966 0.5000
vn 0.3862 -0.8833 -0.2658
vn 0.6802 0.5199 -0.5167
vn 0.6802 0.5200 -0.5167
vn -0.4006 0.8389 0.3683
vn -0.4006 0.8389 0.3684
vn -0.7404 -0.5312 0.4119
vn 0.4746 -0.8681 0.1452
vn 0.4746 -0.8681 0.1453
vn 0.9289 0.3595 0.0888
vn -0.4107 0.8914 0.1915
vn -0.8105 -0.4526 0.3719
vn -0.8105 -0.4525 0.3719
vn 0.3875 -0.9057 -0.1720
vn 0.8045 0.4684 -0.3653
vn 0.8045 0.4683 -0.3653
vn -0.3350 0.0591 -0.9404
vn -0.3350 0.0592 -0.9404
vn -0.0499 0.2277 0.9724
vn -0.0499 0.2277 0.9725
vn -0.0268 -0.9328 0.3594
vn -0.0268 -0.9328 0.3595
vn -0.0056 -0.4068 -0.9135
vn -0.0055 -0.4069 -0.9135
vn -0.0361 0.9657 -0.2572
vn 1.0000 -0.0000 -0.0000
vn 0.5091 -0.3050 -0.8049
vn 0.5091 -0.3049 -0.8049
vn 0.5176 0.3072 0.7986
vn 0.5176 0.3072 0.7985
vn 0.5175 0.3072 0.7986
vn 0.0633 -0.9372 0.3429
vn -0.0089 0.9524 -0.3048
vn -0.0088 0.9524 -0.3048
vn -0.0891 0.2827 0.9550
vn -0.0891 0.2828 0.9550
vn -0.0891 0.2827 0.9551
vn 0.0375 -0.9143 0.4032
vn 0.0374 -0.9143 0.4033
vn 0.0375 -0.9143 0.4033
vn 0.1251 -0.3219 -0.9385
vn -0.0380 0.9212 -0.3873
vn -0.0381 0.9211 -0.3874
vn -0.0381 0.9212 -0.3873
vn -0.4730 0.3019 0.8277
vn 0.1058 -0.8483 0.5188
vn 0.1059 -0.8483 0.5188
vn 0.5044 -0.3232 -0.8007
vn 0.5044 -0.3231 -0.8008
vn -0.1258 0.8522 -0.5079
vn -0.1258 0.8522 -0.5078
vn -0.2455 0.3894 0.8877
vn 0.4671 -0.7124 0.5237
vn 0.2676 -0.4070 -0.8734
vn 0.2676 -0.4070 -0.8733
vn -0.4605 0.7261 -0.5106
vn -0.4606 0.7260 -0.5106
vn 0.1771 0.8064 0.5642
vn 0.5498 -0.5617 0.6182
vn 0.5498 -0.5617 0.6183
vn -0.1787 -0.8307 -0.5272
vn -0.5446 0.5773 -0.6084
vn -0.5446 0.5774 -0.6084
vn 0.3966 0.8659 0.3049
vn 0.7095 -0.4965 0.5000
vn 0.7095 -0.4966 0.5000
vn -0.3862 -0.8833 -0.2658
vn -0.6802 0.5199 -0.5167
vn -0.6802 0.5200 -0.5167
vn 0.4006 0.8389 0.3684
vn 0.4006 0.8389 0.3683
vn 0.7404 -0.5312 0.4119
vn -0.4746 -0.8681 0.1453
vn -0.4746 -0.8681 0.1452
vn -0.9289 0.3595 0.0888
vn 0.4107 0.8914 0.1915
vn 0.8105 -0.4526 0.3719
vn 0.8105 -0.4525 0.3719
vn -0.3875 -0.9057 -0.1720
vn -0.8045 0.4684 -0.3653
vn -0.8045 0.4683 -0.3653
vn 0.3350 0.0591 -0.9404
vn 0.3350 0.0590 -0.9404
vn 0.3350 0.0592 -0.9404
vn 0.0499 0.2277 0.9724
vn 0.0499 0.2277 0.9725
vn 0.0268 -0.9328 0.3595
vn 0.0268 -0.9328 0.3594
vn 0.0055 -0.4069 -0.9135
vn 0.0056 -0.4068 -0.9135
vn 0.0361 0.9657 -0.2572
vt 0.165625 0.515625
vt 0.375000 0.571875
vt 0.659375 0.653125
vt 0.840625 0.575000
vt 0.565625 0.675000
vt 0.900000 0.715625
s 0
usemtl dummyProp
f 1979/30/619 1980/30/619 1981/30/619
f 1979/30/619 1981/30/619 1982/30/619
s 1
f 1983/31/620 1984/31/620 1985/31/620
f 1983/31/620 1985/31/620 1986/31/620
f 1987/30/621 1988/30/621 1989/30/622
f 1987/30/621 1989/30/622 1990/30/623
f 1991/30/624 1992/30/624 1993/30/625
f 1991/30/624 1993/30/625 1994/30/624
f 1995/30/626 1996/30/626 1997/30/626
f 1995/30/626 1997/30/626 1998/30/626
f 1999/30/627 2000/30/628 2001/30/629
f 1999/30/627 2001/30/629 2002/30/629
f 2003/30/630 2004/30/631 2005/30/632
f 2003/30/630 2005/30/632 2006/30/630
f 2007/31/633 2008/31/633 2009/31/633
f 2007/31/633 2009/31/633 2010/31/633
f 2011/30/634 2012/30/634 2013/30/635
f 2011/30/634 2013/30/635 2014/30/635
f 2015/30/636 2016/30/636 2017/30/636
f 2015/30/636 2017/30/636 2018/30/636
f 2019/30/637 2020/30/637 2021/30/638
f 2019/30/637 2021/30/638 2022/30/637
f 2023/31/639 2024/31/640 2025/31/641
f 2023/31/639 2025/31/641 2026/31/642
f 2027/30/643 2028/30/644 2029/30/645
f 2027/30/643 2029/30/645 2030/30/643
f 2031/30/646 2032/30/646 2033/30/646
f 2031/30/646 2033/30/646 2034/30/646
f 2035/30/647 2036/30/647 2037/30/647
f 2035/30/647 2037/30/647 2038/30/648
f 2039/31/649 2040/31/649 2041/31/650
f 2039/31/649 2041/31/650 2042/31/650
f 2043/30/651 2044/30/651 2045/30/651
f 2043/30/651 2045/30/651 2046/30/651
f 2047/30/652 2048/30/652 2049/30/652
f 2047/30/652 2049/30/652 2050/30/652
f 2051/30/653 2052/30/653 2053/30/654
f 2051/30/653 2053/30/654 2054/30/653
f 2055/31/655 2056/31/655 2057/31/655
f 2055/31/655 2057/31/655 2058/31/655
f 2059/30/656 2060/30/656 2061/30/657
f 2059/30/656 2061/30/657 2062/30/657
f 2063/30/658 2064/30/658 2065/30/658
f 2063/30/658 2065/30/658 2066/30/658
f 2067/30/659 2068/30/659 2069/30/660
f 2067/30/659 2069/30/660 2070/30/660
f 2071/31/661 2072/31/661 2073/31/661
f 2071/31/661 2073/31/661 2074/31/661
f 2075/30/662 2076/30/662 2077/30/663
f 2075/30/662 2077/30/663 2078/30/663
s 0
f 2079/32/664 2080/32/664 2081/32/664
f 2079/32/665 2081/32/665 2082/32/665
f 2083/32/666 2084/32/666 2085/32/666
f 2083/32/666 2085/32/666 2086/32/666
f 2087/32/667 2088/32/667 2089/32/667
f 2087/32/668 2089/32/668 2090/32/668
f 2091/32/669 2092/32/669 2093/32/669
f 2091/32/669 2093/32/669 2094/32/669
s 1
f 2095/33/670 2096/33/670 2097/33/670
f 2095/33/670 2097/33/670 2098/33/670
f 2099/33/671 2100/33/672 2101/33/672
f 2099/33/671 2101/33/672 2102/33/672
f 2103/33/673 2104/33/673 2105/33/673
f 2103/33/673 2105/33/673 2106/33/673
f 2107/33/674 2108/33/674 2109/33/675
f 2107/33/674 2109/33/675 2110/33/675
f 2111/32/676 2112/32/676 2113/32/676
f 2111/32/676 2113/32/676 2114/32/677
f 2115/30/678 2116/30/679 2117/30/679
f 2115/30/678 2117/30/679 2118/30/678
f 2119/30/680 2120/30/680 2121/30/680
f 2119/30/680 2121/30/680 2122/30/681
f 2123/31/682 2124/31/682 2125/31/683
f 2123/31/682 2125/31/683 2126/31/683
f 2127/30/684 2128/30/684 2129/30/684
f 2127/30/684 2129/30/684 2130/30/684
s 0
f 2131/30/685 2132/30/685 2133/30/685
f 2131/30/685 2133/30/685 2134/30/685
s 1
f 2135/31/686 2136/31/687 2137/31/686
f 2135/31/686 2137/31/686 2138/31/686
f 2139/30/688 2140/30/689 2141/30/688
f 2139/30/688 2141/30/688 2142/30/690
f 2143/30/691 2144/30/691 2145/30/691
f 2143/30/691 2145/30/691 2146/30/691
f 2147/30/692 2148/30/693 2149/30/692
f 2147/30/692 2149/30/692 2150/30/692
f 2151/30/694 2152/30/695 2153/30/695
f 2151/30/694 2153/30/695 2154/30/696
f 2155/30/697 2156/30/698 2157/30/699
f 2155/30/697 2157/30/699 2158/30/697
f 2159/31/700 2160/31/700 2161/31/700
f 2159/31/700 2161/31/700 2162/31/700
f 2163/30/701 2164/30/702 2165/30/703
f 2163/30/701 2165/30/703 2166/30/701
f 2167/30/704 2168/30/704 2169/30/704
f 2167/30/704 2169/30/704 2170/30/704
f 2171/30/705 2172/30/705 2173/30/706
f 2171/30/705 2173/30/706 2174/30/705
f 2175/31/707 2176/31/708 2177/31/708
f 2175/31/707 2177/31/708 2178/31/707
f 2179/30/709 2180/30/709 2181/30/710
f 2179/30/709 2181/30/710 2182/30/709
f 2183/30/711 2184/30/711 2185/30/711
f 2183/30/711 2185/30/711 2186/30/711
f 2187/30/712 2188/30/712 2189/30/712
f 2187/30/712 2189/30/712 2190/30/712
f 2191/31/713 2192/31/714 2193/31/714
f 2191/31/713 2193/31/714 2194/31/713
f 2195/30/715 2196/30/716 2197/30/715
f 2195/30/715 2197/30/715 2198/30/715
f 2199/30/717 2200/30/717 2201/30/717
f 2199/30/717 2201/30/717 2202/30/717
f 2203/30/718 2204/30/718 2205/30/719
f 2203/30/718 2205/30/719 2206/30/718
f 2207/31/720 2208/31/720 2209/31/720
f 2207/31/720 2209/31/720 2210/31/720
f 2211/30/721 2212/30/721 2213/30/721
f 2211/30/721 2213/30/721 2214/30/722
f 2215/30/723 2216/30/723 2217/30/723
f 2215/30/723 2217/30/723 2218/30/723
f 2219/30/724 2220/30/725 2221/30/725
f 2219/30/724 2221/30/725 2222/30/725
f 2223/31/726 2224/31/726 2225/31/726
f 2223/31/726 2225/31/726 2226/31/726
f 2227/30/727 2228/30/728 2229/30/728
f 2227/30/727 2229/30/728 2230/30/727
s 0
f 2231/34/729 2232/34/729 2233/34/729
f 2231/34/730 2233/34/730 2234/34/730
f 2235/34/731 2236/34/731 2237/34/731
f 2235/34/731 2237/34/731 2238/34/731
f 2239/34/732 2240/34/732 2241/34/732
f 2239/34/733 2241/34/733 2242/34/733
f 2243/34/734 2244/34/734 2245/34/734
f 2243/34/734 2245/34/734 2246/34/734
s 1
f 2247/35/735 2248/35/735 2249/35/735
f 2247/35/735 2249/35/735 2250/35/735
f 2251/35/736 2252/35/737 2253/35/737
f 2251/35/736 2253/35/737 2254/35/737
f 2255/35/738 2256/35/738 2257/35/738
f 2255/35/738 2257/35/738 2258/35/738
f 2259/35/739 2260/35/740 2261/35/740
f 2259/35/739 2261/35/740 2262/35/739
f 2263/34/741 2264/34/742 2265/34/741
f 2263/34/741 2265/34/741 2266/34/743
f 2267/30/744 2268/30/744 2269/30/745
f 2267/30/744 2269/30/745 2270/30/745
f 2271/30/746 2272/30/747 2273/30/747
f 2271/30/746 2273/30/747 2274/30/747
f 2275/31/748 2276/31/749 2277/31/749
f 2275/31/748 2277/31/749 2278/31/748
f 2279/30/750 2280/30/750 2281/30/750
f 2279/30/750 2281/30/750 2282/30/750
o bike_fork_dummyProp_0
v -0.033086 0.297650 0.566348
v -0.044166 0.294700 0.561861
v -0.041043 0.287308 0.553473
v -0.029724 0.286640 0.553735
v -0.018746 0.607749 0.394463
v -0.018746 0.582462 0.397603
v -0.032277 0.573814 0.405720
v -0.039859 0.592712 0.403191
v -0.018746 0.582462 0.397603
v -0.018746 0.595352 0.433741
v -0.036142 0.583447 0.434819
v -0.032277 0.573814 0.405720
v -0.018746 0.595352 0.433741
v -0.018746 0.618313 0.418309
v -0.043026 0.600606 0.422393
v -0.036142 0.583447 0.434819
v -0.018746 0.618313 0.418309
v -0.018746 0.607749 0.394463
v -0.039859 0.592712 0.403191
v -0.043026 0.600606 0.422393
v -0.039859 0.592712 0.403191
v -0.032277 0.573814 0.405720
v -0.041125 0.556298 0.413543
v -0.057037 0.564515 0.415843
v -0.032277 0.573814 0.405720
v -0.036142 0.583447 0.434819
v -0.043985 0.562976 0.439526
v -0.041125 0.556298 0.413543
v -0.036142 0.583447 0.434819
v -0.043026 0.600606 0.422393
v -0.060183 0.569608 0.433178
v -0.043985 0.562976 0.439526
v -0.043026 0.600606 0.422393
v -0.039859 0.592712 0.403191
v -0.057037 0.564515 0.415843
v -0.060183 0.569608 0.433178
v -0.057037 0.564515 0.415843
v -0.041125 0.556298 0.413543
v -0.041656 0.419743 0.469195
v -0.054103 0.420511 0.471450
v -0.041125 0.556298 0.413543
v -0.043985 0.562976 0.439526
v -0.045352 0.426194 0.486441
v -0.041656 0.419743 0.469195
v -0.043985 0.562976 0.439526
v -0.060183 0.569608 0.433178
v -0.057537 0.424873 0.482946
v -0.045352 0.426194 0.486441
v -0.060183 0.569608 0.433178
v -0.057037 0.564515 0.415843
v -0.054103 0.420511 0.471450
v -0.057537 0.424873 0.482946
v -0.054103 0.420511 0.471450
v -0.041656 0.419743 0.469195
v -0.029724 0.286640 0.553735
v -0.041043 0.287308 0.553473
v -0.041656 0.419743 0.469195
v -0.045352 0.426194 0.486441
v -0.033086 0.297650 0.566348
v -0.029724 0.286640 0.553735
v -0.045352 0.426194 0.486441
v -0.057537 0.424873 0.482946
v -0.044166 0.294700 0.561861
v -0.033086 0.297650 0.566348
v -0.057537 0.424873 0.482946
v -0.054103 0.420511 0.471450
v -0.041043 0.287308 0.553473
v -0.044166 0.294700 0.561861
v -0.018746 0.582462 0.397603
v -0.018746 0.607749 0.394463
v 0.000000 0.607749 0.394463
v 0.000000 0.582462 0.397603
v -0.018746 0.595352 0.433741
v -0.018746 0.582462 0.397603
v 0.000000 0.582462 0.397603
v 0.000000 0.595352 0.433741
v -0.018746 0.618313 0.418309
v -0.018746 0.595352 0.433741
v 0.000000 0.595352 0.433741
v 0.000000 0.618313 0.418309
v -0.018746 0.607749 0.394463
v -0.018746 0.618313 0.418309
v 0.000000 0.618313 0.418309
v 0.000000 0.607749 0.394463
v 0.041043 0.287308 0.553473
v 0.044166 0.294700 0.561861
v 0.033086 0.297650 0.566348
v 0.029724 0.286640 0.553735
v 0.018746 0.607749 0.394463
v 0.039859 0.592712 0.403191
v 0.032277 0.573814 0.405720
v 0.018746 0.582462 0.397603
v 0.018746 0.582462 0.397603
v 0.032277 0.573814 0.405720
v 0.036142 0.583447 0.434819
v 0.018746 0.595352 0.433741
v 0.018746 0.595352 0.433741
v 0.036142 0.583447 0.434819
v 0.043026 0.600606 0.422393
v 0.018746 0.618313 0.418309
v 0.018746 0.618313 0.418309
v 0.043026 0.600606 0.422393
v 0.039859 0.592712 0.403191
v 0.018746 0.607749 0.394463
v 0.039859 0.592712 0.403191
v 0.057037 0.564515 0.415843
v 0.041125 0.556298 0.413543
v 0.032277 0.573814 0.405720
v 0.032277 0.573814 0.405720
v 0.041125 0.556298 0.413543
v 0.043985 0.562976 0.439526
v 0.036142 0.583447 0.434819
v 0.036142 0.583447 0.434819
v 0.043985 0.562976 0.439526
v 0.060183 0.569608 0.433178
v 0.043026 0.600606 0.422393
v 0.043026 0.600606 0.422393
v 0.060183 0.569608 0.433178
v 0.057037 0.564515 0.415843
v 0.039859 0.592712 0.403191
v 0.057037 0.564515 0.415843
v 0.054103 0.420511 0.471450
v 0.041656 0.419743 0.469195
v 0.041125 0.556298 0.413543
v 0.041125 0.556298 0.413543
v 0.041656 0.419743 0.469195
v 0.045352 0.426194 0.486441
v 0.043985 0.562976 0.439526
v 0.043985 0.562976 0.439526
v 0.045352 0.426194 0.486441
v 0.057537 0.424873 0.482946
v 0.060183 0.569608 0.433178
v 0.060183 0.569608 0.433178
v 0.057537 0.424873 0.482946
v 0.054103 0.420511 0.471450
v 0.057037 0.564515 0.415843
v 0.054103 0.420511 0.471450
v 0.041043 0.287308 0.553473
v 0.029724 0.286640 0.553735
v 0.041656 0.419743 0.469195
v 0.041656 0.419743 0.469195
v 0.029724 0.286640 0.553735
v 0.033086 0.297650 0.566348
v 0.045352 0.426194 0.486441
v 0.045352 0.426194 0.486441
v 0.033086 0.297650 0.566348
v 0.044166 0.294700 0.561861
v 0.057537 0.424873 0.482946
v 0.057537 0.424873 0.482946
v 0.044166 0.294700 0.561861
v 0.041043 0.287308 0.553473
v 0.054103 0.420511 0.471450
v 0.000000 0.607749 0.394463
v 0.018746 0.607749 0.394463
v 0.018746 0.582462 0.397603
v 0.000000 0.582462 0.397603
v 0.000000 0.582462 0.397603
v 0.018746 0.582462 0.397603
v 0.018746 0.595352 0.433741
v 0.000000 0.595352 0.433741
v 0.000000 0.595352 0.433741
v 0.018746 0.595352 0.433741
v 0.018746 0.618313 0.418309
v 0.000000 0.618313 0.418309
v 0.018746 0.618313 0.418309
v 0.018746 0.607749 0.394463
vn -0.0598 -0.7599 0.6473
vn -0.3307 -0.1757 -0.9272
vn -0.3308 -0.1757 -0.9272
vn 0.5882 -0.7531 0.2949
vn 0.5881 -0.7531 0.2949
vn -0.2675 0.5181 0.8124
vn -0.2675 0.5182 0.8124
vn -0.6110 0.7103 -0.3495
vn -0.2831 -0.2531 -0.9251
vn -0.2832 -0.2531 -0.9251
vn 0.9186 -0.3340 0.2111
vn -0.2910 0.4026 0.8679
vn -0.2910 0.4025 0.8679
vn -0.8732 0.3916 -0.2901
vn -0.2576 -0.3581 -0.8974
vn -0.2576 -0.3581 -0.8975
vn -0.2575 -0.3581 -0.8975
vn 0.9896 0.0444 0.1366
vn -0.2585 0.3127 0.9140
vn -0.2584 0.3127 0.9140
vn -0.9770 -0.0895 -0.1936
vn -0.9770 -0.0896 -0.1937
vn -0.1026 -0.5344 -0.8390
vn 0.9764 0.1721 0.1302
vn 0.9764 0.1721 0.1301
vn -0.3625 0.4612 0.8098
vn -0.3626 0.4612 0.8098
vn -0.9584 -0.2125 -0.1904
vn -0.0000 -0.1232 -0.9924
vn -0.0000 -0.9419 0.3360
vn -0.0000 0.5578 0.8300
vn -0.0000 0.9143 -0.4050
vn 0.0598 -0.7599 0.6473
vn 0.3307 -0.1757 -0.9272
vn 0.3308 -0.1757 -0.9272
vn -0.5882 -0.7531 0.2949
vn -0.5881 -0.7531 0.2949
vn 0.2675 0.5181 0.8124
vn 0.2675 0.5182 0.8124
vn 0.6110 0.7103 -0.3495
vn 0.2831 -0.2531 -0.9251
vn 0.2832 -0.2531 -0.9251
vn -0.9186 -0.3340 0.2111
vn 0.2910 0.4026 0.8679
vn 0.2910 0.4025 0.8679
vn 0.8732 0.3916 -0.2901
vn 0.2576 -0.3581 -0.8974
vn 0.2576 -0.3581 -0.8975
vn 0.2575 -0.3581 -0.8975
vn -0.9896 0.0444 0.1366
vn 0.2585 0.3127 0.9140
vn 0.2584 0.3127 0.9140
vn 0.9770 -0.0895 -0.1936
vn 0.9770 -0.0895 -0.1937
vn 0.1026 -0.5344 -0.8390
vn -0.9764 0.1721 0.1302
vn -0.9764 0.1721 0.1301
vn 0.3625 0.4612 0.8098
vn 0.3626 0.4612 0.8098
vn 0.9584 -0.2125 -0.1904
vt 0.421875 0.562500
vt 0.171875 0.596875
s 0
usemtl dummyProp
f 2283/36/751 2284/36/751 2285/36/751
f 2283/36/751 2285/36/751 2286/36/751
s 1
f 2287/37/752 2288/37/753 2289/37/752
f 2287/37/752 2289/37/752 2290/37/752
f 2291/36/754 2292/36/754 2293/36/754
f 2291/36/754 2293/36/754 2294/36/755
f 2295/37/756 2296/37/757 2297/37/757
f 2295/37/756 2297/37/757 2298/37/756
f 2299/36/758 2300/36/758 2301/36/758
f 2299/36/758 2301/36/758 2302/36/758
f 2303/37/759 2304/37/760 2305/37/759
f 2303/37/759 2305/37/759 2306/37/759
f 2307/36/761 2308/36/761 2309/36/761
f 2307/36/761 2309/36/761 2310/36/761
f 2311/37/762 2312/37/762 2313/37/762
f 2311/37/762 2313/37/762 2314/37/763
f 2315/36/764 2316/36/764 2317/36/764
f 2315/36/764 2317/36/764 2318/36/764
f 2319/37/765 2320/37/766 2321/37/767
f 2319/37/765 2321/37/767 2322/37/766
f 2323/36/768 2324/36/768 2325/36/768
f 2323/36/768 2325/36/768 2326/36/768
f 2327/37/769 2328/37/770 2329/37/769
f 2327/37/769 2329/37/769 2330/37/769
f 2331/36/771 2332/36/771 2333/36/772
f 2331/36/771 2333/36/772 2334/36/771
f 2335/37/773 2336/37/773 2337/37/773
f 2335/37/773 2337/37/773 2338/37/773
f 2339/36/774 2340/36/774 2341/36/774
f 2339/36/774 2341/36/774 2342/36/775
f 2343/37/776 2344/37/776 2345/37/776
f 2343/37/776 2345/37/776 2346/37/777
f 2347/36/778 2348/36/778 2349/36/778
f 2347/36/778 2349/36/778 2350/36/778
s 0
f 2351/37/779 2352/37/779 2353/37/779
f 2351/37/779 2353/37/779 2354/37/779
f 2355/36/780 2356/36/780 2357/36/780
f 2355/36/780 2357/36/780 2358/36/780
f 2359/37/781 2360/37/781 2361/37/781
f 2359/37/781 2361/37/781 2362/37/781
f 2363/36/782 2364/36/782 2365/36/782
f 2363/36/782 2365/36/782 2366/36/782
f 2367/36/783 2368/36/783 2369/36/783
f 2367/36/783 2369/36/783 2370/36/783
s 1
f 2371/37/784 2372/37/784 2373/37/784
f 2371/37/784 2373/37/784 2374/37/785
f 2375/36/786 2376/36/786 2377/36/786
f 2375/36/786 2377/36/786 2378/36/787
f 2379/37/788 2380/37/788 2381/37/789
f 2379/37/788 2381/37/789 2382/37/789
f 2383/36/790 2384/36/790 2385/36/790
f 2383/36/790 2385/36/790 2386/36/790
f 2387/37/791 2388/37/791 2389/37/791
f 2387/37/791 2389/37/791 2390/37/792
f 2391/36/793 2392/36/793 2393/36/793
f 2391/36/793 2393/36/793 2394/36/793
f 2395/37/794 2396/37/795 2397/37/794
f 2395/37/794 2397/37/794 2398/37/794
f 2399/36/796 2400/36/796 2401/36/796
f 2399/36/796 2401/36/796 2402/36/796
f 2403/37/797 2404/37/798 2405/37/799
f 2403/37/797 2405/37/799 2406/37/797
f 2407/36/800 2408/36/800 2409/36/800
f 2407/36/800 2409/36/800 2410/36/800
f 2411/37/801 2412/37/801 2413/37/801
f 2411/37/801 2413/37/801 2414/37/802
f 2415/36/803 2416/36/803 2417/36/804
f 2415/36/803 2417/36/804 2418/36/803
f 2419/37/805 2420/37/805 2421/37/805
f 2419/37/805 2421/37/805 2422/37/805
f 2423/36/806 2424/36/807 2425/36/806
f 2423/36/806 2425/36/806 2426/36/806
f 2427/37/808 2428/37/809 2429/37/808
f 2427/37/808 2429/37/808 2430/37/808
f 2431/36/810 2432/36/810 2433/36/810
f 2431/36/810 2433/36/810 2434/36/810
s 0
f 2435/37/779 2436/37/779 2437/37/779
f 2435/37/779 2437/37/779 2438/37/779
f 2439/36/780 2440/36/780 2441/36/780
f 2439/36/780 2441/36/780 2442/36/780
s 1
f 2443/37/781 2444/37/781 2445/37/781
s 0
f 2443/37/781 2445/37/781 2446/37/781
f 2365/36/782 2447/36/782 2448/36/782
f 2365/36/782 2448/36/782 2366/36/782
o bike_tyre1_dummyProp_0
v 0.020355 0.561193 0.501840
v 0.012768 0.584819 0.497263
v 0.012768 0.584250 0.611074
v 0.020355 0.560671 0.606261
v 0.012768 0.584819 0.497263
v -0.012465 0.585035 0.497222
v -0.012465 0.584466 0.611118
v 0.012768 0.584250 0.611074
v -0.012465 0.585035 0.497222
v -0.020471 0.561543 0.501773
v -0.020471 0.561020 0.606332
v -0.012465 0.584466 0.611118
v -0.020471 0.561543 0.501773
v -0.000187 0.546807 0.504627
v -0.000187 0.546314 0.603330
v -0.020471 0.561020 0.606332
v -0.000187 0.546807 0.504627
v 0.020355 0.561193 0.501840
v 0.020355 0.560671 0.606261
v -0.000187 0.546314 0.603330
v 0.020355 0.560671 0.606261
v 0.012768 0.584250 0.611074
v 0.012768 0.540171 0.716003
v 0.020355 0.520229 0.702533
v 0.012768 0.584250 0.611074
v -0.012465 0.584466 0.611118
v -0.012465 0.540354 0.716126
v 0.012768 0.540171 0.716003
v -0.012465 0.584466 0.611118
v -0.020471 0.561020 0.606332
v -0.020471 0.520524 0.702733
v -0.012465 0.540354 0.716126
v -0.020471 0.561020 0.606332
v -0.000187 0.546314 0.603330
v -0.000187 0.508086 0.694332
v -0.020471 0.520524 0.702733
v -0.000187 0.546314 0.603330
v 0.020355 0.560671 0.606261
v 0.020355 0.520229 0.702533
v -0.000187 0.508086 0.694332
v 0.020355 0.520229 0.702533
v 0.012768 0.540171 0.716003
v 0.012768 0.459293 0.796077
v 0.020355 0.446023 0.776000
v 0.012768 0.540171 0.716003
v -0.012465 0.540354 0.716126
v -0.012465 0.459414 0.796260
v 0.012768 0.459293 0.796077
v -0.012465 0.540354 0.716126
v -0.020471 0.520524 0.702733
v -0.020471 0.446219 0.776298
v -0.012465 0.459414 0.796260
v -0.020471 0.520524 0.702733
v -0.000187 0.508086 0.694332
v -0.000187 0.437943 0.763776
v -0.020471 0.446219 0.776298
v -0.000187 0.508086 0.694332
v 0.020355 0.520229 0.702533
v 0.020355 0.446023 0.776000
v -0.000187 0.437943 0.763776
v 0.020355 0.446023 0.776000
v 0.012768 0.459293 0.796077
v 0.012768 0.353928 0.839104
v 0.020355 0.349351 0.815478
v 0.012768 0.459293 0.796077
v -0.012465 0.459414 0.796260
v -0.012465 0.353970 0.839320
v 0.012768 0.353928 0.839104
v -0.012465 0.459414 0.796260
v -0.020471 0.446219 0.776298
v -0.020471 0.349419 0.815828
v -0.012465 0.353970 0.839320
v -0.020471 0.446219 0.776298
v -0.000187 0.437943 0.763776
v -0.000187 0.346564 0.801093
v -0.020471 0.349419 0.815828
v -0.000187 0.437943 0.763776
v 0.020355 0.446023 0.776000
v 0.020355 0.349351 0.815478
v -0.000187 0.346564 0.801093
v 0.020355 0.349351 0.815478
v 0.012768 0.353928 0.839104
v 0.012768 0.240118 0.838535
v 0.020355 0.244931 0.814956
v 0.012768 0.353928 0.839104
v -0.012465 0.353970 0.839320
v -0.012465 0.240074 0.838751
v 0.012768 0.240118 0.838535
v -0.012465 0.353970 0.839320
v -0.020471 0.349419 0.815828
v -0.020471 0.244859 0.815305
v -0.012465 0.240074 0.838751
v -0.020471 0.349419 0.815828
v -0.000187 0.346564 0.801093
v -0.000187 0.247861 0.800599
v -0.020471 0.244859 0.815305
v -0.000187 0.346564 0.801093
v 0.020355 0.349351 0.815478
v 0.020355 0.244931 0.814956
v -0.000187 0.247861 0.800599
v 0.020355 0.244931 0.814956
v 0.012768 0.240118 0.838535
v 0.012768 0.135189 0.794456
v 0.020355 0.148658 0.774514
v 0.012768 0.240118 0.838535
v -0.012465 0.240074 0.838751
v -0.012465 0.135065 0.794639
v 0.012768 0.135189 0.794456
v -0.012465 0.240074 0.838751
v -0.020471 0.244859 0.815305
v -0.020471 0.148459 0.774809
v -0.012465 0.135065 0.794639
v -0.020471 0.244859 0.815305
v -0.000187 0.247861 0.800599
v -0.000187 0.156860 0.762371
v -0.020471 0.148459 0.774809
v -0.000187 0.247861 0.800599
v 0.020355 0.244931 0.814956
v 0.020355 0.148658 0.774514
v -0.000187 0.156860 0.762371
v 0.020355 0.148658 0.774514
v 0.012768 0.135189 0.794456
v 0.012768 0.055115 0.713578
v 0.020355 0.075191 0.700308
v 0.012768 0.135189 0.794456
v -0.012465 0.135065 0.794639
v -0.012465 0.054931 0.713699
v 0.012768 0.055115 0.713578
v -0.012465 0.135065 0.794639
v -0.020471 0.148459 0.774809
v -0.020471 0.074894 0.700505
v -0.012465 0.054931 0.713699
v -0.020471 0.148459 0.774809
v -0.000187 0.156860 0.762371
v -0.000187 0.087415 0.692228
v -0.020471 0.074894 0.700505
v -0.000187 0.156860 0.762371
v 0.020355 0.148658 0.774514
v 0.020355 0.075191 0.700308
v -0.000187 0.087415 0.692228
v 0.020355 0.075191 0.700308
v 0.012768 0.055115 0.713578
v 0.012768 0.012087 0.608213
v 0.020356 0.035713 0.603636
v 0.012768 0.055115 0.713578
v -0.012465 0.054931 0.713699
v -0.012465 0.011871 0.608255
v 0.012768 0.012087 0.608213
v -0.012465 0.054931 0.713699
v -0.020471 0.074894 0.700505
v -0.020471 0.035364 0.603704
v -0.012465 0.011871 0.608255
v -0.020471 0.074894 0.700505
v -0.000187 0.087415 0.692228
v -0.000187 0.050099 0.600850
v -0.020471 0.035364 0.603704
v -0.000187 0.087415 0.692228
v 0.020355 0.075191 0.700308
v 0.020356 0.035713 0.603636
v -0.000187 0.050099 0.600850
v 0.020356 0.035713 0.603636
v 0.012768 0.012087 0.608213
v 0.012768 0.012656 0.494403
v 0.020356 0.036236 0.499216
v 0.012768 0.012087 0.608213
v -0.012465 0.011871 0.608255
v -0.012465 0.012441 0.494359
v 0.012768 0.012656 0.494403
v -0.012465 0.011871 0.608255
v -0.020471 0.035364 0.603704
v -0.020471 0.035886 0.499145
v -0.012465 0.012441 0.494359
v -0.020471 0.035364 0.603704
v -0.000187 0.050099 0.600850
v -0.000187 0.050593 0.502146
v -0.020471 0.035886 0.499145
v -0.000187 0.050099 0.600850
v 0.020356 0.035713 0.603636
v 0.020356 0.036236 0.499216
v -0.000187 0.050593 0.502146
v 0.020356 0.036236 0.499216
v 0.012768 0.012656 0.494403
v 0.012768 0.056735 0.389474
v 0.020356 0.076678 0.402944
v 0.012768 0.012656 0.494403
v -0.012465 0.012441 0.494359
v -0.012465 0.056553 0.389350
v 0.012768 0.056735 0.389474
v -0.012465 0.012441 0.494359
v -0.020471 0.035886 0.499145
v -0.020471 0.076383 0.402744
v -0.012465 0.056553 0.389350
v -0.020471 0.035886 0.499145
v -0.000187 0.050593 0.502146
v -0.000187 0.088821 0.411145
v -0.020471 0.076383 0.402744
v -0.000187 0.050593 0.502146
v 0.020356 0.036236 0.499216
v 0.020356 0.076678 0.402944
v -0.000187 0.088821 0.411145
v 0.020356 0.076678 0.402944
v 0.012768 0.056735 0.389474
v 0.012768 0.137614 0.309400
v 0.020356 0.150883 0.329476
v 0.012768 0.056735 0.389474
v -0.012465 0.056553 0.389350
v -0.012465 0.137492 0.309216
v 0.012768 0.137614 0.309400
v -0.012465 0.056553 0.389350
v -0.020471 0.076383 0.402744
v -0.020471 0.150687 0.329179
v -0.012465 0.137492 0.309216
v -0.020471 0.076383 0.402744
v -0.000187 0.088821 0.411145
v -0.000187 0.158963 0.341700
v -0.020471 0.150687 0.329179
v -0.000187 0.088821 0.411145
v 0.020356 0.076678 0.402944
v 0.020356 0.150883 0.329476
v -0.000187 0.158963 0.341700
v 0.020356 0.150883 0.329476
v 0.012768 0.137614 0.309400
v 0.012768 0.242978 0.266372
v 0.020356 0.247555 0.289999
v 0.012768 0.137614 0.309400
v -0.012465 0.137492 0.309216
v -0.012465 0.242936 0.266156
v 0.012768 0.242978 0.266372
v -0.012465 0.137492 0.309216
v -0.020471 0.150687 0.329179
v -0.020471 0.247487 0.289649
v -0.012465 0.242936 0.266156
v -0.020471 0.150687 0.329179
v -0.000187 0.158963 0.341700
v -0.000187 0.250342 0.304384
v -0.020471 0.247487 0.289649
v -0.000187 0.158963 0.341700
v 0.020356 0.150883 0.329476
v 0.020356 0.247555 0.289999
v -0.000187 0.250342 0.304384
v 0.020356 0.247555 0.289999
v 0.012768 0.242978 0.266372
v 0.012768 0.356789 0.266941
v 0.020356 0.351976 0.290521
v 0.012768 0.242978 0.266372
v -0.012465 0.242936 0.266156
v -0.012465 0.356833 0.266726
v 0.012768 0.356789 0.266941
v -0.012465 0.242936 0.266156
v -0.020471 0.247487 0.289649
v -0.020471 0.352047 0.290172
v -0.012465 0.356833 0.266726
v -0.020471 0.247487 0.289649
v -0.000187 0.250342 0.304384
v -0.000187 0.349045 0.304878
v -0.020471 0.352047 0.290172
v -0.000187 0.250342 0.304384
v 0.020356 0.247555 0.289999
v 0.020356 0.351976 0.290521
v -0.000187 0.349045 0.304878
v 0.020356 0.351976 0.290521
v 0.012768 0.356789 0.266941
v 0.012768 0.461718 0.311020
v 0.020356 0.448248 0.330963
v 0.012768 0.356789 0.266941
v -0.012465 0.356833 0.266726
v -0.012465 0.461841 0.310838
v 0.012768 0.461718 0.311020
v -0.012465 0.356833 0.266726
v -0.020471 0.352047 0.290172
v -0.020471 0.448447 0.330668
v -0.012465 0.461841 0.310838
v -0.020471 0.352047 0.290172
v -0.000187 0.349045 0.304878
v -0.000187 0.440046 0.343106
v -0.020471 0.448447 0.330668
v -0.000187 0.349045 0.304878
v 0.020356 0.351976 0.290521
v 0.020356 0.448248 0.330963
v -0.000187 0.440046 0.343106
v 0.020356 0.448248 0.330963
v 0.012768 0.461718 0.311020
v 0.012768 0.541791 0.391899
v 0.020355 0.521715 0.405169
v 0.012768 0.461718 0.311020
v -0.012465 0.461841 0.310838
v -0.012465 0.541975 0.391777
v 0.012768 0.541791 0.391899
v -0.012465 0.461841 0.310838
v -0.020471 0.448447 0.330668
v -0.020471 0.522012 0.404972
v -0.012465 0.541975 0.391777
v -0.020471 0.448447 0.330668
v -0.000187 0.440046 0.343106
v -0.000187 0.509491 0.413248
v -0.020471 0.522012 0.404972
v -0.000187 0.440046 0.343106
v 0.020356 0.448248 0.330963
v 0.020355 0.521715 0.405169
v -0.000187 0.509491 0.413248
v 0.020355 0.521715 0.405169
v 0.012768 0.541791 0.391899
v 0.012768 0.584819 0.497263
v 0.020355 0.561193 0.501840
v 0.012768 0.541791 0.391899
v -0.012465 0.541975 0.391777
v -0.012465 0.585035 0.497222
v 0.012768 0.584819 0.497263
v -0.012465 0.541975 0.391777
v -0.020471 0.522012 0.404972
v -0.020471 0.561543 0.501773
v -0.012465 0.585035 0.497222
v -0.020471 0.522012 0.404972
v -0.000187 0.509491 0.413248
v -0.000187 0.546807 0.504627
v -0.020471 0.561543 0.501773
v -0.000187 0.509491 0.413248
v 0.020355 0.521715 0.405169
v 0.020355 0.561193 0.501840
v -0.000187 0.546807 0.504627
vn 0.9520 0.3060 0.0015
vn 0.0086 1.0000 0.0050
vn -0.9464 0.3229 0.0016
vn -0.5874 -0.8093 -0.0040
vn 0.5732 -0.8194 -0.0041
vn 0.9520 0.2822 0.1185
vn 0.0086 0.9219 0.3873
vn -0.9464 0.2977 0.1250
vn -0.5874 -0.7462 -0.3134
vn 0.5732 -0.7554 -0.3173
vn 0.9520 0.2153 0.2175
vn 0.0086 0.7035 0.7106
vn -0.9464 0.2272 0.2294
vn -0.5874 -0.5694 -0.5751
vn 0.5732 -0.5765 -0.5823
vn 0.9520 0.1157 0.2833
vn 0.0086 0.3780 0.9257
vn -0.9464 0.1221 0.2989
vn -0.5874 -0.3060 -0.7493
vn 0.5732 -0.3098 -0.7586
vn 0.9520 -0.0015 0.3060
vn 0.0086 -0.0050 1.0000
vn -0.9464 -0.0016 0.3229
vn -0.5874 0.0040 -0.8093
vn 0.5732 0.0041 -0.8194
vn 0.9520 -0.1185 0.2822
vn 0.0086 -0.3873 0.9219
vn -0.9464 -0.1251 0.2977
vn -0.5874 0.3134 -0.7462
vn 0.5732 0.3173 -0.7554
vn 0.9520 -0.2175 0.2153
vn 0.0086 -0.7106 0.7035
vn -0.9464 -0.2294 0.2272
vn -0.5874 0.5751 -0.5694
vn 0.5732 0.5823 -0.5765
vn 0.9520 -0.2833 0.1157
vn 0.0086 -0.9257 0.3780
vn -0.9464 -0.2989 0.1221
vn -0.5874 0.7493 -0.3060
vn 0.5732 0.7586 -0.3098
vn 0.9520 -0.3060 -0.0015
vn 0.0086 -1.0000 -0.0050
vn -0.9464 -0.3229 -0.0016
vn -0.5874 0.8093 0.0040
vn 0.5732 0.8194 0.0041
vn 0.9520 -0.2822 -0.1185
vn 0.0086 -0.9219 -0.3873
vn -0.9464 -0.2977 -0.1251
vn -0.5874 0.7462 0.3134
vn 0.5732 0.7554 0.3173
vn 0.9520 -0.2153 -0.2175
vn 0.0086 -0.7035 -0.7106
vn -0.9464 -0.2272 -0.2294
vn -0.5874 0.5694 0.5751
vn 0.5732 0.5765 0.5823
vn 0.9520 -0.1157 -0.2833
vn 0.0086 -0.3780 -0.9257
vn -0.9464 -0.1221 -0.2989
vn -0.5874 0.3060 0.7493
vn 0.5732 0.3098 0.7586
vn 0.9520 0.0015 -0.3060
vn 0.0086 0.0050 -1.0000
vn -0.9464 0.0016 -0.3229
vn -0.5874 -0.0040 0.8093
vn 0.5732 -0.0041 0.8194
vn 0.9520 0.1185 -0.2822
vn 0.0086 0.3873 -0.9219
vn -0.9464 0.1250 -0.2977
vn -0.5874 -0.3134 0.7462
vn 0.5732 -0.3173 0.7554
vn 0.9520 0.2175 -0.2153
vn 0.0086 0.7106 -0.7035
vn -0.9464 0.2294 -0.2272
vn -0.5874 -0.5751 0.5694
vn 0.5732 -0.5823 0.5765
vn 0.9520 0.2833 -0.1157
vn 0.0086 0.9257 -0.3780
vn -0.9464 0.2989 -0.1221
vn -0.5874 -0.7493 0.3060
vn 0.5732 -0.7586 0.3098
vt 0.912500 0.678125
vt 0.387500 0.634375
s 0
usemtl dummyProp
f 2449/38/811 2450/38/811 2451/38/811
f 2449/38/811 2451/38/811 2452/38/811
f 2453/38/812 2454/38/812 2455/38/812
s 1
f 2453/38/812 2455/38/812 2456/38/812
s 0
f 2457/38/813 2458/38/813 2459/38/813
f 2457/38/813 2459/38/813 2460/38/813
f 2461/39/814 2462/39/814 2463/39/814
f 2461/39/814 2463/39/814 2464/39/814
s 1
f 2465/39/815 2466/39/815 2467/39/815
s 0
f 2465/39/815 2467/39/815 2468/39/815
f 2469/38/816 2470/38/816 2471/38/816
f 2469/38/816 2471/38/816 2472/38/816
f 2473/38/817 2474/38/817 2475/38/817
f 2473/38/817 2475/38/817 2476/38/817
f 2477/38/818 2478/38/818 2479/38/818
f 2477/38/818 2479/38/818 2480/38/818
f 2481/39/819 2482/39/819 2483/39/819
f 2481/39/819 2483/39/819 2484/39/819
f 2485/39/820 2486/39/820 2487/39/820
f 2485/39/820 2487/39/820 2488/39/820
f 2489/38/821 2490/38/821 2491/38/821
f 2489/38/821 2491/38/821 2492/38/821
f 2493/38/822 2494/38/822 2495/38/822
f 2493/38/822 2495/38/822 2496/38/822
f 2497/38/823 2498/38/823 2499/38/823
f 2497/38/823 2499/38/823 2500/38/823
f 2501/39/824 2502/39/824 2503/39/824
f 2501/39/824 2503/39/824 2504/39/824
f 2505/39/825 2506/39/825 2507/39/825
f 2505/39/825 2507/39/825 2508/39/825
f 2509/38/826 2510/38/826 2511/38/826
f 2509/38/826 2511/38/826 2512/38/826
f 2513/38/827 2514/38/827 2515/38/827
f 2513/38/827 2515/38/827 2516/38/827
f 2517/38/828 2518/38/828 2519/38/828
f 2517/38/828 2519/38/828 2520/38/828
f 2521/39/829 2522/39/829 2523/39/829
f 2521/39/829 2523/39/829 2524/39/829
f 2525/39/830 2526/39/830 2527/39/830
f 2525/39/830 2527/39/830 2528/39/830
f 2529/38/831 2530/38/831 2531/38/831
s 1
f 2529/38/831 2531/38/831 2532/38/831
s 0
f 2533/38/832 2534/38/832 2535/38/832
s 1
f 2533/38/832 2535/38/832 2536/38/832
s 0
f 2537/38/833 2538/38/833 2539/38/833
f 2537/38/833 2539/38/833 2540/38/833
f 2541/39/834 2542/39/834 2543/39/834
f 2541/39/834 2543/39/834 2544/39/834
f 2545/39/835 2546/39/835 2547/39/835
f 2545/39/835 2547/39/835 2548/39/835
f 2549/38/836 2550/38/836 2551/38/836
f 2549/38/836 2551/38/836 2552/38/836
f 2553/38/837 2554/38/837 2555/38/837
f 2553/38/837 2555/38/837 2556/38/837
f 2557/38/838 2558/38/838 2559/38/838
f 2557/38/838 2559/38/838 2560/38/838
f 2561/39/839 2562/39/839 2563/39/839
f 2561/39/839 2563/39/839 2564/39/839
f 2565/39/840 2566/39/840 2567/39/840
f 2565/39/840 2567/39/840 2568/39/840
f 2569/38/841 2570/38/841 2571/38/841
f 2569/38/841 2571/38/841 2572/38/841
f 2573/38/842 2574/38/842 2575/38/842
f 2573/38/842 2575/38/842 2576/38/842
f 2577/38/843 2578/38/843 2579/38/843
f 2577/38/843 2579/38/843 2580/38/843
f 2581/39/844 2582/39/844 2583/39/844
f 2581/39/844 2583/39/844 2584/39/844
f 2585/39/845 2586/39/845 2587/39/845
s 1
f 2585/39/845 2587/39/845 2588/39/845
s 0
f 2589/38/846 2590/38/846 2591/38/846
f 2589/38/846 2591/38/846 2592/38/846
f 2593/38/847 2594/38/847 2595/38/847
f 2593/38/847 2595/38/847 2596/38/847
f 2597/38/848 2598/38/848 2599/38/848
f 2597/38/848 2599/38/848 2600/38/848
f 2601/39/849 2602/39/849 2603/39/849
f 2601/39/849 2603/39/849 2604/39/849
s 1
f 2605/39/850 2606/39/850 2607/39/850
s 0
f 2605/39/850 2607/39/850 2608/39/850
f 2609/38/851 2610/38/851 2611/38/851
f 2609/38/851 2611/38/851 2612/38/851
f 2613/38/852 2614/38/852 2615/38/852
f 2613/38/852 2615/38/852 2616/38/852
f 2617/38/853 2618/38/853 2619/38/853
f 2617/38/853 2619/38/853 2620/38/853
f 2621/39/854 2622/39/854 2623/39/854
f 2621/39/854 2623/39/854 2624/39/854
f 2625/39/855 2626/39/855 2627/39/855
f 2625/39/855 2627/39/855 2628/39/855
f 2629/38/856 2630/38/856 2631/38/856
f 2629/38/856 2631/38/856 2632/38/856
f 2633/38/857 2634/38/857 2635/38/857
f 2633/38/857 2635/38/857 2636/38/857
f 2637/38/858 2638/38/858 2639/38/858
f 2637/38/858 2639/38/858 2640/38/858
f 2641/39/859 2642/39/859 2643/39/859
f 2641/39/859 2643/39/859 2644/39/859
f 2645/39/860 2646/39/860 2647/39/860
f 2645/39/860 2647/39/860 2648/39/860
f 2649/38/861 2650/38/861 2651/38/861
f 2649/38/861 2651/38/861 2652/38/861
f 2653/38/862 2654/38/862 2655/38/862
f 2653/38/862 2655/38/862 2656/38/862
f 2657/38/863 2658/38/863 2659/38/863
f 2657/38/863 2659/38/863 2660/38/863
f 2661/39/864 2662/39/864 2663/39/864
f 2661/39/864 2663/39/864 2664/39/864
f 2665/39/865 2666/39/865 2667/39/865
f 2665/39/865 2667/39/865 2668/39/865
f 2669/38/866 2670/38/866 2671/38/866
f 2669/38/866 2671/38/866 2672/38/866
f 2673/38/867 2674/38/867 2675/38/867
f 2673/38/867 2675/38/867 2676/38/867
f 2677/38/868 2678/38/868 2679/38/868
f 2677/38/868 2679/38/868 2680/38/868
f 2681/39/869 2682/39/869 2683/39/869
f 2681/39/869 2683/39/869 2684/39/869
f 2685/39/870 2686/39/870 2687/39/870
f 2685/39/870 2687/39/870 2688/39/870
f 2689/38/871 2690/38/871 2691/38/871
f 2689/38/871 2691/38/871 2692/38/871
f 2693/38/872 2694/38/872 2695/38/872
f 2693/38/872 2695/38/872 2696/38/872
f 2697/38/873 2698/38/873 2699/38/873
f 2697/38/873 2699/38/873 2700/38/873
f 2701/39/874 2702/39/874 2703/39/874
f 2701/39/874 2703/39/874 2704/39/874
f 2705/39/875 2706/39/875 2707/39/875
f 2705/39/875 2707/39/875 2708/39/875
f 2709/38/876 2710/38/876 2711/38/876
f 2709/38/876 2711/38/876 2712/38/876
f 2713/38/877 2714/38/877 2715/38/877
f 2713/38/877 2715/38/877 2716/38/877
f 2717/38/878 2718/38/878 2719/38/878
f 2717/38/878 2719/38/878 2720/38/878
f 2721/39/879 2722/39/879 2723/39/879
f 2721/39/879 2723/39/879 2724/39/879
f 2725/39/880 2726/39/880 2727/39/880
f 2725/39/880 2727/39/880 2728/39/880
f 2729/38/881 2730/38/881 2731/38/881
f 2729/38/881 2731/38/881 2732/38/881
f 2733/38/882 2734/38/882 2735/38/882
f 2733/38/882 2735/38/882 2736/38/882
f 2737/38/883 2738/38/883 2739/38/883
f 2737/38/883 2739/38/883 2740/38/883
f 2741/39/884 2742/39/884 2743/39/884
f 2741/39/884 2743/39/884 2744/39/884
f 2745/39/885 2746/39/885 2747/39/885
f 2745/39/885 2747/39/885 2748/39/885
s 1
f 2749/38/886 2750/38/886 2751/38/886
s 0
f 2749/38/886 2751/38/886 2752/38/886
f 2753/38/887 2754/38/887 2755/38/887
f 2753/38/887 2755/38/887 2756/38/887
f 2757/38/888 2758/38/888 2759/38/888
f 2757/38/888 2759/38/888 2760/38/888
f 2761/39/889 2762/39/889 2763/39/889
f 2761/39/889 2763/39/889 2764/39/889
f 2765/39/890 2766/39/890 2767/39/890
f 2765/39/890 2767/39/890 2768/39/890
