# https://github.com/mikedh/trimesh
mtllib material.mtl

o Material_011-material
usemtl Material.011
v -0.59253600 2.32208410 2.44484770
v -0.59253600 2.32208410 2.44484770
v -0.59253600 2.32208410 2.44484770
v -0.64659588 2.32208410 2.44484770
v -0.64659588 2.32208410 2.44484770
v -0.64659588 2.32208410 2.44484770
v -0.59253606 3.66976590 2.44484770
v -0.59253606 3.66976590 2.44484770
v -0.59253606 3.66976590 2.44484770
v -0.64659594 3.66976590 2.44484770
v -0.64659594 3.66976590 2.44484770
v -0.64659594 3.66976590 2.44484770
v -0.59253606 2.32208410 1.24147030
v -0.59253606 2.32208410 1.24147030
v -0.59253606 2.32208410 1.24147030
v -0.64659594 2.32208410 1.24147030
v -0.64659594 2.32208410 1.24147030
v -0.64659594 2.32208410 1.24147030
v -0.59253612 3.66976590 1.24147030
v -0.59253612 3.66976590 1.24147030
v -0.59253612 3.66976590 1.24147030
v -0.64659600 3.66976590 1.24147030
v -0.64659600 3.66976590 1.24147030
v -0.64659600 3.66976590 1.24147030
vt 0.00000000 1.00000000
vt 0.00000000 1.00000000
vt 0.00000000 1.00000000
vt 0.00000000 0.00000000
vt 0.00000000 0.00000000
vt 0.00000000 1.00000000
vt 1.00000000 1.00000000
vt 0.00000000 1.00000000
vt 0.00000000 0.00000000
vt 1.00000000 0.00000000
vt 0.00000000 0.00000000
vt 0.00000000 0.00000000
vt 0.00000000 1.00000000
vt 1.00000000 1.00000000
vt 1.00000000 1.00000000
vt 0.00000000 0.00000000
vt 1.00000000 0.00000000
vt 1.00000000 1.00000000
vt 1.00000000 1.00000000
vt 1.00000000 1.00000000
vt 1.00000000 0.00000000
vt 1.00000000 0.00000000
vt 1.00000000 0.00000000
vt 1.00000000 0.00000000
f 1/1 7/7 4/4
f 8/8 19/19 11/11
f 20/20 13/13 23/23
f 14/14 2/2 17/17
f 9/9 3/3 21/21
f 24/24 18/18 12/12
f 7/7 10/10 4/4
f 19/19 22/22 11/11
f 13/13 16/16 23/23
f 2/2 5/5 17/17
f 3/3 15/15 21/21
f 18/18 6/6 12/12

o Material_010-material
usemtl Material.011
v -0.58281193 2.32208410 1.45587980
v -0.58281193 2.32208410 1.45587980
v -0.58281193 2.32208410 1.45587980
v -0.63687181 2.32208410 1.45587980
v -0.63687181 2.32208410 1.45587980
v -0.63687181 2.32208410 1.45587980
v -0.58281199 3.66976590 1.45587980
v -0.58281199 3.66976590 1.45587980
v -0.58281199 3.66976590 1.45587980
v -0.63687187 3.66976590 1.45587980
v -0.63687187 3.66976590 1.45587980
v -0.63687187 3.66976590 1.45587980
v -0.58281193 2.32208410 1.25250220
v -0.58281193 2.32208410 1.25250220
v -0.58281193 2.32208410 1.25250220
v -0.63687181 2.32208410 1.25250220
v -0.63687181 2.32208410 1.25250220
v -0.63687181 2.32208410 1.25250220
v -0.58281199 3.66976590 1.25250220
v -0.58281199 3.66976590 1.25250220
v -0.58281199 3.66976590 1.25250220
v -0.63687187 3.66976590 1.25250220
v -0.63687187 3.66976590 1.25250220
v -0.63687187 3.66976590 1.25250220
vt 0.00000000 1.00000000
vt 0.00000000 1.00000000
vt 0.00000000 1.00000000
vt 0.00000000 0.00000000
vt 0.00000000 0.00000000
vt 0.00000000 1.00000000
vt 1.00000000 1.00000000
vt 0.00000000 1.00000000
vt 0.00000000 0.00000000
vt 1.00000000 0.00000000
vt 0.00000000 0.00000000
vt 0.00000000 0.00000000
vt 0.00000000 1.00000000
vt 1.00000000 1.00000000
vt 1.00000000 1.00000000
vt 0.00000000 0.00000000
vt 1.00000000 0.00000000
vt 1.00000000 1.00000000
vt 1.00000000 1.00000000
vt 1.00000000 1.00000000
vt 1.00000000 0.00000000
vt 1.00000000 0.00000000
vt 1.00000000 0.00000000
vt 1.00000000 0.00000000
f 25/25 31/31 28/28
f 32/32 43/43 35/35
f 44/44 37/37 47/47
f 38/38 26/26 41/41
f 33/33 27/27 45/45
f 48/48 42/42 36/36
f 31/31 34/34 28/28
f 43/43 46/46 35/35
f 37/37 40/40 47/47
f 26/26 29/29 41/41
f 27/27 39/39 45/45
f 42/42 30/30 36/36

o Material_009-material
usemtl Material.009
v -0.58917660 2.32208410 2.43794470
v -0.58917660 2.32208410 2.43794470
v -0.58917660 2.32208410 2.43794470
v -0.64323648 2.32208410 2.43794470
v -0.64323648 2.32208410 2.43794470
v -0.64323648 2.32208410 2.43794470
v -0.58917666 3.66976590 2.43794470
v -0.58917666 3.66976590 2.43794470
v -0.58917666 3.66976590 2.43794470
v -0.64323654 3.66976590 2.43794470
v -0.64323654 3.66976590 2.43794470
v -0.64323654 3.66976590 2.43794470
v -0.58917666 2.32208410 1.23456730
v -0.58917666 2.32208410 1.23456730
v -0.58917666 2.32208410 1.23456730
v -0.64323654 2.32208410 1.23456730
v -0.64323654 2.32208410 1.23456730
v -0.64323654 2.32208410 1.23456730
v -0.58917672 3.66976590 1.23456730
v -0.58917672 3.66976590 1.23456730
v -0.58917672 3.66976590 1.23456730
v -0.64323660 3.66976590 1.23456730
v -0.64323660 3.66976590 1.23456730
v -0.64323660 3.66976590 1.23456730
vt 0.00000000 1.00000000
vt 0.00000000 1.00000000
vt 0.00000000 1.00000000
vt 0.00000000 0.00000000
vt 0.00000000 0.00000000
vt 0.00000000 1.00000000
vt 1.00000000 1.00000000
vt 0.00000000 1.00000000
vt 0.00000000 0.00000000
vt 1.00000000 0.00000000
vt 0.00000000 0.00000000
vt 0.00000000 0.00000000
vt 0.00000000 1.00000000
vt 1.00000000 1.00000000
vt 1.00000000 1.00000000
vt 0.00000000 0.00000000
vt 1.00000000 0.00000000
vt 1.00000000 1.00000000
vt 1.00000000 1.00000000
vt 1.00000000 1.00000000
vt 1.00000000 0.00000000
vt 1.00000000 0.00000000
vt 1.00000000 0.00000000
vt 1.00000000 0.00000000
f 49/49 55/55 52/52
f 56/56 67/67 59/59
f 68/68 61/61 71/71
f 62/62 50/50 65/65
f 57/57 51/51 69/69
f 72/72 66/66 60/60
f 55/55 58/58 52/52
f 67/67 70/70 59/59
f 61/61 64/64 71/71
f 50/50 53/53 65/65
f 51/51 63/63 69/69
f 66/66 54/54 60/60

o Material_003-material_18
usemtl Material.003
v -2.68503330 -0.10970140 -5.82208400
v -2.68503330 -0.10970140 -5.82208400
v -2.68503330 -0.10970140 -5.82208400
v -2.68503330 0.09029860 -5.82208400
v -2.68503330 0.09029860 -5.82208400
v -2.68503330 0.09029860 -5.82208400
v -2.68503330 -0.10970141 2.51791600
v -2.68503330 -0.10970141 2.51791600
v -2.68503330 -0.10970141 2.51791600
v -2.68503330 0.09029859 2.51791600
v -2.68503330 0.09029859 2.51791600
v -2.68503330 0.09029859 2.51791600
v 0.97496670 -0.10970140 -5.82208400
v 0.97496670 -0.10970140 -5.82208400
v 0.97496670 -0.10970140 -5.82208400
v 0.97496670 0.09029860 -5.82208400
v 0.97496670 0.09029860 -5.82208400
v 0.97496670 0.09029860 -5.82208400
v 0.97496670 -0.10970141 2.51791600
v 0.97496670 -0.10970141 2.51791600
v 0.97496670 -0.10970141 2.51791600
v 0.97496670 0.09029859 2.51791600
v 0.97496670 0.09029859 2.51791600
v 0.97496670 0.09029859 2.51791600
vt 0.37500000 1.00000000
vt 0.37500000 0.00000000
vt 0.12500000 0.25000000
vt 0.62500000 1.00000000
vt 0.62500000 0.00000000
vt 0.87500000 0.25000000
vt 0.37500000 0.75000000
vt 0.37500000 0.75000000
vt 0.12500000 0.50000000
vt 0.62500000 0.75000000
vt 0.62500000 0.75000000
vt 0.87500000 0.50000000
vt 0.37500000 0.25000000
vt 0.37500000 0.25000000
vt 0.37500000 0.25000000
vt 0.62500000 0.25000000
vt 0.62500000 0.25000000
vt 0.62500000 0.25000000
vt 0.37500000 0.50000000
vt 0.37500000 0.50000000
vt 0.37500000 0.50000000
vt 0.62500000 0.50000000
vt 0.62500000 0.50000000
vt 0.62500000 0.50000000
f 73/73 79/79 76/76
f 80/80 91/91 83/83
f 92/92 85/85 95/95
f 86/86 74/74 89/89
f 81/81 75/75 93/93
f 96/96 90/90 84/84
f 79/79 82/82 76/76
f 91/91 94/94 83/83
f 85/85 88/88 95/95
f 74/74 77/77 89/89
f 75/75 87/87 93/93
f 90/90 78/78 84/84

o Material_003-material_17
usemtl Material.003
v -0.83700503 3.17062170 1.63931210
v -0.83700503 3.17062170 1.63931210
v -0.83700503 3.17062170 1.63931210
v -0.64294515 3.17062170 1.63931210
v -0.64294515 3.17062170 1.63931210
v -0.64294515 3.17062170 1.63931210
v -0.83700503 3.17062170 2.02699390
v -0.83700503 3.17062170 2.02699390
v -0.83700503 3.17062170 2.02699390
v -0.64294515 3.17062170 2.02699390
v -0.64294515 3.17062170 2.02699390
v -0.64294515 3.17062170 2.02699390
v -0.83700505 2.72724430 1.63931210
v -0.83700505 2.72724430 1.63931210
v -0.83700505 2.72724430 1.63931210
v -0.64294517 2.72724430 1.63931210
v -0.64294517 2.72724430 1.63931210
v -0.64294517 2.72724430 1.63931210
v -0.83700505 2.72724430 2.02699390
v -0.83700505 2.72724430 2.02699390
v -0.83700505 2.72724430 2.02699390
v -0.64294517 2.72724430 2.02699390
v -0.64294517 2.72724430 2.02699390
v -0.64294517 2.72724430 2.02699390
vt 0.37500000 1.00000000
vt 0.37500000 0.00000000
vt 0.12500000 0.25000000
vt 0.62500000 1.00000000
vt 0.62500000 0.00000000
vt 0.87500000 0.25000000
vt 0.37500000 0.75000000
vt 0.37500000 0.75000000
vt 0.12500000 0.50000000
vt 0.62500000 0.75000000
vt 0.62500000 0.75000000
vt 0.87500000 0.50000000
vt 0.37500000 0.25000000
vt 0.37500000 0.25000000
vt 0.37500000 0.25000000
vt 0.62500000 0.25000000
vt 0.62500000 0.25000000
vt 0.62500000 0.25000000
vt 0.37500000 0.50000000
vt 0.37500000 0.50000000
vt 0.37500000 0.50000000
vt 0.62500000 0.50000000
vt 0.62500000 0.50000000
vt 0.62500000 0.50000000
f 97/97 103/103 100/100
f 104/104 115/115 107/107
f 116/116 109/109 119/119
f 110/110 98/98 113/113
f 105/105 99/99 117/117
f 120/120 114/114 108/108
f 103/103 106/106 100/100
f 115/115 118/118 107/107
f 109/109 112/112 119/119
f 98/98 101/101 113/113
f 99/99 111/111 117/117
f 114/114 102/102 108/108

o bus-material
usemtl Material.009
v -0.58077310 2.38599800 2.44202800
v -0.58077315 2.38599800 1.24088800
v -0.58077305 3.58713800 2.44202800
v -0.58077310 3.58713800 1.24088800
vt 0.00000000 1.00000000
vt 1.00000000 1.00000000
vt 0.00000000 0.00000000
vt 1.00000000 0.00000000
f 122/122 123/123 121/121
f 122/122 124/124 123/123

o Material-material
usemtl Material.011
v -0.58281193 2.32208410 2.43007680
v -0.58281193 2.32208410 2.43007680
v -0.58281193 2.32208410 2.43007680
v -0.63687181 2.32208410 2.43007680
v -0.63687181 2.32208410 2.43007680
v -0.63687181 2.32208410 2.43007680
v -0.58281199 3.66976590 2.43007680
v -0.58281199 3.66976590 2.43007680
v -0.58281199 3.66976590 2.43007680
v -0.63687187 3.66976590 2.43007680
v -0.63687187 3.66976590 2.43007680
v -0.63687187 3.66976590 2.43007680
v -0.58281193 2.32208410 2.22669920
v -0.58281193 2.32208410 2.22669920
v -0.58281193 2.32208410 2.22669920
v -0.63687181 2.32208410 2.22669920
v -0.63687181 2.32208410 2.22669920
v -0.63687181 2.32208410 2.22669920
v -0.58281199 3.66976590 2.22669920
v -0.58281199 3.66976590 2.22669920
v -0.58281199 3.66976590 2.22669920
v -0.63687187 3.66976590 2.22669920
v -0.63687187 3.66976590 2.22669920
v -0.63687187 3.66976590 2.22669920
vt 0.00000000 1.00000000
vt 0.00000000 1.00000000
vt 0.00000000 1.00000000
vt 0.00000000 0.00000000
vt 0.00000000 0.00000000
vt 0.00000000 1.00000000
vt 1.00000000 1.00000000
vt 0.00000000 1.00000000
vt 0.00000000 0.00000000
vt 1.00000000 0.00000000
vt 0.00000000 0.00000000
vt 0.00000000 0.00000000
vt 0.00000000 1.00000000
vt 1.00000000 1.00000000
vt 1.00000000 1.00000000
vt 0.00000000 0.00000000
vt 1.00000000 0.00000000
vt 1.00000000 1.00000000
vt 1.00000000 1.00000000
vt 1.00000000 1.00000000
vt 1.00000000 0.00000000
vt 1.00000000 0.00000000
vt 1.00000000 0.00000000
vt 1.00000000 0.00000000
f 125/125 131/131 128/128
f 132/132 143/143 135/135
f 144/144 137/137 147/147
f 138/138 126/126 141/141
f 133/133 127/127 145/145
f 148/148 142/142 136/136
f 131/131 134/134 128/128
f 143/143 146/146 135/135
f 137/137 140/140 147/147
f 126/126 129/129 141/141
f 127/127 139/139 145/145
f 142/142 130/130 136/136

o Material_003-material_16
usemtl Material.003
v -0.73118810 -0.01607700 1.75854380
v -0.73118810 -0.01607700 1.75854380
v -0.73118810 -0.01607700 1.75854380
v -0.73118810 2.83885700 1.75854380
v -0.73118810 2.83885700 1.75854380
v -0.73118810 2.83885700 1.75854380
v -0.71922220 -0.01607700 1.75972234
v -0.71922220 -0.01607700 1.75972234
v -0.71922220 -0.01607700 1.75972234
v -0.71922220 -0.01607700 1.75972234
v -0.71922220 2.83885700 1.75972234
v -0.71922220 2.83885700 1.75972234
v -0.71922220 2.83885700 1.75972234
v -0.71922220 2.83885700 1.75972234
v -0.70771613 -0.01607700 1.76321267
v -0.70771613 -0.01607700 1.76321267
v -0.70771613 -0.01607700 1.76321267
v -0.70771613 -0.01607700 1.76321267
v -0.70771613 2.83885700 1.76321267
v -0.70771613 2.83885700 1.76321267
v -0.70771613 2.83885700 1.76321267
v -0.69711208 -0.01607700 1.76888065
v -0.69711208 -0.01607700 1.76888065
v -0.69711208 -0.01607700 1.76888065
v -0.69711208 -0.01607700 1.76888065
v -0.69711208 -0.01607700 1.76888065
v -0.69711208 2.83885700 1.76888065
v -0.69711208 2.83885700 1.76888065
v -0.69711208 2.83885700 1.76888065
v -0.69711208 2.83885700 1.76888065
v -0.68781756 -0.01607700 1.77650846
v -0.68781756 -0.01607700 1.77650846
v -0.68781756 -0.01607700 1.77650846
v -0.68781756 -0.01607700 1.77650846
v -0.68781756 2.83885700 1.77650846
v -0.68781756 2.83885700 1.77650846
v -0.68781756 2.83885700 1.77650846
v -0.68018975 -0.01607700 1.78580298
v -0.68018975 -0.01607700 1.78580298
v -0.68018975 -0.01607700 1.78580298
v -0.68018975 -0.01607700 1.78580298
v -0.68018975 2.83885700 1.78580298
v -0.68018975 2.83885700 1.78580298
v -0.68018975 2.83885700 1.78580298
v -0.68018975 2.83885700 1.78580298
v -0.67452177 -0.01607700 1.79640703
v -0.67452177 -0.01607700 1.79640703
v -0.67452177 -0.01607700 1.79640703
v -0.67452177 -0.01607700 1.79640703
v -0.67452177 2.83885700 1.79640703
v -0.67452177 2.83885700 1.79640703
v -0.67452177 2.83885700 1.79640703
v -0.67452177 2.83885700 1.79640703
v -0.67103144 -0.01607700 1.80791310
v -0.67103144 -0.01607700 1.80791310
v -0.67103144 -0.01607700 1.80791310
v -0.67103144 -0.01607700 1.80791310
v -0.67103144 -0.01607700 1.80791310
v -0.67103144 -0.01607700 1.80791310
v -0.67103144 2.83885700 1.80791310
v -0.67103144 2.83885700 1.80791310
v -0.67103144 2.83885700 1.80791310
v -0.66985290 -0.01607700 1.81987900
v -0.66985290 -0.01607700 1.81987900
v -0.66985290 -0.01607700 1.81987900
v -0.66985290 2.83885700 1.81987900
v -0.66985290 2.83885700 1.81987900
v -0.66985290 2.83885700 1.81987900
v -0.66985290 2.83885700 1.81987900
v -0.67103144 -0.01607700 1.83184490
v -0.67103144 -0.01607700 1.83184490
v -0.67103144 -0.01607700 1.83184490
v -0.67103144 -0.01607700 1.83184490
v -0.67103144 -0.01607700 1.83184490
v -0.67103144 2.83885700 1.83184490
v -0.67103144 2.83885700 1.83184490
v -0.67103144 2.83885700 1.83184490
v -0.67103144 2.83885700 1.83184490
v -0.67452177 -0.01607700 1.84335097
v -0.67452177 -0.01607700 1.84335097
v -0.67452177 -0.01607700 1.84335097
v -0.67452177 2.83885700 1.84335097
v -0.67452177 2.83885700 1.84335097
v -0.67452177 2.83885700 1.84335097
v -0.67452177 2.83885700 1.84335097
v -0.68018975 -0.01607700 1.85395502
v -0.68018975 -0.01607700 1.85395502
v -0.68018975 -0.01607700 1.85395502
v -0.68018975 -0.01607700 1.85395502
v -0.68018975 -0.01607700 1.85395502
v -0.68018975 2.83885700 1.85395502
v -0.68018975 2.83885700 1.85395502
v -0.68018975 2.83885700 1.85395502
v -0.68781756 -0.01607700 1.86324954
v -0.68781756 -0.01607700 1.86324954
v -0.68781756 -0.01607700 1.86324954
v -0.68781756 2.83885700 1.86324954
v -0.68781756 2.83885700 1.86324954
v -0.68781756 2.83885700 1.86324954
v -0.68781756 2.83885700 1.86324954
v -0.69711208 -0.01607700 1.87087735
v -0.69711208 -0.01607700 1.87087735
v -0.69711208 -0.01607700 1.87087735
v -0.69711208 -0.01607700 1.87087735
v -0.69711208 2.83885700 1.87087735
v -0.69711208 2.83885700 1.87087735
v -0.69711208 2.83885700 1.87087735
v -0.70771613 -0.01607700 1.87654533
v -0.70771613 -0.01607700 1.87654533
v -0.70771613 -0.01607700 1.87654533
v -0.70771613 2.83885700 1.87654533
v -0.70771613 2.83885700 1.87654533
v -0.70771613 2.83885700 1.87654533
v -0.70771613 2.83885700 1.87654533
v -0.71922220 -0.01607700 1.88003566
v -0.71922220 -0.01607700 1.88003566
v -0.71922220 -0.01607700 1.88003566
v -0.71922220 -0.01607700 1.88003566
v -0.71922220 -0.01607700 1.88003566
v -0.71922220 -0.01607700 1.88003566
v -0.71922220 2.83885700 1.88003566
v -0.71922220 2.83885700 1.88003566
v -0.71922220 2.83885700 1.88003566
v -0.73118810 -0.01607700 1.88121420
v -0.73118810 -0.01607700 1.88121420
v -0.73118810 -0.01607700 1.88121420
v -0.73118810 2.83885700 1.88121420
v -0.73118810 2.83885700 1.88121420
v -0.73118810 2.83885700 1.88121420
v -0.74315400 -0.01607700 1.88003566
v -0.74315400 -0.01607700 1.88003566
v -0.74315400 -0.01607700 1.88003566
v -0.74315400 -0.01607700 1.88003566
v -0.74315400 2.83885700 1.88003566
v -0.74315400 2.83885700 1.88003566
v -0.74315400 2.83885700 1.88003566
v -0.74315400 2.83885700 1.88003566
v -0.75466007 -0.01607700 1.87654533
v -0.75466007 -0.01607700 1.87654533
v -0.75466007 -0.01607700 1.87654533
v -0.75466007 -0.01607700 1.87654533
v -0.75466007 2.83885700 1.87654533
v -0.75466007 2.83885700 1.87654533
v -0.75466007 2.83885700 1.87654533
v -0.76526412 -0.01607700 1.87087735
v -0.76526412 -0.01607700 1.87087735
v -0.76526412 -0.01607700 1.87087735
v -0.76526412 -0.01607700 1.87087735
v -0.76526412 -0.01607700 1.87087735
v -0.76526412 2.83885700 1.87087735
v -0.76526412 2.83885700 1.87087735
v -0.76526412 2.83885700 1.87087735
v -0.76526412 2.83885700 1.87087735
v -0.77455864 -0.01607700 1.86324954
v -0.77455864 -0.01607700 1.86324954
v -0.77455864 -0.01607700 1.86324954
v -0.77455864 -0.01607700 1.86324954
v -0.77455864 2.83885700 1.86324954
v -0.77455864 2.83885700 1.86324954
v -0.77455864 2.83885700 1.86324954
v -0.78218645 -0.01607700 1.85395502
v -0.78218645 -0.01607700 1.85395502
v -0.78218645 -0.01607700 1.85395502
v -0.78218645 -0.01607700 1.85395502
v -0.78218645 2.83885700 1.85395502
v -0.78218645 2.83885700 1.85395502
v -0.78218645 2.83885700 1.85395502
v -0.78218645 2.83885700 1.85395502
v -0.78785443 -0.01607700 1.84335097
v -0.78785443 -0.01607700 1.84335097
v -0.78785443 -0.01607700 1.84335097
v -0.78785443 -0.01607700 1.84335097
v -0.78785443 2.83885700 1.84335097
v -0.78785443 2.83885700 1.84335097
v -0.78785443 2.83885700 1.84335097
v -0.79134476 -0.01607700 1.83184490
v -0.79134476 -0.01607700 1.83184490
v -0.79134476 -0.01607700 1.83184490
v -0.79134476 -0.01607700 1.83184490
v -0.79134476 -0.01607700 1.83184490
v -0.79134476 -0.01607700 1.83184490
v -0.79134476 2.83885700 1.83184490
v -0.79134476 2.83885700 1.83184490
v -0.79134476 2.83885700 1.83184490
v -0.79252330 -0.01607700 1.81987900
v -0.79252330 -0.01607700 1.81987900
v -0.79252330 -0.01607700 1.81987900
v -0.79252330 2.83885700 1.81987900
v -0.79252330 2.83885700 1.81987900
v -0.79252330 2.83885700 1.81987900
v -0.79134476 -0.01607700 1.80791310
v -0.79134476 -0.01607700 1.80791310
v -0.79134476 -0.01607700 1.80791310
v -0.79134476 -0.01607700 1.80791310
v -0.79134476 -0.01607700 1.80791310
v -0.79134476 2.83885700 1.80791310
v -0.79134476 2.83885700 1.80791310
v -0.79134476 2.83885700 1.80791310
v -0.78785443 -0.01607700 1.79640703
v -0.78785443 -0.01607700 1.79640703
v -0.78785443 -0.01607700 1.79640703
v -0.78785443 2.83885700 1.79640703
v -0.78785443 2.83885700 1.79640703
v -0.78785443 2.83885700 1.79640703
v -0.78785443 2.83885700 1.79640703
v -0.78218645 -0.01607700 1.78580298
v -0.78218645 -0.01607700 1.78580298
v -0.78218645 -0.01607700 1.78580298
v -0.78218645 -0.01607700 1.78580298
v -0.78218645 -0.01607700 1.78580298
v -0.78218645 2.83885700 1.78580298
v -0.78218645 2.83885700 1.78580298
v -0.78218645 2.83885700 1.78580298
v -0.77455864 -0.01607700 1.77650846
v -0.77455864 -0.01607700 1.77650846
v -0.77455864 -0.01607700 1.77650846
v -0.77455864 2.83885700 1.77650846
v -0.77455864 2.83885700 1.77650846
v -0.77455864 2.83885700 1.77650846
v -0.77455864 2.83885700 1.77650846
v -0.76526412 -0.01607700 1.76888065
v -0.76526412 -0.01607700 1.76888065
v -0.76526412 -0.01607700 1.76888065
v -0.76526412 -0.01607700 1.76888065
v -0.76526412 2.83885700 1.76888065
v -0.76526412 2.83885700 1.76888065
v -0.76526412 2.83885700 1.76888065
v -0.75466007 -0.01607700 1.76321267
v -0.75466007 -0.01607700 1.76321267
v -0.75466007 -0.01607700 1.76321267
v -0.75466007 2.83885700 1.76321267
v -0.75466007 2.83885700 1.76321267
v -0.75466007 2.83885700 1.76321267
v -0.75466007 2.83885700 1.76321267
v -0.74315400 -0.01607700 1.75972234
v -0.74315400 -0.01607700 1.75972234
v -0.74315400 -0.01607700 1.75972234
v -0.74315400 -0.01607700 1.75972234
v -0.74315400 -0.01607700 1.75972234
v -0.74315400 -0.01607700 1.75972234
v -0.74315400 2.83885700 1.75972234
v -0.74315400 2.83885700 1.75972234
v -0.74315400 2.83885700 1.75972234
vt 1.00000000 0.50000000
vt 0.00000000 0.50000000
vt 0.75000000 0.50999999
vt 1.00000000 0.00000000
vt 0.25000000 0.50999999
vt 0.00000000 0.00000000
vt 0.96875000 0.50000000
vt 0.96875000 0.50000000
vt 0.79682171 0.51461148
vt 0.79682171 0.51461148
vt 0.96875000 0.00000000
vt 0.96875000 0.00000000
vt 0.29682171 0.51461148
vt 0.96875000 0.00000000
vt 0.93750000 0.50000000
vt 0.93750000 0.50000000
vt 0.84184402 0.52826893
vt 0.93750000 0.50000000
vt 0.93750000 0.00000000
vt 0.34184399 0.52826893
vt 0.93750000 0.00000000
vt 0.90625000 0.50000000
vt 0.90625000 0.50000000
vt 0.88333690 0.55044729
vt 0.88333690 0.55044729
vt 0.88333690 0.55044729
vt 0.90625000 0.00000000
vt 0.90625000 0.00000000
vt 0.38333690 0.55044729
vt 0.90625000 0.00000000
vt 0.87500000 0.50000000
vt 0.87500000 0.50000000
vt 0.91970563 0.58029437
vt 0.87500000 0.50000000
vt 0.87500000 0.00000000
vt 0.41970560 0.58029437
vt 0.87500000 0.00000000
vt 0.84375000 0.50000000
vt 0.84375000 0.50000000
vt 0.94955271 0.61666310
vt 0.94955271 0.61666310
vt 0.84375000 0.00000000
vt 0.84375000 0.00000000
vt 0.44955271 0.61666310
vt 0.84375000 0.00000000
vt 0.81250000 0.50000000
vt 0.81250000 0.50000000
vt 0.97173113 0.65815604
vt 0.81250000 0.50000000
vt 0.81250000 0.00000000
vt 0.47173110 0.65815604
vt 0.81250000 0.00000000
vt 0.47173110 0.65815604
vt 0.78125000 0.50000000
vt 0.78125000 0.50000000
vt 0.98538852 0.70317829
vt 0.98538852 0.70317829
vt 0.98538852 0.70317829
vt 0.98538852 0.70317829
vt 0.78125000 0.00000000
vt 0.78125000 0.00000000
vt 0.48538849 0.70317829
vt 0.75000000 0.50000000
vt 0.75000000 0.50000000
vt 0.99000001 0.75000000
vt 0.75000000 0.00000000
vt 0.75000000 0.00000000
vt 0.49000001 0.75000000
vt 0.49000001 0.75000000
vt 0.71875000 0.50000000
vt 0.71875000 0.50000000
vt 0.98538852 0.79682171
vt 0.98538852 0.79682171
vt 0.98538852 0.79682171
vt 0.71875000 0.00000000
vt 0.71875000 0.00000000
vt 0.48538849 0.79682171
vt 0.48538849 0.79682171
vt 0.68750000 0.50000000
vt 0.68750000 0.50000000
vt 0.97173113 0.84184408
vt 0.68750000 0.00000000
vt 0.68750000 0.00000000
vt 0.47173110 0.84184408
vt 0.68750000 0.00000000
vt 0.65625000 0.50000000
vt 0.65625000 0.50000000
vt 0.94955271 0.88333690
vt 0.65625000 0.50000000
vt 0.94955271 0.88333690
vt 0.65625000 0.00000000
vt 0.44955271 0.88333690
vt 0.65625000 0.00000000
vt 0.62500000 0.50000000
vt 0.62500000 0.50000000
vt 0.91970563 0.91970563
vt 0.62500000 0.00000000
vt 0.62500000 0.00000000
vt 0.41970560 0.91970563
vt 0.62500000 0.00000000
vt 0.59375000 0.50000000
vt 0.59375000 0.50000000
vt 0.88333690 0.94955271
vt 0.59375000 0.50000000
vt 0.59375000 0.00000000
vt 0.38333690 0.94955271
vt 0.59375000 0.00000000
vt 0.56250000 0.50000000
vt 0.56250000 0.50000000
vt 0.84184402 0.97173113
vt 0.56250000 0.00000000
vt 0.56250000 0.00000000
vt 0.34184399 0.97173113
vt 0.56250000 0.00000000
vt 0.53125000 0.50000000
vt 0.53125000 0.50000000
vt 0.79682171 0.98538846
vt 0.53125000 0.50000000
vt 0.79682171 0.98538846
vt 0.79682171 0.98538846
vt 0.53125000 0.00000000
vt 0.29682171 0.98538846
vt 0.53125000 0.00000000
vt 0.50000000 0.50000000
vt 0.50000000 0.50000000
vt 0.75000000 0.99000001
vt 0.50000000 0.00000000
vt 0.50000000 0.00000000
vt 0.25000000 0.99000001
vt 0.46875000 0.50000000
vt 0.46875000 0.50000000
vt 0.70317841 0.98538846
vt 0.70317841 0.98538846
vt 0.46875000 0.00000000
vt 0.46875000 0.00000000
vt 0.20317830 0.98538846
vt 0.46875000 0.00000000
vt 0.43750000 0.50000000
vt 0.43750000 0.50000000
vt 0.65815598 0.97173113
vt 0.43750000 0.50000000
vt 0.43750000 0.00000000
vt 0.15815590 0.97173113
vt 0.43750000 0.00000000
vt 0.40625000 0.50000000
vt 0.40625000 0.50000000
vt 0.61666322 0.94955271
vt 0.61666322 0.94955271
vt 0.61666322 0.94955271
vt 0.40625000 0.00000000
vt 0.40625000 0.00000000
vt 0.11666310 0.94955271
vt 0.40625000 0.00000000
vt 0.37500000 0.50000000
vt 0.37500000 0.50000000
vt 0.58029437 0.91970563
vt 0.37500000 0.50000000
vt 0.37500000 0.00000000
vt 0.08029437 0.91970563
vt 0.37500000 0.00000000
vt 0.34375000 0.50000000
vt 0.34375000 0.50000000
vt 0.55044729 0.88333690
vt 0.55044729 0.88333690
vt 0.34375000 0.00000000
vt 0.34375000 0.00000000
vt 0.05044728 0.88333690
vt 0.34375000 0.00000000
vt 0.31250000 0.50000000
vt 0.31250000 0.50000000
vt 0.52826887 0.84184408
vt 0.31250000 0.50000000
vt 0.31250000 0.00000000
vt 0.02826887 0.84184408
vt 0.31250000 0.00000000
vt 0.28125000 0.50000000
vt 0.28125000 0.50000000
vt 0.51461160 0.79682171
vt 0.51461160 0.79682171
vt 0.51461160 0.79682171
vt 0.51461160 0.79682171
vt 0.28125000 0.00000000
vt 0.28125000 0.00000000
vt 0.01461154 0.79682171
vt 0.25000000 0.50000000
vt 0.25000000 0.50000000
vt 0.50999999 0.75000000
vt 0.25000000 0.00000000
vt 0.25000000 0.00000000
vt 0.00999999 0.75000000
vt 0.21875000 0.50000000
vt 0.21875000 0.50000000
vt 0.51461160 0.70317829
vt 0.51461160 0.70317829
vt 0.51461160 0.70317829
vt 0.21875000 0.00000000
vt 0.21875000 0.00000000
vt 0.01461154 0.70317829
vt 0.18750000 0.50000000
vt 0.18750000 0.50000000
vt 0.52826887 0.65815604
vt 0.18750000 0.00000000
vt 0.18750000 0.00000000
vt 0.02826887 0.65815604
vt 0.18750000 0.00000000
vt 0.15625000 0.50000000
vt 0.15625000 0.50000000
vt 0.55044729 0.61666310
vt 0.15625000 0.50000000
vt 0.55044729 0.61666310
vt 0.15625000 0.00000000
vt 0.05044728 0.61666310
vt 0.15625000 0.00000000
vt 0.12500000 0.50000000
vt 0.12500000 0.50000000
vt 0.58029437 0.58029437
vt 0.12500000 0.00000000
vt 0.12500000 0.00000000
vt 0.08029437 0.58029437
vt 0.12500000 0.00000000
vt 0.09375000 0.50000000
vt 0.09375000 0.50000000
vt 0.61666322 0.55044729
vt 0.09375000 0.50000000
vt 0.09375000 0.00000000
vt 0.11666310 0.55044729
vt 0.09375000 0.00000000
vt 0.06250000 0.50000000
vt 0.06250000 0.50000000
vt 0.65815598 0.52826893
vt 0.06250000 0.00000000
vt 0.15815590 0.52826893
vt 0.06250000 0.00000000
vt 0.06250000 0.00000000
vt 0.03125000 0.50000000
vt 0.03125000 0.50000000
vt 0.70317841 0.51461148
vt 0.03125000 0.50000000
vt 0.70317841 0.51461148
vt 0.70317841 0.51461148
vt 0.20317830 0.51461148
vt 0.03125000 0.00000000
vt 0.03125000 0.00000000
f 152/152 155/155 149/149
f 160/160 163/163 156/156
f 167/167 170/170 164/164
f 176/176 179/179 171/171
f 183/183 186/186 180/180
f 191/191 194/194 187/187
f 198/198 202/202 195/195
f 209/209 211/211 203/203
f 215/215 218/218 212/212
f 224/224 227/227 219/219
f 231/231 234/234 228/228
f 239/239 242/242 235/235
f 246/246 249/249 243/243
f 253/253 256/256 250/250
f 260/260 263/263 257/257
f 269/269 272/272 264/264
f 276/276 278/278 273/273
f 283/283 286/286 279/279
f 290/290 293/293 287/287
f 299/299 302/302 294/294
f 306/306 309/309 303/303
f 314/314 317/317 310/310
f 321/321 324/324 318/318
f 331/331 333/333 325/325
f 337/337 339/339 334/334
f 345/345 347/347 340/340
f 351/351 354/354 348/348
f 359/359 362/362 355/355
f 366/366 369/369 363/363
f 373/373 376/376 370/370
f 291/291 232/232 168/168
f 381/381 383/383 377/377
f 390/390 150/150 384/384
f 265/265 326/326 385/385
f 152/152 159/159 155/155
f 162/162 169/169 166/166
f 167/167 175/175 170/170
f 178/178 185/185 182/182
f 183/183 190/190 186/186
f 193/193 200/200 197/197
f 198/198 208/208 202/202
f 209/209 214/214 211/211
f 215/215 223/223 218/218
f 224/224 230/230 227/227
f 233/233 241/241 237/237
f 239/239 245/245 242/242
f 248/248 255/255 252/252
f 253/253 259/259 256/256
f 262/262 271/271 266/266
f 269/269 275/275 272/272
f 276/276 282/282 278/278
f 285/285 292/292 289/289
f 290/290 298/298 293/293
f 301/301 308/308 305/305
f 306/306 313/313 309/309
f 316/316 323/323 320/320
f 321/321 330/330 324/324
f 331/331 336/336 333/333
f 337/337 344/344 339/339
f 345/345 350/350 347/347
f 353/353 361/361 357/357
f 359/359 365/365 362/362
f 368/368 375/375 372/372
f 373/373 379/379 376/376
f 168/168 161/161 153/153
f 153/153 389/389 168/168
f 389/389 380/380 168/168
f 380/380 374/374 367/367
f 367/367 360/360 352/352
f 352/352 346/346 338/338
f 338/338 332/332 352/352
f 332/332 322/322 352/352
f 322/322 315/315 307/307
f 307/307 300/300 291/291
f 291/291 284/284 261/261
f 284/284 277/277 261/261
f 277/277 270/270 261/261
f 261/261 254/254 247/247
f 247/247 240/240 232/232
f 232/232 225/225 199/199
f 226/226 217/217 201/201
f 216/216 210/210 199/199
f 199/199 192/192 184/184
f 184/184 177/177 168/168
f 380/380 367/367 168/168
f 367/367 352/352 168/168
f 322/322 307/307 352/352
f 307/307 291/291 352/352
f 261/261 247/247 291/291
f 247/247 232/232 291/291
f 199/199 184/184 232/232
f 184/184 168/168 232/232
f 168/168 352/352 291/291
f 382/382 391/391 386/386
f 390/390 154/154 150/150
f 385/385 151/151 157/157
f 157/157 165/165 172/172
f 172/172 181/181 188/188
f 188/188 196/196 204/204
f 204/204 213/213 220/220
f 220/220 229/229 236/236
f 236/236 244/244 251/251
f 251/251 258/258 265/265
f 265/265 274/274 280/280
f 280/280 288/288 295/295
f 295/295 304/304 311/311
f 311/311 319/319 326/326
f 326/326 335/335 341/341
f 341/341 349/349 356/356
f 356/356 364/364 371/371
f 371/371 378/378 385/385
f 385/385 157/157 204/204
f 158/158 173/173 205/205
f 174/174 189/189 206/206
f 207/207 221/221 267/267
f 222/222 238/238 268/268
f 236/236 251/251 265/265
f 265/265 280/280 326/326
f 281/281 296/296 327/327
f 297/297 312/312 328/328
f 329/329 342/342 387/387
f 343/343 358/358 388/388
f 356/356 371/371 385/385
f 385/385 204/204 265/265

o Material_004-material_7
usemtl Material.004
v -1.97315399 2.35814790 -1.58504360
v -1.97315399 2.35814790 -1.58504360
v -1.97315399 2.35814790 -1.58504360
v -1.89315393 2.35814790 -1.58504360
v -1.89315393 2.35814790 -1.58504360
v -1.89315393 2.35814790 -1.58504360
v -1.97315399 2.35814790 -0.00504400
v -1.97315399 2.35814790 -0.00504400
v -1.97315399 2.35814790 -0.00504400
v -1.89315393 2.35814790 -0.00504400
v -1.89315393 2.35814790 -0.00504400
v -1.89315393 2.35814790 -0.00504400
v -1.97315407 0.71814810 -1.58504360
v -1.97315407 0.71814810 -1.58504360
v -1.97315407 0.71814810 -1.58504360
v -1.89315401 0.71814810 -1.58504360
v -1.89315401 0.71814810 -1.58504360
v -1.89315401 0.71814810 -1.58504360
v -1.97315407 0.71814810 -0.00504400
v -1.97315407 0.71814810 -0.00504400
v -1.97315407 0.71814810 -0.00504400
v -1.89315401 0.71814810 -0.00504400
v -1.89315401 0.71814810 -0.00504400
v -1.89315401 0.71814810 -0.00504400
vt 0.37500000 1.00000000
vt 0.37500000 0.00000000
vt 0.12500000 0.25000000
vt 0.62500000 1.00000000
vt 0.62500000 0.00000000
vt 0.87500000 0.25000000
vt 0.37500000 0.75000000
vt 0.37500000 0.75000000
vt 0.12500000 0.50000000
vt 0.62500000 0.75000000
vt 0.62500000 0.75000000
vt 0.87500000 0.50000000
vt 0.37500000 0.25000000
vt 0.37500000 0.25000000
vt 0.37500000 0.25000000
vt 0.62500000 0.25000000
vt 0.62500000 0.25000000
vt 0.62500000 0.25000000
vt 0.37500000 0.50000000
vt 0.37500000 0.50000000
vt 0.37500000 0.50000000
vt 0.62500000 0.50000000
vt 0.62500000 0.50000000
vt 0.62500000 0.50000000
f 392/392 398/398 395/395
f 399/399 410/410 402/402
f 411/411 404/404 414/414
f 405/405 393/393 408/408
f 400/400 394/394 412/412
f 415/415 409/409 403/403
f 398/398 401/401 395/395
f 410/410 413/413 402/402
f 404/404 407/407 414/414
f 393/393 396/396 408/408
f 394/394 406/406 412/412
f 409/409 397/397 403/403

o Material_004-material_6
usemtl Material.004
v -1.97315399 2.35814790 -3.20336980
v -1.97315399 2.35814790 -3.20336980
v -1.97315399 2.35814790 -3.20336980
v -1.89315393 2.35814790 -3.20336980
v -1.89315393 2.35814790 -3.20336980
v -1.89315393 2.35814790 -3.20336980
v -1.97315399 2.35814790 -1.62337020
v -1.97315399 2.35814790 -1.62337020
v -1.97315399 2.35814790 -1.62337020
v -1.89315393 2.35814790 -1.62337020
v -1.89315393 2.35814790 -1.62337020
v -1.89315393 2.35814790 -1.62337020
v -1.97315407 0.71814810 -3.20336980
v -1.97315407 0.71814810 -3.20336980
v -1.97315407 0.71814810 -3.20336980
v -1.89315401 0.71814810 -3.20336980
v -1.89315401 0.71814810 -3.20336980
v -1.89315401 0.71814810 -3.20336980
v -1.97315407 0.71814810 -1.62337020
v -1.97315407 0.71814810 -1.62337020
v -1.97315407 0.71814810 -1.62337020
v -1.89315401 0.71814810 -1.62337020
v -1.89315401 0.71814810 -1.62337020
v -1.89315401 0.71814810 -1.62337020
vt 0.37500000 1.00000000
vt 0.37500000 0.00000000
vt 0.12500000 0.25000000
vt 0.62500000 1.00000000
vt 0.62500000 0.00000000
vt 0.87500000 0.25000000
vt 0.37500000 0.75000000
vt 0.37500000 0.75000000
vt 0.12500000 0.50000000
vt 0.62500000 0.75000000
vt 0.62500000 0.75000000
vt 0.87500000 0.50000000
vt 0.37500000 0.25000000
vt 0.37500000 0.25000000
vt 0.37500000 0.25000000
vt 0.62500000 0.25000000
vt 0.62500000 0.25000000
vt 0.62500000 0.25000000
vt 0.37500000 0.50000000
vt 0.37500000 0.50000000
vt 0.37500000 0.50000000
vt 0.62500000 0.50000000
vt 0.62500000 0.50000000
vt 0.62500000 0.50000000
f 416/416 422/422 419/419
f 423/423 434/434 426/426
f 435/435 428/428 438/438
f 429/429 417/417 432/432
f 424/424 418/418 436/436
f 439/439 433/433 427/427
f 422/422 425/425 419/419
f 434/434 437/437 426/426
f 428/428 431/431 438/438
f 417/417 420/420 432/432
f 418/418 430/430 436/436
f 433/433 421/421 427/427

o Material_004-material_5
usemtl Material.004
v -2.02216702 3.03928090 -3.22955880
v -2.02216702 3.03928090 -3.22955880
v -2.02216702 3.03928090 -3.22955880
v -1.94216696 3.03928090 -3.22955880
v -1.94216696 3.03928090 -3.22955880
v -1.94216696 3.03928090 -3.22955880
v -2.02216702 3.03928090 -1.64955920
v -2.02216702 3.03928090 -1.64955920
v -2.02216702 3.03928090 -1.64955920
v -1.94216696 3.03928090 -1.64955920
v -1.94216696 3.03928090 -1.64955920
v -1.94216696 3.03928090 -1.64955920
v -2.02216704 2.53928110 -3.22955880
v -2.02216704 2.53928110 -3.22955880
v -2.02216704 2.53928110 -3.22955880
v -1.94216698 2.53928110 -3.22955880
v -1.94216698 2.53928110 -3.22955880
v -1.94216698 2.53928110 -3.22955880
v -2.02216704 2.53928110 -1.64955920
v -2.02216704 2.53928110 -1.64955920
v -2.02216704 2.53928110 -1.64955920
v -1.94216698 2.53928110 -1.64955920
v -1.94216698 2.53928110 -1.64955920
v -1.94216698 2.53928110 -1.64955920
vt 0.37500000 1.00000000
vt 0.37500000 0.00000000
vt 0.12500000 0.25000000
vt 0.62500000 1.00000000
vt 0.62500000 0.00000000
vt 0.87500000 0.25000000
vt 0.37500000 0.75000000
vt 0.37500000 0.75000000
vt 0.12500000 0.50000000
vt 0.62500000 0.75000000
vt 0.62500000 0.75000000
vt 0.87500000 0.50000000
vt 0.37500000 0.25000000
vt 0.37500000 0.25000000
vt 0.37500000 0.25000000
vt 0.62500000 0.25000000
vt 0.62500000 0.25000000
vt 0.62500000 0.25000000
vt 0.37500000 0.50000000
vt 0.37500000 0.50000000
vt 0.37500000 0.50000000
vt 0.62500000 0.50000000
vt 0.62500000 0.50000000
vt 0.62500000 0.50000000
f 440/440 446/446 443/443
f 447/447 458/458 450/450
f 459/459 452/452 462/462
f 453/453 441/441 456/456
f 448/448 442/442 460/460
f 463/463 457/457 451/451
f 446/446 449/449 443/443
f 458/458 461/461 450/450
f 452/452 455/455 462/462
f 441/441 444/444 456/456
f 442/442 454/454 460/460
f 457/457 445/445 451/451

o Material_004-material_4
usemtl Material.004
v -2.02216702 3.03928090 -1.62177180
v -2.02216702 3.03928090 -1.62177180
v -2.02216702 3.03928090 -1.62177180
v -1.94216696 3.03928090 -1.62177180
v -1.94216696 3.03928090 -1.62177180
v -1.94216696 3.03928090 -1.62177180
v -2.02216702 3.03928090 -0.04177220
v -2.02216702 3.03928090 -0.04177220
v -2.02216702 3.03928090 -0.04177220
v -1.94216696 3.03928090 -0.04177220
v -1.94216696 3.03928090 -0.04177220
v -1.94216696 3.03928090 -0.04177220
v -2.02216704 2.53928110 -1.62177180
v -2.02216704 2.53928110 -1.62177180
v -2.02216704 2.53928110 -1.62177180
v -1.94216698 2.53928110 -1.62177180
v -1.94216698 2.53928110 -1.62177180
v -1.94216698 2.53928110 -1.62177180
v -2.02216704 2.53928110 -0.04177220
v -2.02216704 2.53928110 -0.04177220
v -2.02216704 2.53928110 -0.04177220
v -1.94216698 2.53928110 -0.04177220
v -1.94216698 2.53928110 -0.04177220
v -1.94216698 2.53928110 -0.04177220
vt 0.37500000 1.00000000
vt 0.37500000 0.00000000
vt 0.12500000 0.25000000
vt 0.62500000 1.00000000
vt 0.62500000 0.00000000
vt 0.87500000 0.25000000
vt 0.37500000 0.75000000
vt 0.37500000 0.75000000
vt 0.12500000 0.50000000
vt 0.62500000 0.75000000
vt 0.62500000 0.75000000
vt 0.87500000 0.50000000
vt 0.37500000 0.25000000
vt 0.37500000 0.25000000
vt 0.37500000 0.25000000
vt 0.62500000 0.25000000
vt 0.62500000 0.25000000
vt 0.62500000 0.25000000
vt 0.37500000 0.50000000
vt 0.37500000 0.50000000
vt 0.37500000 0.50000000
vt 0.62500000 0.50000000
vt 0.62500000 0.50000000
vt 0.62500000 0.50000000
f 464/464 470/470 467/467
f 471/471 482/482 474/474
f 483/483 476/476 486/486
f 477/477 465/465 480/480
f 472/472 466/466 484/484
f 487/487 481/481 475/475
f 470/470 473/473 467/467
f 482/482 485/485 474/474
f 476/476 479/479 486/486
f 465/465 468/468 480/480
f 466/466 478/478 484/484
f 481/481 469/469 475/475

o Material_004-material_3
usemtl Material.004
v -0.15398889 3.03928087 0.04118553
v -0.15398889 3.03928087 0.04118553
v -0.15398889 3.03928087 0.04118553
v -0.15398889 3.03928087 0.12118559
v -0.15398889 3.03928087 0.12118559
v -0.15398889 3.03928087 0.12118559
v -1.73398849 3.03928093 0.04118547
v -1.73398849 3.03928093 0.04118547
v -1.73398849 3.03928093 0.04118547
v -1.73398849 3.03928093 0.12118553
v -1.73398849 3.03928093 0.12118553
v -1.73398849 3.03928093 0.12118553
v -0.15398891 2.53928107 0.04118553
v -0.15398891 2.53928107 0.04118553
v -0.15398891 2.53928107 0.04118553
v -0.15398891 2.53928107 0.12118559
v -0.15398891 2.53928107 0.12118559
v -0.15398891 2.53928107 0.12118559
v -1.73398851 2.53928113 0.04118547
v -1.73398851 2.53928113 0.04118547
v -1.73398851 2.53928113 0.04118547
v -1.73398851 2.53928113 0.12118553
v -1.73398851 2.53928113 0.12118553
v -1.73398851 2.53928113 0.12118553
vt 0.37500000 1.00000000
vt 0.37500000 0.00000000
vt 0.12500000 0.25000000
vt 0.62500000 1.00000000
vt 0.62500000 0.00000000
vt 0.87500000 0.25000000
vt 0.37500000 0.75000000
vt 0.37500000 0.75000000
vt 0.12500000 0.50000000
vt 0.62500000 0.75000000
vt 0.62500000 0.75000000
vt 0.87500000 0.50000000
vt 0.37500000 0.25000000
vt 0.37500000 0.25000000
vt 0.37500000 0.25000000
vt 0.62500000 0.25000000
vt 0.62500000 0.25000000
vt 0.62500000 0.25000000
vt 0.37500000 0.50000000
vt 0.37500000 0.50000000
vt 0.37500000 0.50000000
vt 0.62500000 0.50000000
vt 0.62500000 0.50000000
vt 0.62500000 0.50000000
f 488/488 494/494 491/491
f 495/495 506/506 498/498
f 507/507 500/500 510/510
f 501/501 489/489 504/504
f 496/496 490/490 508/508
f 511/511 505/505 499/499
f 494/494 497/497 491/491
f 506/506 509/509 498/498
f 500/500 503/503 510/510
f 489/489 492/492 504/504
f 490/490 502/502 508/508
f 505/505 493/493 499/499

o Material_004-material_2
usemtl Material.004
v -0.15398889 3.03928087 -3.30679400
v -0.15398889 3.03928087 -3.30679400
v -0.15398889 3.03928087 -3.30679400
v -0.15398889 3.03928087 -3.22679394
v -0.15398889 3.03928087 -3.22679394
v -0.15398889 3.03928087 -3.22679394
v -1.73398849 3.03928093 -3.30679406
v -1.73398849 3.03928093 -3.30679406
v -1.73398849 3.03928093 -3.30679406
v -1.73398849 3.03928093 -3.22679400
v -1.73398849 3.03928093 -3.22679400
v -1.73398849 3.03928093 -3.22679400
v -0.15398891 2.53928107 -3.30679400
v -0.15398891 2.53928107 -3.30679400
v -0.15398891 2.53928107 -3.30679400
v -0.15398891 2.53928107 -3.22679394
v -0.15398891 2.53928107 -3.22679394
v -0.15398891 2.53928107 -3.22679394
v -1.73398851 2.53928113 -3.30679406
v -1.73398851 2.53928113 -3.30679406
v -1.73398851 2.53928113 -3.30679406
v -1.73398851 2.53928113 -3.22679400
v -1.73398851 2.53928113 -3.22679400
v -1.73398851 2.53928113 -3.22679400
vt 0.37500000 1.00000000
vt 0.37500000 0.00000000
vt 0.12500000 0.25000000
vt 0.62500000 1.00000000
vt 0.62500000 0.00000000
vt 0.87500000 0.25000000
vt 0.37500000 0.75000000
vt 0.37500000 0.75000000
vt 0.12500000 0.50000000
vt 0.62500000 0.75000000
vt 0.62500000 0.75000000
vt 0.87500000 0.50000000
vt 0.37500000 0.25000000
vt 0.37500000 0.25000000
vt 0.37500000 0.25000000
vt 0.62500000 0.25000000
vt 0.62500000 0.25000000
vt 0.62500000 0.25000000
vt 0.37500000 0.50000000
vt 0.37500000 0.50000000
vt 0.37500000 0.50000000
vt 0.62500000 0.50000000
vt 0.62500000 0.50000000
vt 0.62500000 0.50000000
f 512/512 518/518 515/515
f 519/519 530/530 522/522
f 531/531 524/524 534/534
f 525/525 513/513 528/528
f 520/520 514/514 532/532
f 535/535 529/529 523/523
f 518/518 521/521 515/515
f 530/530 533/533 522/522
f 524/524 527/527 534/534
f 513/513 516/516 528/528
f 514/514 526/526 532/532
f 529/529 517/517 523/523

o Material_004-material_1
usemtl Material.004
v -0.15398886 2.35814787 -3.30679400
v -0.15398886 2.35814787 -3.30679400
v -0.15398886 2.35814787 -3.30679400
v -0.15398887 2.35814787 -3.22679394
v -0.15398887 2.35814787 -3.22679394
v -0.15398887 2.35814787 -3.22679394
v -1.73398846 2.35814793 -3.30679406
v -1.73398846 2.35814793 -3.30679406
v -1.73398846 2.35814793 -3.30679406
v -1.73398847 2.35814793 -3.22679400
v -1.73398847 2.35814793 -3.22679400
v -1.73398847 2.35814793 -3.22679400
v -0.15398893 0.71814807 -3.30679400
v -0.15398893 0.71814807 -3.30679400
v -0.15398893 0.71814807 -3.30679400
v -0.15398894 0.71814807 -3.22679394
v -0.15398894 0.71814807 -3.22679394
v -0.15398894 0.71814807 -3.22679394
v -1.73398853 0.71814813 -3.30679406
v -1.73398853 0.71814813 -3.30679406
v -1.73398853 0.71814813 -3.30679406
v -1.73398854 0.71814813 -3.22679400
v -1.73398854 0.71814813 -3.22679400
v -1.73398854 0.71814813 -3.22679400
vt 0.37500000 1.00000000
vt 0.37500000 0.00000000
vt 0.12500000 0.25000000
vt 0.62500000 1.00000000
vt 0.62500000 0.00000000
vt 0.87500000 0.25000000
vt 0.37500000 0.75000000
vt 0.37500000 0.75000000
vt 0.12500000 0.50000000
vt 0.62500000 0.75000000
vt 0.62500000 0.75000000
vt 0.87500000 0.50000000
vt 0.37500000 0.25000000
vt 0.37500000 0.25000000
vt 0.37500000 0.25000000
vt 0.62500000 0.25000000
vt 0.62500000 0.25000000
vt 0.62500000 0.25000000
vt 0.37500000 0.50000000
vt 0.37500000 0.50000000
vt 0.37500000 0.50000000
vt 0.62500000 0.50000000
vt 0.62500000 0.50000000
vt 0.62500000 0.50000000
f 536/536 542/542 539/539
f 543/543 554/554 546/546
f 555/555 548/548 558/558
f 549/549 537/537 552/552
f 544/544 538/538 556/556
f 559/559 553/553 547/547
f 542/542 545/545 539/539
f 554/554 557/557 546/546
f 548/548 551/551 558/558
f 537/537 540/540 552/552
f 538/538 550/550 556/556
f 553/553 541/541 547/547

o Material_004-material
usemtl Material.004
v -0.15398886 2.35814787 0.04332588
v -0.15398886 2.35814787 0.04332588
v -0.15398886 2.35814787 0.04332588
v -0.15398887 2.35814787 0.12332594
v -0.15398887 2.35814787 0.12332594
v -0.15398887 2.35814787 0.12332594
v -1.73398846 2.35814793 0.04332582
v -1.73398846 2.35814793 0.04332582
v -1.73398846 2.35814793 0.04332582
v -1.73398847 2.35814793 0.12332588
v -1.73398847 2.35814793 0.12332588
v -1.73398847 2.35814793 0.12332588
v -0.15398893 0.71814807 0.04332588
v -0.15398893 0.71814807 0.04332588
v -0.15398893 0.71814807 0.04332588
v -0.15398894 0.71814807 0.12332594
v -0.15398894 0.71814807 0.12332594
v -0.15398894 0.71814807 0.12332594
v -1.73398853 0.71814813 0.04332582
v -1.73398853 0.71814813 0.04332582
v -1.73398853 0.71814813 0.04332582
v -1.73398854 0.71814813 0.12332588
v -1.73398854 0.71814813 0.12332588
v -1.73398854 0.71814813 0.12332588
vt 0.37500000 1.00000000
vt 0.37500000 0.00000000
vt 0.12500000 0.25000000
vt 0.62500000 1.00000000
vt 0.62500000 0.00000000
vt 0.87500000 0.25000000
vt 0.37500000 0.75000000
vt 0.37500000 0.75000000
vt 0.12500000 0.50000000
vt 0.62500000 0.75000000
vt 0.62500000 0.75000000
vt 0.87500000 0.50000000
vt 0.37500000 0.25000000
vt 0.37500000 0.25000000
vt 0.37500000 0.25000000
vt 0.62500000 0.25000000
vt 0.62500000 0.25000000
vt 0.62500000 0.25000000
vt 0.37500000 0.50000000
vt 0.37500000 0.50000000
vt 0.37500000 0.50000000
vt 0.62500000 0.50000000
vt 0.62500000 0.50000000
vt 0.62500000 0.50000000
f 560/560 566/566 563/563
f 567/567 578/578 570/570
f 579/579 572/572 582/582
f 573/573 561/561 576/576
f 568/568 562/562 580/580
f 583/583 577/577 571/571
f 566/566 569/569 563/563
f 578/578 581/581 570/570
f 572/572 575/575 582/582
f 561/561 564/564 576/576
f 562/562 574/574 580/580
f 577/577 565/565 571/571

o Material_003-material_15
usemtl Material.003
v -1.52676100 0.01714840 -2.58328570
v -1.52676100 0.01714840 -2.58328570
v -1.52676100 0.01714840 -2.58328570
v -1.52676100 0.66484160 -2.58328570
v -1.52676100 0.66484160 -2.58328570
v -1.52676100 0.66484160 -2.58328570
v -1.50064881 0.01714840 -2.58071388
v -1.50064881 0.01714840 -2.58071388
v -1.50064881 0.01714840 -2.58071388
v -1.50064881 0.01714840 -2.58071388
v -1.50064881 0.66484160 -2.58071388
v -1.50064881 0.66484160 -2.58071388
v -1.50064881 0.66484160 -2.58071388
v -1.50064881 0.66484160 -2.58071388
v -1.47554008 0.01714840 -2.57309722
v -1.47554008 0.01714840 -2.57309722
v -1.47554008 0.01714840 -2.57309722
v -1.47554008 0.01714840 -2.57309722
v -1.47554008 0.66484160 -2.57309722
v -1.47554008 0.66484160 -2.57309722
v -1.47554008 0.66484160 -2.57309722
v -1.45239975 0.01714840 -2.56072846
v -1.45239975 0.01714840 -2.56072846
v -1.45239975 0.01714840 -2.56072846
v -1.45239975 0.01714840 -2.56072846
v -1.45239975 0.01714840 -2.56072846
v -1.45239975 0.66484160 -2.56072846
v -1.45239975 0.66484160 -2.56072846
v -1.45239975 0.66484160 -2.56072846
v -1.45239975 0.66484160 -2.56072846
v -1.43211708 0.01714840 -2.54408292
v -1.43211708 0.01714840 -2.54408292
v -1.43211708 0.01714840 -2.54408292
v -1.43211708 0.01714840 -2.54408292
v -1.43211708 0.66484160 -2.54408292
v -1.43211708 0.66484160 -2.54408292
v -1.43211708 0.66484160 -2.54408292
v -1.41547154 0.01714840 -2.52380025
v -1.41547154 0.01714840 -2.52380025
v -1.41547154 0.01714840 -2.52380025
v -1.41547154 0.01714840 -2.52380025
v -1.41547154 0.66484160 -2.52380025
v -1.41547154 0.66484160 -2.52380025
v -1.41547154 0.66484160 -2.52380025
v -1.41547154 0.66484160 -2.52380025
v -1.40310278 0.01714840 -2.50065992
v -1.40310278 0.01714840 -2.50065992
v -1.40310278 0.01714840 -2.50065992
v -1.40310278 0.01714840 -2.50065992
v -1.40310278 0.66484160 -2.50065992
v -1.40310278 0.66484160 -2.50065992
v -1.40310278 0.66484160 -2.50065992
v -1.40310278 0.66484160 -2.50065992
v -1.39548612 0.01714840 -2.47555119
v -1.39548612 0.01714840 -2.47555119
v -1.39548612 0.01714840 -2.47555119
v -1.39548612 0.01714840 -2.47555119
v -1.39548612 0.01714840 -2.47555119
v -1.39548612 0.01714840 -2.47555119
v -1.39548612 0.66484160 -2.47555119
v -1.39548612 0.66484160 -2.47555119
v -1.39548612 0.66484160 -2.47555119
v -1.39291430 0.01714840 -2.44943900
v -1.39291430 0.01714840 -2.44943900
v -1.39291430 0.01714840 -2.44943900
v -1.39291430 0.66484160 -2.44943900
v -1.39291430 0.66484160 -2.44943900
v -1.39291430 0.66484160 -2.44943900
v -1.39291430 0.66484160 -2.44943900
v -1.39548612 0.01714840 -2.42332681
v -1.39548612 0.01714840 -2.42332681
v -1.39548612 0.01714840 -2.42332681
v -1.39548612 0.01714840 -2.42332681
v -1.39548612 0.01714840 -2.42332681
v -1.39548612 0.66484160 -2.42332681
v -1.39548612 0.66484160 -2.42332681
v -1.39548612 0.66484160 -2.42332681
v -1.39548612 0.66484160 -2.42332681
v -1.40310278 0.01714840 -2.39821808
v -1.40310278 0.01714840 -2.39821808
v -1.40310278 0.01714840 -2.39821808
v -1.40310278 0.66484160 -2.39821808
v -1.40310278 0.66484160 -2.39821808
v -1.40310278 0.66484160 -2.39821808
v -1.40310278 0.66484160 -2.39821808
v -1.41547154 0.01714840 -2.37507775
v -1.41547154 0.01714840 -2.37507775
v -1.41547154 0.01714840 -2.37507775
v -1.41547154 0.01714840 -2.37507775
v -1.41547154 0.01714840 -2.37507775
v -1.41547154 0.66484160 -2.37507775
v -1.41547154 0.66484160 -2.37507775
v -1.41547154 0.66484160 -2.37507775
v -1.43211708 0.01714840 -2.35479508
v -1.43211708 0.01714840 -2.35479508
v -1.43211708 0.01714840 -2.35479508
v -1.43211708 0.66484160 -2.35479508
v -1.43211708 0.66484160 -2.35479508
v -1.43211708 0.66484160 -2.35479508
v -1.43211708 0.66484160 -2.35479508
v -1.45239975 0.01714840 -2.33814954
v -1.45239975 0.01714840 -2.33814954
v -1.45239975 0.01714840 -2.33814954
v -1.45239975 0.01714840 -2.33814954
v -1.45239975 0.66484160 -2.33814954
v -1.45239975 0.66484160 -2.33814954
v -1.45239975 0.66484160 -2.33814954
v -1.47554008 0.01714840 -2.32578078
v -1.47554008 0.01714840 -2.32578078
v -1.47554008 0.01714840 -2.32578078
v -1.47554008 0.66484160 -2.32578078
v -1.47554008 0.66484160 -2.32578078
v -1.47554008 0.66484160 -2.32578078
v -1.47554008 0.66484160 -2.32578078
v -1.50064881 0.01714840 -2.31816412
v -1.50064881 0.01714840 -2.31816412
v -1.50064881 0.01714840 -2.31816412
v -1.50064881 0.01714840 -2.31816412
v -1.50064881 0.01714840 -2.31816412
v -1.50064881 0.01714840 -2.31816412
v -1.50064881 0.66484160 -2.31816412
v -1.50064881 0.66484160 -2.31816412
v -1.50064881 0.66484160 -2.31816412
v -1.52676100 0.01714840 -2.31559230
v -1.52676100 0.01714840 -2.31559230
v -1.52676100 0.01714840 -2.31559230
v -1.52676100 0.66484160 -2.31559230
v -1.52676100 0.66484160 -2.31559230
v -1.52676100 0.66484160 -2.31559230
v -1.55287319 0.01714840 -2.31816412
v -1.55287319 0.01714840 -2.31816412
v -1.55287319 0.01714840 -2.31816412
v -1.55287319 0.01714840 -2.31816412
v -1.55287319 0.66484160 -2.31816412
v -1.55287319 0.66484160 -2.31816412
v -1.55287319 0.66484160 -2.31816412
v -1.55287319 0.66484160 -2.31816412
v -1.57798192 0.01714840 -2.32578078
v -1.57798192 0.01714840 -2.32578078
v -1.57798192 0.01714840 -2.32578078
v -1.57798192 0.01714840 -2.32578078
v -1.57798192 0.66484160 -2.32578078
v -1.57798192 0.66484160 -2.32578078
v -1.57798192 0.66484160 -2.32578078
v -1.60112225 0.01714840 -2.33814954
v -1.60112225 0.01714840 -2.33814954
v -1.60112225 0.01714840 -2.33814954
v -1.60112225 0.01714840 -2.33814954
v -1.60112225 0.01714840 -2.33814954
v -1.60112225 0.66484160 -2.33814954
v -1.60112225 0.66484160 -2.33814954
v -1.60112225 0.66484160 -2.33814954
v -1.60112225 0.66484160 -2.33814954
v -1.62140492 0.01714840 -2.35479508
v -1.62140492 0.01714840 -2.35479508
v -1.62140492 0.01714840 -2.35479508
v -1.62140492 0.01714840 -2.35479508
v -1.62140492 0.66484160 -2.35479508
v -1.62140492 0.66484160 -2.35479508
v -1.62140492 0.66484160 -2.35479508
v -1.63805046 0.01714840 -2.37507775
v -1.63805046 0.01714840 -2.37507775
v -1.63805046 0.01714840 -2.37507775
v -1.63805046 0.01714840 -2.37507775
v -1.63805046 0.66484160 -2.37507775
v -1.63805046 0.66484160 -2.37507775
v -1.63805046 0.66484160 -2.37507775
v -1.63805046 0.66484160 -2.37507775
v -1.65041922 0.01714840 -2.39821808
v -1.65041922 0.01714840 -2.39821808
v -1.65041922 0.01714840 -2.39821808
v -1.65041922 0.01714840 -2.39821808
v -1.65041922 0.66484160 -2.39821808
v -1.65041922 0.66484160 -2.39821808
v -1.65041922 0.66484160 -2.39821808
v -1.65803588 0.01714840 -2.42332681
v -1.65803588 0.01714840 -2.42332681
v -1.65803588 0.01714840 -2.42332681
v -1.65803588 0.01714840 -2.42332681
v -1.65803588 0.01714840 -2.42332681
v -1.65803588 0.01714840 -2.42332681
v -1.65803588 0.66484160 -2.42332681
v -1.65803588 0.66484160 -2.42332681
v -1.65803588 0.66484160 -2.42332681
v -1.66060770 0.01714840 -2.44943900
v -1.66060770 0.01714840 -2.44943900
v -1.66060770 0.01714840 -2.44943900
v -1.66060770 0.66484160 -2.44943900
v -1.66060770 0.66484160 -2.44943900
v -1.66060770 0.66484160 -2.44943900
v -1.65803588 0.01714840 -2.47555119
v -1.65803588 0.01714840 -2.47555119
v -1.65803588 0.01714840 -2.47555119
v -1.65803588 0.01714840 -2.47555119
v -1.65803588 0.01714840 -2.47555119
v -1.65803588 0.66484160 -2.47555119
v -1.65803588 0.66484160 -2.47555119
v -1.65803588 0.66484160 -2.47555119
v -1.65041922 0.01714840 -2.50065992
v -1.65041922 0.01714840 -2.50065992
v -1.65041922 0.01714840 -2.50065992
v -1.65041922 0.66484160 -2.50065992
v -1.65041922 0.66484160 -2.50065992
v -1.65041922 0.66484160 -2.50065992
v -1.65041922 0.66484160 -2.50065992
v -1.63805046 0.01714840 -2.52380025
v -1.63805046 0.01714840 -2.52380025
v -1.63805046 0.01714840 -2.52380025
v -1.63805046 0.01714840 -2.52380025
v -1.63805046 0.01714840 -2.52380025
v -1.63805046 0.66484160 -2.52380025
v -1.63805046 0.66484160 -2.52380025
v -1.63805046 0.66484160 -2.52380025
v -1.62140492 0.01714840 -2.54408292
v -1.62140492 0.01714840 -2.54408292
v -1.62140492 0.01714840 -2.54408292
v -1.62140492 0.66484160 -2.54408292
v -1.62140492 0.66484160 -2.54408292
v -1.62140492 0.66484160 -2.54408292
v -1.62140492 0.66484160 -2.54408292
v -1.60112225 0.01714840 -2.56072846
v -1.60112225 0.01714840 -2.56072846
v -1.60112225 0.01714840 -2.56072846
v -1.60112225 0.01714840 -2.56072846
v -1.60112225 0.66484160 -2.56072846
v -1.60112225 0.66484160 -2.56072846
v -1.60112225 0.66484160 -2.56072846
v -1.57798192 0.01714840 -2.57309722
v -1.57798192 0.01714840 -2.57309722
v -1.57798192 0.01714840 -2.57309722
v -1.57798192 0.66484160 -2.57309722
v -1.57798192 0.66484160 -2.57309722
v -1.57798192 0.66484160 -2.57309722
v -1.57798192 0.66484160 -2.57309722
v -1.55287319 0.01714840 -2.58071388
v -1.55287319 0.01714840 -2.58071388
v -1.55287319 0.01714840 -2.58071388
v -1.55287319 0.01714840 -2.58071388
v -1.55287319 0.01714840 -2.58071388
v -1.55287319 0.01714840 -2.58071388
v -1.55287319 0.66484160 -2.58071388
v -1.55287319 0.66484160 -2.58071388
v -1.55287319 0.66484160 -2.58071388
vt 1.00000000 0.50000000
vt 0.00000000 0.50000000
vt 0.75000000 0.50999999
vt 1.00000000 0.00000000
vt 0.25000000 0.50999999
vt 0.00000000 0.00000000
vt 0.96875000 0.50000000
vt 0.96875000 0.50000000
vt 0.79682171 0.51461148
vt 0.79682171 0.51461148
vt 0.96875000 0.00000000
vt 0.96875000 0.00000000
vt 0.29682171 0.51461148
vt 0.96875000 0.00000000
vt 0.93750000 0.50000000
vt 0.93750000 0.50000000
vt 0.84184402 0.52826893
vt 0.93750000 0.50000000
vt 0.93750000 0.00000000
vt 0.34184399 0.52826893
vt 0.93750000 0.00000000
vt 0.90625000 0.50000000
vt 0.90625000 0.50000000
vt 0.88333690 0.55044729
vt 0.88333690 0.55044729
vt 0.88333690 0.55044729
vt 0.90625000 0.00000000
vt 0.90625000 0.00000000
vt 0.38333690 0.55044729
vt 0.90625000 0.00000000
vt 0.87500000 0.50000000
vt 0.87500000 0.50000000
vt 0.91970563 0.58029437
vt 0.87500000 0.50000000
vt 0.87500000 0.00000000
vt 0.41970560 0.58029437
vt 0.87500000 0.00000000
vt 0.84375000 0.50000000
vt 0.84375000 0.50000000
vt 0.94955271 0.61666310
vt 0.94955271 0.61666310
vt 0.84375000 0.00000000
vt 0.84375000 0.00000000
vt 0.44955271 0.61666310
vt 0.84375000 0.00000000
vt 0.81250000 0.50000000
vt 0.81250000 0.50000000
vt 0.97173113 0.65815604
vt 0.81250000 0.50000000
vt 0.81250000 0.00000000
vt 0.47173110 0.65815604
vt 0.81250000 0.00000000
vt 0.47173110 0.65815604
vt 0.78125000 0.50000000
vt 0.78125000 0.50000000
vt 0.98538852 0.70317829
vt 0.98538852 0.70317829
vt 0.98538852 0.70317829
vt 0.98538852 0.70317829
vt 0.78125000 0.00000000
vt 0.78125000 0.00000000
vt 0.48538849 0.70317829
vt 0.75000000 0.50000000
vt 0.75000000 0.50000000
vt 0.99000001 0.75000000
vt 0.75000000 0.00000000
vt 0.75000000 0.00000000
vt 0.49000001 0.75000000
vt 0.49000001 0.75000000
vt 0.71875000 0.50000000
vt 0.71875000 0.50000000
vt 0.98538852 0.79682171
vt 0.98538852 0.79682171
vt 0.98538852 0.79682171
vt 0.71875000 0.00000000
vt 0.71875000 0.00000000
vt 0.48538849 0.79682171
vt 0.48538849 0.79682171
vt 0.68750000 0.50000000
vt 0.68750000 0.50000000
vt 0.97173113 0.84184408
vt 0.68750000 0.00000000
vt 0.68750000 0.00000000
vt 0.47173110 0.84184408
vt 0.68750000 0.00000000
vt 0.65625000 0.50000000
vt 0.65625000 0.50000000
vt 0.94955271 0.88333690
vt 0.65625000 0.50000000
vt 0.94955271 0.88333690
vt 0.65625000 0.00000000
vt 0.44955271 0.88333690
vt 0.65625000 0.00000000
vt 0.62500000 0.50000000
vt 0.62500000 0.50000000
vt 0.91970563 0.91970563
vt 0.62500000 0.00000000
vt 0.62500000 0.00000000
vt 0.41970560 0.91970563
vt 0.62500000 0.00000000
vt 0.59375000 0.50000000
vt 0.59375000 0.50000000
vt 0.88333690 0.94955271
vt 0.59375000 0.50000000
vt 0.59375000 0.00000000
vt 0.38333690 0.94955271
vt 0.59375000 0.00000000
vt 0.56250000 0.50000000
vt 0.56250000 0.50000000
vt 0.84184402 0.97173113
vt 0.56250000 0.00000000
vt 0.56250000 0.00000000
vt 0.34184399 0.97173113
vt 0.56250000 0.00000000
vt 0.53125000 0.50000000
vt 0.53125000 0.50000000
vt 0.79682171 0.98538846
vt 0.53125000 0.50000000
vt 0.79682171 0.98538846
vt 0.79682171 0.98538846
vt 0.53125000 0.00000000
vt 0.29682171 0.98538846
vt 0.53125000 0.00000000
vt 0.50000000 0.50000000
vt 0.50000000 0.50000000
vt 0.75000000 0.99000001
vt 0.50000000 0.00000000
vt 0.50000000 0.00000000
vt 0.25000000 0.99000001
vt 0.46875000 0.50000000
vt 0.46875000 0.50000000
vt 0.70317841 0.98538846
vt 0.70317841 0.98538846
vt 0.46875000 0.00000000
vt 0.46875000 0.00000000
vt 0.20317830 0.98538846
vt 0.46875000 0.00000000
vt 0.43750000 0.50000000
vt 0.43750000 0.50000000
vt 0.65815598 0.97173113
vt 0.43750000 0.50000000
vt 0.43750000 0.00000000
vt 0.15815590 0.97173113
vt 0.43750000 0.00000000
vt 0.40625000 0.50000000
vt 0.40625000 0.50000000
vt 0.61666322 0.94955271
vt 0.61666322 0.94955271
vt 0.61666322 0.94955271
vt 0.40625000 0.00000000
vt 0.40625000 0.00000000
vt 0.11666310 0.94955271
vt 0.40625000 0.00000000
vt 0.37500000 0.50000000
vt 0.37500000 0.50000000
vt 0.58029437 0.91970563
vt 0.37500000 0.50000000
vt 0.37500000 0.00000000
vt 0.08029437 0.91970563
vt 0.37500000 0.00000000
vt 0.34375000 0.50000000
vt 0.34375000 0.50000000
vt 0.55044729 0.88333690
vt 0.55044729 0.88333690
vt 0.34375000 0.00000000
vt 0.34375000 0.00000000
vt 0.05044728 0.88333690
vt 0.34375000 0.00000000
vt 0.31250000 0.50000000
vt 0.31250000 0.50000000
vt 0.52826887 0.84184408
vt 0.31250000 0.50000000
vt 0.31250000 0.00000000
vt 0.02826887 0.84184408
vt 0.31250000 0.00000000
vt 0.28125000 0.50000000
vt 0.28125000 0.50000000
vt 0.51461160 0.79682171
vt 0.51461160 0.79682171
vt 0.51461160 0.79682171
vt 0.51461160 0.79682171
vt 0.28125000 0.00000000
vt 0.28125000 0.00000000
vt 0.01461154 0.79682171
vt 0.25000000 0.50000000
vt 0.25000000 0.50000000
vt 0.50999999 0.75000000
vt 0.25000000 0.00000000
vt 0.25000000 0.00000000
vt 0.00999999 0.75000000
vt 0.21875000 0.50000000
vt 0.21875000 0.50000000
vt 0.51461160 0.70317829
vt 0.51461160 0.70317829
vt 0.51461160 0.70317829
vt 0.21875000 0.00000000
vt 0.21875000 0.00000000
vt 0.01461154 0.70317829
vt 0.18750000 0.50000000
vt 0.18750000 0.50000000
vt 0.52826887 0.65815604
vt 0.18750000 0.00000000
vt 0.18750000 0.00000000
vt 0.02826887 0.65815604
vt 0.18750000 0.00000000
vt 0.15625000 0.50000000
vt 0.15625000 0.50000000
vt 0.55044729 0.61666310
vt 0.15625000 0.50000000
vt 0.55044729 0.61666310
vt 0.15625000 0.00000000
vt 0.05044728 0.61666310
vt 0.15625000 0.00000000
vt 0.12500000 0.50000000
vt 0.12500000 0.50000000
vt 0.58029437 0.58029437
vt 0.12500000 0.00000000
vt 0.12500000 0.00000000
vt 0.08029437 0.58029437
vt 0.12500000 0.00000000
vt 0.09375000 0.50000000
vt 0.09375000 0.50000000
vt 0.61666322 0.55044729
vt 0.09375000 0.50000000
vt 0.09375000 0.00000000
vt 0.11666310 0.55044729
vt 0.09375000 0.00000000
vt 0.06250000 0.50000000
vt 0.06250000 0.50000000
vt 0.65815598 0.52826893
vt 0.06250000 0.00000000
vt 0.15815590 0.52826893
vt 0.06250000 0.00000000
vt 0.06250000 0.00000000
vt 0.03125000 0.50000000
vt 0.03125000 0.50000000
vt 0.70317841 0.51461148
vt 0.03125000 0.50000000
vt 0.70317841 0.51461148
vt 0.70317841 0.51461148
vt 0.20317830 0.51461148
vt 0.03125000 0.00000000
vt 0.03125000 0.00000000
f 587/587 590/590 584/584
f 595/595 598/598 591/591
f 602/602 605/605 599/599
f 611/611 614/614 606/606
f 618/618 621/621 615/615
f 626/626 629/629 622/622
f 633/633 637/637 630/630
f 644/644 646/646 638/638
f 650/650 653/653 647/647
f 659/659 662/662 654/654
f 666/666 669/669 663/663
f 674/674 677/677 670/670
f 681/681 684/684 678/678
f 688/688 691/691 685/685
f 695/695 698/698 692/692
f 704/704 707/707 699/699
f 711/711 713/713 708/708
f 718/718 721/721 714/714
f 725/725 728/728 722/722
f 734/734 737/737 729/729
f 741/741 744/744 738/738
f 749/749 752/752 745/745
f 756/756 759/759 753/753
f 766/766 768/768 760/760
f 772/772 774/774 769/769
f 780/780 782/782 775/775
f 786/786 789/789 783/783
f 794/794 797/797 790/790
f 801/801 804/804 798/798
f 808/808 811/811 805/805
f 726/726 667/667 603/603
f 816/816 818/818 812/812
f 825/825 585/585 819/819
f 700/700 761/761 820/820
f 587/587 594/594 590/590
f 597/597 604/604 601/601
f 602/602 610/610 605/605
f 613/613 620/620 617/617
f 618/618 625/625 621/621
f 628/628 635/635 632/632
f 633/633 643/643 637/637
f 644/644 649/649 646/646
f 650/650 658/658 653/653
f 659/659 665/665 662/662
f 668/668 676/676 672/672
f 674/674 680/680 677/677
f 683/683 690/690 687/687
f 688/688 694/694 691/691
f 697/697 706/706 701/701
f 704/704 710/710 707/707
f 711/711 717/717 713/713
f 720/720 727/727 724/724
f 725/725 733/733 728/728
f 736/736 743/743 740/740
f 741/741 748/748 744/744
f 751/751 758/758 755/755
f 756/756 765/765 759/759
f 766/766 771/771 768/768
f 772/772 779/779 774/774
f 780/780 785/785 782/782
f 788/788 796/796 792/792
f 794/794 800/800 797/797
f 803/803 810/810 807/807
f 808/808 814/814 811/811
f 603/603 596/596 588/588
f 588/588 824/824 603/603
f 824/824 815/815 603/603
f 815/815 809/809 802/802
f 802/802 795/795 787/787
f 787/787 781/781 773/773
f 773/773 767/767 787/787
f 767/767 757/757 787/787
f 757/757 750/750 742/742
f 742/742 735/735 726/726
f 726/726 719/719 696/696
f 719/719 712/712 696/696
f 712/712 705/705 696/696
f 696/696 689/689 682/682
f 682/682 675/675 667/667
f 667/667 660/660 634/634
f 661/661 652/652 636/636
f 651/651 645/645 634/634
f 634/634 627/627 619/619
f 619/619 612/612 603/603
f 815/815 802/802 603/603
f 802/802 787/787 603/603
f 757/757 742/742 787/787
f 742/742 726/726 787/787
f 696/696 682/682 726/726
f 682/682 667/667 726/726
f 634/634 619/619 667/667
f 619/619 603/603 667/667
f 603/603 787/787 726/726
f 817/817 826/826 821/821
f 825/825 589/589 585/585
f 820/820 586/586 592/592
f 592/592 600/600 607/607
f 607/607 616/616 623/623
f 623/623 631/631 639/639
f 639/639 648/648 655/655
f 655/655 664/664 671/671
f 671/671 679/679 686/686
f 686/686 693/693 700/700
f 700/700 709/709 715/715
f 715/715 723/723 730/730
f 730/730 739/739 746/746
f 746/746 754/754 761/761
f 761/761 770/770 776/776
f 776/776 784/784 791/791
f 791/791 799/799 806/806
f 806/806 813/813 820/820
f 820/820 592/592 639/639
f 593/593 608/608 640/640
f 609/609 624/624 641/641
f 642/642 656/656 702/702
f 657/657 673/673 703/703
f 671/671 686/686 700/700
f 700/700 715/715 761/761
f 716/716 731/731 762/762
f 732/732 747/747 763/763
f 764/764 777/777 822/822
f 778/778 793/793 823/823
f 791/791 806/806 820/820
f 820/820 639/639 700/700

o Material_003-material_14
usemtl Material.003
v -1.52676100 0.01714840 -0.97050790
v -1.52676100 0.01714840 -0.97050790
v -1.52676100 0.01714840 -0.97050790
v -1.52676100 0.66484160 -0.97050790
v -1.52676100 0.66484160 -0.97050790
v -1.52676100 0.66484160 -0.97050790
v -1.50064881 0.01714840 -0.96793608
v -1.50064881 0.01714840 -0.96793608
v -1.50064881 0.01714840 -0.96793608
v -1.50064881 0.01714840 -0.96793608
v -1.50064881 0.66484160 -0.96793608
v -1.50064881 0.66484160 -0.96793608
v -1.50064881 0.66484160 -0.96793608
v -1.50064881 0.66484160 -0.96793608
v -1.47554008 0.01714840 -0.96031942
v -1.47554008 0.01714840 -0.96031942
v -1.47554008 0.01714840 -0.96031942
v -1.47554008 0.01714840 -0.96031942
v -1.47554008 0.66484160 -0.96031942
v -1.47554008 0.66484160 -0.96031942
v -1.47554008 0.66484160 -0.96031942
v -1.45239975 0.01714840 -0.94795066
v -1.45239975 0.01714840 -0.94795066
v -1.45239975 0.01714840 -0.94795066
v -1.45239975 0.01714840 -0.94795066
v -1.45239975 0.01714840 -0.94795066
v -1.45239975 0.66484160 -0.94795066
v -1.45239975 0.66484160 -0.94795066
v -1.45239975 0.66484160 -0.94795066
v -1.45239975 0.66484160 -0.94795066
v -1.43211708 0.01714840 -0.93130512
v -1.43211708 0.01714840 -0.93130512
v -1.43211708 0.01714840 -0.93130512
v -1.43211708 0.01714840 -0.93130512
v -1.43211708 0.66484160 -0.93130512
v -1.43211708 0.66484160 -0.93130512
v -1.43211708 0.66484160 -0.93130512
v -1.41547154 0.01714840 -0.91102245
v -1.41547154 0.01714840 -0.91102245
v -1.41547154 0.01714840 -0.91102245
v -1.41547154 0.01714840 -0.91102245
v -1.41547154 0.66484160 -0.91102245
v -1.41547154 0.66484160 -0.91102245
v -1.41547154 0.66484160 -0.91102245
v -1.41547154 0.66484160 -0.91102245
v -1.40310278 0.01714840 -0.88788212
v -1.40310278 0.01714840 -0.88788212
v -1.40310278 0.01714840 -0.88788212
v -1.40310278 0.01714840 -0.88788212
v -1.40310278 0.66484160 -0.88788212
v -1.40310278 0.66484160 -0.88788212
v -1.40310278 0.66484160 -0.88788212
v -1.40310278 0.66484160 -0.88788212
v -1.39548612 0.01714840 -0.86277339
v -1.39548612 0.01714840 -0.86277339
v -1.39548612 0.01714840 -0.86277339
v -1.39548612 0.01714840 -0.86277339
v -1.39548612 0.01714840 -0.86277339
v -1.39548612 0.01714840 -0.86277339
v -1.39548612 0.66484160 -0.86277339
v -1.39548612 0.66484160 -0.86277339
v -1.39548612 0.66484160 -0.86277339
v -1.39291430 0.01714840 -0.83666120
v -1.39291430 0.01714840 -0.83666120
v -1.39291430 0.01714840 -0.83666120
v -1.39291430 0.66484160 -0.83666120
v -1.39291430 0.66484160 -0.83666120
v -1.39291430 0.66484160 -0.83666120
v -1.39291430 0.66484160 -0.83666120
v -1.39548612 0.01714840 -0.81054901
v -1.39548612 0.01714840 -0.81054901
v -1.39548612 0.01714840 -0.81054901
v -1.39548612 0.01714840 -0.81054901
v -1.39548612 0.01714840 -0.81054901
v -1.39548612 0.66484160 -0.81054901
v -1.39548612 0.66484160 -0.81054901
v -1.39548612 0.66484160 -0.81054901
v -1.39548612 0.66484160 -0.81054901
v -1.40310278 0.01714840 -0.78544028
v -1.40310278 0.01714840 -0.78544028
v -1.40310278 0.01714840 -0.78544028
v -1.40310278 0.66484160 -0.78544028
v -1.40310278 0.66484160 -0.78544028
v -1.40310278 0.66484160 -0.78544028
v -1.40310278 0.66484160 -0.78544028
v -1.41547154 0.01714840 -0.76229995
v -1.41547154 0.01714840 -0.76229995
v -1.41547154 0.01714840 -0.76229995
v -1.41547154 0.01714840 -0.76229995
v -1.41547154 0.01714840 -0.76229995
v -1.41547154 0.66484160 -0.76229995
v -1.41547154 0.66484160 -0.76229995
v -1.41547154 0.66484160 -0.76229995
v -1.43211708 0.01714840 -0.74201728
v -1.43211708 0.01714840 -0.74201728
v -1.43211708 0.01714840 -0.74201728
v -1.43211708 0.66484160 -0.74201728
v -1.43211708 0.66484160 -0.74201728
v -1.43211708 0.66484160 -0.74201728
v -1.43211708 0.66484160 -0.74201728
v -1.45239975 0.01714840 -0.72537174
v -1.45239975 0.01714840 -0.72537174
v -1.45239975 0.01714840 -0.72537174
v -1.45239975 0.01714840 -0.72537174
v -1.45239975 0.66484160 -0.72537174
v -1.45239975 0.66484160 -0.72537174
v -1.45239975 0.66484160 -0.72537174
v -1.47554008 0.01714840 -0.71300298
v -1.47554008 0.01714840 -0.71300298
v -1.47554008 0.01714840 -0.71300298
v -1.47554008 0.66484160 -0.71300298
v -1.47554008 0.66484160 -0.71300298
v -1.47554008 0.66484160 -0.71300298
v -1.47554008 0.66484160 -0.71300298
v -1.50064881 0.01714840 -0.70538632
v -1.50064881 0.01714840 -0.70538632
v -1.50064881 0.01714840 -0.70538632
v -1.50064881 0.01714840 -0.70538632
v -1.50064881 0.01714840 -0.70538632
v -1.50064881 0.01714840 -0.70538632
v -1.50064881 0.66484160 -0.70538632
v -1.50064881 0.66484160 -0.70538632
v -1.50064881 0.66484160 -0.70538632
v -1.52676100 0.01714840 -0.70281450
v -1.52676100 0.01714840 -0.70281450
v -1.52676100 0.01714840 -0.70281450
v -1.52676100 0.66484160 -0.70281450
v -1.52676100 0.66484160 -0.70281450
v -1.52676100 0.66484160 -0.70281450
v -1.55287319 0.01714840 -0.70538632
v -1.55287319 0.01714840 -0.70538632
v -1.55287319 0.01714840 -0.70538632
v -1.55287319 0.01714840 -0.70538632
v -1.55287319 0.66484160 -0.70538632
v -1.55287319 0.66484160 -0.70538632
v -1.55287319 0.66484160 -0.70538632
v -1.55287319 0.66484160 -0.70538632
v -1.57798192 0.01714840 -0.71300298
v -1.57798192 0.01714840 -0.71300298
v -1.57798192 0.01714840 -0.71300298
v -1.57798192 0.01714840 -0.71300298
v -1.57798192 0.66484160 -0.71300298
v -1.57798192 0.66484160 -0.71300298
v -1.57798192 0.66484160 -0.71300298
v -1.60112225 0.01714840 -0.72537174
v -1.60112225 0.01714840 -0.72537174
v -1.60112225 0.01714840 -0.72537174
v -1.60112225 0.01714840 -0.72537174
v -1.60112225 0.01714840 -0.72537174
v -1.60112225 0.66484160 -0.72537174
v -1.60112225 0.66484160 -0.72537174
v -1.60112225 0.66484160 -0.72537174
v -1.60112225 0.66484160 -0.72537174
v -1.62140492 0.01714840 -0.74201728
v -1.62140492 0.01714840 -0.74201728
v -1.62140492 0.01714840 -0.74201728
v -1.62140492 0.01714840 -0.74201728
v -1.62140492 0.66484160 -0.74201728
v -1.62140492 0.66484160 -0.74201728
v -1.62140492 0.66484160 -0.74201728
v -1.63805046 0.01714840 -0.76229995
v -1.63805046 0.01714840 -0.76229995
v -1.63805046 0.01714840 -0.76229995
v -1.63805046 0.01714840 -0.76229995
v -1.63805046 0.66484160 -0.76229995
v -1.63805046 0.66484160 -0.76229995
v -1.63805046 0.66484160 -0.76229995
v -1.63805046 0.66484160 -0.76229995
v -1.65041922 0.01714840 -0.78544028
v -1.65041922 0.01714840 -0.78544028
v -1.65041922 0.01714840 -0.78544028
v -1.65041922 0.01714840 -0.78544028
v -1.65041922 0.66484160 -0.78544028
v -1.65041922 0.66484160 -0.78544028
v -1.65041922 0.66484160 -0.78544028
v -1.65803588 0.01714840 -0.81054901
v -1.65803588 0.01714840 -0.81054901
v -1.65803588 0.01714840 -0.81054901
v -1.65803588 0.01714840 -0.81054901
v -1.65803588 0.01714840 -0.81054901
v -1.65803588 0.01714840 -0.81054901
v -1.65803588 0.66484160 -0.81054901
v -1.65803588 0.66484160 -0.81054901
v -1.65803588 0.66484160 -0.81054901
v -1.66060770 0.01714840 -0.83666120
v -1.66060770 0.01714840 -0.83666120
v -1.66060770 0.01714840 -0.83666120
v -1.66060770 0.66484160 -0.83666120
v -1.66060770 0.66484160 -0.83666120
v -1.66060770 0.66484160 -0.83666120
v -1.65803588 0.01714840 -0.86277339
v -1.65803588 0.01714840 -0.86277339
v -1.65803588 0.01714840 -0.86277339
v -1.65803588 0.01714840 -0.86277339
v -1.65803588 0.01714840 -0.86277339
v -1.65803588 0.66484160 -0.86277339
v -1.65803588 0.66484160 -0.86277339
v -1.65803588 0.66484160 -0.86277339
v -1.65041922 0.01714840 -0.88788212
v -1.65041922 0.01714840 -0.88788212
v -1.65041922 0.01714840 -0.88788212
v -1.65041922 0.66484160 -0.88788212
v -1.65041922 0.66484160 -0.88788212
v -1.65041922 0.66484160 -0.88788212
v -1.65041922 0.66484160 -0.88788212
v -1.63805046 0.01714840 -0.91102245
v -1.63805046 0.01714840 -0.91102245
v -1.63805046 0.01714840 -0.91102245
v -1.63805046 0.01714840 -0.91102245
v -1.63805046 0.01714840 -0.91102245
v -1.63805046 0.66484160 -0.91102245
v -1.63805046 0.66484160 -0.91102245
v -1.63805046 0.66484160 -0.91102245
v -1.62140492 0.01714840 -0.93130512
v -1.62140492 0.01714840 -0.93130512
v -1.62140492 0.01714840 -0.93130512
v -1.62140492 0.66484160 -0.93130512
v -1.62140492 0.66484160 -0.93130512
v -1.62140492 0.66484160 -0.93130512
v -1.62140492 0.66484160 -0.93130512
v -1.60112225 0.01714840 -0.94795066
v -1.60112225 0.01714840 -0.94795066
v -1.60112225 0.01714840 -0.94795066
v -1.60112225 0.01714840 -0.94795066
v -1.60112225 0.66484160 -0.94795066
v -1.60112225 0.66484160 -0.94795066
v -1.60112225 0.66484160 -0.94795066
v -1.57798192 0.01714840 -0.96031942
v -1.57798192 0.01714840 -0.96031942
v -1.57798192 0.01714840 -0.96031942
v -1.57798192 0.66484160 -0.96031942
v -1.57798192 0.66484160 -0.96031942
v -1.57798192 0.66484160 -0.96031942
v -1.57798192 0.66484160 -0.96031942
v -1.55287319 0.01714840 -0.96793608
v -1.55287319 0.01714840 -0.96793608
v -1.55287319 0.01714840 -0.96793608
v -1.55287319 0.01714840 -0.96793608
v -1.55287319 0.01714840 -0.96793608
v -1.55287319 0.01714840 -0.96793608
v -1.55287319 0.66484160 -0.96793608
v -1.55287319 0.66484160 -0.96793608
v -1.55287319 0.66484160 -0.96793608
vt 1.00000000 0.50000000
vt 0.00000000 0.50000000
vt 0.75000000 0.50999999
vt 1.00000000 0.00000000
vt 0.25000000 0.50999999
vt 0.00000000 0.00000000
vt 0.96875000 0.50000000
vt 0.96875000 0.50000000
vt 0.79682171 0.51461148
vt 0.79682171 0.51461148
vt 0.96875000 0.00000000
vt 0.96875000 0.00000000
vt 0.29682171 0.51461148
vt 0.96875000 0.00000000
vt 0.93750000 0.50000000
vt 0.93750000 0.50000000
vt 0.84184402 0.52826893
vt 0.93750000 0.50000000
vt 0.93750000 0.00000000
vt 0.34184399 0.52826893
vt 0.93750000 0.00000000
vt 0.90625000 0.50000000
vt 0.90625000 0.50000000
vt 0.88333690 0.55044729
vt 0.88333690 0.55044729
vt 0.88333690 0.55044729
vt 0.90625000 0.00000000
vt 0.90625000 0.00000000
vt 0.38333690 0.55044729
vt 0.90625000 0.00000000
vt 0.87500000 0.50000000
vt 0.87500000 0.50000000
vt 0.91970563 0.58029437
vt 0.87500000 0.50000000
vt 0.87500000 0.00000000
vt 0.41970560 0.58029437
vt 0.87500000 0.00000000
vt 0.84375000 0.50000000
vt 0.84375000 0.50000000
vt 0.94955271 0.61666310
vt 0.94955271 0.61666310
vt 0.84375000 0.00000000
vt 0.84375000 0.00000000
vt 0.44955271 0.61666310
vt 0.84375000 0.00000000
vt 0.81250000 0.50000000
vt 0.81250000 0.50000000
vt 0.97173113 0.65815604
vt 0.81250000 0.50000000
vt 0.81250000 0.00000000
vt 0.47173110 0.65815604
vt 0.81250000 0.00000000
vt 0.47173110 0.65815604
vt 0.78125000 0.50000000
vt 0.78125000 0.50000000
vt 0.98538852 0.70317829
vt 0.98538852 0.70317829
vt 0.98538852 0.70317829
vt 0.98538852 0.70317829
vt 0.78125000 0.00000000
vt 0.78125000 0.00000000
vt 0.48538849 0.70317829
vt 0.75000000 0.50000000
vt 0.75000000 0.50000000
vt 0.99000001 0.75000000
vt 0.75000000 0.00000000
vt 0.75000000 0.00000000
vt 0.49000001 0.75000000
vt 0.49000001 0.75000000
vt 0.71875000 0.50000000
vt 0.71875000 0.50000000
vt 0.98538852 0.79682171
vt 0.98538852 0.79682171
vt 0.98538852 0.79682171
vt 0.71875000 0.00000000
vt 0.71875000 0.00000000
vt 0.48538849 0.79682171
vt 0.48538849 0.79682171
vt 0.68750000 0.50000000
vt 0.68750000 0.50000000
vt 0.97173113 0.84184408
vt 0.68750000 0.00000000
vt 0.68750000 0.00000000
vt 0.47173110 0.84184408
vt 0.68750000 0.00000000
vt 0.65625000 0.50000000
vt 0.65625000 0.50000000
vt 0.94955271 0.88333690
vt 0.65625000 0.50000000
vt 0.94955271 0.88333690
vt 0.65625000 0.00000000
vt 0.44955271 0.88333690
vt 0.65625000 0.00000000
vt 0.62500000 0.50000000
vt 0.62500000 0.50000000
vt 0.91970563 0.91970563
vt 0.62500000 0.00000000
vt 0.62500000 0.00000000
vt 0.41970560 0.91970563
vt 0.62500000 0.00000000
vt 0.59375000 0.50000000
vt 0.59375000 0.50000000
vt 0.88333690 0.94955271
vt 0.59375000 0.50000000
vt 0.59375000 0.00000000
vt 0.38333690 0.94955271
vt 0.59375000 0.00000000
vt 0.56250000 0.50000000
vt 0.56250000 0.50000000
vt 0.84184402 0.97173113
vt 0.56250000 0.00000000
vt 0.56250000 0.00000000
vt 0.34184399 0.97173113
vt 0.56250000 0.00000000
vt 0.53125000 0.50000000
vt 0.53125000 0.50000000
vt 0.79682171 0.98538846
vt 0.53125000 0.50000000
vt 0.79682171 0.98538846
vt 0.79682171 0.98538846
vt 0.53125000 0.00000000
vt 0.29682171 0.98538846
vt 0.53125000 0.00000000
vt 0.50000000 0.50000000
vt 0.50000000 0.50000000
vt 0.75000000 0.99000001
vt 0.50000000 0.00000000
vt 0.50000000 0.00000000
vt 0.25000000 0.99000001
vt 0.46875000 0.50000000
vt 0.46875000 0.50000000
vt 0.70317841 0.98538846
vt 0.70317841 0.98538846
vt 0.46875000 0.00000000
vt 0.46875000 0.00000000
vt 0.20317830 0.98538846
vt 0.46875000 0.00000000
vt 0.43750000 0.50000000
vt 0.43750000 0.50000000
vt 0.65815598 0.97173113
vt 0.43750000 0.50000000
vt 0.43750000 0.00000000
vt 0.15815590 0.97173113
vt 0.43750000 0.00000000
vt 0.40625000 0.50000000
vt 0.40625000 0.50000000
vt 0.61666322 0.94955271
vt 0.61666322 0.94955271
vt 0.61666322 0.94955271
vt 0.40625000 0.00000000
vt 0.40625000 0.00000000
vt 0.11666310 0.94955271
vt 0.40625000 0.00000000
vt 0.37500000 0.50000000
vt 0.37500000 0.50000000
vt 0.58029437 0.91970563
vt 0.37500000 0.50000000
vt 0.37500000 0.00000000
vt 0.08029437 0.91970563
vt 0.37500000 0.00000000
vt 0.34375000 0.50000000
vt 0.34375000 0.50000000
vt 0.55044729 0.88333690
vt 0.55044729 0.88333690
vt 0.34375000 0.00000000
vt 0.34375000 0.00000000
vt 0.05044728 0.88333690
vt 0.34375000 0.00000000
vt 0.31250000 0.50000000
vt 0.31250000 0.50000000
vt 0.52826887 0.84184408
vt 0.31250000 0.50000000
vt 0.31250000 0.00000000
vt 0.02826887 0.84184408
vt 0.31250000 0.00000000
vt 0.28125000 0.50000000
vt 0.28125000 0.50000000
vt 0.51461160 0.79682171
vt 0.51461160 0.79682171
vt 0.51461160 0.79682171
vt 0.51461160 0.79682171
vt 0.28125000 0.00000000
vt 0.28125000 0.00000000
vt 0.01461154 0.79682171
vt 0.25000000 0.50000000
vt 0.25000000 0.50000000
vt 0.50999999 0.75000000
vt 0.25000000 0.00000000
vt 0.25000000 0.00000000
vt 0.00999999 0.75000000
vt 0.21875000 0.50000000
vt 0.21875000 0.50000000
vt 0.51461160 0.70317829
vt 0.51461160 0.70317829
vt 0.51461160 0.70317829
vt 0.21875000 0.00000000
vt 0.21875000 0.00000000
vt 0.01461154 0.70317829
vt 0.18750000 0.50000000
vt 0.18750000 0.50000000
vt 0.52826887 0.65815604
vt 0.18750000 0.00000000
vt 0.18750000 0.00000000
vt 0.02826887 0.65815604
vt 0.18750000 0.00000000
vt 0.15625000 0.50000000
vt 0.15625000 0.50000000
vt 0.55044729 0.61666310
vt 0.15625000 0.50000000
vt 0.55044729 0.61666310
vt 0.15625000 0.00000000
vt 0.05044728 0.61666310
vt 0.15625000 0.00000000
vt 0.12500000 0.50000000
vt 0.12500000 0.50000000
vt 0.58029437 0.58029437
vt 0.12500000 0.00000000
vt 0.12500000 0.00000000
vt 0.08029437 0.58029437
vt 0.12500000 0.00000000
vt 0.09375000 0.50000000
vt 0.09375000 0.50000000
vt 0.61666322 0.55044729
vt 0.09375000 0.50000000
vt 0.09375000 0.00000000
vt 0.11666310 0.55044729
vt 0.09375000 0.00000000
vt 0.06250000 0.50000000
vt 0.06250000 0.50000000
vt 0.65815598 0.52826893
vt 0.06250000 0.00000000
vt 0.15815590 0.52826893
vt 0.06250000 0.00000000
vt 0.06250000 0.00000000
vt 0.03125000 0.50000000
vt 0.03125000 0.50000000
vt 0.70317841 0.51461148
vt 0.03125000 0.50000000
vt 0.70317841 0.51461148
vt 0.70317841 0.51461148
vt 0.20317830 0.51461148
vt 0.03125000 0.00000000
vt 0.03125000 0.00000000
f 830/830 833/833 827/827
f 838/838 841/841 834/834
f 845/845 848/848 842/842
f 854/854 857/857 849/849
f 861/861 864/864 858/858
f 869/869 872/872 865/865
f 876/876 880/880 873/873
f 887/887 889/889 881/881
f 893/893 896/896 890/890
f 902/902 905/905 897/897
f 909/909 912/912 906/906
f 917/917 920/920 913/913
f 924/924 927/927 921/921
f 931/931 934/934 928/928
f 938/938 941/941 935/935
f 947/947 950/950 942/942
f 954/954 956/956 951/951
f 961/961 964/964 957/957
f 968/968 971/971 965/965
f 977/977 980/980 972/972
f 984/984 987/987 981/981
f 992/992 995/995 988/988
f 999/999 1002/1002 996/996
f 1009/1009 1011/1011 1003/1003
f 1015/1015 1017/1017 1012/1012
f 1023/1023 1025/1025 1018/1018
f 1029/1029 1032/1032 1026/1026
f 1037/1037 1040/1040 1033/1033
f 1044/1044 1047/1047 1041/1041
f 1051/1051 1054/1054 1048/1048
f 969/969 910/910 846/846
f 1059/1059 1061/1061 1055/1055
f 1068/1068 828/828 1062/1062
f 943/943 1004/1004 1063/1063
f 830/830 837/837 833/833
f 840/840 847/847 844/844
f 845/845 853/853 848/848
f 856/856 863/863 860/860
f 861/861 868/868 864/864
f 871/871 878/878 875/875
f 876/876 886/886 880/880
f 887/887 892/892 889/889
f 893/893 901/901 896/896
f 902/902 908/908 905/905
f 911/911 919/919 915/915
f 917/917 923/923 920/920
f 926/926 933/933 930/930
f 931/931 937/937 934/934
f 940/940 949/949 944/944
f 947/947 953/953 950/950
f 954/954 960/960 956/956
f 963/963 970/970 967/967
f 968/968 976/976 971/971
f 979/979 986/986 983/983
f 984/984 991/991 987/987
f 994/994 1001/1001 998/998
f 999/999 1008/1008 1002/1002
f 1009/1009 1014/1014 1011/1011
f 1015/1015 1022/1022 1017/1017
f 1023/1023 1028/1028 1025/1025
f 1031/1031 1039/1039 1035/1035
f 1037/1037 1043/1043 1040/1040
f 1046/1046 1053/1053 1050/1050
f 1051/1051 1057/1057 1054/1054
f 846/846 839/839 831/831
f 831/831 1067/1067 846/846
f 1067/1067 1058/1058 846/846
f 1058/1058 1052/1052 1045/1045
f 1045/1045 1038/1038 1030/1030
f 1030/1030 1024/1024 1016/1016
f 1016/1016 1010/1010 1030/1030
f 1010/1010 1000/1000 1030/1030
f 1000/1000 993/993 985/985
f 985/985 978/978 969/969
f 969/969 962/962 939/939
f 962/962 955/955 939/939
f 955/955 948/948 939/939
f 939/939 932/932 925/925
f 925/925 918/918 910/910
f 910/910 903/903 877/877
f 904/904 895/895 879/879
f 894/894 888/888 877/877
f 877/877 870/870 862/862
f 862/862 855/855 846/846
f 1058/1058 1045/1045 846/846
f 1045/1045 1030/1030 846/846
f 1000/1000 985/985 1030/1030
f 985/985 969/969 1030/1030
f 939/939 925/925 969/969
f 925/925 910/910 969/969
f 877/877 862/862 910/910
f 862/862 846/846 910/910
f 846/846 1030/1030 969/969
f 1060/1060 1069/1069 1064/1064
f 1068/1068 832/832 828/828
f 1063/1063 829/829 835/835
f 835/835 843/843 850/850
f 850/850 859/859 866/866
f 866/866 874/874 882/882
f 882/882 891/891 898/898
f 898/898 907/907 914/914
f 914/914 922/922 929/929
f 929/929 936/936 943/943
f 943/943 952/952 958/958
f 958/958 966/966 973/973
f 973/973 982/982 989/989
f 989/989 997/997 1004/1004
f 1004/1004 1013/1013 1019/1019
f 1019/1019 1027/1027 1034/1034
f 1034/1034 1042/1042 1049/1049
f 1049/1049 1056/1056 1063/1063
f 1063/1063 835/835 882/882
f 836/836 851/851 883/883
f 852/852 867/867 884/884
f 885/885 899/899 945/945
f 900/900 916/916 946/946
f 914/914 929/929 943/943
f 943/943 958/958 1004/1004
f 959/959 974/974 1005/1005
f 975/975 990/990 1006/1006
f 1007/1007 1020/1020 1065/1065
f 1021/1021 1036/1036 1066/1066
f 1034/1034 1049/1049 1063/1063
f 1063/1063 882/882 943/943

o Material_003-material_13
usemtl Material.003
v -1.94421673 1.53289907 -0.06509300
v -1.94421673 1.53289907 -0.06509300
v -1.94421673 1.53289907 -0.06509300
v -1.94421687 1.53289893 -3.09878900
v -1.94421687 1.53289893 -3.09878900
v -1.94421687 1.53289893 -3.09878900
v -1.94267274 1.51722262 -0.06509300
v -1.94267274 1.51722262 -0.06509300
v -1.94267274 1.51722262 -0.06509300
v -1.94267274 1.51722262 -0.06509300
v -1.94267287 1.51722249 -3.09878900
v -1.94267287 1.51722249 -3.09878900
v -1.94267287 1.51722249 -3.09878900
v -1.94267287 1.51722249 -3.09878900
v -1.93810009 1.50214861 -0.06509300
v -1.93810009 1.50214861 -0.06509300
v -1.93810009 1.50214861 -0.06509300
v -1.93810009 1.50214861 -0.06509300
v -1.93810022 1.50214848 -3.09878900
v -1.93810022 1.50214848 -3.09878900
v -1.93810022 1.50214848 -3.09878900
v -1.93067451 1.48825633 -0.06509300
v -1.93067451 1.48825633 -0.06509300
v -1.93067451 1.48825633 -0.06509300
v -1.93067451 1.48825633 -0.06509300
v -1.93067451 1.48825633 -0.06509300
v -1.93067464 1.48825619 -3.09878900
v -1.93067464 1.48825619 -3.09878900
v -1.93067464 1.48825619 -3.09878900
v -1.93067464 1.48825619 -3.09878900
v -1.92068136 1.47607964 -0.06509300
v -1.92068136 1.47607964 -0.06509300
v -1.92068136 1.47607964 -0.06509300
v -1.92068136 1.47607964 -0.06509300
v -1.92068149 1.47607951 -3.09878900
v -1.92068149 1.47607951 -3.09878900
v -1.92068149 1.47607951 -3.09878900
v -1.90850467 1.46608649 -0.06509300
v -1.90850467 1.46608649 -0.06509300
v -1.90850467 1.46608649 -0.06509300
v -1.90850467 1.46608649 -0.06509300
v -1.90850481 1.46608636 -3.09878900
v -1.90850481 1.46608636 -3.09878900
v -1.90850481 1.46608636 -3.09878900
v -1.90850481 1.46608636 -3.09878900
v -1.89461239 1.45866091 -0.06509300
v -1.89461239 1.45866091 -0.06509300
v -1.89461239 1.45866091 -0.06509300
v -1.89461239 1.45866091 -0.06509300
v -1.89461252 1.45866078 -3.09878900
v -1.89461252 1.45866078 -3.09878900
v -1.89461252 1.45866078 -3.09878900
v -1.89461252 1.45866078 -3.09878900
v -1.87953838 1.45408826 -0.06509300
v -1.87953838 1.45408826 -0.06509300
v -1.87953838 1.45408826 -0.06509300
v -1.87953838 1.45408826 -0.06509300
v -1.87953838 1.45408826 -0.06509300
v -1.87953838 1.45408826 -0.06509300
v -1.87953851 1.45408813 -3.09878900
v -1.87953851 1.45408813 -3.09878900
v -1.87953851 1.45408813 -3.09878900
v -1.86386193 1.45254427 -0.06509300
v -1.86386193 1.45254427 -0.06509300
v -1.86386193 1.45254427 -0.06509300
v -1.86386207 1.45254413 -3.09878900
v -1.86386207 1.45254413 -3.09878900
v -1.86386207 1.45254413 -3.09878900
v -1.86386207 1.45254413 -3.09878900
v -1.84818549 1.45408826 -0.06509300
v -1.84818549 1.45408826 -0.06509300
v -1.84818549 1.45408826 -0.06509300
v -1.84818549 1.45408826 -0.06509300
v -1.84818549 1.45408826 -0.06509300
v -1.84818562 1.45408813 -3.09878900
v -1.84818562 1.45408813 -3.09878900
v -1.84818562 1.45408813 -3.09878900
v -1.84818562 1.45408813 -3.09878900
v -1.83311148 1.45866091 -0.06509300
v -1.83311148 1.45866091 -0.06509300
v -1.83311148 1.45866091 -0.06509300
v -1.83311161 1.45866078 -3.09878900
v -1.83311161 1.45866078 -3.09878900
v -1.83311161 1.45866078 -3.09878900
v -1.83311161 1.45866078 -3.09878900
v -1.81921919 1.46608649 -0.06509300
v -1.81921919 1.46608649 -0.06509300
v -1.81921919 1.46608649 -0.06509300
v -1.81921919 1.46608649 -0.06509300
v -1.81921919 1.46608649 -0.06509300
v -1.81921933 1.46608636 -3.09878900
v -1.81921933 1.46608636 -3.09878900
v -1.81921933 1.46608636 -3.09878900
v -1.80704251 1.47607964 -0.06509300
v -1.80704251 1.47607964 -0.06509300
v -1.80704251 1.47607964 -0.06509300
v -1.80704264 1.47607951 -3.09878900
v -1.80704264 1.47607951 -3.09878900
v -1.80704264 1.47607951 -3.09878900
v -1.80704264 1.47607951 -3.09878900
v -1.79704936 1.48825633 -0.06509300
v -1.79704936 1.48825633 -0.06509300
v -1.79704936 1.48825633 -0.06509300
v -1.79704936 1.48825633 -0.06509300
v -1.79704949 1.48825619 -3.09878900
v -1.79704949 1.48825619 -3.09878900
v -1.79704949 1.48825619 -3.09878900
v -1.78962378 1.50214861 -0.06509300
v -1.78962378 1.50214861 -0.06509300
v -1.78962378 1.50214861 -0.06509300
v -1.78962391 1.50214848 -3.09878900
v -1.78962391 1.50214848 -3.09878900
v -1.78962391 1.50214848 -3.09878900
v -1.78962391 1.50214848 -3.09878900
v -1.78505113 1.51722262 -0.06509300
v -1.78505113 1.51722262 -0.06509300
v -1.78505113 1.51722262 -0.06509300
v -1.78505113 1.51722262 -0.06509300
v -1.78505113 1.51722262 -0.06509300
v -1.78505113 1.51722262 -0.06509300
v -1.78505126 1.51722249 -3.09878900
v -1.78505126 1.51722249 -3.09878900
v -1.78505126 1.51722249 -3.09878900
v -1.78350713 1.53289907 -0.06509300
v -1.78350713 1.53289907 -0.06509300
v -1.78350713 1.53289907 -0.06509300
v -1.78350727 1.53289893 -3.09878900
v -1.78350727 1.53289893 -3.09878900
v -1.78350727 1.53289893 -3.09878900
v -1.78505113 1.54857551 -0.06509300
v -1.78505113 1.54857551 -0.06509300
v -1.78505113 1.54857551 -0.06509300
v -1.78505113 1.54857551 -0.06509300
v -1.78505126 1.54857538 -3.09878900
v -1.78505126 1.54857538 -3.09878900
v -1.78505126 1.54857538 -3.09878900
v -1.78505126 1.54857538 -3.09878900
v -1.78962378 1.56364952 -0.06509300
v -1.78962378 1.56364952 -0.06509300
v -1.78962378 1.56364952 -0.06509300
v -1.78962378 1.56364952 -0.06509300
v -1.78962391 1.56364939 -3.09878900
v -1.78962391 1.56364939 -3.09878900
v -1.78962391 1.56364939 -3.09878900
v -1.79704936 1.57754181 -0.06509300
v -1.79704936 1.57754181 -0.06509300
v -1.79704936 1.57754181 -0.06509300
v -1.79704936 1.57754181 -0.06509300
v -1.79704936 1.57754181 -0.06509300
v -1.79704949 1.57754167 -3.09878900
v -1.79704949 1.57754167 -3.09878900
v -1.79704949 1.57754167 -3.09878900
v -1.79704949 1.57754167 -3.09878900
v -1.80704251 1.58971849 -0.06509300
v -1.80704251 1.58971849 -0.06509300
v -1.80704251 1.58971849 -0.06509300
v -1.80704251 1.58971849 -0.06509300
v -1.80704264 1.58971836 -3.09878900
v -1.80704264 1.58971836 -3.09878900
v -1.80704264 1.58971836 -3.09878900
v -1.81921919 1.59971164 -0.06509300
v -1.81921919 1.59971164 -0.06509300
v -1.81921919 1.59971164 -0.06509300
v -1.81921919 1.59971164 -0.06509300
v -1.81921933 1.59971151 -3.09878900
v -1.81921933 1.59971151 -3.09878900
v -1.81921933 1.59971151 -3.09878900
v -1.81921933 1.59971151 -3.09878900
v -1.83311148 1.60713722 -0.06509300
v -1.83311148 1.60713722 -0.06509300
v -1.83311148 1.60713722 -0.06509300
v -1.83311148 1.60713722 -0.06509300
v -1.83311161 1.60713709 -3.09878900
v -1.83311161 1.60713709 -3.09878900
v -1.83311161 1.60713709 -3.09878900
v -1.84818549 1.61170987 -0.06509300
v -1.84818549 1.61170987 -0.06509300
v -1.84818549 1.61170987 -0.06509300
v -1.84818549 1.61170987 -0.06509300
v -1.84818549 1.61170987 -0.06509300
v -1.84818549 1.61170987 -0.06509300
v -1.84818562 1.61170974 -3.09878900
v -1.84818562 1.61170974 -3.09878900
v -1.84818562 1.61170974 -3.09878900
v -1.86386193 1.61325387 -0.06509300
v -1.86386193 1.61325387 -0.06509300
v -1.86386193 1.61325387 -0.06509300
v -1.86386207 1.61325373 -3.09878900
v -1.86386207 1.61325373 -3.09878900
v -1.86386207 1.61325373 -3.09878900
v -1.87953838 1.61170987 -0.06509300
v -1.87953838 1.61170987 -0.06509300
v -1.87953838 1.61170987 -0.06509300
v -1.87953838 1.61170987 -0.06509300
v -1.87953838 1.61170987 -0.06509300
v -1.87953851 1.61170974 -3.09878900
v -1.87953851 1.61170974 -3.09878900
v -1.87953851 1.61170974 -3.09878900
v -1.89461239 1.60713722 -0.06509300
v -1.89461239 1.60713722 -0.06509300
v -1.89461239 1.60713722 -0.06509300
v -1.89461252 1.60713709 -3.09878900
v -1.89461252 1.60713709 -3.09878900
v -1.89461252 1.60713709 -3.09878900
v -1.89461252 1.60713709 -3.09878900
v -1.90850467 1.59971164 -0.06509300
v -1.90850467 1.59971164 -0.06509300
v -1.90850467 1.59971164 -0.06509300
v -1.90850467 1.59971164 -0.06509300
v -1.90850467 1.59971164 -0.06509300
v -1.90850481 1.59971151 -3.09878900
v -1.90850481 1.59971151 -3.09878900
v -1.90850481 1.59971151 -3.09878900
v -1.92068136 1.58971849 -0.06509300
v -1.92068136 1.58971849 -0.06509300
v -1.92068136 1.58971849 -0.06509300
v -1.92068149 1.58971836 -3.09878900
v -1.92068149 1.58971836 -3.09878900
v -1.92068149 1.58971836 -3.09878900
v -1.92068149 1.58971836 -3.09878900
v -1.93067451 1.57754181 -0.06509300
v -1.93067451 1.57754181 -0.06509300
v -1.93067451 1.57754181 -0.06509300
v -1.93067451 1.57754181 -0.06509300
v -1.93067464 1.57754167 -3.09878900
v -1.93067464 1.57754167 -3.09878900
v -1.93067464 1.57754167 -3.09878900
v -1.93810009 1.56364952 -0.06509300
v -1.93810009 1.56364952 -0.06509300
v -1.93810009 1.56364952 -0.06509300
v -1.93810022 1.56364939 -3.09878900
v -1.93810022 1.56364939 -3.09878900
v -1.93810022 1.56364939 -3.09878900
v -1.93810022 1.56364939 -3.09878900
v -1.94267274 1.54857551 -0.06509300
v -1.94267274 1.54857551 -0.06509300
v -1.94267274 1.54857551 -0.06509300
v -1.94267274 1.54857551 -0.06509300
v -1.94267274 1.54857551 -0.06509300
v -1.94267274 1.54857551 -0.06509300
v -1.94267287 1.54857538 -3.09878900
v -1.94267287 1.54857538 -3.09878900
v -1.94267287 1.54857538 -3.09878900
vt 1.00000000 0.50000000
vt 0.00000000 0.50000000
vt 0.75000000 0.50999999
vt 1.00000000 0.00000000
vt 0.25000000 0.50999999
vt 0.00000000 0.00000000
vt 0.96875000 0.50000000
vt 0.96875000 0.50000000
vt 0.79682171 0.51461148
vt 0.79682171 0.51461148
vt 0.96875000 0.00000000
vt 0.96875000 0.00000000
vt 0.29682171 0.51461148
vt 0.96875000 0.00000000
vt 0.93750000 0.50000000
vt 0.93750000 0.50000000
vt 0.84184402 0.52826893
vt 0.93750000 0.50000000
vt 0.93750000 0.00000000
vt 0.34184399 0.52826893
vt 0.93750000 0.00000000
vt 0.90625000 0.50000000
vt 0.90625000 0.50000000
vt 0.88333690 0.55044729
vt 0.88333690 0.55044729
vt 0.88333690 0.55044729
vt 0.90625000 0.00000000
vt 0.90625000 0.00000000
vt 0.38333690 0.55044729
vt 0.90625000 0.00000000
vt 0.87500000 0.50000000
vt 0.87500000 0.50000000
vt 0.91970563 0.58029437
vt 0.87500000 0.50000000
vt 0.87500000 0.00000000
vt 0.41970560 0.58029437
vt 0.87500000 0.00000000
vt 0.84375000 0.50000000
vt 0.84375000 0.50000000
vt 0.94955271 0.61666310
vt 0.94955271 0.61666310
vt 0.84375000 0.00000000
vt 0.84375000 0.00000000
vt 0.44955271 0.61666310
vt 0.84375000 0.00000000
vt 0.81250000 0.50000000
vt 0.81250000 0.50000000
vt 0.97173113 0.65815604
vt 0.81250000 0.50000000
vt 0.81250000 0.00000000
vt 0.47173110 0.65815604
vt 0.81250000 0.00000000
vt 0.47173110 0.65815604
vt 0.78125000 0.50000000
vt 0.78125000 0.50000000
vt 0.98538852 0.70317829
vt 0.98538852 0.70317829
vt 0.98538852 0.70317829
vt 0.98538852 0.70317829
vt 0.78125000 0.00000000
vt 0.78125000 0.00000000
vt 0.48538849 0.70317829
vt 0.75000000 0.50000000
vt 0.75000000 0.50000000
vt 0.99000001 0.75000000
vt 0.75000000 0.00000000
vt 0.75000000 0.00000000
vt 0.49000001 0.75000000
vt 0.49000001 0.75000000
vt 0.71875000 0.50000000
vt 0.71875000 0.50000000
vt 0.98538852 0.79682171
vt 0.98538852 0.79682171
vt 0.98538852 0.79682171
vt 0.71875000 0.00000000
vt 0.71875000 0.00000000
vt 0.48538849 0.79682171
vt 0.48538849 0.79682171
vt 0.68750000 0.50000000
vt 0.68750000 0.50000000
vt 0.97173113 0.84184408
vt 0.68750000 0.00000000
vt 0.68750000 0.00000000
vt 0.47173110 0.84184408
vt 0.68750000 0.00000000
vt 0.65625000 0.50000000
vt 0.65625000 0.50000000
vt 0.94955271 0.88333690
vt 0.65625000 0.50000000
vt 0.94955271 0.88333690
vt 0.65625000 0.00000000
vt 0.44955271 0.88333690
vt 0.65625000 0.00000000
vt 0.62500000 0.50000000
vt 0.62500000 0.50000000
vt 0.91970563 0.91970563
vt 0.62500000 0.00000000
vt 0.62500000 0.00000000
vt 0.41970560 0.91970563
vt 0.62500000 0.00000000
vt 0.59375000 0.50000000
vt 0.59375000 0.50000000
vt 0.88333690 0.94955271
vt 0.59375000 0.50000000
vt 0.59375000 0.00000000
vt 0.38333690 0.94955271
vt 0.59375000 0.00000000
vt 0.56250000 0.50000000
vt 0.56250000 0.50000000
vt 0.84184402 0.97173113
vt 0.56250000 0.00000000
vt 0.56250000 0.00000000
vt 0.34184399 0.97173113
vt 0.56250000 0.00000000
vt 0.53125000 0.50000000
vt 0.53125000 0.50000000
vt 0.79682171 0.98538846
vt 0.53125000 0.50000000
vt 0.79682171 0.98538846
vt 0.79682171 0.98538846
vt 0.53125000 0.00000000
vt 0.29682171 0.98538846
vt 0.53125000 0.00000000
vt 0.50000000 0.50000000
vt 0.50000000 0.50000000
vt 0.75000000 0.99000001
vt 0.50000000 0.00000000
vt 0.50000000 0.00000000
vt 0.25000000 0.99000001
vt 0.46875000 0.50000000
vt 0.46875000 0.50000000
vt 0.70317841 0.98538846
vt 0.70317841 0.98538846
vt 0.46875000 0.00000000
vt 0.46875000 0.00000000
vt 0.20317830 0.98538846
vt 0.46875000 0.00000000
vt 0.43750000 0.50000000
vt 0.43750000 0.50000000
vt 0.65815598 0.97173113
vt 0.43750000 0.50000000
vt 0.43750000 0.00000000
vt 0.15815590 0.97173113
vt 0.43750000 0.00000000
vt 0.40625000 0.50000000
vt 0.40625000 0.50000000
vt 0.61666322 0.94955271
vt 0.61666322 0.94955271
vt 0.61666322 0.94955271
vt 0.40625000 0.00000000
vt 0.40625000 0.00000000
vt 0.11666310 0.94955271
vt 0.40625000 0.00000000
vt 0.37500000 0.50000000
vt 0.37500000 0.50000000
vt 0.58029437 0.91970563
vt 0.37500000 0.50000000
vt 0.37500000 0.00000000
vt 0.08029437 0.91970563
vt 0.37500000 0.00000000
vt 0.34375000 0.50000000
vt 0.34375000 0.50000000
vt 0.55044729 0.88333690
vt 0.55044729 0.88333690
vt 0.34375000 0.00000000
vt 0.34375000 0.00000000
vt 0.05044728 0.88333690
vt 0.34375000 0.00000000
vt 0.31250000 0.50000000
vt 0.31250000 0.50000000
vt 0.52826887 0.84184408
vt 0.31250000 0.50000000
vt 0.31250000 0.00000000
vt 0.02826887 0.84184408
vt 0.31250000 0.00000000
vt 0.28125000 0.50000000
vt 0.28125000 0.50000000
vt 0.51461160 0.79682171
vt 0.51461160 0.79682171
vt 0.51461160 0.79682171
vt 0.51461160 0.79682171
vt 0.28125000 0.00000000
vt 0.28125000 0.00000000
vt 0.01461154 0.79682171
vt 0.25000000 0.50000000
vt 0.25000000 0.50000000
vt 0.50999999 0.75000000
vt 0.25000000 0.00000000
vt 0.25000000 0.00000000
vt 0.00999999 0.75000000
vt 0.21875000 0.50000000
vt 0.21875000 0.50000000
vt 0.51461160 0.70317829
vt 0.51461160 0.70317829
vt 0.51461160 0.70317829
vt 0.21875000 0.00000000
vt 0.21875000 0.00000000
vt 0.01461154 0.70317829
vt 0.18750000 0.50000000
vt 0.18750000 0.50000000
vt 0.52826887 0.65815604
vt 0.18750000 0.00000000
vt 0.18750000 0.00000000
vt 0.02826887 0.65815604
vt 0.18750000 0.00000000
vt 0.15625000 0.50000000
vt 0.15625000 0.50000000
vt 0.55044729 0.61666310
vt 0.15625000 0.50000000
vt 0.55044729 0.61666310
vt 0.15625000 0.00000000
vt 0.05044728 0.61666310
vt 0.15625000 0.00000000
vt 0.12500000 0.50000000
vt 0.12500000 0.50000000
vt 0.58029437 0.58029437
vt 0.12500000 0.00000000
vt 0.12500000 0.00000000
vt 0.08029437 0.58029437
vt 0.12500000 0.00000000
vt 0.09375000 0.50000000
vt 0.09375000 0.50000000
vt 0.61666322 0.55044729
vt 0.09375000 0.50000000
vt 0.09375000 0.00000000
vt 0.11666310 0.55044729
vt 0.09375000 0.00000000
vt 0.06250000 0.50000000
vt 0.06250000 0.50000000
vt 0.65815598 0.52826893
vt 0.06250000 0.00000000
vt 0.15815590 0.52826893
vt 0.06250000 0.00000000
vt 0.06250000 0.00000000
vt 0.03125000 0.50000000
vt 0.03125000 0.50000000
vt 0.70317841 0.51461148
vt 0.03125000 0.50000000
vt 0.70317841 0.51461148
vt 0.70317841 0.51461148
vt 0.20317830 0.51461148
vt 0.03125000 0.00000000
vt 0.03125000 0.00000000
f 1073/1073 1076/1076 1070/1070
f 1081/1081 1084/1084 1077/1077
f 1088/1088 1091/1091 1085/1085
f 1097/1097 1100/1100 1092/1092
f 1104/1104 1107/1107 1101/1101
f 1112/1112 1115/1115 1108/1108
f 1119/1119 1123/1123 1116/1116
f 1130/1130 1132/1132 1124/1124
f 1136/1136 1139/1139 1133/1133
f 1145/1145 1148/1148 1140/1140
f 1152/1152 1155/1155 1149/1149
f 1160/1160 1163/1163 1156/1156
f 1167/1167 1170/1170 1164/1164
f 1174/1174 1177/1177 1171/1171
f 1181/1181 1184/1184 1178/1178
f 1190/1190 1193/1193 1185/1185
f 1197/1197 1199/1199 1194/1194
f 1204/1204 1207/1207 1200/1200
f 1211/1211 1214/1214 1208/1208
f 1220/1220 1223/1223 1215/1215
f 1227/1227 1230/1230 1224/1224
f 1235/1235 1238/1238 1231/1231
f 1242/1242 1245/1245 1239/1239
f 1252/1252 1254/1254 1246/1246
f 1258/1258 1260/1260 1255/1255
f 1266/1266 1268/1268 1261/1261
f 1272/1272 1275/1275 1269/1269
f 1280/1280 1283/1283 1276/1276
f 1287/1287 1290/1290 1284/1284
f 1294/1294 1297/1297 1291/1291
f 1212/1212 1153/1153 1089/1089
f 1302/1302 1304/1304 1298/1298
f 1311/1311 1071/1071 1305/1305
f 1186/1186 1247/1247 1306/1306
f 1073/1073 1080/1080 1076/1076
f 1083/1083 1090/1090 1087/1087
f 1088/1088 1096/1096 1091/1091
f 1099/1099 1106/1106 1103/1103
f 1104/1104 1111/1111 1107/1107
f 1114/1114 1121/1121 1118/1118
f 1119/1119 1129/1129 1123/1123
f 1130/1130 1135/1135 1132/1132
f 1136/1136 1144/1144 1139/1139
f 1145/1145 1151/1151 1148/1148
f 1154/1154 1162/1162 1158/1158
f 1160/1160 1166/1166 1163/1163
f 1169/1169 1176/1176 1173/1173
f 1174/1174 1180/1180 1177/1177
f 1183/1183 1192/1192 1187/1187
f 1190/1190 1196/1196 1193/1193
f 1197/1197 1203/1203 1199/1199
f 1206/1206 1213/1213 1210/1210
f 1211/1211 1219/1219 1214/1214
f 1222/1222 1229/1229 1226/1226
f 1227/1227 1234/1234 1230/1230
f 1237/1237 1244/1244 1241/1241
f 1242/1242 1251/1251 1245/1245
f 1252/1252 1257/1257 1254/1254
f 1258/1258 1265/1265 1260/1260
f 1266/1266 1271/1271 1268/1268
f 1274/1274 1282/1282 1278/1278
f 1280/1280 1286/1286 1283/1283
f 1289/1289 1296/1296 1293/1293
f 1294/1294 1300/1300 1297/1297
f 1089/1089 1082/1082 1074/1074
f 1074/1074 1310/1310 1089/1089
f 1310/1310 1301/1301 1089/1089
f 1301/1301 1295/1295 1288/1288
f 1288/1288 1281/1281 1273/1273
f 1273/1273 1267/1267 1259/1259
f 1259/1259 1253/1253 1273/1273
f 1253/1253 1243/1243 1273/1273
f 1243/1243 1236/1236 1228/1228
f 1228/1228 1221/1221 1212/1212
f 1212/1212 1205/1205 1182/1182
f 1205/1205 1198/1198 1182/1182
f 1198/1198 1191/1191 1182/1182
f 1182/1182 1175/1175 1168/1168
f 1168/1168 1161/1161 1153/1153
f 1153/1153 1146/1146 1120/1120
f 1147/1147 1138/1138 1122/1122
f 1137/1137 1131/1131 1120/1120
f 1120/1120 1113/1113 1105/1105
f 1105/1105 1098/1098 1089/1089
f 1301/1301 1288/1288 1089/1089
f 1288/1288 1273/1273 1089/1089
f 1243/1243 1228/1228 1273/1273
f 1228/1228 1212/1212 1273/1273
f 1182/1182 1168/1168 1212/1212
f 1168/1168 1153/1153 1212/1212
f 1120/1120 1105/1105 1153/1153
f 1105/1105 1089/1089 1153/1153
f 1089/1089 1273/1273 1212/1212
f 1303/1303 1312/1312 1307/1307
f 1311/1311 1075/1075 1071/1071
f 1306/1306 1072/1072 1078/1078
f 1078/1078 1086/1086 1093/1093
f 1093/1093 1102/1102 1109/1109
f 1109/1109 1117/1117 1125/1125
f 1125/1125 1134/1134 1141/1141
f 1141/1141 1150/1150 1157/1157
f 1157/1157 1165/1165 1172/1172
f 1172/1172 1179/1179 1186/1186
f 1186/1186 1195/1195 1201/1201
f 1201/1201 1209/1209 1216/1216
f 1216/1216 1225/1225 1232/1232
f 1232/1232 1240/1240 1247/1247
f 1247/1247 1256/1256 1262/1262
f 1262/1262 1270/1270 1277/1277
f 1277/1277 1285/1285 1292/1292
f 1292/1292 1299/1299 1306/1306
f 1306/1306 1078/1078 1125/1125
f 1079/1079 1094/1094 1126/1126
f 1095/1095 1110/1110 1127/1127
f 1128/1128 1142/1142 1188/1188
f 1143/1143 1159/1159 1189/1189
f 1157/1157 1172/1172 1186/1186
f 1186/1186 1201/1201 1247/1247
f 1202/1202 1217/1217 1248/1248
f 1218/1218 1233/1233 1249/1249
f 1250/1250 1263/1263 1308/1308
f 1264/1264 1279/1279 1309/1309
f 1277/1277 1292/1292 1306/1306
f 1306/1306 1125/1125 1186/1186

o Material_003-material_12
usemtl Material.003
v -0.90848910 0.02369800 -3.32062170
v -0.90848910 0.02369800 -3.32062170
v -0.90848910 0.02369800 -3.32062170
v -0.90848910 3.11139200 -3.32062170
v -0.90848910 3.11139200 -3.32062170
v -0.90848910 3.11139200 -3.32062170
v -0.88237691 0.02369800 -3.31804988
v -0.88237691 0.02369800 -3.31804988
v -0.88237691 0.02369800 -3.31804988
v -0.88237691 0.02369800 -3.31804988
v -0.88237691 3.11139200 -3.31804988
v -0.88237691 3.11139200 -3.31804988
v -0.88237691 3.11139200 -3.31804988
v -0.88237691 3.11139200 -3.31804988
v -0.85726818 0.02369800 -3.31043322
v -0.85726818 0.02369800 -3.31043322
v -0.85726818 0.02369800 -3.31043322
v -0.85726818 0.02369800 -3.31043322
v -0.85726818 3.11139200 -3.31043322
v -0.85726818 3.11139200 -3.31043322
v -0.85726818 3.11139200 -3.31043322
v -0.83412785 0.02369800 -3.29806446
v -0.83412785 0.02369800 -3.29806446
v -0.83412785 0.02369800 -3.29806446
v -0.83412785 0.02369800 -3.29806446
v -0.83412785 0.02369800 -3.29806446
v -0.83412785 3.11139200 -3.29806446
v -0.83412785 3.11139200 -3.29806446
v -0.83412785 3.11139200 -3.29806446
v -0.83412785 3.11139200 -3.29806446
v -0.81384518 0.02369800 -3.28141892
v -0.81384518 0.02369800 -3.28141892
v -0.81384518 0.02369800 -3.28141892
v -0.81384518 0.02369800 -3.28141892
v -0.81384518 3.11139200 -3.28141892
v -0.81384518 3.11139200 -3.28141892
v -0.81384518 3.11139200 -3.28141892
v -0.79719964 0.02369800 -3.26113625
v -0.79719964 0.02369800 -3.26113625
v -0.79719964 0.02369800 -3.26113625
v -0.79719964 0.02369800 -3.26113625
v -0.79719964 3.11139200 -3.26113625
v -0.79719964 3.11139200 -3.26113625
v -0.79719964 3.11139200 -3.26113625
v -0.79719964 3.11139200 -3.26113625
v -0.78483088 0.02369800 -3.23799592
v -0.78483088 0.02369800 -3.23799592
v -0.78483088 0.02369800 -3.23799592
v -0.78483088 0.02369800 -3.23799592
v -0.78483088 3.11139200 -3.23799592
v -0.78483088 3.11139200 -3.23799592
v -0.78483088 3.11139200 -3.23799592
v -0.78483088 3.11139200 -3.23799592
v -0.77721422 0.02369800 -3.21288719
v -0.77721422 0.02369800 -3.21288719
v -0.77721422 0.02369800 -3.21288719
v -0.77721422 0.02369800 -3.21288719
v -0.77721422 0.02369800 -3.21288719
v -0.77721422 0.02369800 -3.21288719
v -0.77721422 3.11139200 -3.21288719
v -0.77721422 3.11139200 -3.21288719
v -0.77721422 3.11139200 -3.21288719
v -0.77464240 0.02369800 -3.18677500
v -0.77464240 0.02369800 -3.18677500
v -0.77464240 0.02369800 -3.18677500
v -0.77464240 3.11139200 -3.18677500
v -0.77464240 3.11139200 -3.18677500
v -0.77464240 3.11139200 -3.18677500
v -0.77464240 3.11139200 -3.18677500
v -0.77721422 0.02369800 -3.16066281
v -0.77721422 0.02369800 -3.16066281
v -0.77721422 0.02369800 -3.16066281
v -0.77721422 0.02369800 -3.16066281
v -0.77721422 0.02369800 -3.16066281
v -0.77721422 3.11139200 -3.16066281
v -0.77721422 3.11139200 -3.16066281
v -0.77721422 3.11139200 -3.16066281
v -0.77721422 3.11139200 -3.16066281
v -0.78483088 0.02369800 -3.13555408
v -0.78483088 0.02369800 -3.13555408
v -0.78483088 0.02369800 -3.13555408
v -0.78483088 3.11139200 -3.13555408
v -0.78483088 3.11139200 -3.13555408
v -0.78483088 3.11139200 -3.13555408
v -0.78483088 3.11139200 -3.13555408
v -0.79719964 0.02369800 -3.11241375
v -0.79719964 0.02369800 -3.11241375
v -0.79719964 0.02369800 -3.11241375
v -0.79719964 0.02369800 -3.11241375
v -0.79719964 0.02369800 -3.11241375
v -0.79719964 3.11139200 -3.11241375
v -0.79719964 3.11139200 -3.11241375
v -0.79719964 3.11139200 -3.11241375
v -0.81384518 0.02369800 -3.09213108
v -0.81384518 0.02369800 -3.09213108
v -0.81384518 0.02369800 -3.09213108
v -0.81384518 3.11139200 -3.09213108
v -0.81384518 3.11139200 -3.09213108
v -0.81384518 3.11139200 -3.09213108
v -0.81384518 3.11139200 -3.09213108
v -0.83412785 0.02369800 -3.07548554
v -0.83412785 0.02369800 -3.07548554
v -0.83412785 0.02369800 -3.07548554
v -0.83412785 0.02369800 -3.07548554
v -0.83412785 3.11139200 -3.07548554
v -0.83412785 3.11139200 -3.07548554
v -0.83412785 3.11139200 -3.07548554
v -0.85726818 0.02369800 -3.06311678
v -0.85726818 0.02369800 -3.06311678
v -0.85726818 0.02369800 -3.06311678
v -0.85726818 3.11139200 -3.06311678
v -0.85726818 3.11139200 -3.06311678
v -0.85726818 3.11139200 -3.06311678
v -0.85726818 3.11139200 -3.06311678
v -0.88237691 0.02369800 -3.05550012
v -0.88237691 0.02369800 -3.05550012
v -0.88237691 0.02369800 -3.05550012
v -0.88237691 0.02369800 -3.05550012
v -0.88237691 0.02369800 -3.05550012
v -0.88237691 0.02369800 -3.05550012
v -0.88237691 3.11139200 -3.05550012
v -0.88237691 3.11139200 -3.05550012
v -0.88237691 3.11139200 -3.05550012
v -0.90848910 0.02369800 -3.05292830
v -0.90848910 0.02369800 -3.05292830
v -0.90848910 0.02369800 -3.05292830
v -0.90848910 3.11139200 -3.05292830
v -0.90848910 3.11139200 -3.05292830
v -0.90848910 3.11139200 -3.05292830
v -0.93460129 0.02369800 -3.05550012
v -0.93460129 0.02369800 -3.05550012
v -0.93460129 0.02369800 -3.05550012
v -0.93460129 0.02369800 -3.05550012
v -0.93460129 3.11139200 -3.05550012
v -0.93460129 3.11139200 -3.05550012
v -0.93460129 3.11139200 -3.05550012
v -0.93460129 3.11139200 -3.05550012
v -0.95971002 0.02369800 -3.06311678
v -0.95971002 0.02369800 -3.06311678
v -0.95971002 0.02369800 -3.06311678
v -0.95971002 0.02369800 -3.06311678
v -0.95971002 3.11139200 -3.06311678
v -0.95971002 3.11139200 -3.06311678
v -0.95971002 3.11139200 -3.06311678
v -0.98285035 0.02369800 -3.07548554
v -0.98285035 0.02369800 -3.07548554
v -0.98285035 0.02369800 -3.07548554
v -0.98285035 0.02369800 -3.07548554
v -0.98285035 0.02369800 -3.07548554
v -0.98285035 3.11139200 -3.07548554
v -0.98285035 3.11139200 -3.07548554
v -0.98285035 3.11139200 -3.07548554
v -0.98285035 3.11139200 -3.07548554
v -1.00313302 0.02369800 -3.09213108
v -1.00313302 0.02369800 -3.09213108
v -1.00313302 0.02369800 -3.09213108
v -1.00313302 0.02369800 -3.09213108
v -1.00313302 3.11139200 -3.09213108
v -1.00313302 3.11139200 -3.09213108
v -1.00313302 3.11139200 -3.09213108
v -1.01977856 0.02369800 -3.11241375
v -1.01977856 0.02369800 -3.11241375
v -1.01977856 0.02369800 -3.11241375
v -1.01977856 0.02369800 -3.11241375
v -1.01977856 3.11139200 -3.11241375
v -1.01977856 3.11139200 -3.11241375
v -1.01977856 3.11139200 -3.11241375
v -1.01977856 3.11139200 -3.11241375
v -1.03214732 0.02369800 -3.13555408
v -1.03214732 0.02369800 -3.13555408
v -1.03214732 0.02369800 -3.13555408
v -1.03214732 0.02369800 -3.13555408
v -1.03214732 3.11139200 -3.13555408
v -1.03214732 3.11139200 -3.13555408
v -1.03214732 3.11139200 -3.13555408
v -1.03976398 0.02369800 -3.16066281
v -1.03976398 0.02369800 -3.16066281
v -1.03976398 0.02369800 -3.16066281
v -1.03976398 0.02369800 -3.16066281
v -1.03976398 0.02369800 -3.16066281
v -1.03976398 0.02369800 -3.16066281
v -1.03976398 3.11139200 -3.16066281
v -1.03976398 3.11139200 -3.16066281
v -1.03976398 3.11139200 -3.16066281
v -1.04233580 0.02369800 -3.18677500
v -1.04233580 0.02369800 -3.18677500
v -1.04233580 0.02369800 -3.18677500
v -1.04233580 3.11139200 -3.18677500
v -1.04233580 3.11139200 -3.18677500
v -1.04233580 3.11139200 -3.18677500
v -1.03976398 0.02369800 -3.21288719
v -1.03976398 0.02369800 -3.21288719
v -1.03976398 0.02369800 -3.21288719
v -1.03976398 0.02369800 -3.21288719
v -1.03976398 0.02369800 -3.21288719
v -1.03976398 3.11139200 -3.21288719
v -1.03976398 3.11139200 -3.21288719
v -1.03976398 3.11139200 -3.21288719
v -1.03214732 0.02369800 -3.23799592
v -1.03214732 0.02369800 -3.23799592
v -1.03214732 0.02369800 -3.23799592
v -1.03214732 3.11139200 -3.23799592
v -1.03214732 3.11139200 -3.23799592
v -1.03214732 3.11139200 -3.23799592
v -1.03214732 3.11139200 -3.23799592
v -1.01977856 0.02369800 -3.26113625
v -1.01977856 0.02369800 -3.26113625
v -1.01977856 0.02369800 -3.26113625
v -1.01977856 0.02369800 -3.26113625
v -1.01977856 0.02369800 -3.26113625
v -1.01977856 3.11139200 -3.26113625
v -1.01977856 3.11139200 -3.26113625
v -1.01977856 3.11139200 -3.26113625
v -1.00313302 0.02369800 -3.28141892
v -1.00313302 0.02369800 -3.28141892
v -1.00313302 0.02369800 -3.28141892
v -1.00313302 3.11139200 -3.28141892
v -1.00313302 3.11139200 -3.28141892
v -1.00313302 3.11139200 -3.28141892
v -1.00313302 3.11139200 -3.28141892
v -0.98285035 0.02369800 -3.29806446
v -0.98285035 0.02369800 -3.29806446
v -0.98285035 0.02369800 -3.29806446
v -0.98285035 0.02369800 -3.29806446
v -0.98285035 3.11139200 -3.29806446
v -0.98285035 3.11139200 -3.29806446
v -0.98285035 3.11139200 -3.29806446
v -0.95971002 0.02369800 -3.31043322
v -0.95971002 0.02369800 -3.31043322
v -0.95971002 0.02369800 -3.31043322
v -0.95971002 3.11139200 -3.31043322
v -0.95971002 3.11139200 -3.31043322
v -0.95971002 3.11139200 -3.31043322
v -0.95971002 3.11139200 -3.31043322
v -0.93460129 0.02369800 -3.31804988
v -0.93460129 0.02369800 -3.31804988
v -0.93460129 0.02369800 -3.31804988
v -0.93460129 0.02369800 -3.31804988
v -0.93460129 0.02369800 -3.31804988
v -0.93460129 0.02369800 -3.31804988
v -0.93460129 3.11139200 -3.31804988
v -0.93460129 3.11139200 -3.31804988
v -0.93460129 3.11139200 -3.31804988
vt 1.00000000 0.50000000
vt 0.00000000 0.50000000
vt 0.75000000 0.50999999
vt 1.00000000 0.00000000
vt 0.25000000 0.50999999
vt 0.00000000 0.00000000
vt 0.96875000 0.50000000
vt 0.96875000 0.50000000
vt 0.79682171 0.51461148
vt 0.79682171 0.51461148
vt 0.96875000 0.00000000
vt 0.96875000 0.00000000
vt 0.29682171 0.51461148
vt 0.96875000 0.00000000
vt 0.93750000 0.50000000
vt 0.93750000 0.50000000
vt 0.84184402 0.52826893
vt 0.93750000 0.50000000
vt 0.93750000 0.00000000
vt 0.34184399 0.52826893
vt 0.93750000 0.00000000
vt 0.90625000 0.50000000
vt 0.90625000 0.50000000
vt 0.88333690 0.55044729
vt 0.88333690 0.55044729
vt 0.88333690 0.55044729
vt 0.90625000 0.00000000
vt 0.90625000 0.00000000
vt 0.38333690 0.55044729
vt 0.90625000 0.00000000
vt 0.87500000 0.50000000
vt 0.87500000 0.50000000
vt 0.91970563 0.58029437
vt 0.87500000 0.50000000
vt 0.87500000 0.00000000
vt 0.41970560 0.58029437
vt 0.87500000 0.00000000
vt 0.84375000 0.50000000
vt 0.84375000 0.50000000
vt 0.94955271 0.61666310
vt 0.94955271 0.61666310
vt 0.84375000 0.00000000
vt 0.84375000 0.00000000
vt 0.44955271 0.61666310
vt 0.84375000 0.00000000
vt 0.81250000 0.50000000
vt 0.81250000 0.50000000
vt 0.97173113 0.65815604
vt 0.81250000 0.50000000
vt 0.81250000 0.00000000
vt 0.47173110 0.65815604
vt 0.81250000 0.00000000
vt 0.47173110 0.65815604
vt 0.78125000 0.50000000
vt 0.78125000 0.50000000
vt 0.98538852 0.70317829
vt 0.98538852 0.70317829
vt 0.98538852 0.70317829
vt 0.98538852 0.70317829
vt 0.78125000 0.00000000
vt 0.78125000 0.00000000
vt 0.48538849 0.70317829
vt 0.75000000 0.50000000
vt 0.75000000 0.50000000
vt 0.99000001 0.75000000
vt 0.75000000 0.00000000
vt 0.75000000 0.00000000
vt 0.49000001 0.75000000
vt 0.49000001 0.75000000
vt 0.71875000 0.50000000
vt 0.71875000 0.50000000
vt 0.98538852 0.79682171
vt 0.98538852 0.79682171
vt 0.98538852 0.79682171
vt 0.71875000 0.00000000
vt 0.71875000 0.00000000
vt 0.48538849 0.79682171
vt 0.48538849 0.79682171
vt 0.68750000 0.50000000
vt 0.68750000 0.50000000
vt 0.97173113 0.84184408
vt 0.68750000 0.00000000
vt 0.68750000 0.00000000
vt 0.47173110 0.84184408
vt 0.68750000 0.00000000
vt 0.65625000 0.50000000
vt 0.65625000 0.50000000
vt 0.94955271 0.88333690
vt 0.65625000 0.50000000
vt 0.94955271 0.88333690
vt 0.65625000 0.00000000
vt 0.44955271 0.88333690
vt 0.65625000 0.00000000
vt 0.62500000 0.50000000
vt 0.62500000 0.50000000
vt 0.91970563 0.91970563
vt 0.62500000 0.00000000
vt 0.62500000 0.00000000
vt 0.41970560 0.91970563
vt 0.62500000 0.00000000
vt 0.59375000 0.50000000
vt 0.59375000 0.50000000
vt 0.88333690 0.94955271
vt 0.59375000 0.50000000
vt 0.59375000 0.00000000
vt 0.38333690 0.94955271
vt 0.59375000 0.00000000
vt 0.56250000 0.50000000
vt 0.56250000 0.50000000
vt 0.84184402 0.97173113
vt 0.56250000 0.00000000
vt 0.56250000 0.00000000
vt 0.34184399 0.97173113
vt 0.56250000 0.00000000
vt 0.53125000 0.50000000
vt 0.53125000 0.50000000
vt 0.79682171 0.98538846
vt 0.53125000 0.50000000
vt 0.79682171 0.98538846
vt 0.79682171 0.98538846
vt 0.53125000 0.00000000
vt 0.29682171 0.98538846
vt 0.53125000 0.00000000
vt 0.50000000 0.50000000
vt 0.50000000 0.50000000
vt 0.75000000 0.99000001
vt 0.50000000 0.00000000
vt 0.50000000 0.00000000
vt 0.25000000 0.99000001
vt 0.46875000 0.50000000
vt 0.46875000 0.50000000
vt 0.70317841 0.98538846
vt 0.70317841 0.98538846
vt 0.46875000 0.00000000
vt 0.46875000 0.00000000
vt 0.20317830 0.98538846
vt 0.46875000 0.00000000
vt 0.43750000 0.50000000
vt 0.43750000 0.50000000
vt 0.65815598 0.97173113
vt 0.43750000 0.50000000
vt 0.43750000 0.00000000
vt 0.15815590 0.97173113
vt 0.43750000 0.00000000
vt 0.40625000 0.50000000
vt 0.40625000 0.50000000
vt 0.61666322 0.94955271
vt 0.61666322 0.94955271
vt 0.61666322 0.94955271
vt 0.40625000 0.00000000
vt 0.40625000 0.00000000
vt 0.11666310 0.94955271
vt 0.40625000 0.00000000
vt 0.37500000 0.50000000
vt 0.37500000 0.50000000
vt 0.58029437 0.91970563
vt 0.37500000 0.50000000
vt 0.37500000 0.00000000
vt 0.08029437 0.91970563
vt 0.37500000 0.00000000
vt 0.34375000 0.50000000
vt 0.34375000 0.50000000
vt 0.55044729 0.88333690
vt 0.55044729 0.88333690
vt 0.34375000 0.00000000
vt 0.34375000 0.00000000
vt 0.05044728 0.88333690
vt 0.34375000 0.00000000
vt 0.31250000 0.50000000
vt 0.31250000 0.50000000
vt 0.52826887 0.84184408
vt 0.31250000 0.50000000
vt 0.31250000 0.00000000
vt 0.02826887 0.84184408
vt 0.31250000 0.00000000
vt 0.28125000 0.50000000
vt 0.28125000 0.50000000
vt 0.51461160 0.79682171
vt 0.51461160 0.79682171
vt 0.51461160 0.79682171
vt 0.51461160 0.79682171
vt 0.28125000 0.00000000
vt 0.28125000 0.00000000
vt 0.01461154 0.79682171
vt 0.25000000 0.50000000
vt 0.25000000 0.50000000
vt 0.50999999 0.75000000
vt 0.25000000 0.00000000
vt 0.25000000 0.00000000
vt 0.00999999 0.75000000
vt 0.21875000 0.50000000
vt 0.21875000 0.50000000
vt 0.51461160 0.70317829
vt 0.51461160 0.70317829
vt 0.51461160 0.70317829
vt 0.21875000 0.00000000
vt 0.21875000 0.00000000
vt 0.01461154 0.70317829
vt 0.18750000 0.50000000
vt 0.18750000 0.50000000
vt 0.52826887 0.65815604
vt 0.18750000 0.00000000
vt 0.18750000 0.00000000
vt 0.02826887 0.65815604
vt 0.18750000 0.00000000
vt 0.15625000 0.50000000
vt 0.15625000 0.50000000
vt 0.55044729 0.61666310
vt 0.15625000 0.50000000
vt 0.55044729 0.61666310
vt 0.15625000 0.00000000
vt 0.05044728 0.61666310
vt 0.15625000 0.00000000
vt 0.12500000 0.50000000
vt 0.12500000 0.50000000
vt 0.58029437 0.58029437
vt 0.12500000 0.00000000
vt 0.12500000 0.00000000
vt 0.08029437 0.58029437
vt 0.12500000 0.00000000
vt 0.09375000 0.50000000
vt 0.09375000 0.50000000
vt 0.61666322 0.55044729
vt 0.09375000 0.50000000
vt 0.09375000 0.00000000
vt 0.11666310 0.55044729
vt 0.09375000 0.00000000
vt 0.06250000 0.50000000
vt 0.06250000 0.50000000
vt 0.65815598 0.52826893
vt 0.06250000 0.00000000
vt 0.15815590 0.52826893
vt 0.06250000 0.00000000
vt 0.06250000 0.00000000
vt 0.03125000 0.50000000
vt 0.03125000 0.50000000
vt 0.70317841 0.51461148
vt 0.03125000 0.50000000
vt 0.70317841 0.51461148
vt 0.70317841 0.51461148
vt 0.20317830 0.51461148
vt 0.03125000 0.00000000
vt 0.03125000 0.00000000
f 1316/1316 1319/1319 1313/1313
f 1324/1324 1327/1327 1320/1320
f 1331/1331 1334/1334 1328/1328
f 1340/1340 1343/1343 1335/1335
f 1347/1347 1350/1350 1344/1344
f 1355/1355 1358/1358 1351/1351
f 1362/1362 1366/1366 1359/1359
f 1373/1373 1375/1375 1367/1367
f 1379/1379 1382/1382 1376/1376
f 1388/1388 1391/1391 1383/1383
f 1395/1395 1398/1398 1392/1392
f 1403/1403 1406/1406 1399/1399
f 1410/1410 1413/1413 1407/1407
f 1417/1417 1420/1420 1414/1414
f 1424/1424 1427/1427 1421/1421
f 1433/1433 1436/1436 1428/1428
f 1440/1440 1442/1442 1437/1437
f 1447/1447 1450/1450 1443/1443
f 1454/1454 1457/1457 1451/1451
f 1463/1463 1466/1466 1458/1458
f 1470/1470 1473/1473 1467/1467
f 1478/1478 1481/1481 1474/1474
f 1485/1485 1488/1488 1482/1482
f 1495/1495 1497/1497 1489/1489
f 1501/1501 1503/1503 1498/1498
f 1509/1509 1511/1511 1504/1504
f 1515/1515 1518/1518 1512/1512
f 1523/1523 1526/1526 1519/1519
f 1530/1530 1533/1533 1527/1527
f 1537/1537 1540/1540 1534/1534
f 1455/1455 1396/1396 1332/1332
f 1545/1545 1547/1547 1541/1541
f 1554/1554 1314/1314 1548/1548
f 1429/1429 1490/1490 1549/1549
f 1316/1316 1323/1323 1319/1319
f 1326/1326 1333/1333 1330/1330
f 1331/1331 1339/1339 1334/1334
f 1342/1342 1349/1349 1346/1346
f 1347/1347 1354/1354 1350/1350
f 1357/1357 1364/1364 1361/1361
f 1362/1362 1372/1372 1366/1366
f 1373/1373 1378/1378 1375/1375
f 1379/1379 1387/1387 1382/1382
f 1388/1388 1394/1394 1391/1391
f 1397/1397 1405/1405 1401/1401
f 1403/1403 1409/1409 1406/1406
f 1412/1412 1419/1419 1416/1416
f 1417/1417 1423/1423 1420/1420
f 1426/1426 1435/1435 1430/1430
f 1433/1433 1439/1439 1436/1436
f 1440/1440 1446/1446 1442/1442
f 1449/1449 1456/1456 1453/1453
f 1454/1454 1462/1462 1457/1457
f 1465/1465 1472/1472 1469/1469
f 1470/1470 1477/1477 1473/1473
f 1480/1480 1487/1487 1484/1484
f 1485/1485 1494/1494 1488/1488
f 1495/1495 1500/1500 1497/1497
f 1501/1501 1508/1508 1503/1503
f 1509/1509 1514/1514 1511/1511
f 1517/1517 1525/1525 1521/1521
f 1523/1523 1529/1529 1526/1526
f 1532/1532 1539/1539 1536/1536
f 1537/1537 1543/1543 1540/1540
f 1332/1332 1325/1325 1317/1317
f 1317/1317 1553/1553 1332/1332
f 1553/1553 1544/1544 1332/1332
f 1544/1544 1538/1538 1531/1531
f 1531/1531 1524/1524 1516/1516
f 1516/1516 1510/1510 1502/1502
f 1502/1502 1496/1496 1516/1516
f 1496/1496 1486/1486 1516/1516
f 1486/1486 1479/1479 1471/1471
f 1471/1471 1464/1464 1455/1455
f 1455/1455 1448/1448 1425/1425
f 1448/1448 1441/1441 1425/1425
f 1441/1441 1434/1434 1425/1425
f 1425/1425 1418/1418 1411/1411
f 1411/1411 1404/1404 1396/1396
f 1396/1396 1389/1389 1363/1363
f 1390/1390 1381/1381 1365/1365
f 1380/1380 1374/1374 1363/1363
f 1363/1363 1356/1356 1348/1348
f 1348/1348 1341/1341 1332/1332
f 1544/1544 1531/1531 1332/1332
f 1531/1531 1516/1516 1332/1332
f 1486/1486 1471/1471 1516/1516
f 1471/1471 1455/1455 1516/1516
f 1425/1425 1411/1411 1455/1455
f 1411/1411 1396/1396 1455/1455
f 1363/1363 1348/1348 1396/1396
f 1348/1348 1332/1332 1396/1396
f 1332/1332 1516/1516 1455/1455
f 1546/1546 1555/1555 1550/1550
f 1554/1554 1318/1318 1314/1314
f 1549/1549 1315/1315 1321/1321
f 1321/1321 1329/1329 1336/1336
f 1336/1336 1345/1345 1352/1352
f 1352/1352 1360/1360 1368/1368
f 1368/1368 1377/1377 1384/1384
f 1384/1384 1393/1393 1400/1400
f 1400/1400 1408/1408 1415/1415
f 1415/1415 1422/1422 1429/1429
f 1429/1429 1438/1438 1444/1444
f 1444/1444 1452/1452 1459/1459
f 1459/1459 1468/1468 1475/1475
f 1475/1475 1483/1483 1490/1490
f 1490/1490 1499/1499 1505/1505
f 1505/1505 1513/1513 1520/1520
f 1520/1520 1528/1528 1535/1535
f 1535/1535 1542/1542 1549/1549
f 1549/1549 1321/1321 1368/1368
f 1322/1322 1337/1337 1369/1369
f 1338/1338 1353/1353 1370/1370
f 1371/1371 1385/1385 1431/1431
f 1386/1386 1402/1402 1432/1432
f 1400/1400 1415/1415 1429/1429
f 1429/1429 1444/1444 1490/1490
f 1445/1445 1460/1460 1491/1491
f 1461/1461 1476/1476 1492/1492
f 1493/1493 1506/1506 1551/1551
f 1507/1507 1522/1522 1552/1552
f 1520/1520 1535/1535 1549/1549
f 1549/1549 1368/1368 1429/1429

o Material_003-material_11
usemtl Material.003
v -0.90775960 0.02369800 -0.13384670
v -0.90775960 0.02369800 -0.13384670
v -0.90775960 0.02369800 -0.13384670
v -0.90775960 3.11139200 -0.13384670
v -0.90775960 3.11139200 -0.13384670
v -0.90775960 3.11139200 -0.13384670
v -0.88164741 0.02369800 -0.13127488
v -0.88164741 0.02369800 -0.13127488
v -0.88164741 0.02369800 -0.13127488
v -0.88164741 0.02369800 -0.13127488
v -0.88164741 3.11139200 -0.13127488
v -0.88164741 3.11139200 -0.13127488
v -0.88164741 3.11139200 -0.13127488
v -0.88164741 3.11139200 -0.13127488
v -0.85653868 0.02369800 -0.12365822
v -0.85653868 0.02369800 -0.12365822
v -0.85653868 0.02369800 -0.12365822
v -0.85653868 0.02369800 -0.12365822
v -0.85653868 3.11139200 -0.12365822
v -0.85653868 3.11139200 -0.12365822
v -0.85653868 3.11139200 -0.12365822
v -0.83339835 0.02369800 -0.11128946
v -0.83339835 0.02369800 -0.11128946
v -0.83339835 0.02369800 -0.11128946
v -0.83339835 0.02369800 -0.11128946
v -0.83339835 0.02369800 -0.11128946
v -0.83339835 3.11139200 -0.11128946
v -0.83339835 3.11139200 -0.11128946
v -0.83339835 3.11139200 -0.11128946
v -0.83339835 3.11139200 -0.11128946
v -0.81311568 0.02369800 -0.09464392
v -0.81311568 0.02369800 -0.09464392
v -0.81311568 0.02369800 -0.09464392
v -0.81311568 0.02369800 -0.09464392
v -0.81311568 3.11139200 -0.09464392
v -0.81311568 3.11139200 -0.09464392
v -0.81311568 3.11139200 -0.09464392
v -0.79647014 0.02369800 -0.07436125
v -0.79647014 0.02369800 -0.07436125
v -0.79647014 0.02369800 -0.07436125
v -0.79647014 0.02369800 -0.07436125
v -0.79647014 3.11139200 -0.07436125
v -0.79647014 3.11139200 -0.07436125
v -0.79647014 3.11139200 -0.07436125
v -0.79647014 3.11139200 -0.07436125
v -0.78410138 0.02369800 -0.05122092
v -0.78410138 0.02369800 -0.05122092
v -0.78410138 0.02369800 -0.05122092
v -0.78410138 0.02369800 -0.05122092
v -0.78410138 3.11139200 -0.05122092
v -0.78410138 3.11139200 -0.05122092
v -0.78410138 3.11139200 -0.05122092
v -0.78410138 3.11139200 -0.05122092
v -0.77648472 0.02369800 -0.02611219
v -0.77648472 0.02369800 -0.02611219
v -0.77648472 0.02369800 -0.02611219
v -0.77648472 0.02369800 -0.02611219
v -0.77648472 0.02369800 -0.02611219
v -0.77648472 0.02369800 -0.02611219
v -0.77648472 3.11139200 -0.02611219
v -0.77648472 3.11139200 -0.02611219
v -0.77648472 3.11139200 -0.02611219
v -0.77391290 0.02369800 0.00000000
v -0.77391290 0.02369800 0.00000000
v -0.77391290 0.02369800 0.00000000
v -0.77391290 3.11139200 0.00000000
v -0.77391290 3.11139200 0.00000000
v -0.77391290 3.11139200 0.00000000
v -0.77391290 3.11139200 0.00000000
v -0.77648472 0.02369800 0.02611219
v -0.77648472 0.02369800 0.02611219
v -0.77648472 0.02369800 0.02611219
v -0.77648472 0.02369800 0.02611219
v -0.77648472 0.02369800 0.02611219
v -0.77648472 3.11139200 0.02611219
v -0.77648472 3.11139200 0.02611219
v -0.77648472 3.11139200 0.02611219
v -0.77648472 3.11139200 0.02611219
v -0.78410138 0.02369800 0.05122092
v -0.78410138 0.02369800 0.05122092
v -0.78410138 0.02369800 0.05122092
v -0.78410138 3.11139200 0.05122092
v -0.78410138 3.11139200 0.05122092
v -0.78410138 3.11139200 0.05122092
v -0.78410138 3.11139200 0.05122092
v -0.79647014 0.02369800 0.07436125
v -0.79647014 0.02369800 0.07436125
v -0.79647014 0.02369800 0.07436125
v -0.79647014 0.02369800 0.07436125
v -0.79647014 0.02369800 0.07436125
v -0.79647014 3.11139200 0.07436125
v -0.79647014 3.11139200 0.07436125
v -0.79647014 3.11139200 0.07436125
v -0.81311568 0.02369800 0.09464392
v -0.81311568 0.02369800 0.09464392
v -0.81311568 0.02369800 0.09464392
v -0.81311568 3.11139200 0.09464392
v -0.81311568 3.11139200 0.09464392
v -0.81311568 3.11139200 0.09464392
v -0.81311568 3.11139200 0.09464392
v -0.83339835 0.02369800 0.11128946
v -0.83339835 0.02369800 0.11128946
v -0.83339835 0.02369800 0.11128946
v -0.83339835 0.02369800 0.11128946
v -0.83339835 3.11139200 0.11128946
v -0.83339835 3.11139200 0.11128946
v -0.83339835 3.11139200 0.11128946
v -0.85653868 0.02369800 0.12365822
v -0.85653868 0.02369800 0.12365822
v -0.85653868 0.02369800 0.12365822
v -0.85653868 3.11139200 0.12365822
v -0.85653868 3.11139200 0.12365822
v -0.85653868 3.11139200 0.12365822
v -0.85653868 3.11139200 0.12365822
v -0.88164741 0.02369800 0.13127488
v -0.88164741 0.02369800 0.13127488
v -0.88164741 0.02369800 0.13127488
v -0.88164741 0.02369800 0.13127488
v -0.88164741 0.02369800 0.13127488
v -0.88164741 0.02369800 0.13127488
v -0.88164741 3.11139200 0.13127488
v -0.88164741 3.11139200 0.13127488
v -0.88164741 3.11139200 0.13127488
v -0.90775960 0.02369800 0.13384670
v -0.90775960 0.02369800 0.13384670
v -0.90775960 0.02369800 0.13384670
v -0.90775960 3.11139200 0.13384670
v -0.90775960 3.11139200 0.13384670
v -0.90775960 3.11139200 0.13384670
v -0.93387179 0.02369800 0.13127488
v -0.93387179 0.02369800 0.13127488
v -0.93387179 0.02369800 0.13127488
v -0.93387179 0.02369800 0.13127488
v -0.93387179 3.11139200 0.13127488
v -0.93387179 3.11139200 0.13127488
v -0.93387179 3.11139200 0.13127488
v -0.93387179 3.11139200 0.13127488
v -0.95898052 0.02369800 0.12365822
v -0.95898052 0.02369800 0.12365822
v -0.95898052 0.02369800 0.12365822
v -0.95898052 0.02369800 0.12365822
v -0.95898052 3.11139200 0.12365822
v -0.95898052 3.11139200 0.12365822
v -0.95898052 3.11139200 0.12365822
v -0.98212085 0.02369800 0.11128946
v -0.98212085 0.02369800 0.11128946
v -0.98212085 0.02369800 0.11128946
v -0.98212085 0.02369800 0.11128946
v -0.98212085 0.02369800 0.11128946
v -0.98212085 3.11139200 0.11128946
v -0.98212085 3.11139200 0.11128946
v -0.98212085 3.11139200 0.11128946
v -0.98212085 3.11139200 0.11128946
v -1.00240352 0.02369800 0.09464392
v -1.00240352 0.02369800 0.09464392
v -1.00240352 0.02369800 0.09464392
v -1.00240352 0.02369800 0.09464392
v -1.00240352 3.11139200 0.09464392
v -1.00240352 3.11139200 0.09464392
v -1.00240352 3.11139200 0.09464392
v -1.01904906 0.02369800 0.07436125
v -1.01904906 0.02369800 0.07436125
v -1.01904906 0.02369800 0.07436125
v -1.01904906 0.02369800 0.07436125
v -1.01904906 3.11139200 0.07436125
v -1.01904906 3.11139200 0.07436125
v -1.01904906 3.11139200 0.07436125
v -1.01904906 3.11139200 0.07436125
v -1.03141782 0.02369800 0.05122092
v -1.03141782 0.02369800 0.05122092
v -1.03141782 0.02369800 0.05122092
v -1.03141782 0.02369800 0.05122092
v -1.03141782 3.11139200 0.05122092
v -1.03141782 3.11139200 0.05122092
v -1.03141782 3.11139200 0.05122092
v -1.03903448 0.02369800 0.02611219
v -1.03903448 0.02369800 0.02611219
v -1.03903448 0.02369800 0.02611219
v -1.03903448 0.02369800 0.02611219
v -1.03903448 0.02369800 0.02611219
v -1.03903448 0.02369800 0.02611219
v -1.03903448 3.11139200 0.02611219
v -1.03903448 3.11139200 0.02611219
v -1.03903448 3.11139200 0.02611219
v -1.04160630 0.02369800 0.00000000
v -1.04160630 0.02369800 0.00000000
v -1.04160630 0.02369800 0.00000000
v -1.04160630 3.11139200 0.00000000
v -1.04160630 3.11139200 0.00000000
v -1.04160630 3.11139200 0.00000000
v -1.03903448 0.02369800 -0.02611219
v -1.03903448 0.02369800 -0.02611219
v -1.03903448 0.02369800 -0.02611219
v -1.03903448 0.02369800 -0.02611219
v -1.03903448 0.02369800 -0.02611219
v -1.03903448 3.11139200 -0.02611219
v -1.03903448 3.11139200 -0.02611219
v -1.03903448 3.11139200 -0.02611219
v -1.03141782 0.02369800 -0.05122092
v -1.03141782 0.02369800 -0.05122092
v -1.03141782 0.02369800 -0.05122092
v -1.03141782 3.11139200 -0.05122092
v -1.03141782 3.11139200 -0.05122092
v -1.03141782 3.11139200 -0.05122092
v -1.03141782 3.11139200 -0.05122092
v -1.01904906 0.02369800 -0.07436125
v -1.01904906 0.02369800 -0.07436125
v -1.01904906 0.02369800 -0.07436125
v -1.01904906 0.02369800 -0.07436125
v -1.01904906 0.02369800 -0.07436125
v -1.01904906 3.11139200 -0.07436125
v -1.01904906 3.11139200 -0.07436125
v -1.01904906 3.11139200 -0.07436125
v -1.00240352 0.02369800 -0.09464392
v -1.00240352 0.02369800 -0.09464392
v -1.00240352 0.02369800 -0.09464392
v -1.00240352 3.11139200 -0.09464392
v -1.00240352 3.11139200 -0.09464392
v -1.00240352 3.11139200 -0.09464392
v -1.00240352 3.11139200 -0.09464392
v -0.98212085 0.02369800 -0.11128946
v -0.98212085 0.02369800 -0.11128946
v -0.98212085 0.02369800 -0.11128946
v -0.98212085 0.02369800 -0.11128946
v -0.98212085 3.11139200 -0.11128946
v -0.98212085 3.11139200 -0.11128946
v -0.98212085 3.11139200 -0.11128946
v -0.95898052 0.02369800 -0.12365822
v -0.95898052 0.02369800 -0.12365822
v -0.95898052 0.02369800 -0.12365822
v -0.95898052 3.11139200 -0.12365822
v -0.95898052 3.11139200 -0.12365822
v -0.95898052 3.11139200 -0.12365822
v -0.95898052 3.11139200 -0.12365822
v -0.93387179 0.02369800 -0.13127488
v -0.93387179 0.02369800 -0.13127488
v -0.93387179 0.02369800 -0.13127488
v -0.93387179 0.02369800 -0.13127488
v -0.93387179 0.02369800 -0.13127488
v -0.93387179 0.02369800 -0.13127488
v -0.93387179 3.11139200 -0.13127488
v -0.93387179 3.11139200 -0.13127488
v -0.93387179 3.11139200 -0.13127488
vt 1.00000000 0.50000000
vt 0.00000000 0.50000000
vt 0.75000000 0.50999999
vt 1.00000000 0.00000000
vt 0.25000000 0.50999999
vt 0.00000000 0.00000000
vt 0.96875000 0.50000000
vt 0.96875000 0.50000000
vt 0.79682171 0.51461148
vt 0.79682171 0.51461148
vt 0.96875000 0.00000000
vt 0.96875000 0.00000000
vt 0.29682171 0.51461148
vt 0.96875000 0.00000000
vt 0.93750000 0.50000000
vt 0.93750000 0.50000000
vt 0.84184402 0.52826893
vt 0.93750000 0.50000000
vt 0.93750000 0.00000000
vt 0.34184399 0.52826893
vt 0.93750000 0.00000000
vt 0.90625000 0.50000000
vt 0.90625000 0.50000000
vt 0.88333690 0.55044729
vt 0.88333690 0.55044729
vt 0.88333690 0.55044729
vt 0.90625000 0.00000000
vt 0.90625000 0.00000000
vt 0.38333690 0.55044729
vt 0.90625000 0.00000000
vt 0.87500000 0.50000000
vt 0.87500000 0.50000000
vt 0.91970563 0.58029437
vt 0.87500000 0.50000000
vt 0.87500000 0.00000000
vt 0.41970560 0.58029437
vt 0.87500000 0.00000000
vt 0.84375000 0.50000000
vt 0.84375000 0.50000000
vt 0.94955271 0.61666310
vt 0.94955271 0.61666310
vt 0.84375000 0.00000000
vt 0.84375000 0.00000000
vt 0.44955271 0.61666310
vt 0.84375000 0.00000000
vt 0.81250000 0.50000000
vt 0.81250000 0.50000000
vt 0.97173113 0.65815604
vt 0.81250000 0.50000000
vt 0.81250000 0.00000000
vt 0.47173110 0.65815604
vt 0.81250000 0.00000000
vt 0.47173110 0.65815604
vt 0.78125000 0.50000000
vt 0.78125000 0.50000000
vt 0.98538852 0.70317829
vt 0.98538852 0.70317829
vt 0.98538852 0.70317829
vt 0.98538852 0.70317829
vt 0.78125000 0.00000000
vt 0.78125000 0.00000000
vt 0.48538849 0.70317829
vt 0.75000000 0.50000000
vt 0.75000000 0.50000000
vt 0.99000001 0.75000000
vt 0.75000000 0.00000000
vt 0.75000000 0.00000000
vt 0.49000001 0.75000000
vt 0.49000001 0.75000000
vt 0.71875000 0.50000000
vt 0.71875000 0.50000000
vt 0.98538852 0.79682171
vt 0.98538852 0.79682171
vt 0.98538852 0.79682171
vt 0.71875000 0.00000000
vt 0.71875000 0.00000000
vt 0.48538849 0.79682171
vt 0.48538849 0.79682171
vt 0.68750000 0.50000000
vt 0.68750000 0.50000000
vt 0.97173113 0.84184408
vt 0.68750000 0.00000000
vt 0.68750000 0.00000000
vt 0.47173110 0.84184408
vt 0.68750000 0.00000000
vt 0.65625000 0.50000000
vt 0.65625000 0.50000000
vt 0.94955271 0.88333690
vt 0.65625000 0.50000000
vt 0.94955271 0.88333690
vt 0.65625000 0.00000000
vt 0.44955271 0.88333690
vt 0.65625000 0.00000000
vt 0.62500000 0.50000000
vt 0.62500000 0.50000000
vt 0.91970563 0.91970563
vt 0.62500000 0.00000000
vt 0.62500000 0.00000000
vt 0.41970560 0.91970563
vt 0.62500000 0.00000000
vt 0.59375000 0.50000000
vt 0.59375000 0.50000000
vt 0.88333690 0.94955271
vt 0.59375000 0.50000000
vt 0.59375000 0.00000000
vt 0.38333690 0.94955271
vt 0.59375000 0.00000000
vt 0.56250000 0.50000000
vt 0.56250000 0.50000000
vt 0.84184402 0.97173113
vt 0.56250000 0.00000000
vt 0.56250000 0.00000000
vt 0.34184399 0.97173113
vt 0.56250000 0.00000000
vt 0.53125000 0.50000000
vt 0.53125000 0.50000000
vt 0.79682171 0.98538846
vt 0.53125000 0.50000000
vt 0.79682171 0.98538846
vt 0.79682171 0.98538846
vt 0.53125000 0.00000000
vt 0.29682171 0.98538846
vt 0.53125000 0.00000000
vt 0.50000000 0.50000000
vt 0.50000000 0.50000000
vt 0.75000000 0.99000001
vt 0.50000000 0.00000000
vt 0.50000000 0.00000000
vt 0.25000000 0.99000001
vt 0.46875000 0.50000000
vt 0.46875000 0.50000000
vt 0.70317841 0.98538846
vt 0.70317841 0.98538846
vt 0.46875000 0.00000000
vt 0.46875000 0.00000000
vt 0.20317830 0.98538846
vt 0.46875000 0.00000000
vt 0.43750000 0.50000000
vt 0.43750000 0.50000000
vt 0.65815598 0.97173113
vt 0.43750000 0.50000000
vt 0.43750000 0.00000000
vt 0.15815590 0.97173113
vt 0.43750000 0.00000000
vt 0.40625000 0.50000000
vt 0.40625000 0.50000000
vt 0.61666322 0.94955271
vt 0.61666322 0.94955271
vt 0.61666322 0.94955271
vt 0.40625000 0.00000000
vt 0.40625000 0.00000000
vt 0.11666310 0.94955271
vt 0.40625000 0.00000000
vt 0.37500000 0.50000000
vt 0.37500000 0.50000000
vt 0.58029437 0.91970563
vt 0.37500000 0.50000000
vt 0.37500000 0.00000000
vt 0.08029437 0.91970563
vt 0.37500000 0.00000000
vt 0.34375000 0.50000000
vt 0.34375000 0.50000000
vt 0.55044729 0.88333690
vt 0.55044729 0.88333690
vt 0.34375000 0.00000000
vt 0.34375000 0.00000000
vt 0.05044728 0.88333690
vt 0.34375000 0.00000000
vt 0.31250000 0.50000000
vt 0.31250000 0.50000000
vt 0.52826887 0.84184408
vt 0.31250000 0.50000000
vt 0.31250000 0.00000000
vt 0.02826887 0.84184408
vt 0.31250000 0.00000000
vt 0.28125000 0.50000000
vt 0.28125000 0.50000000
vt 0.51461160 0.79682171
vt 0.51461160 0.79682171
vt 0.51461160 0.79682171
vt 0.51461160 0.79682171
vt 0.28125000 0.00000000
vt 0.28125000 0.00000000
vt 0.01461154 0.79682171
vt 0.25000000 0.50000000
vt 0.25000000 0.50000000
vt 0.50999999 0.75000000
vt 0.25000000 0.00000000
vt 0.25000000 0.00000000
vt 0.00999999 0.75000000
vt 0.21875000 0.50000000
vt 0.21875000 0.50000000
vt 0.51461160 0.70317829
vt 0.51461160 0.70317829
vt 0.51461160 0.70317829
vt 0.21875000 0.00000000
vt 0.21875000 0.00000000
vt 0.01461154 0.70317829
vt 0.18750000 0.50000000
vt 0.18750000 0.50000000
vt 0.52826887 0.65815604
vt 0.18750000 0.00000000
vt 0.18750000 0.00000000
vt 0.02826887 0.65815604
vt 0.18750000 0.00000000
vt 0.15625000 0.50000000
vt 0.15625000 0.50000000
vt 0.55044729 0.61666310
vt 0.15625000 0.50000000
vt 0.55044729 0.61666310
vt 0.15625000 0.00000000
vt 0.05044728 0.61666310
vt 0.15625000 0.00000000
vt 0.12500000 0.50000000
vt 0.12500000 0.50000000
vt 0.58029437 0.58029437
vt 0.12500000 0.00000000
vt 0.12500000 0.00000000
vt 0.08029437 0.58029437
vt 0.12500000 0.00000000
vt 0.09375000 0.50000000
vt 0.09375000 0.50000000
vt 0.61666322 0.55044729
vt 0.09375000 0.50000000
vt 0.09375000 0.00000000
vt 0.11666310 0.55044729
vt 0.09375000 0.00000000
vt 0.06250000 0.50000000
vt 0.06250000 0.50000000
vt 0.65815598 0.52826893
vt 0.06250000 0.00000000
vt 0.15815590 0.52826893
vt 0.06250000 0.00000000
vt 0.06250000 0.00000000
vt 0.03125000 0.50000000
vt 0.03125000 0.50000000
vt 0.70317841 0.51461148
vt 0.03125000 0.50000000
vt 0.70317841 0.51461148
vt 0.70317841 0.51461148
vt 0.20317830 0.51461148
vt 0.03125000 0.00000000
vt 0.03125000 0.00000000
f 1559/1559 1562/1562 1556/1556
f 1567/1567 1570/1570 1563/1563
f 1574/1574 1577/1577 1571/1571
f 1583/1583 1586/1586 1578/1578
f 1590/1590 1593/1593 1587/1587
f 1598/1598 1601/1601 1594/1594
f 1605/1605 1609/1609 1602/1602
f 1616/1616 1618/1618 1610/1610
f 1622/1622 1625/1625 1619/1619
f 1631/1631 1634/1634 1626/1626
f 1638/1638 1641/1641 1635/1635
f 1646/1646 1649/1649 1642/1642
f 1653/1653 1656/1656 1650/1650
f 1660/1660 1663/1663 1657/1657
f 1667/1667 1670/1670 1664/1664
f 1676/1676 1679/1679 1671/1671
f 1683/1683 1685/1685 1680/1680
f 1690/1690 1693/1693 1686/1686
f 1697/1697 1700/1700 1694/1694
f 1706/1706 1709/1709 1701/1701
f 1713/1713 1716/1716 1710/1710
f 1721/1721 1724/1724 1717/1717
f 1728/1728 1731/1731 1725/1725
f 1738/1738 1740/1740 1732/1732
f 1744/1744 1746/1746 1741/1741
f 1752/1752 1754/1754 1747/1747
f 1758/1758 1761/1761 1755/1755
f 1766/1766 1769/1769 1762/1762
f 1773/1773 1776/1776 1770/1770
f 1780/1780 1783/1783 1777/1777
f 1698/1698 1639/1639 1575/1575
f 1788/1788 1790/1790 1784/1784
f 1797/1797 1557/1557 1791/1791
f 1672/1672 1733/1733 1792/1792
f 1559/1559 1566/1566 1562/1562
f 1569/1569 1576/1576 1573/1573
f 1574/1574 1582/1582 1577/1577
f 1585/1585 1592/1592 1589/1589
f 1590/1590 1597/1597 1593/1593
f 1600/1600 1607/1607 1604/1604
f 1605/1605 1615/1615 1609/1609
f 1616/1616 1621/1621 1618/1618
f 1622/1622 1630/1630 1625/1625
f 1631/1631 1637/1637 1634/1634
f 1640/1640 1648/1648 1644/1644
f 1646/1646 1652/1652 1649/1649
f 1655/1655 1662/1662 1659/1659
f 1660/1660 1666/1666 1663/1663
f 1669/1669 1678/1678 1673/1673
f 1676/1676 1682/1682 1679/1679
f 1683/1683 1689/1689 1685/1685
f 1692/1692 1699/1699 1696/1696
f 1697/1697 1705/1705 1700/1700
f 1708/1708 1715/1715 1712/1712
f 1713/1713 1720/1720 1716/1716
f 1723/1723 1730/1730 1727/1727
f 1728/1728 1737/1737 1731/1731
f 1738/1738 1743/1743 1740/1740
f 1744/1744 1751/1751 1746/1746
f 1752/1752 1757/1757 1754/1754
f 1760/1760 1768/1768 1764/1764
f 1766/1766 1772/1772 1769/1769
f 1775/1775 1782/1782 1779/1779
f 1780/1780 1786/1786 1783/1783
f 1575/1575 1568/1568 1560/1560
f 1560/1560 1796/1796 1575/1575
f 1796/1796 1787/1787 1575/1575
f 1787/1787 1781/1781 1774/1774
f 1774/1774 1767/1767 1759/1759
f 1759/1759 1753/1753 1745/1745
f 1745/1745 1739/1739 1759/1759
f 1739/1739 1729/1729 1759/1759
f 1729/1729 1722/1722 1714/1714
f 1714/1714 1707/1707 1698/1698
f 1698/1698 1691/1691 1668/1668
f 1691/1691 1684/1684 1668/1668
f 1684/1684 1677/1677 1668/1668
f 1668/1668 1661/1661 1654/1654
f 1654/1654 1647/1647 1639/1639
f 1639/1639 1632/1632 1606/1606
f 1633/1633 1624/1624 1608/1608
f 1623/1623 1617/1617 1606/1606
f 1606/1606 1599/1599 1591/1591
f 1591/1591 1584/1584 1575/1575
f 1787/1787 1774/1774 1575/1575
f 1774/1774 1759/1759 1575/1575
f 1729/1729 1714/1714 1759/1759
f 1714/1714 1698/1698 1759/1759
f 1668/1668 1654/1654 1698/1698
f 1654/1654 1639/1639 1698/1698
f 1606/1606 1591/1591 1639/1639
f 1591/1591 1575/1575 1639/1639
f 1575/1575 1759/1759 1698/1698
f 1789/1789 1798/1798 1793/1793
f 1797/1797 1561/1561 1557/1557
f 1792/1792 1558/1558 1564/1564
f 1564/1564 1572/1572 1579/1579
f 1579/1579 1588/1588 1595/1595
f 1595/1595 1603/1603 1611/1611
f 1611/1611 1620/1620 1627/1627
f 1627/1627 1636/1636 1643/1643
f 1643/1643 1651/1651 1658/1658
f 1658/1658 1665/1665 1672/1672
f 1672/1672 1681/1681 1687/1687
f 1687/1687 1695/1695 1702/1702
f 1702/1702 1711/1711 1718/1718
f 1718/1718 1726/1726 1733/1733
f 1733/1733 1742/1742 1748/1748
f 1748/1748 1756/1756 1763/1763
f 1763/1763 1771/1771 1778/1778
f 1778/1778 1785/1785 1792/1792
f 1792/1792 1564/1564 1611/1611
f 1565/1565 1580/1580 1612/1612
f 1581/1581 1596/1596 1613/1613
f 1614/1614 1628/1628 1674/1674
f 1629/1629 1645/1645 1675/1675
f 1643/1643 1658/1658 1672/1672
f 1672/1672 1687/1687 1733/1733
f 1688/1688 1703/1703 1734/1734
f 1704/1704 1719/1719 1735/1735
f 1736/1736 1749/1749 1794/1794
f 1750/1750 1765/1765 1795/1795
f 1763/1763 1778/1778 1792/1792
f 1792/1792 1611/1611 1672/1672

o Material_003-material_10
usemtl Material.003
v -1.85989700 0.02369800 -1.76911670
v -1.85989700 0.02369800 -1.76911670
v -1.85989700 0.02369800 -1.76911670
v -1.85989700 3.11139200 -1.76911670
v -1.85989700 3.11139200 -1.76911670
v -1.85989700 3.11139200 -1.76911670
v -1.83378481 0.02369800 -1.76654488
v -1.83378481 0.02369800 -1.76654488
v -1.83378481 0.02369800 -1.76654488
v -1.83378481 0.02369800 -1.76654488
v -1.83378481 3.11139200 -1.76654488
v -1.83378481 3.11139200 -1.76654488
v -1.83378481 3.11139200 -1.76654488
v -1.83378481 3.11139200 -1.76654488
v -1.80867608 0.02369800 -1.75892822
v -1.80867608 0.02369800 -1.75892822
v -1.80867608 0.02369800 -1.75892822
v -1.80867608 0.02369800 -1.75892822
v -1.80867608 3.11139200 -1.75892822
v -1.80867608 3.11139200 -1.75892822
v -1.80867608 3.11139200 -1.75892822
v -1.78553575 0.02369800 -1.74655946
v -1.78553575 0.02369800 -1.74655946
v -1.78553575 0.02369800 -1.74655946
v -1.78553575 0.02369800 -1.74655946
v -1.78553575 0.02369800 -1.74655946
v -1.78553575 3.11139200 -1.74655946
v -1.78553575 3.11139200 -1.74655946
v -1.78553575 3.11139200 -1.74655946
v -1.78553575 3.11139200 -1.74655946
v -1.76525308 0.02369800 -1.72991392
v -1.76525308 0.02369800 -1.72991392
v -1.76525308 0.02369800 -1.72991392
v -1.76525308 0.02369800 -1.72991392
v -1.76525308 3.11139200 -1.72991392
v -1.76525308 3.11139200 -1.72991392
v -1.76525308 3.11139200 -1.72991392
v -1.74860754 0.02369800 -1.70963125
v -1.74860754 0.02369800 -1.70963125
v -1.74860754 0.02369800 -1.70963125
v -1.74860754 0.02369800 -1.70963125
v -1.74860754 3.11139200 -1.70963125
v -1.74860754 3.11139200 -1.70963125
v -1.74860754 3.11139200 -1.70963125
v -1.74860754 3.11139200 -1.70963125
v -1.73623878 0.02369800 -1.68649092
v -1.73623878 0.02369800 -1.68649092
v -1.73623878 0.02369800 -1.68649092
v -1.73623878 0.02369800 -1.68649092
v -1.73623878 3.11139200 -1.68649092
v -1.73623878 3.11139200 -1.68649092
v -1.73623878 3.11139200 -1.68649092
v -1.73623878 3.11139200 -1.68649092
v -1.72862212 0.02369800 -1.66138219
v -1.72862212 0.02369800 -1.66138219
v -1.72862212 0.02369800 -1.66138219
v -1.72862212 0.02369800 -1.66138219
v -1.72862212 0.02369800 -1.66138219
v -1.72862212 0.02369800 -1.66138219
v -1.72862212 3.11139200 -1.66138219
v -1.72862212 3.11139200 -1.66138219
v -1.72862212 3.11139200 -1.66138219
v -1.72605030 0.02369800 -1.63527000
v -1.72605030 0.02369800 -1.63527000
v -1.72605030 0.02369800 -1.63527000
v -1.72605030 3.11139200 -1.63527000
v -1.72605030 3.11139200 -1.63527000
v -1.72605030 3.11139200 -1.63527000
v -1.72605030 3.11139200 -1.63527000
v -1.72862212 0.02369800 -1.60915781
v -1.72862212 0.02369800 -1.60915781
v -1.72862212 0.02369800 -1.60915781
v -1.72862212 0.02369800 -1.60915781
v -1.72862212 0.02369800 -1.60915781
v -1.72862212 3.11139200 -1.60915781
v -1.72862212 3.11139200 -1.60915781
v -1.72862212 3.11139200 -1.60915781
v -1.72862212 3.11139200 -1.60915781
v -1.73623878 0.02369800 -1.58404908
v -1.73623878 0.02369800 -1.58404908
v -1.73623878 0.02369800 -1.58404908
v -1.73623878 3.11139200 -1.58404908
v -1.73623878 3.11139200 -1.58404908
v -1.73623878 3.11139200 -1.58404908
v -1.73623878 3.11139200 -1.58404908
v -1.74860754 0.02369800 -1.56090875
v -1.74860754 0.02369800 -1.56090875
v -1.74860754 0.02369800 -1.56090875
v -1.74860754 0.02369800 -1.56090875
v -1.74860754 0.02369800 -1.56090875
v -1.74860754 3.11139200 -1.56090875
v -1.74860754 3.11139200 -1.56090875
v -1.74860754 3.11139200 -1.56090875
v -1.76525308 0.02369800 -1.54062608
v -1.76525308 0.02369800 -1.54062608
v -1.76525308 0.02369800 -1.54062608
v -1.76525308 3.11139200 -1.54062608
v -1.76525308 3.11139200 -1.54062608
v -1.76525308 3.11139200 -1.54062608
v -1.76525308 3.11139200 -1.54062608
v -1.78553575 0.02369800 -1.52398054
v -1.78553575 0.02369800 -1.52398054
v -1.78553575 0.02369800 -1.52398054
v -1.78553575 0.02369800 -1.52398054
v -1.78553575 3.11139200 -1.52398054
v -1.78553575 3.11139200 -1.52398054
v -1.78553575 3.11139200 -1.52398054
v -1.80867608 0.02369800 -1.51161178
v -1.80867608 0.02369800 -1.51161178
v -1.80867608 0.02369800 -1.51161178
v -1.80867608 3.11139200 -1.51161178
v -1.80867608 3.11139200 -1.51161178
v -1.80867608 3.11139200 -1.51161178
v -1.80867608 3.11139200 -1.51161178
v -1.83378481 0.02369800 -1.50399512
v -1.83378481 0.02369800 -1.50399512
v -1.83378481 0.02369800 -1.50399512
v -1.83378481 0.02369800 -1.50399512
v -1.83378481 0.02369800 -1.50399512
v -1.83378481 0.02369800 -1.50399512
v -1.83378481 3.11139200 -1.50399512
v -1.83378481 3.11139200 -1.50399512
v -1.83378481 3.11139200 -1.50399512
v -1.85989700 0.02369800 -1.50142330
v -1.85989700 0.02369800 -1.50142330
v -1.85989700 0.02369800 -1.50142330
v -1.85989700 3.11139200 -1.50142330
v -1.85989700 3.11139200 -1.50142330
v -1.85989700 3.11139200 -1.50142330
v -1.88600919 0.02369800 -1.50399512
v -1.88600919 0.02369800 -1.50399512
v -1.88600919 0.02369800 -1.50399512
v -1.88600919 0.02369800 -1.50399512
v -1.88600919 3.11139200 -1.50399512
v -1.88600919 3.11139200 -1.50399512
v -1.88600919 3.11139200 -1.50399512
v -1.88600919 3.11139200 -1.50399512
v -1.91111792 0.02369800 -1.51161178
v -1.91111792 0.02369800 -1.51161178
v -1.91111792 0.02369800 -1.51161178
v -1.91111792 0.02369800 -1.51161178
v -1.91111792 3.11139200 -1.51161178
v -1.91111792 3.11139200 -1.51161178
v -1.91111792 3.11139200 -1.51161178
v -1.93425825 0.02369800 -1.52398054
v -1.93425825 0.02369800 -1.52398054
v -1.93425825 0.02369800 -1.52398054
v -1.93425825 0.02369800 -1.52398054
v -1.93425825 0.02369800 -1.52398054
v -1.93425825 3.11139200 -1.52398054
v -1.93425825 3.11139200 -1.52398054
v -1.93425825 3.11139200 -1.52398054
v -1.93425825 3.11139200 -1.52398054
v -1.95454092 0.02369800 -1.54062608
v -1.95454092 0.02369800 -1.54062608
v -1.95454092 0.02369800 -1.54062608
v -1.95454092 0.02369800 -1.54062608
v -1.95454092 3.11139200 -1.54062608
v -1.95454092 3.11139200 -1.54062608
v -1.95454092 3.11139200 -1.54062608
v -1.97118646 0.02369800 -1.56090875
v -1.97118646 0.02369800 -1.56090875
v -1.97118646 0.02369800 -1.56090875
v -1.97118646 0.02369800 -1.56090875
v -1.97118646 3.11139200 -1.56090875
v -1.97118646 3.11139200 -1.56090875
v -1.97118646 3.11139200 -1.56090875
v -1.97118646 3.11139200 -1.56090875
v -1.98355522 0.02369800 -1.58404908
v -1.98355522 0.02369800 -1.58404908
v -1.98355522 0.02369800 -1.58404908
v -1.98355522 0.02369800 -1.58404908
v -1.98355522 3.11139200 -1.58404908
v -1.98355522 3.11139200 -1.58404908
v -1.98355522 3.11139200 -1.58404908
v -1.99117188 0.02369800 -1.60915781
v -1.99117188 0.02369800 -1.60915781
v -1.99117188 0.02369800 -1.60915781
v -1.99117188 0.02369800 -1.60915781
v -1.99117188 0.02369800 -1.60915781
v -1.99117188 0.02369800 -1.60915781
v -1.99117188 3.11139200 -1.60915781
v -1.99117188 3.11139200 -1.60915781
v -1.99117188 3.11139200 -1.60915781
v -1.99374370 0.02369800 -1.63527000
v -1.99374370 0.02369800 -1.63527000
v -1.99374370 0.02369800 -1.63527000
v -1.99374370 3.11139200 -1.63527000
v -1.99374370 3.11139200 -1.63527000
v -1.99374370 3.11139200 -1.63527000
v -1.99117188 0.02369800 -1.66138219
v -1.99117188 0.02369800 -1.66138219
v -1.99117188 0.02369800 -1.66138219
v -1.99117188 0.02369800 -1.66138219
v -1.99117188 0.02369800 -1.66138219
v -1.99117188 3.11139200 -1.66138219
v -1.99117188 3.11139200 -1.66138219
v -1.99117188 3.11139200 -1.66138219
v -1.98355522 0.02369800 -1.68649092
v -1.98355522 0.02369800 -1.68649092
v -1.98355522 0.02369800 -1.68649092
v -1.98355522 3.11139200 -1.68649092
v -1.98355522 3.11139200 -1.68649092
v -1.98355522 3.11139200 -1.68649092
v -1.98355522 3.11139200 -1.68649092
v -1.97118646 0.02369800 -1.70963125
v -1.97118646 0.02369800 -1.70963125
v -1.97118646 0.02369800 -1.70963125
v -1.97118646 0.02369800 -1.70963125
v -1.97118646 0.02369800 -1.70963125
v -1.97118646 3.11139200 -1.70963125
v -1.97118646 3.11139200 -1.70963125
v -1.97118646 3.11139200 -1.70963125
v -1.95454092 0.02369800 -1.72991392
v -1.95454092 0.02369800 -1.72991392
v -1.95454092 0.02369800 -1.72991392
v -1.95454092 3.11139200 -1.72991392
v -1.95454092 3.11139200 -1.72991392
v -1.95454092 3.11139200 -1.72991392
v -1.95454092 3.11139200 -1.72991392
v -1.93425825 0.02369800 -1.74655946
v -1.93425825 0.02369800 -1.74655946
v -1.93425825 0.02369800 -1.74655946
v -1.93425825 0.02369800 -1.74655946
v -1.93425825 3.11139200 -1.74655946
v -1.93425825 3.11139200 -1.74655946
v -1.93425825 3.11139200 -1.74655946
v -1.91111792 0.02369800 -1.75892822
v -1.91111792 0.02369800 -1.75892822
v -1.91111792 0.02369800 -1.75892822
v -1.91111792 3.11139200 -1.75892822
v -1.91111792 3.11139200 -1.75892822
v -1.91111792 3.11139200 -1.75892822
v -1.91111792 3.11139200 -1.75892822
v -1.88600919 0.02369800 -1.76654488
v -1.88600919 0.02369800 -1.76654488
v -1.88600919 0.02369800 -1.76654488
v -1.88600919 0.02369800 -1.76654488
v -1.88600919 0.02369800 -1.76654488
v -1.88600919 0.02369800 -1.76654488
v -1.88600919 3.11139200 -1.76654488
v -1.88600919 3.11139200 -1.76654488
v -1.88600919 3.11139200 -1.76654488
vt 1.00000000 0.50000000
vt 0.00000000 0.50000000
vt 0.75000000 0.50999999
vt 1.00000000 0.00000000
vt 0.25000000 0.50999999
vt 0.00000000 0.00000000
vt 0.96875000 0.50000000
vt 0.96875000 0.50000000
vt 0.79682171 0.51461148
vt 0.79682171 0.51461148
vt 0.96875000 0.00000000
vt 0.96875000 0.00000000
vt 0.29682171 0.51461148
vt 0.96875000 0.00000000
vt 0.93750000 0.50000000
vt 0.93750000 0.50000000
vt 0.84184402 0.52826893
vt 0.93750000 0.50000000
vt 0.93750000 0.00000000
vt 0.34184399 0.52826893
vt 0.93750000 0.00000000
vt 0.90625000 0.50000000
vt 0.90625000 0.50000000
vt 0.88333690 0.55044729
vt 0.88333690 0.55044729
vt 0.88333690 0.55044729
vt 0.90625000 0.00000000
vt 0.90625000 0.00000000
vt 0.38333690 0.55044729
vt 0.90625000 0.00000000
vt 0.87500000 0.50000000
vt 0.87500000 0.50000000
vt 0.91970563 0.58029437
vt 0.87500000 0.50000000
vt 0.87500000 0.00000000
vt 0.41970560 0.58029437
vt 0.87500000 0.00000000
vt 0.84375000 0.50000000
vt 0.84375000 0.50000000
vt 0.94955271 0.61666310
vt 0.94955271 0.61666310
vt 0.84375000 0.00000000
vt 0.84375000 0.00000000
vt 0.44955271 0.61666310
vt 0.84375000 0.00000000
vt 0.81250000 0.50000000
vt 0.81250000 0.50000000
vt 0.97173113 0.65815604
vt 0.81250000 0.50000000
vt 0.81250000 0.00000000
vt 0.47173110 0.65815604
vt 0.81250000 0.00000000
vt 0.47173110 0.65815604
vt 0.78125000 0.50000000
vt 0.78125000 0.50000000
vt 0.98538852 0.70317829
vt 0.98538852 0.70317829
vt 0.98538852 0.70317829
vt 0.98538852 0.70317829
vt 0.78125000 0.00000000
vt 0.78125000 0.00000000
vt 0.48538849 0.70317829
vt 0.75000000 0.50000000
vt 0.75000000 0.50000000
vt 0.99000001 0.75000000
vt 0.75000000 0.00000000
vt 0.75000000 0.00000000
vt 0.49000001 0.75000000
vt 0.49000001 0.75000000
vt 0.71875000 0.50000000
vt 0.71875000 0.50000000
vt 0.98538852 0.79682171
vt 0.98538852 0.79682171
vt 0.98538852 0.79682171
vt 0.71875000 0.00000000
vt 0.71875000 0.00000000
vt 0.48538849 0.79682171
vt 0.48538849 0.79682171
vt 0.68750000 0.50000000
vt 0.68750000 0.50000000
vt 0.97173113 0.84184408
vt 0.68750000 0.00000000
vt 0.68750000 0.00000000
vt 0.47173110 0.84184408
vt 0.68750000 0.00000000
vt 0.65625000 0.50000000
vt 0.65625000 0.50000000
vt 0.94955271 0.88333690
vt 0.65625000 0.50000000
vt 0.94955271 0.88333690
vt 0.65625000 0.00000000
vt 0.44955271 0.88333690
vt 0.65625000 0.00000000
vt 0.62500000 0.50000000
vt 0.62500000 0.50000000
vt 0.91970563 0.91970563
vt 0.62500000 0.00000000
vt 0.62500000 0.00000000
vt 0.41970560 0.91970563
vt 0.62500000 0.00000000
vt 0.59375000 0.50000000
vt 0.59375000 0.50000000
vt 0.88333690 0.94955271
vt 0.59375000 0.50000000
vt 0.59375000 0.00000000
vt 0.38333690 0.94955271
vt 0.59375000 0.00000000
vt 0.56250000 0.50000000
vt 0.56250000 0.50000000
vt 0.84184402 0.97173113
vt 0.56250000 0.00000000
vt 0.56250000 0.00000000
vt 0.34184399 0.97173113
vt 0.56250000 0.00000000
vt 0.53125000 0.50000000
vt 0.53125000 0.50000000
vt 0.79682171 0.98538846
vt 0.53125000 0.50000000
vt 0.79682171 0.98538846
vt 0.79682171 0.98538846
vt 0.53125000 0.00000000
vt 0.29682171 0.98538846
vt 0.53125000 0.00000000
vt 0.50000000 0.50000000
vt 0.50000000 0.50000000
vt 0.75000000 0.99000001
vt 0.50000000 0.00000000
vt 0.50000000 0.00000000
vt 0.25000000 0.99000001
vt 0.46875000 0.50000000
vt 0.46875000 0.50000000
vt 0.70317841 0.98538846
vt 0.70317841 0.98538846
vt 0.46875000 0.00000000
vt 0.46875000 0.00000000
vt 0.20317830 0.98538846
vt 0.46875000 0.00000000
vt 0.43750000 0.50000000
vt 0.43750000 0.50000000
vt 0.65815598 0.97173113
vt 0.43750000 0.50000000
vt 0.43750000 0.00000000
vt 0.15815590 0.97173113
vt 0.43750000 0.00000000
vt 0.40625000 0.50000000
vt 0.40625000 0.50000000
vt 0.61666322 0.94955271
vt 0.61666322 0.94955271
vt 0.61666322 0.94955271
vt 0.40625000 0.00000000
vt 0.40625000 0.00000000
vt 0.11666310 0.94955271
vt 0.40625000 0.00000000
vt 0.37500000 0.50000000
vt 0.37500000 0.50000000
vt 0.58029437 0.91970563
vt 0.37500000 0.50000000
vt 0.37500000 0.00000000
vt 0.08029437 0.91970563
vt 0.37500000 0.00000000
vt 0.34375000 0.50000000
vt 0.34375000 0.50000000
vt 0.55044729 0.88333690
vt 0.55044729 0.88333690
vt 0.34375000 0.00000000
vt 0.34375000 0.00000000
vt 0.05044728 0.88333690
vt 0.34375000 0.00000000
vt 0.31250000 0.50000000
vt 0.31250000 0.50000000
vt 0.52826887 0.84184408
vt 0.31250000 0.50000000
vt 0.31250000 0.00000000
vt 0.02826887 0.84184408
vt 0.31250000 0.00000000
vt 0.28125000 0.50000000
vt 0.28125000 0.50000000
vt 0.51461160 0.79682171
vt 0.51461160 0.79682171
vt 0.51461160 0.79682171
vt 0.51461160 0.79682171
vt 0.28125000 0.00000000
vt 0.28125000 0.00000000
vt 0.01461154 0.79682171
vt 0.25000000 0.50000000
vt 0.25000000 0.50000000
vt 0.50999999 0.75000000
vt 0.25000000 0.00000000
vt 0.25000000 0.00000000
vt 0.00999999 0.75000000
vt 0.21875000 0.50000000
vt 0.21875000 0.50000000
vt 0.51461160 0.70317829
vt 0.51461160 0.70317829
vt 0.51461160 0.70317829
vt 0.21875000 0.00000000
vt 0.21875000 0.00000000
vt 0.01461154 0.70317829
vt 0.18750000 0.50000000
vt 0.18750000 0.50000000
vt 0.52826887 0.65815604
vt 0.18750000 0.00000000
vt 0.18750000 0.00000000
vt 0.02826887 0.65815604
vt 0.18750000 0.00000000
vt 0.15625000 0.50000000
vt 0.15625000 0.50000000
vt 0.55044729 0.61666310
vt 0.15625000 0.50000000
vt 0.55044729 0.61666310
vt 0.15625000 0.00000000
vt 0.05044728 0.61666310
vt 0.15625000 0.00000000
vt 0.12500000 0.50000000
vt 0.12500000 0.50000000
vt 0.58029437 0.58029437
vt 0.12500000 0.00000000
vt 0.12500000 0.00000000
vt 0.08029437 0.58029437
vt 0.12500000 0.00000000
vt 0.09375000 0.50000000
vt 0.09375000 0.50000000
vt 0.61666322 0.55044729
vt 0.09375000 0.50000000
vt 0.09375000 0.00000000
vt 0.11666310 0.55044729
vt 0.09375000 0.00000000
vt 0.06250000 0.50000000
vt 0.06250000 0.50000000
vt 0.65815598 0.52826893
vt 0.06250000 0.00000000
vt 0.15815590 0.52826893
vt 0.06250000 0.00000000
vt 0.06250000 0.00000000
vt 0.03125000 0.50000000
vt 0.03125000 0.50000000
vt 0.70317841 0.51461148
vt 0.03125000 0.50000000
vt 0.70317841 0.51461148
vt 0.70317841 0.51461148
vt 0.20317830 0.51461148
vt 0.03125000 0.00000000
vt 0.03125000 0.00000000
f 1802/1802 1805/1805 1799/1799
f 1810/1810 1813/1813 1806/1806
f 1817/1817 1820/1820 1814/1814
f 1826/1826 1829/1829 1821/1821
f 1833/1833 1836/1836 1830/1830
f 1841/1841 1844/1844 1837/1837
f 1848/1848 1852/1852 1845/1845
f 1859/1859 1861/1861 1853/1853
f 1865/1865 1868/1868 1862/1862
f 1874/1874 1877/1877 1869/1869
f 1881/1881 1884/1884 1878/1878
f 1889/1889 1892/1892 1885/1885
f 1896/1896 1899/1899 1893/1893
f 1903/1903 1906/1906 1900/1900
f 1910/1910 1913/1913 1907/1907
f 1919/1919 1922/1922 1914/1914
f 1926/1926 1928/1928 1923/1923
f 1933/1933 1936/1936 1929/1929
f 1940/1940 1943/1943 1937/1937
f 1949/1949 1952/1952 1944/1944
f 1956/1956 1959/1959 1953/1953
f 1964/1964 1967/1967 1960/1960
f 1971/1971 1974/1974 1968/1968
f 1981/1981 1983/1983 1975/1975
f 1987/1987 1989/1989 1984/1984
f 1995/1995 1997/1997 1990/1990
f 2001/2001 2004/2004 1998/1998
f 2009/2009 2012/2012 2005/2005
f 2016/2016 2019/2019 2013/2013
f 2023/2023 2026/2026 2020/2020
f 1941/1941 1882/1882 1818/1818
f 2031/2031 2033/2033 2027/2027
f 2040/2040 1800/1800 2034/2034
f 1915/1915 1976/1976 2035/2035
f 1802/1802 1809/1809 1805/1805
f 1812/1812 1819/1819 1816/1816
f 1817/1817 1825/1825 1820/1820
f 1828/1828 1835/1835 1832/1832
f 1833/1833 1840/1840 1836/1836
f 1843/1843 1850/1850 1847/1847
f 1848/1848 1858/1858 1852/1852
f 1859/1859 1864/1864 1861/1861
f 1865/1865 1873/1873 1868/1868
f 1874/1874 1880/1880 1877/1877
f 1883/1883 1891/1891 1887/1887
f 1889/1889 1895/1895 1892/1892
f 1898/1898 1905/1905 1902/1902
f 1903/1903 1909/1909 1906/1906
f 1912/1912 1921/1921 1916/1916
f 1919/1919 1925/1925 1922/1922
f 1926/1926 1932/1932 1928/1928
f 1935/1935 1942/1942 1939/1939
f 1940/1940 1948/1948 1943/1943
f 1951/1951 1958/1958 1955/1955
f 1956/1956 1963/1963 1959/1959
f 1966/1966 1973/1973 1970/1970
f 1971/1971 1980/1980 1974/1974
f 1981/1981 1986/1986 1983/1983
f 1987/1987 1994/1994 1989/1989
f 1995/1995 2000/2000 1997/1997
f 2003/2003 2011/2011 2007/2007
f 2009/2009 2015/2015 2012/2012
f 2018/2018 2025/2025 2022/2022
f 2023/2023 2029/2029 2026/2026
f 1818/1818 1811/1811 1803/1803
f 1803/1803 2039/2039 1818/1818
f 2039/2039 2030/2030 1818/1818
f 2030/2030 2024/2024 2017/2017
f 2017/2017 2010/2010 2002/2002
f 2002/2002 1996/1996 1988/1988
f 1988/1988 1982/1982 2002/2002
f 1982/1982 1972/1972 2002/2002
f 1972/1972 1965/1965 1957/1957
f 1957/1957 1950/1950 1941/1941
f 1941/1941 1934/1934 1911/1911
f 1934/1934 1927/1927 1911/1911
f 1927/1927 1920/1920 1911/1911
f 1911/1911 1904/1904 1897/1897
f 1897/1897 1890/1890 1882/1882
f 1882/1882 1875/1875 1849/1849
f 1876/1876 1867/1867 1851/1851
f 1866/1866 1860/1860 1849/1849
f 1849/1849 1842/1842 1834/1834
f 1834/1834 1827/1827 1818/1818
f 2030/2030 2017/2017 1818/1818
f 2017/2017 2002/2002 1818/1818
f 1972/1972 1957/1957 2002/2002
f 1957/1957 1941/1941 2002/2002
f 1911/1911 1897/1897 1941/1941
f 1897/1897 1882/1882 1941/1941
f 1849/1849 1834/1834 1882/1882
f 1834/1834 1818/1818 1882/1882
f 1818/1818 2002/2002 1941/1941
f 2032/2032 2041/2041 2036/2036
f 2040/2040 1804/1804 1800/1800
f 2035/2035 1801/1801 1807/1807
f 1807/1807 1815/1815 1822/1822
f 1822/1822 1831/1831 1838/1838
f 1838/1838 1846/1846 1854/1854
f 1854/1854 1863/1863 1870/1870
f 1870/1870 1879/1879 1886/1886
f 1886/1886 1894/1894 1901/1901
f 1901/1901 1908/1908 1915/1915
f 1915/1915 1924/1924 1930/1930
f 1930/1930 1938/1938 1945/1945
f 1945/1945 1954/1954 1961/1961
f 1961/1961 1969/1969 1976/1976
f 1976/1976 1985/1985 1991/1991
f 1991/1991 1999/1999 2006/2006
f 2006/2006 2014/2014 2021/2021
f 2021/2021 2028/2028 2035/2035
f 2035/2035 1807/1807 1854/1854
f 1808/1808 1823/1823 1855/1855
f 1824/1824 1839/1839 1856/1856
f 1857/1857 1871/1871 1917/1917
f 1872/1872 1888/1888 1918/1918
f 1886/1886 1901/1901 1915/1915
f 1915/1915 1930/1930 1976/1976
f 1931/1931 1946/1946 1977/1977
f 1947/1947 1962/1962 1978/1978
f 1979/1979 1992/1992 2037/2037
f 1993/1993 2008/2008 2038/2038
f 2006/2006 2021/2021 2035/2035
f 2035/2035 1854/1854 1915/1915

o Material_001-material_3
usemtl Material.001
v -1.31374489 0.70829938 -2.79208400
v -1.31374489 0.70829938 -2.79208400
v -1.31374489 0.70829938 -2.79208400
v -1.31374489 0.62829942 -2.79208400
v -1.31374489 0.62829942 -2.79208400
v -1.31374489 0.62829942 -2.79208400
v -1.31374489 0.70829938 -0.51208400
v -1.31374489 0.70829938 -0.51208400
v -1.31374489 0.70829938 -0.51208400
v -1.31374489 0.62829942 -0.51208400
v -1.31374489 0.62829942 -0.51208400
v -1.31374489 0.62829942 -0.51208400
v -1.39374511 0.70829938 -2.79208400
v -1.39374511 0.70829938 -2.79208400
v -1.39374511 0.70829938 -2.79208400
v -1.39374511 0.62829942 -2.79208400
v -1.39374511 0.62829942 -2.79208400
v -1.39374511 0.62829942 -2.79208400
v -1.39374511 0.70829938 -0.51208400
v -1.39374511 0.70829938 -0.51208400
v -1.39374511 0.70829938 -0.51208400
v -1.39374511 0.62829942 -0.51208400
v -1.39374511 0.62829942 -0.51208400
v -1.39374511 0.62829942 -0.51208400
vt 0.37500000 1.00000000
vt 0.37500000 0.00000000
vt 0.12500000 0.25000000
vt 0.62500000 1.00000000
vt 0.62500000 0.00000000
vt 0.87500000 0.25000000
vt 0.37500000 0.75000000
vt 0.37500000 0.75000000
vt 0.12500000 0.50000000
vt 0.62500000 0.75000000
vt 0.62500000 0.75000000
vt 0.87500000 0.50000000
vt 0.37500000 0.25000000
vt 0.37500000 0.25000000
vt 0.37500000 0.25000000
vt 0.62500000 0.25000000
vt 0.62500000 0.25000000
vt 0.62500000 0.25000000
vt 0.37500000 0.50000000
vt 0.37500000 0.50000000
vt 0.37500000 0.50000000
vt 0.62500000 0.50000000
vt 0.62500000 0.50000000
vt 0.62500000 0.50000000
f 2042/2042 2048/2048 2045/2045
f 2049/2049 2060/2060 2052/2052
f 2061/2061 2054/2054 2064/2064
f 2055/2055 2043/2043 2058/2058
f 2050/2050 2044/2044 2062/2062
f 2065/2065 2059/2059 2053/2053
f 2048/2048 2051/2051 2045/2045
f 2060/2060 2063/2063 2052/2052
f 2054/2054 2057/2057 2064/2064
f 2043/2043 2046/2046 2058/2058
f 2044/2044 2056/2056 2062/2062
f 2059/2059 2047/2047 2053/2053

o Material_001-material_2
usemtl Material.001
v -1.50456989 0.70829938 -2.79208400
v -1.50456989 0.70829938 -2.79208400
v -1.50456989 0.70829938 -2.79208400
v -1.50456989 0.62829942 -2.79208400
v -1.50456989 0.62829942 -2.79208400
v -1.50456989 0.62829942 -2.79208400
v -1.50456989 0.70829938 -0.51208400
v -1.50456989 0.70829938 -0.51208400
v -1.50456989 0.70829938 -0.51208400
v -1.50456989 0.62829942 -0.51208400
v -1.50456989 0.62829942 -0.51208400
v -1.50456989 0.62829942 -0.51208400
v -1.58457011 0.70829938 -2.79208400
v -1.58457011 0.70829938 -2.79208400
v -1.58457011 0.70829938 -2.79208400
v -1.58457011 0.62829942 -2.79208400
v -1.58457011 0.62829942 -2.79208400
v -1.58457011 0.62829942 -2.79208400
v -1.58457011 0.70829938 -0.51208400
v -1.58457011 0.70829938 -0.51208400
v -1.58457011 0.70829938 -0.51208400
v -1.58457011 0.62829942 -0.51208400
v -1.58457011 0.62829942 -0.51208400
v -1.58457011 0.62829942 -0.51208400
vt 0.37500000 1.00000000
vt 0.37500000 0.00000000
vt 0.12500000 0.25000000
vt 0.62500000 1.00000000
vt 0.62500000 0.00000000
vt 0.87500000 0.25000000
vt 0.37500000 0.75000000
vt 0.37500000 0.75000000
vt 0.12500000 0.50000000
vt 0.62500000 0.75000000
vt 0.62500000 0.75000000
vt 0.87500000 0.50000000
vt 0.37500000 0.25000000
vt 0.37500000 0.25000000
vt 0.37500000 0.25000000
vt 0.62500000 0.25000000
vt 0.62500000 0.25000000
vt 0.62500000 0.25000000
vt 0.37500000 0.50000000
vt 0.37500000 0.50000000
vt 0.37500000 0.50000000
vt 0.62500000 0.50000000
vt 0.62500000 0.50000000
vt 0.62500000 0.50000000
f 2066/2066 2072/2072 2069/2069
f 2073/2073 2084/2084 2076/2076
f 2085/2085 2078/2078 2088/2088
f 2079/2079 2067/2067 2082/2082
f 2074/2074 2068/2068 2086/2086
f 2089/2089 2083/2083 2077/2077
f 2072/2072 2075/2075 2069/2069
f 2084/2084 2087/2087 2076/2076
f 2078/2078 2081/2081 2088/2088
f 2067/2067 2070/2070 2082/2082
f 2068/2068 2080/2080 2086/2086
f 2083/2083 2071/2071 2077/2077

o Material_001-material_1
usemtl Material.001
v -1.70758589 0.70829938 -2.79208400
v -1.70758589 0.70829938 -2.79208400
v -1.70758589 0.70829938 -2.79208400
v -1.70758589 0.62829942 -2.79208400
v -1.70758589 0.62829942 -2.79208400
v -1.70758589 0.62829942 -2.79208400
v -1.70758589 0.70829938 -0.51208400
v -1.70758589 0.70829938 -0.51208400
v -1.70758589 0.70829938 -0.51208400
v -1.70758589 0.62829942 -0.51208400
v -1.70758589 0.62829942 -0.51208400
v -1.70758589 0.62829942 -0.51208400
v -1.78758611 0.70829938 -2.79208400
v -1.78758611 0.70829938 -2.79208400
v -1.78758611 0.70829938 -2.79208400
v -1.78758611 0.62829942 -2.79208400
v -1.78758611 0.62829942 -2.79208400
v -1.78758611 0.62829942 -2.79208400
v -1.78758611 0.70829938 -0.51208400
v -1.78758611 0.70829938 -0.51208400
v -1.78758611 0.70829938 -0.51208400
v -1.78758611 0.62829942 -0.51208400
v -1.78758611 0.62829942 -0.51208400
v -1.78758611 0.62829942 -0.51208400
vt 0.37500000 1.00000000
vt 0.37500000 0.00000000
vt 0.12500000 0.25000000
vt 0.62500000 1.00000000
vt 0.62500000 0.00000000
vt 0.87500000 0.25000000
vt 0.37500000 0.75000000
vt 0.37500000 0.75000000
vt 0.12500000 0.50000000
vt 0.62500000 0.75000000
vt 0.62500000 0.75000000
vt 0.87500000 0.50000000
vt 0.37500000 0.25000000
vt 0.37500000 0.25000000
vt 0.37500000 0.25000000
vt 0.62500000 0.25000000
vt 0.62500000 0.25000000
vt 0.62500000 0.25000000
vt 0.37500000 0.50000000
vt 0.37500000 0.50000000
vt 0.37500000 0.50000000
vt 0.62500000 0.50000000
vt 0.62500000 0.50000000
vt 0.62500000 0.50000000
f 2090/2090 2096/2096 2093/2093
f 2097/2097 2108/2108 2100/2100
f 2109/2109 2102/2102 2112/2112
f 2103/2103 2091/2091 2106/2106
f 2098/2098 2092/2092 2110/2110
f 2113/2113 2107/2107 2101/2101
f 2096/2096 2099/2099 2093/2093
f 2108/2108 2111/2111 2100/2100
f 2102/2102 2105/2105 2112/2112
f 2091/2091 2094/2094 2106/2106
f 2092/2092 2104/2104 2110/2110
f 2107/2107 2095/2095 2101/2101

o Material_002-material
usemtl Material.002
v -1.81522890 0.68386378 -2.79208400
v -1.81522890 0.68386378 -2.79208400
v -1.81522890 0.68386378 -2.79208400
v -1.81522890 0.60386382 -2.79208400
v -1.81522890 0.60386382 -2.79208400
v -1.81522890 0.60386382 -2.79208400
v -1.81522890 0.68386378 -0.51208400
v -1.81522890 0.68386378 -0.51208400
v -1.81522890 0.68386378 -0.51208400
v -1.81522890 0.60386382 -0.51208400
v -1.81522890 0.60386382 -0.51208400
v -1.81522890 0.60386382 -0.51208400
v -1.25522910 0.68386378 -2.79208400
v -1.25522910 0.68386378 -2.79208400
v -1.25522910 0.68386378 -2.79208400
v -1.25522910 0.60386382 -2.79208400
v -1.25522910 0.60386382 -2.79208400
v -1.25522910 0.60386382 -2.79208400
v -1.25522910 0.68386378 -0.51208400
v -1.25522910 0.68386378 -0.51208400
v -1.25522910 0.68386378 -0.51208400
v -1.25522910 0.60386382 -0.51208400
v -1.25522910 0.60386382 -0.51208400
v -1.25522910 0.60386382 -0.51208400
vt 0.37500000 1.00000000
vt 0.37500000 0.00000000
vt 0.12500000 0.25000000
vt 0.62500000 1.00000000
vt 0.62500000 0.00000000
vt 0.87500000 0.25000000
vt 0.37500000 0.75000000
vt 0.37500000 0.75000000
vt 0.12500000 0.50000000
vt 0.62500000 0.75000000
vt 0.62500000 0.75000000
vt 0.87500000 0.50000000
vt 0.37500000 0.25000000
vt 0.37500000 0.25000000
vt 0.37500000 0.25000000
vt 0.62500000 0.25000000
vt 0.62500000 0.25000000
vt 0.62500000 0.25000000
vt 0.37500000 0.50000000
vt 0.37500000 0.50000000
vt 0.37500000 0.50000000
vt 0.62500000 0.50000000
vt 0.62500000 0.50000000
vt 0.62500000 0.50000000
f 2117/2117 2120/2120 2114/2114
f 2124/2124 2132/2132 2121/2121
f 2136/2136 2126/2126 2133/2133
f 2130/2130 2115/2115 2127/2127
f 2134/2134 2116/2116 2122/2122
f 2125/2125 2131/2131 2137/2137
f 2117/2117 2123/2123 2120/2120
f 2124/2124 2135/2135 2132/2132
f 2136/2136 2129/2129 2126/2126
f 2130/2130 2118/2118 2115/2115
f 2134/2134 2128/2128 2116/2116
f 2125/2125 2119/2119 2131/2131

o Material_001-material
usemtl Material.001
v -2.19503330 3.13429500 -3.55208400
v -2.19503330 3.13429500 -3.55208400
v -2.19503330 3.13429500 -3.55208400
v -2.19503330 3.33429500 -3.55208400
v -2.19503330 3.33429500 -3.55208400
v -2.19503330 3.33429500 -3.55208400
v -2.19503330 3.13429500 0.24791600
v -2.19503330 3.13429500 0.24791600
v -2.19503330 3.13429500 0.24791600
v -2.19503330 3.33429500 0.24791600
v -2.19503330 3.33429500 0.24791600
v -2.19503330 3.33429500 0.24791600
v 0.48496670 3.13429500 -3.55208400
v 0.48496670 3.13429500 -3.55208400
v 0.48496670 3.13429500 -3.55208400
v 0.48496670 3.33429500 -3.55208400
v 0.48496670 3.33429500 -3.55208400
v 0.48496670 3.33429500 -3.55208400
v 0.48496670 3.13429500 0.24791600
v 0.48496670 3.13429500 0.24791600
v 0.48496670 3.13429500 0.24791600
v 0.48496670 3.33429500 0.24791600
v 0.48496670 3.33429500 0.24791600
v 0.48496670 3.33429500 0.24791600
vt 0.37500000 1.00000000
vt 0.37500000 0.00000000
vt 0.12500000 0.25000000
vt 0.62500000 1.00000000
vt 0.62500000 0.00000000
vt 0.87500000 0.25000000
vt 0.37500000 0.75000000
vt 0.37500000 0.75000000
vt 0.12500000 0.50000000
vt 0.62500000 0.75000000
vt 0.62500000 0.75000000
vt 0.87500000 0.50000000
vt 0.37500000 0.25000000
vt 0.37500000 0.25000000
vt 0.37500000 0.25000000
vt 0.62500000 0.25000000
vt 0.62500000 0.25000000
vt 0.62500000 0.25000000
vt 0.37500000 0.50000000
vt 0.37500000 0.50000000
vt 0.37500000 0.50000000
vt 0.62500000 0.50000000
vt 0.62500000 0.50000000
vt 0.62500000 0.50000000
f 2138/2138 2144/2144 2141/2141
f 2145/2145 2156/2156 2148/2148
f 2157/2157 2150/2150 2160/2160
f 2151/2151 2139/2139 2154/2154
f 2146/2146 2140/2140 2158/2158
f 2161/2161 2155/2155 2149/2149
f 2144/2144 2147/2147 2141/2141
f 2156/2156 2159/2159 2148/2148
f 2150/2150 2153/2153 2160/2160
f 2139/2139 2142/2142 2154/2154
f 2140/2140 2152/2152 2158/2158
f 2155/2155 2143/2143 2149/2149

o Material_003-material_9
usemtl Material.003
v -1.94421673 0.63883047 -0.06509300
v -1.94421673 0.63883047 -0.06509300
v -1.94421673 0.63883047 -0.06509300
v -1.94421687 0.63883033 -3.09878900
v -1.94421687 0.63883033 -3.09878900
v -1.94421687 0.63883033 -3.09878900
v -1.94267274 0.62315402 -0.06509300
v -1.94267274 0.62315402 -0.06509300
v -1.94267274 0.62315402 -0.06509300
v -1.94267274 0.62315402 -0.06509300
v -1.94267287 0.62315389 -3.09878900
v -1.94267287 0.62315389 -3.09878900
v -1.94267287 0.62315389 -3.09878900
v -1.94267287 0.62315389 -3.09878900
v -1.93810009 0.60808001 -0.06509300
v -1.93810009 0.60808001 -0.06509300
v -1.93810009 0.60808001 -0.06509300
v -1.93810009 0.60808001 -0.06509300
v -1.93810022 0.60807988 -3.09878900
v -1.93810022 0.60807988 -3.09878900
v -1.93810022 0.60807988 -3.09878900
v -1.93067451 0.59418773 -0.06509300
v -1.93067451 0.59418773 -0.06509300
v -1.93067451 0.59418773 -0.06509300
v -1.93067451 0.59418773 -0.06509300
v -1.93067451 0.59418773 -0.06509300
v -1.93067464 0.59418759 -3.09878900
v -1.93067464 0.59418759 -3.09878900
v -1.93067464 0.59418759 -3.09878900
v -1.93067464 0.59418759 -3.09878900
v -1.92068136 0.58201104 -0.06509300
v -1.92068136 0.58201104 -0.06509300
v -1.92068136 0.58201104 -0.06509300
v -1.92068136 0.58201104 -0.06509300
v -1.92068149 0.58201091 -3.09878900
v -1.92068149 0.58201091 -3.09878900
v -1.92068149 0.58201091 -3.09878900
v -1.90850467 0.57201789 -0.06509300
v -1.90850467 0.57201789 -0.06509300
v -1.90850467 0.57201789 -0.06509300
v -1.90850467 0.57201789 -0.06509300
v -1.90850481 0.57201776 -3.09878900
v -1.90850481 0.57201776 -3.09878900
v -1.90850481 0.57201776 -3.09878900
v -1.90850481 0.57201776 -3.09878900
v -1.89461239 0.56459231 -0.06509300
v -1.89461239 0.56459231 -0.06509300
v -1.89461239 0.56459231 -0.06509300
v -1.89461239 0.56459231 -0.06509300
v -1.89461252 0.56459218 -3.09878900
v -1.89461252 0.56459218 -3.09878900
v -1.89461252 0.56459218 -3.09878900
v -1.89461252 0.56459218 -3.09878900
v -1.87953838 0.56001966 -0.06509300
v -1.87953838 0.56001966 -0.06509300
v -1.87953838 0.56001966 -0.06509300
v -1.87953838 0.56001966 -0.06509300
v -1.87953838 0.56001966 -0.06509300
v -1.87953838 0.56001966 -0.06509300
v -1.87953851 0.56001953 -3.09878900
v -1.87953851 0.56001953 -3.09878900
v -1.87953851 0.56001953 -3.09878900
v -1.86386193 0.55847567 -0.06509300
v -1.86386193 0.55847567 -0.06509300
v -1.86386193 0.55847567 -0.06509300
v -1.86386207 0.55847553 -3.09878900
v -1.86386207 0.55847553 -3.09878900
v -1.86386207 0.55847553 -3.09878900
v -1.86386207 0.55847553 -3.09878900
v -1.84818549 0.56001966 -0.06509300
v -1.84818549 0.56001966 -0.06509300
v -1.84818549 0.56001966 -0.06509300
v -1.84818549 0.56001966 -0.06509300
v -1.84818549 0.56001966 -0.06509300
v -1.84818562 0.56001953 -3.09878900
v -1.84818562 0.56001953 -3.09878900
v -1.84818562 0.56001953 -3.09878900
v -1.84818562 0.56001953 -3.09878900
v -1.83311148 0.56459231 -0.06509300
v -1.83311148 0.56459231 -0.06509300
v -1.83311148 0.56459231 -0.06509300
v -1.83311161 0.56459218 -3.09878900
v -1.83311161 0.56459218 -3.09878900
v -1.83311161 0.56459218 -3.09878900
v -1.83311161 0.56459218 -3.09878900
v -1.81921919 0.57201789 -0.06509300
v -1.81921919 0.57201789 -0.06509300
v -1.81921919 0.57201789 -0.06509300
v -1.81921919 0.57201789 -0.06509300
v -1.81921919 0.57201789 -0.06509300
v -1.81921933 0.57201776 -3.09878900
v -1.81921933 0.57201776 -3.09878900
v -1.81921933 0.57201776 -3.09878900
v -1.80704251 0.58201104 -0.06509300
v -1.80704251 0.58201104 -0.06509300
v -1.80704251 0.58201104 -0.06509300
v -1.80704264 0.58201091 -3.09878900
v -1.80704264 0.58201091 -3.09878900
v -1.80704264 0.58201091 -3.09878900
v -1.80704264 0.58201091 -3.09878900
v -1.79704936 0.59418773 -0.06509300
v -1.79704936 0.59418773 -0.06509300
v -1.79704936 0.59418773 -0.06509300
v -1.79704936 0.59418773 -0.06509300
v -1.79704949 0.59418759 -3.09878900
v -1.79704949 0.59418759 -3.09878900
v -1.79704949 0.59418759 -3.09878900
v -1.78962378 0.60808001 -0.06509300
v -1.78962378 0.60808001 -0.06509300
v -1.78962378 0.60808001 -0.06509300
v -1.78962391 0.60807988 -3.09878900
v -1.78962391 0.60807988 -3.09878900
v -1.78962391 0.60807988 -3.09878900
v -1.78962391 0.60807988 -3.09878900
v -1.78505113 0.62315402 -0.06509300
v -1.78505113 0.62315402 -0.06509300
v -1.78505113 0.62315402 -0.06509300
v -1.78505113 0.62315402 -0.06509300
v -1.78505113 0.62315402 -0.06509300
v -1.78505113 0.62315402 -0.06509300
v -1.78505126 0.62315389 -3.09878900
v -1.78505126 0.62315389 -3.09878900
v -1.78505126 0.62315389 -3.09878900
v -1.78350713 0.63883047 -0.06509300
v -1.78350713 0.63883047 -0.06509300
v -1.78350713 0.63883047 -0.06509300
v -1.78350727 0.63883033 -3.09878900
v -1.78350727 0.63883033 -3.09878900
v -1.78350727 0.63883033 -3.09878900
v -1.78505113 0.65450691 -0.06509300
v -1.78505113 0.65450691 -0.06509300
v -1.78505113 0.65450691 -0.06509300
v -1.78505113 0.65450691 -0.06509300
v -1.78505126 0.65450678 -3.09878900
v -1.78505126 0.65450678 -3.09878900
v -1.78505126 0.65450678 -3.09878900
v -1.78505126 0.65450678 -3.09878900
v -1.78962378 0.66958092 -0.06509300
v -1.78962378 0.66958092 -0.06509300
v -1.78962378 0.66958092 -0.06509300
v -1.78962378 0.66958092 -0.06509300
v -1.78962391 0.66958079 -3.09878900
v -1.78962391 0.66958079 -3.09878900
v -1.78962391 0.66958079 -3.09878900
v -1.79704936 0.68347321 -0.06509300
v -1.79704936 0.68347321 -0.06509300
v -1.79704936 0.68347321 -0.06509300
v -1.79704936 0.68347321 -0.06509300
v -1.79704936 0.68347321 -0.06509300
v -1.79704949 0.68347307 -3.09878900
v -1.79704949 0.68347307 -3.09878900
v -1.79704949 0.68347307 -3.09878900
v -1.79704949 0.68347307 -3.09878900
v -1.80704251 0.69564989 -0.06509300
v -1.80704251 0.69564989 -0.06509300
v -1.80704251 0.69564989 -0.06509300
v -1.80704251 0.69564989 -0.06509300
v -1.80704264 0.69564976 -3.09878900
v -1.80704264 0.69564976 -3.09878900
v -1.80704264 0.69564976 -3.09878900
v -1.81921919 0.70564304 -0.06509300
v -1.81921919 0.70564304 -0.06509300
v -1.81921919 0.70564304 -0.06509300
v -1.81921919 0.70564304 -0.06509300
v -1.81921933 0.70564291 -3.09878900
v -1.81921933 0.70564291 -3.09878900
v -1.81921933 0.70564291 -3.09878900
v -1.81921933 0.70564291 -3.09878900
v -1.83311148 0.71306862 -0.06509300
v -1.83311148 0.71306862 -0.06509300
v -1.83311148 0.71306862 -0.06509300
v -1.83311148 0.71306862 -0.06509300
v -1.83311161 0.71306849 -3.09878900
v -1.83311161 0.71306849 -3.09878900
v -1.83311161 0.71306849 -3.09878900
v -1.84818549 0.71764127 -0.06509300
v -1.84818549 0.71764127 -0.06509300
v -1.84818549 0.71764127 -0.06509300
v -1.84818549 0.71764127 -0.06509300
v -1.84818549 0.71764127 -0.06509300
v -1.84818549 0.71764127 -0.06509300
v -1.84818562 0.71764114 -3.09878900
v -1.84818562 0.71764114 -3.09878900
v -1.84818562 0.71764114 -3.09878900
v -1.86386193 0.71918527 -0.06509300
v -1.86386193 0.71918527 -0.06509300
v -1.86386193 0.71918527 -0.06509300
v -1.86386207 0.71918513 -3.09878900
v -1.86386207 0.71918513 -3.09878900
v -1.86386207 0.71918513 -3.09878900
v -1.87953838 0.71764127 -0.06509300
v -1.87953838 0.71764127 -0.06509300
v -1.87953838 0.71764127 -0.06509300
v -1.87953838 0.71764127 -0.06509300
v -1.87953838 0.71764127 -0.06509300
v -1.87953851 0.71764114 -3.09878900
v -1.87953851 0.71764114 -3.09878900
v -1.87953851 0.71764114 -3.09878900
v -1.89461239 0.71306862 -0.06509300
v -1.89461239 0.71306862 -0.06509300
v -1.89461239 0.71306862 -0.06509300
v -1.89461252 0.71306849 -3.09878900
v -1.89461252 0.71306849 -3.09878900
v -1.89461252 0.71306849 -3.09878900
v -1.89461252 0.71306849 -3.09878900
v -1.90850467 0.70564304 -0.06509300
v -1.90850467 0.70564304 -0.06509300
v -1.90850467 0.70564304 -0.06509300
v -1.90850467 0.70564304 -0.06509300
v -1.90850467 0.70564304 -0.06509300
v -1.90850481 0.70564291 -3.09878900
v -1.90850481 0.70564291 -3.09878900
v -1.90850481 0.70564291 -3.09878900
v -1.92068136 0.69564989 -0.06509300
v -1.92068136 0.69564989 -0.06509300
v -1.92068136 0.69564989 -0.06509300
v -1.92068149 0.69564976 -3.09878900
v -1.92068149 0.69564976 -3.09878900
v -1.92068149 0.69564976 -3.09878900
v -1.92068149 0.69564976 -3.09878900
v -1.93067451 0.68347321 -0.06509300
v -1.93067451 0.68347321 -0.06509300
v -1.93067451 0.68347321 -0.06509300
v -1.93067451 0.68347321 -0.06509300
v -1.93067464 0.68347307 -3.09878900
v -1.93067464 0.68347307 -3.09878900
v -1.93067464 0.68347307 -3.09878900
v -1.93810009 0.66958092 -0.06509300
v -1.93810009 0.66958092 -0.06509300
v -1.93810009 0.66958092 -0.06509300
v -1.93810022 0.66958079 -3.09878900
v -1.93810022 0.66958079 -3.09878900
v -1.93810022 0.66958079 -3.09878900
v -1.93810022 0.66958079 -3.09878900
v -1.94267274 0.65450691 -0.06509300
v -1.94267274 0.65450691 -0.06509300
v -1.94267274 0.65450691 -0.06509300
v -1.94267274 0.65450691 -0.06509300
v -1.94267274 0.65450691 -0.06509300
v -1.94267274 0.65450691 -0.06509300
v -1.94267287 0.65450678 -3.09878900
v -1.94267287 0.65450678 -3.09878900
v -1.94267287 0.65450678 -3.09878900
vt 1.00000000 0.50000000
vt 0.00000000 0.50000000
vt 0.75000000 0.50999999
vt 1.00000000 0.00000000
vt 0.25000000 0.50999999
vt 0.00000000 0.00000000
vt 0.96875000 0.50000000
vt 0.96875000 0.50000000
vt 0.79682171 0.51461148
vt 0.79682171 0.51461148
vt 0.96875000 0.00000000
vt 0.96875000 0.00000000
vt 0.29682171 0.51461148
vt 0.96875000 0.00000000
vt 0.93750000 0.50000000
vt 0.93750000 0.50000000
vt 0.84184402 0.52826893
vt 0.93750000 0.50000000
vt 0.93750000 0.00000000
vt 0.34184399 0.52826893
vt 0.93750000 0.00000000
vt 0.90625000 0.50000000
vt 0.90625000 0.50000000
vt 0.88333690 0.55044729
vt 0.88333690 0.55044729
vt 0.88333690 0.55044729
vt 0.90625000 0.00000000
vt 0.90625000 0.00000000
vt 0.38333690 0.55044729
vt 0.90625000 0.00000000
vt 0.87500000 0.50000000
vt 0.87500000 0.50000000
vt 0.91970563 0.58029437
vt 0.87500000 0.50000000
vt 0.87500000 0.00000000
vt 0.41970560 0.58029437
vt 0.87500000 0.00000000
vt 0.84375000 0.50000000
vt 0.84375000 0.50000000
vt 0.94955271 0.61666310
vt 0.94955271 0.61666310
vt 0.84375000 0.00000000
vt 0.84375000 0.00000000
vt 0.44955271 0.61666310
vt 0.84375000 0.00000000
vt 0.81250000 0.50000000
vt 0.81250000 0.50000000
vt 0.97173113 0.65815604
vt 0.81250000 0.50000000
vt 0.81250000 0.00000000
vt 0.47173110 0.65815604
vt 0.81250000 0.00000000
vt 0.47173110 0.65815604
vt 0.78125000 0.50000000
vt 0.78125000 0.50000000
vt 0.98538852 0.70317829
vt 0.98538852 0.70317829
vt 0.98538852 0.70317829
vt 0.98538852 0.70317829
vt 0.78125000 0.00000000
vt 0.78125000 0.00000000
vt 0.48538849 0.70317829
vt 0.75000000 0.50000000
vt 0.75000000 0.50000000
vt 0.99000001 0.75000000
vt 0.75000000 0.00000000
vt 0.75000000 0.00000000
vt 0.49000001 0.75000000
vt 0.49000001 0.75000000
vt 0.71875000 0.50000000
vt 0.71875000 0.50000000
vt 0.98538852 0.79682171
vt 0.98538852 0.79682171
vt 0.98538852 0.79682171
vt 0.71875000 0.00000000
vt 0.71875000 0.00000000
vt 0.48538849 0.79682171
vt 0.48538849 0.79682171
vt 0.68750000 0.50000000
vt 0.68750000 0.50000000
vt 0.97173113 0.84184408
vt 0.68750000 0.00000000
vt 0.68750000 0.00000000
vt 0.47173110 0.84184408
vt 0.68750000 0.00000000
vt 0.65625000 0.50000000
vt 0.65625000 0.50000000
vt 0.94955271 0.88333690
vt 0.65625000 0.50000000
vt 0.94955271 0.88333690
vt 0.65625000 0.00000000
vt 0.44955271 0.88333690
vt 0.65625000 0.00000000
vt 0.62500000 0.50000000
vt 0.62500000 0.50000000
vt 0.91970563 0.91970563
vt 0.62500000 0.00000000
vt 0.62500000 0.00000000
vt 0.41970560 0.91970563
vt 0.62500000 0.00000000
vt 0.59375000 0.50000000
vt 0.59375000 0.50000000
vt 0.88333690 0.94955271
vt 0.59375000 0.50000000
vt 0.59375000 0.00000000
vt 0.38333690 0.94955271
vt 0.59375000 0.00000000
vt 0.56250000 0.50000000
vt 0.56250000 0.50000000
vt 0.84184402 0.97173113
vt 0.56250000 0.00000000
vt 0.56250000 0.00000000
vt 0.34184399 0.97173113
vt 0.56250000 0.00000000
vt 0.53125000 0.50000000
vt 0.53125000 0.50000000
vt 0.79682171 0.98538846
vt 0.53125000 0.50000000
vt 0.79682171 0.98538846
vt 0.79682171 0.98538846
vt 0.53125000 0.00000000
vt 0.29682171 0.98538846
vt 0.53125000 0.00000000
vt 0.50000000 0.50000000
vt 0.50000000 0.50000000
vt 0.75000000 0.99000001
vt 0.50000000 0.00000000
vt 0.50000000 0.00000000
vt 0.25000000 0.99000001
vt 0.46875000 0.50000000
vt 0.46875000 0.50000000
vt 0.70317841 0.98538846
vt 0.70317841 0.98538846
vt 0.46875000 0.00000000
vt 0.46875000 0.00000000
vt 0.20317830 0.98538846
vt 0.46875000 0.00000000
vt 0.43750000 0.50000000
vt 0.43750000 0.50000000
vt 0.65815598 0.97173113
vt 0.43750000 0.50000000
vt 0.43750000 0.00000000
vt 0.15815590 0.97173113
vt 0.43750000 0.00000000
vt 0.40625000 0.50000000
vt 0.40625000 0.50000000
vt 0.61666322 0.94955271
vt 0.61666322 0.94955271
vt 0.61666322 0.94955271
vt 0.40625000 0.00000000
vt 0.40625000 0.00000000
vt 0.11666310 0.94955271
vt 0.40625000 0.00000000
vt 0.37500000 0.50000000
vt 0.37500000 0.50000000
vt 0.58029437 0.91970563
vt 0.37500000 0.50000000
vt 0.37500000 0.00000000
vt 0.08029437 0.91970563
vt 0.37500000 0.00000000
vt 0.34375000 0.50000000
vt 0.34375000 0.50000000
vt 0.55044729 0.88333690
vt 0.55044729 0.88333690
vt 0.34375000 0.00000000
vt 0.34375000 0.00000000
vt 0.05044728 0.88333690
vt 0.34375000 0.00000000
vt 0.31250000 0.50000000
vt 0.31250000 0.50000000
vt 0.52826887 0.84184408
vt 0.31250000 0.50000000
vt 0.31250000 0.00000000
vt 0.02826887 0.84184408
vt 0.31250000 0.00000000
vt 0.28125000 0.50000000
vt 0.28125000 0.50000000
vt 0.51461160 0.79682171
vt 0.51461160 0.79682171
vt 0.51461160 0.79682171
vt 0.51461160 0.79682171
vt 0.28125000 0.00000000
vt 0.28125000 0.00000000
vt 0.01461154 0.79682171
vt 0.25000000 0.50000000
vt 0.25000000 0.50000000
vt 0.50999999 0.75000000
vt 0.25000000 0.00000000
vt 0.25000000 0.00000000
vt 0.00999999 0.75000000
vt 0.21875000 0.50000000
vt 0.21875000 0.50000000
vt 0.51461160 0.70317829
vt 0.51461160 0.70317829
vt 0.51461160 0.70317829
vt 0.21875000 0.00000000
vt 0.21875000 0.00000000
vt 0.01461154 0.70317829
vt 0.18750000 0.50000000
vt 0.18750000 0.50000000
vt 0.52826887 0.65815604
vt 0.18750000 0.00000000
vt 0.18750000 0.00000000
vt 0.02826887 0.65815604
vt 0.18750000 0.00000000
vt 0.15625000 0.50000000
vt 0.15625000 0.50000000
vt 0.55044729 0.61666310
vt 0.15625000 0.50000000
vt 0.55044729 0.61666310
vt 0.15625000 0.00000000
vt 0.05044728 0.61666310
vt 0.15625000 0.00000000
vt 0.12500000 0.50000000
vt 0.12500000 0.50000000
vt 0.58029437 0.58029437
vt 0.12500000 0.00000000
vt 0.12500000 0.00000000
vt 0.08029437 0.58029437
vt 0.12500000 0.00000000
vt 0.09375000 0.50000000
vt 0.09375000 0.50000000
vt 0.61666322 0.55044729
vt 0.09375000 0.50000000
vt 0.09375000 0.00000000
vt 0.11666310 0.55044729
vt 0.09375000 0.00000000
vt 0.06250000 0.50000000
vt 0.06250000 0.50000000
vt 0.65815598 0.52826893
vt 0.06250000 0.00000000
vt 0.15815590 0.52826893
vt 0.06250000 0.00000000
vt 0.06250000 0.00000000
vt 0.03125000 0.50000000
vt 0.03125000 0.50000000
vt 0.70317841 0.51461148
vt 0.03125000 0.50000000
vt 0.70317841 0.51461148
vt 0.70317841 0.51461148
vt 0.20317830 0.51461148
vt 0.03125000 0.00000000
vt 0.03125000 0.00000000
f 2165/2165 2168/2168 2162/2162
f 2173/2173 2176/2176 2169/2169
f 2180/2180 2183/2183 2177/2177
f 2189/2189 2192/2192 2184/2184
f 2196/2196 2199/2199 2193/2193
f 2204/2204 2207/2207 2200/2200
f 2211/2211 2215/2215 2208/2208
f 2222/2222 2224/2224 2216/2216
f 2228/2228 2231/2231 2225/2225
f 2237/2237 2240/2240 2232/2232
f 2244/2244 2247/2247 2241/2241
f 2252/2252 2255/2255 2248/2248
f 2259/2259 2262/2262 2256/2256
f 2266/2266 2269/2269 2263/2263
f 2273/2273 2276/2276 2270/2270
f 2282/2282 2285/2285 2277/2277
f 2289/2289 2291/2291 2286/2286
f 2296/2296 2299/2299 2292/2292
f 2303/2303 2306/2306 2300/2300
f 2312/2312 2315/2315 2307/2307
f 2319/2319 2322/2322 2316/2316
f 2327/2327 2330/2330 2323/2323
f 2334/2334 2337/2337 2331/2331
f 2344/2344 2346/2346 2338/2338
f 2350/2350 2352/2352 2347/2347
f 2358/2358 2360/2360 2353/2353
f 2364/2364 2367/2367 2361/2361
f 2372/2372 2375/2375 2368/2368
f 2379/2379 2382/2382 2376/2376
f 2386/2386 2389/2389 2383/2383
f 2304/2304 2245/2245 2181/2181
f 2394/2394 2396/2396 2390/2390
f 2403/2403 2163/2163 2397/2397
f 2278/2278 2339/2339 2398/2398
f 2165/2165 2172/2172 2168/2168
f 2175/2175 2182/2182 2179/2179
f 2180/2180 2188/2188 2183/2183
f 2191/2191 2198/2198 2195/2195
f 2196/2196 2203/2203 2199/2199
f 2206/2206 2213/2213 2210/2210
f 2211/2211 2221/2221 2215/2215
f 2222/2222 2227/2227 2224/2224
f 2228/2228 2236/2236 2231/2231
f 2237/2237 2243/2243 2240/2240
f 2246/2246 2254/2254 2250/2250
f 2252/2252 2258/2258 2255/2255
f 2261/2261 2268/2268 2265/2265
f 2266/2266 2272/2272 2269/2269
f 2275/2275 2284/2284 2279/2279
f 2282/2282 2288/2288 2285/2285
f 2289/2289 2295/2295 2291/2291
f 2298/2298 2305/2305 2302/2302
f 2303/2303 2311/2311 2306/2306
f 2314/2314 2321/2321 2318/2318
f 2319/2319 2326/2326 2322/2322
f 2329/2329 2336/2336 2333/2333
f 2334/2334 2343/2343 2337/2337
f 2344/2344 2349/2349 2346/2346
f 2350/2350 2357/2357 2352/2352
f 2358/2358 2363/2363 2360/2360
f 2366/2366 2374/2374 2370/2370
f 2372/2372 2378/2378 2375/2375
f 2381/2381 2388/2388 2385/2385
f 2386/2386 2392/2392 2389/2389
f 2181/2181 2174/2174 2166/2166
f 2166/2166 2402/2402 2181/2181
f 2402/2402 2393/2393 2181/2181
f 2393/2393 2387/2387 2380/2380
f 2380/2380 2373/2373 2365/2365
f 2365/2365 2359/2359 2351/2351
f 2351/2351 2345/2345 2365/2365
f 2345/2345 2335/2335 2365/2365
f 2335/2335 2328/2328 2320/2320
f 2320/2320 2313/2313 2304/2304
f 2304/2304 2297/2297 2274/2274
f 2297/2297 2290/2290 2274/2274
f 2290/2290 2283/2283 2274/2274
f 2274/2274 2267/2267 2260/2260
f 2260/2260 2253/2253 2245/2245
f 2245/2245 2238/2238 2212/2212
f 2239/2239 2230/2230 2214/2214
f 2229/2229 2223/2223 2212/2212
f 2212/2212 2205/2205 2197/2197
f 2197/2197 2190/2190 2181/2181
f 2393/2393 2380/2380 2181/2181
f 2380/2380 2365/2365 2181/2181
f 2335/2335 2320/2320 2365/2365
f 2320/2320 2304/2304 2365/2365
f 2274/2274 2260/2260 2304/2304
f 2260/2260 2245/2245 2304/2304
f 2212/2212 2197/2197 2245/2245
f 2197/2197 2181/2181 2245/2245
f 2181/2181 2365/2365 2304/2304
f 2395/2395 2404/2404 2399/2399
f 2403/2403 2167/2167 2163/2163
f 2398/2398 2164/2164 2170/2170
f 2170/2170 2178/2178 2185/2185
f 2185/2185 2194/2194 2201/2201
f 2201/2201 2209/2209 2217/2217
f 2217/2217 2226/2226 2233/2233
f 2233/2233 2242/2242 2249/2249
f 2249/2249 2257/2257 2264/2264
f 2264/2264 2271/2271 2278/2278
f 2278/2278 2287/2287 2293/2293
f 2293/2293 2301/2301 2308/2308
f 2308/2308 2317/2317 2324/2324
f 2324/2324 2332/2332 2339/2339
f 2339/2339 2348/2348 2354/2354
f 2354/2354 2362/2362 2369/2369
f 2369/2369 2377/2377 2384/2384
f 2384/2384 2391/2391 2398/2398
f 2398/2398 2170/2170 2217/2217
f 2171/2171 2186/2186 2218/2218
f 2187/2187 2202/2202 2219/2219
f 2220/2220 2234/2234 2280/2280
f 2235/2235 2251/2251 2281/2281
f 2249/2249 2264/2264 2278/2278
f 2278/2278 2293/2293 2339/2339
f 2294/2294 2309/2309 2340/2340
f 2310/2310 2325/2325 2341/2341
f 2342/2342 2355/2355 2400/2400
f 2356/2356 2371/2371 2401/2401
f 2369/2369 2384/2384 2398/2398
f 2398/2398 2217/2217 2278/2278

o Material_003-material_8
usemtl Material.003
v -1.94421673 2.42831907 -0.06509300
v -1.94421673 2.42831907 -0.06509300
v -1.94421673 2.42831907 -0.06509300
v -1.94421687 2.42831893 -3.09878900
v -1.94421687 2.42831893 -3.09878900
v -1.94421687 2.42831893 -3.09878900
v -1.94267274 2.41264262 -0.06509300
v -1.94267274 2.41264262 -0.06509300
v -1.94267274 2.41264262 -0.06509300
v -1.94267274 2.41264262 -0.06509300
v -1.94267287 2.41264249 -3.09878900
v -1.94267287 2.41264249 -3.09878900
v -1.94267287 2.41264249 -3.09878900
v -1.94267287 2.41264249 -3.09878900
v -1.93810009 2.39756861 -0.06509300
v -1.93810009 2.39756861 -0.06509300
v -1.93810009 2.39756861 -0.06509300
v -1.93810009 2.39756861 -0.06509300
v -1.93810022 2.39756848 -3.09878900
v -1.93810022 2.39756848 -3.09878900
v -1.93810022 2.39756848 -3.09878900
v -1.93067451 2.38367633 -0.06509300
v -1.93067451 2.38367633 -0.06509300
v -1.93067451 2.38367633 -0.06509300
v -1.93067451 2.38367633 -0.06509300
v -1.93067451 2.38367633 -0.06509300
v -1.93067464 2.38367619 -3.09878900
v -1.93067464 2.38367619 -3.09878900
v -1.93067464 2.38367619 -3.09878900
v -1.93067464 2.38367619 -3.09878900
v -1.92068136 2.37149964 -0.06509300
v -1.92068136 2.37149964 -0.06509300
v -1.92068136 2.37149964 -0.06509300
v -1.92068136 2.37149964 -0.06509300
v -1.92068149 2.37149951 -3.09878900
v -1.92068149 2.37149951 -3.09878900
v -1.92068149 2.37149951 -3.09878900
v -1.90850467 2.36150649 -0.06509300
v -1.90850467 2.36150649 -0.06509300
v -1.90850467 2.36150649 -0.06509300
v -1.90850467 2.36150649 -0.06509300
v -1.90850481 2.36150636 -3.09878900
v -1.90850481 2.36150636 -3.09878900
v -1.90850481 2.36150636 -3.09878900
v -1.90850481 2.36150636 -3.09878900
v -1.89461239 2.35408091 -0.06509300
v -1.89461239 2.35408091 -0.06509300
v -1.89461239 2.35408091 -0.06509300
v -1.89461239 2.35408091 -0.06509300
v -1.89461252 2.35408078 -3.09878900
v -1.89461252 2.35408078 -3.09878900
v -1.89461252 2.35408078 -3.09878900
v -1.89461252 2.35408078 -3.09878900
v -1.87953838 2.34950826 -0.06509300
v -1.87953838 2.34950826 -0.06509300
v -1.87953838 2.34950826 -0.06509300
v -1.87953838 2.34950826 -0.06509300
v -1.87953838 2.34950826 -0.06509300
v -1.87953838 2.34950826 -0.06509300
v -1.87953851 2.34950813 -3.09878900
v -1.87953851 2.34950813 -3.09878900
v -1.87953851 2.34950813 -3.09878900
v -1.86386193 2.34796427 -0.06509300
v -1.86386193 2.34796427 -0.06509300
v -1.86386193 2.34796427 -0.06509300
v -1.86386207 2.34796413 -3.09878900
v -1.86386207 2.34796413 -3.09878900
v -1.86386207 2.34796413 -3.09878900
v -1.86386207 2.34796413 -3.09878900
v -1.84818549 2.34950826 -0.06509300
v -1.84818549 2.34950826 -0.06509300
v -1.84818549 2.34950826 -0.06509300
v -1.84818549 2.34950826 -0.06509300
v -1.84818549 2.34950826 -0.06509300
v -1.84818562 2.34950813 -3.09878900
v -1.84818562 2.34950813 -3.09878900
v -1.84818562 2.34950813 -3.09878900
v -1.84818562 2.34950813 -3.09878900
v -1.83311148 2.35408091 -0.06509300
v -1.83311148 2.35408091 -0.06509300
v -1.83311148 2.35408091 -0.06509300
v -1.83311161 2.35408078 -3.09878900
v -1.83311161 2.35408078 -3.09878900
v -1.83311161 2.35408078 -3.09878900
v -1.83311161 2.35408078 -3.09878900
v -1.81921919 2.36150649 -0.06509300
v -1.81921919 2.36150649 -0.06509300
v -1.81921919 2.36150649 -0.06509300
v -1.81921919 2.36150649 -0.06509300
v -1.81921919 2.36150649 -0.06509300
v -1.81921933 2.36150636 -3.09878900
v -1.81921933 2.36150636 -3.09878900
v -1.81921933 2.36150636 -3.09878900
v -1.80704251 2.37149964 -0.06509300
v -1.80704251 2.37149964 -0.06509300
v -1.80704251 2.37149964 -0.06509300
v -1.80704264 2.37149951 -3.09878900
v -1.80704264 2.37149951 -3.09878900
v -1.80704264 2.37149951 -3.09878900
v -1.80704264 2.37149951 -3.09878900
v -1.79704936 2.38367633 -0.06509300
v -1.79704936 2.38367633 -0.06509300
v -1.79704936 2.38367633 -0.06509300
v -1.79704936 2.38367633 -0.06509300
v -1.79704949 2.38367619 -3.09878900
v -1.79704949 2.38367619 -3.09878900
v -1.79704949 2.38367619 -3.09878900
v -1.78962378 2.39756861 -0.06509300
v -1.78962378 2.39756861 -0.06509300
v -1.78962378 2.39756861 -0.06509300
v -1.78962391 2.39756848 -3.09878900
v -1.78962391 2.39756848 -3.09878900
v -1.78962391 2.39756848 -3.09878900
v -1.78962391 2.39756848 -3.09878900
v -1.78505113 2.41264262 -0.06509300
v -1.78505113 2.41264262 -0.06509300
v -1.78505113 2.41264262 -0.06509300
v -1.78505113 2.41264262 -0.06509300
v -1.78505113 2.41264262 -0.06509300
v -1.78505113 2.41264262 -0.06509300
v -1.78505126 2.41264249 -3.09878900
v -1.78505126 2.41264249 -3.09878900
v -1.78505126 2.41264249 -3.09878900
v -1.78350713 2.42831907 -0.06509300
v -1.78350713 2.42831907 -0.06509300
v -1.78350713 2.42831907 -0.06509300
v -1.78350727 2.42831893 -3.09878900
v -1.78350727 2.42831893 -3.09878900
v -1.78350727 2.42831893 -3.09878900
v -1.78505113 2.44399551 -0.06509300
v -1.78505113 2.44399551 -0.06509300
v -1.78505113 2.44399551 -0.06509300
v -1.78505113 2.44399551 -0.06509300
v -1.78505126 2.44399538 -3.09878900
v -1.78505126 2.44399538 -3.09878900
v -1.78505126 2.44399538 -3.09878900
v -1.78505126 2.44399538 -3.09878900
v -1.78962378 2.45906952 -0.06509300
v -1.78962378 2.45906952 -0.06509300
v -1.78962378 2.45906952 -0.06509300
v -1.78962378 2.45906952 -0.06509300
v -1.78962391 2.45906939 -3.09878900
v -1.78962391 2.45906939 -3.09878900
v -1.78962391 2.45906939 -3.09878900
v -1.79704936 2.47296181 -0.06509300
v -1.79704936 2.47296181 -0.06509300
v -1.79704936 2.47296181 -0.06509300
v -1.79704936 2.47296181 -0.06509300
v -1.79704936 2.47296181 -0.06509300
v -1.79704949 2.47296167 -3.09878900
v -1.79704949 2.47296167 -3.09878900
v -1.79704949 2.47296167 -3.09878900
v -1.79704949 2.47296167 -3.09878900
v -1.80704251 2.48513849 -0.06509300
v -1.80704251 2.48513849 -0.06509300
v -1.80704251 2.48513849 -0.06509300
v -1.80704251 2.48513849 -0.06509300
v -1.80704264 2.48513836 -3.09878900
v -1.80704264 2.48513836 -3.09878900
v -1.80704264 2.48513836 -3.09878900
v -1.81921919 2.49513164 -0.06509300
v -1.81921919 2.49513164 -0.06509300
v -1.81921919 2.49513164 -0.06509300
v -1.81921919 2.49513164 -0.06509300
v -1.81921933 2.49513151 -3.09878900
v -1.81921933 2.49513151 -3.09878900
v -1.81921933 2.49513151 -3.09878900
v -1.81921933 2.49513151 -3.09878900
v -1.83311148 2.50255722 -0.06509300
v -1.83311148 2.50255722 -0.06509300
v -1.83311148 2.50255722 -0.06509300
v -1.83311148 2.50255722 -0.06509300
v -1.83311161 2.50255709 -3.09878900
v -1.83311161 2.50255709 -3.09878900
v -1.83311161 2.50255709 -3.09878900
v -1.84818549 2.50712987 -0.06509300
v -1.84818549 2.50712987 -0.06509300
v -1.84818549 2.50712987 -0.06509300
v -1.84818549 2.50712987 -0.06509300
v -1.84818549 2.50712987 -0.06509300
v -1.84818549 2.50712987 -0.06509300
v -1.84818562 2.50712974 -3.09878900
v -1.84818562 2.50712974 -3.09878900
v -1.84818562 2.50712974 -3.09878900
v -1.86386193 2.50867387 -0.06509300
v -1.86386193 2.50867387 -0.06509300
v -1.86386193 2.50867387 -0.06509300
v -1.86386207 2.50867373 -3.09878900
v -1.86386207 2.50867373 -3.09878900
v -1.86386207 2.50867373 -3.09878900
v -1.87953838 2.50712987 -0.06509300
v -1.87953838 2.50712987 -0.06509300
v -1.87953838 2.50712987 -0.06509300
v -1.87953838 2.50712987 -0.06509300
v -1.87953838 2.50712987 -0.06509300
v -1.87953851 2.50712974 -3.09878900
v -1.87953851 2.50712974 -3.09878900
v -1.87953851 2.50712974 -3.09878900
v -1.89461239 2.50255722 -0.06509300
v -1.89461239 2.50255722 -0.06509300
v -1.89461239 2.50255722 -0.06509300
v -1.89461252 2.50255709 -3.09878900
v -1.89461252 2.50255709 -3.09878900
v -1.89461252 2.50255709 -3.09878900
v -1.89461252 2.50255709 -3.09878900
v -1.90850467 2.49513164 -0.06509300
v -1.90850467 2.49513164 -0.06509300
v -1.90850467 2.49513164 -0.06509300
v -1.90850467 2.49513164 -0.06509300
v -1.90850467 2.49513164 -0.06509300
v -1.90850481 2.49513151 -3.09878900
v -1.90850481 2.49513151 -3.09878900
v -1.90850481 2.49513151 -3.09878900
v -1.92068136 2.48513849 -0.06509300
v -1.92068136 2.48513849 -0.06509300
v -1.92068136 2.48513849 -0.06509300
v -1.92068149 2.48513836 -3.09878900
v -1.92068149 2.48513836 -3.09878900
v -1.92068149 2.48513836 -3.09878900
v -1.92068149 2.48513836 -3.09878900
v -1.93067451 2.47296181 -0.06509300
v -1.93067451 2.47296181 -0.06509300
v -1.93067451 2.47296181 -0.06509300
v -1.93067451 2.47296181 -0.06509300
v -1.93067464 2.47296167 -3.09878900
v -1.93067464 2.47296167 -3.09878900
v -1.93067464 2.47296167 -3.09878900
v -1.93810009 2.45906952 -0.06509300
v -1.93810009 2.45906952 -0.06509300
v -1.93810009 2.45906952 -0.06509300
v -1.93810022 2.45906939 -3.09878900
v -1.93810022 2.45906939 -3.09878900
v -1.93810022 2.45906939 -3.09878900
v -1.93810022 2.45906939 -3.09878900
v -1.94267274 2.44399551 -0.06509300
v -1.94267274 2.44399551 -0.06509300
v -1.94267274 2.44399551 -0.06509300
v -1.94267274 2.44399551 -0.06509300
v -1.94267274 2.44399551 -0.06509300
v -1.94267274 2.44399551 -0.06509300
v -1.94267287 2.44399538 -3.09878900
v -1.94267287 2.44399538 -3.09878900
v -1.94267287 2.44399538 -3.09878900
vt 1.00000000 0.50000000
vt 0.00000000 0.50000000
vt 0.75000000 0.50999999
vt 1.00000000 0.00000000
vt 0.25000000 0.50999999
vt 0.00000000 0.00000000
vt 0.96875000 0.50000000
vt 0.96875000 0.50000000
vt 0.79682171 0.51461148
vt 0.79682171 0.51461148
vt 0.96875000 0.00000000
vt 0.96875000 0.00000000
vt 0.29682171 0.51461148
vt 0.96875000 0.00000000
vt 0.93750000 0.50000000
vt 0.93750000 0.50000000
vt 0.84184402 0.52826893
vt 0.93750000 0.50000000
vt 0.93750000 0.00000000
vt 0.34184399 0.52826893
vt 0.93750000 0.00000000
vt 0.90625000 0.50000000
vt 0.90625000 0.50000000
vt 0.88333690 0.55044729
vt 0.88333690 0.55044729
vt 0.88333690 0.55044729
vt 0.90625000 0.00000000
vt 0.90625000 0.00000000
vt 0.38333690 0.55044729
vt 0.90625000 0.00000000
vt 0.87500000 0.50000000
vt 0.87500000 0.50000000
vt 0.91970563 0.58029437
vt 0.87500000 0.50000000
vt 0.87500000 0.00000000
vt 0.41970560 0.58029437
vt 0.87500000 0.00000000
vt 0.84375000 0.50000000
vt 0.84375000 0.50000000
vt 0.94955271 0.61666310
vt 0.94955271 0.61666310
vt 0.84375000 0.00000000
vt 0.84375000 0.00000000
vt 0.44955271 0.61666310
vt 0.84375000 0.00000000
vt 0.81250000 0.50000000
vt 0.81250000 0.50000000
vt 0.97173113 0.65815604
vt 0.81250000 0.50000000
vt 0.81250000 0.00000000
vt 0.47173110 0.65815604
vt 0.81250000 0.00000000
vt 0.47173110 0.65815604
vt 0.78125000 0.50000000
vt 0.78125000 0.50000000
vt 0.98538852 0.70317829
vt 0.98538852 0.70317829
vt 0.98538852 0.70317829
vt 0.98538852 0.70317829
vt 0.78125000 0.00000000
vt 0.78125000 0.00000000
vt 0.48538849 0.70317829
vt 0.75000000 0.50000000
vt 0.75000000 0.50000000
vt 0.99000001 0.75000000
vt 0.75000000 0.00000000
vt 0.75000000 0.00000000
vt 0.49000001 0.75000000
vt 0.49000001 0.75000000
vt 0.71875000 0.50000000
vt 0.71875000 0.50000000
vt 0.98538852 0.79682171
vt 0.98538852 0.79682171
vt 0.98538852 0.79682171
vt 0.71875000 0.00000000
vt 0.71875000 0.00000000
vt 0.48538849 0.79682171
vt 0.48538849 0.79682171
vt 0.68750000 0.50000000
vt 0.68750000 0.50000000
vt 0.97173113 0.84184408
vt 0.68750000 0.00000000
vt 0.68750000 0.00000000
vt 0.47173110 0.84184408
vt 0.68750000 0.00000000
vt 0.65625000 0.50000000
vt 0.65625000 0.50000000
vt 0.94955271 0.88333690
vt 0.65625000 0.50000000
vt 0.94955271 0.88333690
vt 0.65625000 0.00000000
vt 0.44955271 0.88333690
vt 0.65625000 0.00000000
vt 0.62500000 0.50000000
vt 0.62500000 0.50000000
vt 0.91970563 0.91970563
vt 0.62500000 0.00000000
vt 0.62500000 0.00000000
vt 0.41970560 0.91970563
vt 0.62500000 0.00000000
vt 0.59375000 0.50000000
vt 0.59375000 0.50000000
vt 0.88333690 0.94955271
vt 0.59375000 0.50000000
vt 0.59375000 0.00000000
vt 0.38333690 0.94955271
vt 0.59375000 0.00000000
vt 0.56250000 0.50000000
vt 0.56250000 0.50000000
vt 0.84184402 0.97173113
vt 0.56250000 0.00000000
vt 0.56250000 0.00000000
vt 0.34184399 0.97173113
vt 0.56250000 0.00000000
vt 0.53125000 0.50000000
vt 0.53125000 0.50000000
vt 0.79682171 0.98538846
vt 0.53125000 0.50000000
vt 0.79682171 0.98538846
vt 0.79682171 0.98538846
vt 0.53125000 0.00000000
vt 0.29682171 0.98538846
vt 0.53125000 0.00000000
vt 0.50000000 0.50000000
vt 0.50000000 0.50000000
vt 0.75000000 0.99000001
vt 0.50000000 0.00000000
vt 0.50000000 0.00000000
vt 0.25000000 0.99000001
vt 0.46875000 0.50000000
vt 0.46875000 0.50000000
vt 0.70317841 0.98538846
vt 0.70317841 0.98538846
vt 0.46875000 0.00000000
vt 0.46875000 0.00000000
vt 0.20317830 0.98538846
vt 0.46875000 0.00000000
vt 0.43750000 0.50000000
vt 0.43750000 0.50000000
vt 0.65815598 0.97173113
vt 0.43750000 0.50000000
vt 0.43750000 0.00000000
vt 0.15815590 0.97173113
vt 0.43750000 0.00000000
vt 0.40625000 0.50000000
vt 0.40625000 0.50000000
vt 0.61666322 0.94955271
vt 0.61666322 0.94955271
vt 0.61666322 0.94955271
vt 0.40625000 0.00000000
vt 0.40625000 0.00000000
vt 0.11666310 0.94955271
vt 0.40625000 0.00000000
vt 0.37500000 0.50000000
vt 0.37500000 0.50000000
vt 0.58029437 0.91970563
vt 0.37500000 0.50000000
vt 0.37500000 0.00000000
vt 0.08029437 0.91970563
vt 0.37500000 0.00000000
vt 0.34375000 0.50000000
vt 0.34375000 0.50000000
vt 0.55044729 0.88333690
vt 0.55044729 0.88333690
vt 0.34375000 0.00000000
vt 0.34375000 0.00000000
vt 0.05044728 0.88333690
vt 0.34375000 0.00000000
vt 0.31250000 0.50000000
vt 0.31250000 0.50000000
vt 0.52826887 0.84184408
vt 0.31250000 0.50000000
vt 0.31250000 0.00000000
vt 0.02826887 0.84184408
vt 0.31250000 0.00000000
vt 0.28125000 0.50000000
vt 0.28125000 0.50000000
vt 0.51461160 0.79682171
vt 0.51461160 0.79682171
vt 0.51461160 0.79682171
vt 0.51461160 0.79682171
vt 0.28125000 0.00000000
vt 0.28125000 0.00000000
vt 0.01461154 0.79682171
vt 0.25000000 0.50000000
vt 0.25000000 0.50000000
vt 0.50999999 0.75000000
vt 0.25000000 0.00000000
vt 0.25000000 0.00000000
vt 0.00999999 0.75000000
vt 0.21875000 0.50000000
vt 0.21875000 0.50000000
vt 0.51461160 0.70317829
vt 0.51461160 0.70317829
vt 0.51461160 0.70317829
vt 0.21875000 0.00000000
vt 0.21875000 0.00000000
vt 0.01461154 0.70317829
vt 0.18750000 0.50000000
vt 0.18750000 0.50000000
vt 0.52826887 0.65815604
vt 0.18750000 0.00000000
vt 0.18750000 0.00000000
vt 0.02826887 0.65815604
vt 0.18750000 0.00000000
vt 0.15625000 0.50000000
vt 0.15625000 0.50000000
vt 0.55044729 0.61666310
vt 0.15625000 0.50000000
vt 0.55044729 0.61666310
vt 0.15625000 0.00000000
vt 0.05044728 0.61666310
vt 0.15625000 0.00000000
vt 0.12500000 0.50000000
vt 0.12500000 0.50000000
vt 0.58029437 0.58029437
vt 0.12500000 0.00000000
vt 0.12500000 0.00000000
vt 0.08029437 0.58029437
vt 0.12500000 0.00000000
vt 0.09375000 0.50000000
vt 0.09375000 0.50000000
vt 0.61666322 0.55044729
vt 0.09375000 0.50000000
vt 0.09375000 0.00000000
vt 0.11666310 0.55044729
vt 0.09375000 0.00000000
vt 0.06250000 0.50000000
vt 0.06250000 0.50000000
vt 0.65815598 0.52826893
vt 0.06250000 0.00000000
vt 0.15815590 0.52826893
vt 0.06250000 0.00000000
vt 0.06250000 0.00000000
vt 0.03125000 0.50000000
vt 0.03125000 0.50000000
vt 0.70317841 0.51461148
vt 0.03125000 0.50000000
vt 0.70317841 0.51461148
vt 0.70317841 0.51461148
vt 0.20317830 0.51461148
vt 0.03125000 0.00000000
vt 0.03125000 0.00000000
f 2408/2408 2411/2411 2405/2405
f 2416/2416 2419/2419 2412/2412
f 2423/2423 2426/2426 2420/2420
f 2432/2432 2435/2435 2427/2427
f 2439/2439 2442/2442 2436/2436
f 2447/2447 2450/2450 2443/2443
f 2454/2454 2458/2458 2451/2451
f 2465/2465 2467/2467 2459/2459
f 2471/2471 2474/2474 2468/2468
f 2480/2480 2483/2483 2475/2475
f 2487/2487 2490/2490 2484/2484
f 2495/2495 2498/2498 2491/2491
f 2502/2502 2505/2505 2499/2499
f 2509/2509 2512/2512 2506/2506
f 2516/2516 2519/2519 2513/2513
f 2525/2525 2528/2528 2520/2520
f 2532/2532 2534/2534 2529/2529
f 2539/2539 2542/2542 2535/2535
f 2546/2546 2549/2549 2543/2543
f 2555/2555 2558/2558 2550/2550
f 2562/2562 2565/2565 2559/2559
f 2570/2570 2573/2573 2566/2566
f 2577/2577 2580/2580 2574/2574
f 2587/2587 2589/2589 2581/2581
f 2593/2593 2595/2595 2590/2590
f 2601/2601 2603/2603 2596/2596
f 2607/2607 2610/2610 2604/2604
f 2615/2615 2618/2618 2611/2611
f 2622/2622 2625/2625 2619/2619
f 2629/2629 2632/2632 2626/2626
f 2547/2547 2488/2488 2424/2424
f 2637/2637 2639/2639 2633/2633
f 2646/2646 2406/2406 2640/2640
f 2521/2521 2582/2582 2641/2641
f 2408/2408 2415/2415 2411/2411
f 2418/2418 2425/2425 2422/2422
f 2423/2423 2431/2431 2426/2426
f 2434/2434 2441/2441 2438/2438
f 2439/2439 2446/2446 2442/2442
f 2449/2449 2456/2456 2453/2453
f 2454/2454 2464/2464 2458/2458
f 2465/2465 2470/2470 2467/2467
f 2471/2471 2479/2479 2474/2474
f 2480/2480 2486/2486 2483/2483
f 2489/2489 2497/2497 2493/2493
f 2495/2495 2501/2501 2498/2498
f 2504/2504 2511/2511 2508/2508
f 2509/2509 2515/2515 2512/2512
f 2518/2518 2527/2527 2522/2522
f 2525/2525 2531/2531 2528/2528
f 2532/2532 2538/2538 2534/2534
f 2541/2541 2548/2548 2545/2545
f 2546/2546 2554/2554 2549/2549
f 2557/2557 2564/2564 2561/2561
f 2562/2562 2569/2569 2565/2565
f 2572/2572 2579/2579 2576/2576
f 2577/2577 2586/2586 2580/2580
f 2587/2587 2592/2592 2589/2589
f 2593/2593 2600/2600 2595/2595
f 2601/2601 2606/2606 2603/2603
f 2609/2609 2617/2617 2613/2613
f 2615/2615 2621/2621 2618/2618
f 2624/2624 2631/2631 2628/2628
f 2629/2629 2635/2635 2632/2632
f 2424/2424 2417/2417 2409/2409
f 2409/2409 2645/2645 2424/2424
f 2645/2645 2636/2636 2424/2424
f 2636/2636 2630/2630 2623/2623
f 2623/2623 2616/2616 2608/2608
f 2608/2608 2602/2602 2594/2594
f 2594/2594 2588/2588 2608/2608
f 2588/2588 2578/2578 2608/2608
f 2578/2578 2571/2571 2563/2563
f 2563/2563 2556/2556 2547/2547
f 2547/2547 2540/2540 2517/2517
f 2540/2540 2533/2533 2517/2517
f 2533/2533 2526/2526 2517/2517
f 2517/2517 2510/2510 2503/2503
f 2503/2503 2496/2496 2488/2488
f 2488/2488 2481/2481 2455/2455
f 2482/2482 2473/2473 2457/2457
f 2472/2472 2466/2466 2455/2455
f 2455/2455 2448/2448 2440/2440
f 2440/2440 2433/2433 2424/2424
f 2636/2636 2623/2623 2424/2424
f 2623/2623 2608/2608 2424/2424
f 2578/2578 2563/2563 2608/2608
f 2563/2563 2547/2547 2608/2608
f 2517/2517 2503/2503 2547/2547
f 2503/2503 2488/2488 2547/2547
f 2455/2455 2440/2440 2488/2488
f 2440/2440 2424/2424 2488/2488
f 2424/2424 2608/2608 2547/2547
f 2638/2638 2647/2647 2642/2642
f 2646/2646 2410/2410 2406/2406
f 2641/2641 2407/2407 2413/2413
f 2413/2413 2421/2421 2428/2428
f 2428/2428 2437/2437 2444/2444
f 2444/2444 2452/2452 2460/2460
f 2460/2460 2469/2469 2476/2476
f 2476/2476 2485/2485 2492/2492
f 2492/2492 2500/2500 2507/2507
f 2507/2507 2514/2514 2521/2521
f 2521/2521 2530/2530 2536/2536
f 2536/2536 2544/2544 2551/2551
f 2551/2551 2560/2560 2567/2567
f 2567/2567 2575/2575 2582/2582
f 2582/2582 2591/2591 2597/2597
f 2597/2597 2605/2605 2612/2612
f 2612/2612 2620/2620 2627/2627
f 2627/2627 2634/2634 2641/2641
f 2641/2641 2413/2413 2460/2460
f 2414/2414 2429/2429 2461/2461
f 2430/2430 2445/2445 2462/2462
f 2463/2463 2477/2477 2523/2523
f 2478/2478 2494/2494 2524/2524
f 2492/2492 2507/2507 2521/2521
f 2521/2521 2536/2536 2582/2582
f 2537/2537 2552/2552 2583/2583
f 2553/2553 2568/2568 2584/2584
f 2585/2585 2598/2598 2643/2643
f 2599/2599 2614/2614 2644/2644
f 2612/2612 2627/2627 2641/2641
f 2641/2641 2460/2460 2521/2521

o Material_003-material_7
usemtl Material.003
v -1.90215950 2.42831904 -3.26540280
v -1.90215950 2.42831904 -3.26540280
v -1.90215950 2.42831904 -3.26540280
v -0.04846430 2.42831896 -3.26540280
v -0.04846430 2.42831896 -3.26540280
v -0.04846430 2.42831896 -3.26540280
v -1.90215950 2.41264260 -3.26385881
v -1.90215950 2.41264260 -3.26385881
v -1.90215950 2.41264260 -3.26385881
v -1.90215950 2.41264260 -3.26385881
v -0.04846430 2.41264252 -3.26385881
v -0.04846430 2.41264252 -3.26385881
v -0.04846430 2.41264252 -3.26385881
v -0.04846430 2.41264252 -3.26385881
v -1.90215950 2.39756859 -3.25928615
v -1.90215950 2.39756859 -3.25928615
v -1.90215950 2.39756859 -3.25928615
v -1.90215950 2.39756859 -3.25928615
v -0.04846430 2.39756850 -3.25928615
v -0.04846430 2.39756850 -3.25928615
v -0.04846430 2.39756850 -3.25928615
v -1.90215950 2.38367630 -3.25186057
v -1.90215950 2.38367630 -3.25186057
v -1.90215950 2.38367630 -3.25186057
v -1.90215950 2.38367630 -3.25186057
v -1.90215950 2.38367630 -3.25186057
v -0.04846430 2.38367622 -3.25186057
v -0.04846430 2.38367622 -3.25186057
v -0.04846430 2.38367622 -3.25186057
v -0.04846430 2.38367622 -3.25186057
v -1.90215950 2.37149961 -3.24186743
v -1.90215950 2.37149961 -3.24186743
v -1.90215950 2.37149961 -3.24186743
v -1.90215950 2.37149961 -3.24186743
v -0.04846430 2.37149953 -3.24186743
v -0.04846430 2.37149953 -3.24186743
v -0.04846430 2.37149953 -3.24186743
v -1.90215950 2.36150647 -3.22969074
v -1.90215950 2.36150647 -3.22969074
v -1.90215950 2.36150647 -3.22969074
v -1.90215950 2.36150647 -3.22969074
v -0.04846430 2.36150639 -3.22969074
v -0.04846430 2.36150639 -3.22969074
v -0.04846430 2.36150639 -3.22969074
v -0.04846430 2.36150639 -3.22969074
v -1.90215950 2.35408089 -3.21579845
v -1.90215950 2.35408089 -3.21579845
v -1.90215950 2.35408089 -3.21579845
v -1.90215950 2.35408089 -3.21579845
v -0.04846430 2.35408081 -3.21579845
v -0.04846430 2.35408081 -3.21579845
v -0.04846430 2.35408081 -3.21579845
v -0.04846430 2.35408081 -3.21579845
v -1.90215950 2.34950823 -3.20072444
v -1.90215950 2.34950823 -3.20072444
v -1.90215950 2.34950823 -3.20072444
v -1.90215950 2.34950823 -3.20072444
v -1.90215950 2.34950823 -3.20072444
v -1.90215950 2.34950823 -3.20072444
v -0.04846430 2.34950815 -3.20072444
v -0.04846430 2.34950815 -3.20072444
v -0.04846430 2.34950815 -3.20072444
v -1.90215950 2.34796424 -3.18504800
v -1.90215950 2.34796424 -3.18504800
v -1.90215950 2.34796424 -3.18504800
v -0.04846430 2.34796416 -3.18504800
v -0.04846430 2.34796416 -3.18504800
v -0.04846430 2.34796416 -3.18504800
v -0.04846430 2.34796416 -3.18504800
v -1.90215950 2.34950823 -3.16937156
v -1.90215950 2.34950823 -3.16937156
v -1.90215950 2.34950823 -3.16937156
v -1.90215950 2.34950823 -3.16937156
v -1.90215950 2.34950823 -3.16937156
v -0.04846430 2.34950815 -3.16937156
v -0.04846430 2.34950815 -3.16937156
v -0.04846430 2.34950815 -3.16937156
v -0.04846430 2.34950815 -3.16937156
v -1.90215950 2.35408089 -3.15429755
v -1.90215950 2.35408089 -3.15429755
v -1.90215950 2.35408089 -3.15429755
v -0.04846430 2.35408081 -3.15429755
v -0.04846430 2.35408081 -3.15429755
v -0.04846430 2.35408081 -3.15429755
v -0.04846430 2.35408081 -3.15429755
v -1.90215950 2.36150647 -3.14040526
v -1.90215950 2.36150647 -3.14040526
v -1.90215950 2.36150647 -3.14040526
v -1.90215950 2.36150647 -3.14040526
v -1.90215950 2.36150647 -3.14040526
v -0.04846430 2.36150639 -3.14040526
v -0.04846430 2.36150639 -3.14040526
v -0.04846430 2.36150639 -3.14040526
v -1.90215950 2.37149961 -3.12822857
v -1.90215950 2.37149961 -3.12822857
v -1.90215950 2.37149961 -3.12822857
v -0.04846430 2.37149953 -3.12822857
v -0.04846430 2.37149953 -3.12822857
v -0.04846430 2.37149953 -3.12822857
v -0.04846430 2.37149953 -3.12822857
v -1.90215950 2.38367630 -3.11823543
v -1.90215950 2.38367630 -3.11823543
v -1.90215950 2.38367630 -3.11823543
v -1.90215950 2.38367630 -3.11823543
v -0.04846430 2.38367622 -3.11823543
v -0.04846430 2.38367622 -3.11823543
v -0.04846430 2.38367622 -3.11823543
v -1.90215950 2.39756859 -3.11080985
v -1.90215950 2.39756859 -3.11080985
v -1.90215950 2.39756859 -3.11080985
v -0.04846430 2.39756850 -3.11080985
v -0.04846430 2.39756850 -3.11080985
v -0.04846430 2.39756850 -3.11080985
v -0.04846430 2.39756850 -3.11080985
v -1.90215950 2.41264260 -3.10623719
v -1.90215950 2.41264260 -3.10623719
v -1.90215950 2.41264260 -3.10623719
v -1.90215950 2.41264260 -3.10623719
v -1.90215950 2.41264260 -3.10623719
v -1.90215950 2.41264260 -3.10623719
v -0.04846430 2.41264252 -3.10623719
v -0.04846430 2.41264252 -3.10623719
v -0.04846430 2.41264252 -3.10623719
v -1.90215950 2.42831904 -3.10469320
v -1.90215950 2.42831904 -3.10469320
v -1.90215950 2.42831904 -3.10469320
v -0.04846430 2.42831896 -3.10469320
v -0.04846430 2.42831896 -3.10469320
v -0.04846430 2.42831896 -3.10469320
v -1.90215950 2.44399548 -3.10623719
v -1.90215950 2.44399548 -3.10623719
v -1.90215950 2.44399548 -3.10623719
v -1.90215950 2.44399548 -3.10623719
v -0.04846430 2.44399540 -3.10623719
v -0.04846430 2.44399540 -3.10623719
v -0.04846430 2.44399540 -3.10623719
v -0.04846430 2.44399540 -3.10623719
v -1.90215950 2.45906950 -3.11080985
v -1.90215950 2.45906950 -3.11080985
v -1.90215950 2.45906950 -3.11080985
v -1.90215950 2.45906950 -3.11080985
v -0.04846430 2.45906941 -3.11080985
v -0.04846430 2.45906941 -3.11080985
v -0.04846430 2.45906941 -3.11080985
v -1.90215950 2.47296178 -3.11823543
v -1.90215950 2.47296178 -3.11823543
v -1.90215950 2.47296178 -3.11823543
v -1.90215950 2.47296178 -3.11823543
v -1.90215950 2.47296178 -3.11823543
v -0.04846430 2.47296170 -3.11823543
v -0.04846430 2.47296170 -3.11823543
v -0.04846430 2.47296170 -3.11823543
v -0.04846430 2.47296170 -3.11823543
v -1.90215950 2.48513847 -3.12822857
v -1.90215950 2.48513847 -3.12822857
v -1.90215950 2.48513847 -3.12822857
v -1.90215950 2.48513847 -3.12822857
v -0.04846430 2.48513839 -3.12822857
v -0.04846430 2.48513839 -3.12822857
v -0.04846430 2.48513839 -3.12822857
v -1.90215950 2.49513161 -3.14040526
v -1.90215950 2.49513161 -3.14040526
v -1.90215950 2.49513161 -3.14040526
v -1.90215950 2.49513161 -3.14040526
v -0.04846430 2.49513153 -3.14040526
v -0.04846430 2.49513153 -3.14040526
v -0.04846430 2.49513153 -3.14040526
v -0.04846430 2.49513153 -3.14040526
v -1.90215950 2.50255719 -3.15429755
v -1.90215950 2.50255719 -3.15429755
v -1.90215950 2.50255719 -3.15429755
v -1.90215950 2.50255719 -3.15429755
v -0.04846430 2.50255711 -3.15429755
v -0.04846430 2.50255711 -3.15429755
v -0.04846430 2.50255711 -3.15429755
v -1.90215950 2.50712985 -3.16937156
v -1.90215950 2.50712985 -3.16937156
v -1.90215950 2.50712985 -3.16937156
v -1.90215950 2.50712985 -3.16937156
v -1.90215950 2.50712985 -3.16937156
v -1.90215950 2.50712985 -3.16937156
v -0.04846430 2.50712977 -3.16937156
v -0.04846430 2.50712977 -3.16937156
v -0.04846430 2.50712977 -3.16937156
v -1.90215950 2.50867384 -3.18504800
v -1.90215950 2.50867384 -3.18504800
v -1.90215950 2.50867384 -3.18504800
v -0.04846430 2.50867376 -3.18504800
v -0.04846430 2.50867376 -3.18504800
v -0.04846430 2.50867376 -3.18504800
v -1.90215950 2.50712985 -3.20072444
v -1.90215950 2.50712985 -3.20072444
v -1.90215950 2.50712985 -3.20072444
v -1.90215950 2.50712985 -3.20072444
v -1.90215950 2.50712985 -3.20072444
v -0.04846430 2.50712977 -3.20072444
v -0.04846430 2.50712977 -3.20072444
v -0.04846430 2.50712977 -3.20072444
v -1.90215950 2.50255719 -3.21579845
v -1.90215950 2.50255719 -3.21579845
v -1.90215950 2.50255719 -3.21579845
v -0.04846430 2.50255711 -3.21579845
v -0.04846430 2.50255711 -3.21579845
v -0.04846430 2.50255711 -3.21579845
v -0.04846430 2.50255711 -3.21579845
v -1.90215950 2.49513161 -3.22969074
v -1.90215950 2.49513161 -3.22969074
v -1.90215950 2.49513161 -3.22969074
v -1.90215950 2.49513161 -3.22969074
v -1.90215950 2.49513161 -3.22969074
v -0.04846430 2.49513153 -3.22969074
v -0.04846430 2.49513153 -3.22969074
v -0.04846430 2.49513153 -3.22969074
v -1.90215950 2.48513847 -3.24186743
v -1.90215950 2.48513847 -3.24186743
v -1.90215950 2.48513847 -3.24186743
v -0.04846430 2.48513839 -3.24186743
v -0.04846430 2.48513839 -3.24186743
v -0.04846430 2.48513839 -3.24186743
v -0.04846430 2.48513839 -3.24186743
v -1.90215950 2.47296178 -3.25186057
v -1.90215950 2.47296178 -3.25186057
v -1.90215950 2.47296178 -3.25186057
v -1.90215950 2.47296178 -3.25186057
v -0.04846430 2.47296170 -3.25186057
v -0.04846430 2.47296170 -3.25186057
v -0.04846430 2.47296170 -3.25186057
v -1.90215950 2.45906950 -3.25928615
v -1.90215950 2.45906950 -3.25928615
v -1.90215950 2.45906950 -3.25928615
v -0.04846430 2.45906941 -3.25928615
v -0.04846430 2.45906941 -3.25928615
v -0.04846430 2.45906941 -3.25928615
v -0.04846430 2.45906941 -3.25928615
v -1.90215950 2.44399548 -3.26385881
v -1.90215950 2.44399548 -3.26385881
v -1.90215950 2.44399548 -3.26385881
v -1.90215950 2.44399548 -3.26385881
v -1.90215950 2.44399548 -3.26385881
v -1.90215950 2.44399548 -3.26385881
v -0.04846430 2.44399540 -3.26385881
v -0.04846430 2.44399540 -3.26385881
v -0.04846430 2.44399540 -3.26385881
vt 1.00000000 0.50000000
vt 0.00000000 0.50000000
vt 0.75000000 0.50999999
vt 1.00000000 0.00000000
vt 0.25000000 0.50999999
vt 0.00000000 0.00000000
vt 0.96875000 0.50000000
vt 0.96875000 0.50000000
vt 0.79682171 0.51461148
vt 0.79682171 0.51461148
vt 0.96875000 0.00000000
vt 0.96875000 0.00000000
vt 0.29682171 0.51461148
vt 0.96875000 0.00000000
vt 0.93750000 0.50000000
vt 0.93750000 0.50000000
vt 0.84184402 0.52826893
vt 0.93750000 0.50000000
vt 0.93750000 0.00000000
vt 0.34184399 0.52826893
vt 0.93750000 0.00000000
vt 0.90625000 0.50000000
vt 0.90625000 0.50000000
vt 0.88333690 0.55044729
vt 0.88333690 0.55044729
vt 0.88333690 0.55044729
vt 0.90625000 0.00000000
vt 0.90625000 0.00000000
vt 0.38333690 0.55044729
vt 0.90625000 0.00000000
vt 0.87500000 0.50000000
vt 0.87500000 0.50000000
vt 0.91970563 0.58029437
vt 0.87500000 0.50000000
vt 0.87500000 0.00000000
vt 0.41970560 0.58029437
vt 0.87500000 0.00000000
vt 0.84375000 0.50000000
vt 0.84375000 0.50000000
vt 0.94955271 0.61666310
vt 0.94955271 0.61666310
vt 0.84375000 0.00000000
vt 0.84375000 0.00000000
vt 0.44955271 0.61666310
vt 0.84375000 0.00000000
vt 0.81250000 0.50000000
vt 0.81250000 0.50000000
vt 0.97173113 0.65815604
vt 0.81250000 0.50000000
vt 0.81250000 0.00000000
vt 0.47173110 0.65815604
vt 0.81250000 0.00000000
vt 0.47173110 0.65815604
vt 0.78125000 0.50000000
vt 0.78125000 0.50000000
vt 0.98538852 0.70317829
vt 0.98538852 0.70317829
vt 0.98538852 0.70317829
vt 0.98538852 0.70317829
vt 0.78125000 0.00000000
vt 0.78125000 0.00000000
vt 0.48538849 0.70317829
vt 0.75000000 0.50000000
vt 0.75000000 0.50000000
vt 0.99000001 0.75000000
vt 0.75000000 0.00000000
vt 0.75000000 0.00000000
vt 0.49000001 0.75000000
vt 0.49000001 0.75000000
vt 0.71875000 0.50000000
vt 0.71875000 0.50000000
vt 0.98538852 0.79682171
vt 0.98538852 0.79682171
vt 0.98538852 0.79682171
vt 0.71875000 0.00000000
vt 0.71875000 0.00000000
vt 0.48538849 0.79682171
vt 0.48538849 0.79682171
vt 0.68750000 0.50000000
vt 0.68750000 0.50000000
vt 0.97173113 0.84184408
vt 0.68750000 0.00000000
vt 0.68750000 0.00000000
vt 0.47173110 0.84184408
vt 0.68750000 0.00000000
vt 0.65625000 0.50000000
vt 0.65625000 0.50000000
vt 0.94955271 0.88333690
vt 0.65625000 0.50000000
vt 0.94955271 0.88333690
vt 0.65625000 0.00000000
vt 0.44955271 0.88333690
vt 0.65625000 0.00000000
vt 0.62500000 0.50000000
vt 0.62500000 0.50000000
vt 0.91970563 0.91970563
vt 0.62500000 0.00000000
vt 0.62500000 0.00000000
vt 0.41970560 0.91970563
vt 0.62500000 0.00000000
vt 0.59375000 0.50000000
vt 0.59375000 0.50000000
vt 0.88333690 0.94955271
vt 0.59375000 0.50000000
vt 0.59375000 0.00000000
vt 0.38333690 0.94955271
vt 0.59375000 0.00000000
vt 0.56250000 0.50000000
vt 0.56250000 0.50000000
vt 0.84184402 0.97173113
vt 0.56250000 0.00000000
vt 0.56250000 0.00000000
vt 0.34184399 0.97173113
vt 0.56250000 0.00000000
vt 0.53125000 0.50000000
vt 0.53125000 0.50000000
vt 0.79682171 0.98538846
vt 0.53125000 0.50000000
vt 0.79682171 0.98538846
vt 0.79682171 0.98538846
vt 0.53125000 0.00000000
vt 0.29682171 0.98538846
vt 0.53125000 0.00000000
vt 0.50000000 0.50000000
vt 0.50000000 0.50000000
vt 0.75000000 0.99000001
vt 0.50000000 0.00000000
vt 0.50000000 0.00000000
vt 0.25000000 0.99000001
vt 0.46875000 0.50000000
vt 0.46875000 0.50000000
vt 0.70317841 0.98538846
vt 0.70317841 0.98538846
vt 0.46875000 0.00000000
vt 0.46875000 0.00000000
vt 0.20317830 0.98538846
vt 0.46875000 0.00000000
vt 0.43750000 0.50000000
vt 0.43750000 0.50000000
vt 0.65815598 0.97173113
vt 0.43750000 0.50000000
vt 0.43750000 0.00000000
vt 0.15815590 0.97173113
vt 0.43750000 0.00000000
vt 0.40625000 0.50000000
vt 0.40625000 0.50000000
vt 0.61666322 0.94955271
vt 0.61666322 0.94955271
vt 0.61666322 0.94955271
vt 0.40625000 0.00000000
vt 0.40625000 0.00000000
vt 0.11666310 0.94955271
vt 0.40625000 0.00000000
vt 0.37500000 0.50000000
vt 0.37500000 0.50000000
vt 0.58029437 0.91970563
vt 0.37500000 0.50000000
vt 0.37500000 0.00000000
vt 0.08029437 0.91970563
vt 0.37500000 0.00000000
vt 0.34375000 0.50000000
vt 0.34375000 0.50000000
vt 0.55044729 0.88333690
vt 0.55044729 0.88333690
vt 0.34375000 0.00000000
vt 0.34375000 0.00000000
vt 0.05044728 0.88333690
vt 0.34375000 0.00000000
vt 0.31250000 0.50000000
vt 0.31250000 0.50000000
vt 0.52826887 0.84184408
vt 0.31250000 0.50000000
vt 0.31250000 0.00000000
vt 0.02826887 0.84184408
vt 0.31250000 0.00000000
vt 0.28125000 0.50000000
vt 0.28125000 0.50000000
vt 0.51461160 0.79682171
vt 0.51461160 0.79682171
vt 0.51461160 0.79682171
vt 0.51461160 0.79682171
vt 0.28125000 0.00000000
vt 0.28125000 0.00000000
vt 0.01461154 0.79682171
vt 0.25000000 0.50000000
vt 0.25000000 0.50000000
vt 0.50999999 0.75000000
vt 0.25000000 0.00000000
vt 0.25000000 0.00000000
vt 0.00999999 0.75000000
vt 0.21875000 0.50000000
vt 0.21875000 0.50000000
vt 0.51461160 0.70317829
vt 0.51461160 0.70317829
vt 0.51461160 0.70317829
vt 0.21875000 0.00000000
vt 0.21875000 0.00000000
vt 0.01461154 0.70317829
vt 0.18750000 0.50000000
vt 0.18750000 0.50000000
vt 0.52826887 0.65815604
vt 0.18750000 0.00000000
vt 0.18750000 0.00000000
vt 0.02826887 0.65815604
vt 0.18750000 0.00000000
vt 0.15625000 0.50000000
vt 0.15625000 0.50000000
vt 0.55044729 0.61666310
vt 0.15625000 0.50000000
vt 0.55044729 0.61666310
vt 0.15625000 0.00000000
vt 0.05044728 0.61666310
vt 0.15625000 0.00000000
vt 0.12500000 0.50000000
vt 0.12500000 0.50000000
vt 0.58029437 0.58029437
vt 0.12500000 0.00000000
vt 0.12500000 0.00000000
vt 0.08029437 0.58029437
vt 0.12500000 0.00000000
vt 0.09375000 0.50000000
vt 0.09375000 0.50000000
vt 0.61666322 0.55044729
vt 0.09375000 0.50000000
vt 0.09375000 0.00000000
vt 0.11666310 0.55044729
vt 0.09375000 0.00000000
vt 0.06250000 0.50000000
vt 0.06250000 0.50000000
vt 0.65815598 0.52826893
vt 0.06250000 0.00000000
vt 0.15815590 0.52826893
vt 0.06250000 0.00000000
vt 0.06250000 0.00000000
vt 0.03125000 0.50000000
vt 0.03125000 0.50000000
vt 0.70317841 0.51461148
vt 0.03125000 0.50000000
vt 0.70317841 0.51461148
vt 0.70317841 0.51461148
vt 0.20317830 0.51461148
vt 0.03125000 0.00000000
vt 0.03125000 0.00000000
f 2651/2651 2654/2654 2648/2648
f 2659/2659 2662/2662 2655/2655
f 2666/2666 2669/2669 2663/2663
f 2675/2675 2678/2678 2670/2670
f 2682/2682 2685/2685 2679/2679
f 2690/2690 2693/2693 2686/2686
f 2697/2697 2701/2701 2694/2694
f 2708/2708 2710/2710 2702/2702
f 2714/2714 2717/2717 2711/2711
f 2723/2723 2726/2726 2718/2718
f 2730/2730 2733/2733 2727/2727
f 2738/2738 2741/2741 2734/2734
f 2745/2745 2748/2748 2742/2742
f 2752/2752 2755/2755 2749/2749
f 2759/2759 2762/2762 2756/2756
f 2768/2768 2771/2771 2763/2763
f 2775/2775 2777/2777 2772/2772
f 2782/2782 2785/2785 2778/2778
f 2789/2789 2792/2792 2786/2786
f 2798/2798 2801/2801 2793/2793
f 2805/2805 2808/2808 2802/2802
f 2813/2813 2816/2816 2809/2809
f 2820/2820 2823/2823 2817/2817
f 2830/2830 2832/2832 2824/2824
f 2836/2836 2838/2838 2833/2833
f 2844/2844 2846/2846 2839/2839
f 2850/2850 2853/2853 2847/2847
f 2858/2858 2861/2861 2854/2854
f 2865/2865 2868/2868 2862/2862
f 2872/2872 2875/2875 2869/2869
f 2790/2790 2731/2731 2667/2667
f 2880/2880 2882/2882 2876/2876
f 2889/2889 2649/2649 2883/2883
f 2764/2764 2825/2825 2884/2884
f 2651/2651 2658/2658 2654/2654
f 2661/2661 2668/2668 2665/2665
f 2666/2666 2674/2674 2669/2669
f 2677/2677 2684/2684 2681/2681
f 2682/2682 2689/2689 2685/2685
f 2692/2692 2699/2699 2696/2696
f 2697/2697 2707/2707 2701/2701
f 2708/2708 2713/2713 2710/2710
f 2714/2714 2722/2722 2717/2717
f 2723/2723 2729/2729 2726/2726
f 2732/2732 2740/2740 2736/2736
f 2738/2738 2744/2744 2741/2741
f 2747/2747 2754/2754 2751/2751
f 2752/2752 2758/2758 2755/2755
f 2761/2761 2770/2770 2765/2765
f 2768/2768 2774/2774 2771/2771
f 2775/2775 2781/2781 2777/2777
f 2784/2784 2791/2791 2788/2788
f 2789/2789 2797/2797 2792/2792
f 2800/2800 2807/2807 2804/2804
f 2805/2805 2812/2812 2808/2808
f 2815/2815 2822/2822 2819/2819
f 2820/2820 2829/2829 2823/2823
f 2830/2830 2835/2835 2832/2832
f 2836/2836 2843/2843 2838/2838
f 2844/2844 2849/2849 2846/2846
f 2852/2852 2860/2860 2856/2856
f 2858/2858 2864/2864 2861/2861
f 2867/2867 2874/2874 2871/2871
f 2872/2872 2878/2878 2875/2875
f 2667/2667 2660/2660 2652/2652
f 2652/2652 2888/2888 2667/2667
f 2888/2888 2879/2879 2667/2667
f 2879/2879 2873/2873 2866/2866
f 2866/2866 2859/2859 2851/2851
f 2851/2851 2845/2845 2837/2837
f 2837/2837 2831/2831 2851/2851
f 2831/2831 2821/2821 2851/2851
f 2821/2821 2814/2814 2806/2806
f 2806/2806 2799/2799 2790/2790
f 2790/2790 2783/2783 2760/2760
f 2783/2783 2776/2776 2760/2760
f 2776/2776 2769/2769 2760/2760
f 2760/2760 2753/2753 2746/2746
f 2746/2746 2739/2739 2731/2731
f 2731/2731 2724/2724 2698/2698
f 2725/2725 2716/2716 2700/2700
f 2715/2715 2709/2709 2698/2698
f 2698/2698 2691/2691 2683/2683
f 2683/2683 2676/2676 2667/2667
f 2879/2879 2866/2866 2667/2667
f 2866/2866 2851/2851 2667/2667
f 2821/2821 2806/2806 2851/2851
f 2806/2806 2790/2790 2851/2851
f 2760/2760 2746/2746 2790/2790
f 2746/2746 2731/2731 2790/2790
f 2698/2698 2683/2683 2731/2731
f 2683/2683 2667/2667 2731/2731
f 2667/2667 2851/2851 2790/2790
f 2881/2881 2890/2890 2885/2885
f 2889/2889 2653/2653 2649/2649
f 2884/2884 2650/2650 2656/2656
f 2656/2656 2664/2664 2671/2671
f 2671/2671 2680/2680 2687/2687
f 2687/2687 2695/2695 2703/2703
f 2703/2703 2712/2712 2719/2719
f 2719/2719 2728/2728 2735/2735
f 2735/2735 2743/2743 2750/2750
f 2750/2750 2757/2757 2764/2764
f 2764/2764 2773/2773 2779/2779
f 2779/2779 2787/2787 2794/2794
f 2794/2794 2803/2803 2810/2810
f 2810/2810 2818/2818 2825/2825
f 2825/2825 2834/2834 2840/2840
f 2840/2840 2848/2848 2855/2855
f 2855/2855 2863/2863 2870/2870
f 2870/2870 2877/2877 2884/2884
f 2884/2884 2656/2656 2703/2703
f 2657/2657 2672/2672 2704/2704
f 2673/2673 2688/2688 2705/2705
f 2706/2706 2720/2720 2766/2766
f 2721/2721 2737/2737 2767/2767
f 2735/2735 2750/2750 2764/2764
f 2764/2764 2779/2779 2825/2825
f 2780/2780 2795/2795 2826/2826
f 2796/2796 2811/2811 2827/2827
f 2828/2828 2841/2841 2886/2886
f 2842/2842 2857/2857 2887/2887
f 2855/2855 2870/2870 2884/2884
f 2884/2884 2703/2703 2764/2764

o Material_003-material_6
usemtl Material.003
v -1.90215950 0.62947944 -3.26540280
v -1.90215950 0.62947944 -3.26540280
v -1.90215950 0.62947944 -3.26540280
v -0.04846430 0.62947936 -3.26540280
v -0.04846430 0.62947936 -3.26540280
v -0.04846430 0.62947936 -3.26540280
v -1.90215950 0.61380300 -3.26385881
v -1.90215950 0.61380300 -3.26385881
v -1.90215950 0.61380300 -3.26385881
v -1.90215950 0.61380300 -3.26385881
v -0.04846430 0.61380292 -3.26385881
v -0.04846430 0.61380292 -3.26385881
v -0.04846430 0.61380292 -3.26385881
v -0.04846430 0.61380292 -3.26385881
v -1.90215950 0.59872899 -3.25928615
v -1.90215950 0.59872899 -3.25928615
v -1.90215950 0.59872899 -3.25928615
v -1.90215950 0.59872899 -3.25928615
v -0.04846430 0.59872890 -3.25928615
v -0.04846430 0.59872890 -3.25928615
v -0.04846430 0.59872890 -3.25928615
v -1.90215950 0.58483670 -3.25186057
v -1.90215950 0.58483670 -3.25186057
v -1.90215950 0.58483670 -3.25186057
v -1.90215950 0.58483670 -3.25186057
v -1.90215950 0.58483670 -3.25186057
v -0.04846430 0.58483662 -3.25186057
v -0.04846430 0.58483662 -3.25186057
v -0.04846430 0.58483662 -3.25186057
v -0.04846430 0.58483662 -3.25186057
v -1.90215950 0.57266001 -3.24186743
v -1.90215950 0.57266001 -3.24186743
v -1.90215950 0.57266001 -3.24186743
v -1.90215950 0.57266001 -3.24186743
v -0.04846430 0.57265993 -3.24186743
v -0.04846430 0.57265993 -3.24186743
v -0.04846430 0.57265993 -3.24186743
v -1.90215950 0.56266687 -3.22969074
v -1.90215950 0.56266687 -3.22969074
v -1.90215950 0.56266687 -3.22969074
v -1.90215950 0.56266687 -3.22969074
v -0.04846430 0.56266679 -3.22969074
v -0.04846430 0.56266679 -3.22969074
v -0.04846430 0.56266679 -3.22969074
v -0.04846430 0.56266679 -3.22969074
v -1.90215950 0.55524129 -3.21579845
v -1.90215950 0.55524129 -3.21579845
v -1.90215950 0.55524129 -3.21579845
v -1.90215950 0.55524129 -3.21579845
v -0.04846430 0.55524121 -3.21579845
v -0.04846430 0.55524121 -3.21579845
v -0.04846430 0.55524121 -3.21579845
v -0.04846430 0.55524121 -3.21579845
v -1.90215950 0.55066863 -3.20072444
v -1.90215950 0.55066863 -3.20072444
v -1.90215950 0.55066863 -3.20072444
v -1.90215950 0.55066863 -3.20072444
v -1.90215950 0.55066863 -3.20072444
v -1.90215950 0.55066863 -3.20072444
v -0.04846430 0.55066855 -3.20072444
v -0.04846430 0.55066855 -3.20072444
v -0.04846430 0.55066855 -3.20072444
v -1.90215950 0.54912464 -3.18504800
v -1.90215950 0.54912464 -3.18504800
v -1.90215950 0.54912464 -3.18504800
v -0.04846430 0.54912456 -3.18504800
v -0.04846430 0.54912456 -3.18504800
v -0.04846430 0.54912456 -3.18504800
v -0.04846430 0.54912456 -3.18504800
v -1.90215950 0.55066863 -3.16937156
v -1.90215950 0.55066863 -3.16937156
v -1.90215950 0.55066863 -3.16937156
v -1.90215950 0.55066863 -3.16937156
v -1.90215950 0.55066863 -3.16937156
v -0.04846430 0.55066855 -3.16937156
v -0.04846430 0.55066855 -3.16937156
v -0.04846430 0.55066855 -3.16937156
v -0.04846430 0.55066855 -3.16937156
v -1.90215950 0.55524129 -3.15429755
v -1.90215950 0.55524129 -3.15429755
v -1.90215950 0.55524129 -3.15429755
v -0.04846430 0.55524121 -3.15429755
v -0.04846430 0.55524121 -3.15429755
v -0.04846430 0.55524121 -3.15429755
v -0.04846430 0.55524121 -3.15429755
v -1.90215950 0.56266687 -3.14040526
v -1.90215950 0.56266687 -3.14040526
v -1.90215950 0.56266687 -3.14040526
v -1.90215950 0.56266687 -3.14040526
v -1.90215950 0.56266687 -3.14040526
v -0.04846430 0.56266679 -3.14040526
v -0.04846430 0.56266679 -3.14040526
v -0.04846430 0.56266679 -3.14040526
v -1.90215950 0.57266001 -3.12822857
v -1.90215950 0.57266001 -3.12822857
v -1.90215950 0.57266001 -3.12822857
v -0.04846430 0.57265993 -3.12822857
v -0.04846430 0.57265993 -3.12822857
v -0.04846430 0.57265993 -3.12822857
v -0.04846430 0.57265993 -3.12822857
v -1.90215950 0.58483670 -3.11823543
v -1.90215950 0.58483670 -3.11823543
v -1.90215950 0.58483670 -3.11823543
v -1.90215950 0.58483670 -3.11823543
v -0.04846430 0.58483662 -3.11823543
v -0.04846430 0.58483662 -3.11823543
v -0.04846430 0.58483662 -3.11823543
v -1.90215950 0.59872899 -3.11080985
v -1.90215950 0.59872899 -3.11080985
v -1.90215950 0.59872899 -3.11080985
v -0.04846430 0.59872890 -3.11080985
v -0.04846430 0.59872890 -3.11080985
v -0.04846430 0.59872890 -3.11080985
v -0.04846430 0.59872890 -3.11080985
v -1.90215950 0.61380300 -3.10623719
v -1.90215950 0.61380300 -3.10623719
v -1.90215950 0.61380300 -3.10623719
v -1.90215950 0.61380300 -3.10623719
v -1.90215950 0.61380300 -3.10623719
v -1.90215950 0.61380300 -3.10623719
v -0.04846430 0.61380292 -3.10623719
v -0.04846430 0.61380292 -3.10623719
v -0.04846430 0.61380292 -3.10623719
v -1.90215950 0.62947944 -3.10469320
v -1.90215950 0.62947944 -3.10469320
v -1.90215950 0.62947944 -3.10469320
v -0.04846430 0.62947936 -3.10469320
v -0.04846430 0.62947936 -3.10469320
v -0.04846430 0.62947936 -3.10469320
v -1.90215950 0.64515588 -3.10623719
v -1.90215950 0.64515588 -3.10623719
v -1.90215950 0.64515588 -3.10623719
v -1.90215950 0.64515588 -3.10623719
v -0.04846430 0.64515580 -3.10623719
v -0.04846430 0.64515580 -3.10623719
v -0.04846430 0.64515580 -3.10623719
v -0.04846430 0.64515580 -3.10623719
v -1.90215950 0.66022990 -3.11080985
v -1.90215950 0.66022990 -3.11080985
v -1.90215950 0.66022990 -3.11080985
v -1.90215950 0.66022990 -3.11080985
v -0.04846430 0.66022981 -3.11080985
v -0.04846430 0.66022981 -3.11080985
v -0.04846430 0.66022981 -3.11080985
v -1.90215950 0.67412218 -3.11823543
v -1.90215950 0.67412218 -3.11823543
v -1.90215950 0.67412218 -3.11823543
v -1.90215950 0.67412218 -3.11823543
v -1.90215950 0.67412218 -3.11823543
v -0.04846430 0.67412210 -3.11823543
v -0.04846430 0.67412210 -3.11823543
v -0.04846430 0.67412210 -3.11823543
v -0.04846430 0.67412210 -3.11823543
v -1.90215950 0.68629887 -3.12822857
v -1.90215950 0.68629887 -3.12822857
v -1.90215950 0.68629887 -3.12822857
v -1.90215950 0.68629887 -3.12822857
v -0.04846430 0.68629879 -3.12822857
v -0.04846430 0.68629879 -3.12822857
v -0.04846430 0.68629879 -3.12822857
v -1.90215950 0.69629201 -3.14040526
v -1.90215950 0.69629201 -3.14040526
v -1.90215950 0.69629201 -3.14040526
v -1.90215950 0.69629201 -3.14040526
v -0.04846430 0.69629193 -3.14040526
v -0.04846430 0.69629193 -3.14040526
v -0.04846430 0.69629193 -3.14040526
v -0.04846430 0.69629193 -3.14040526
v -1.90215950 0.70371759 -3.15429755
v -1.90215950 0.70371759 -3.15429755
v -1.90215950 0.70371759 -3.15429755
v -1.90215950 0.70371759 -3.15429755
v -0.04846430 0.70371751 -3.15429755
v -0.04846430 0.70371751 -3.15429755
v -0.04846430 0.70371751 -3.15429755
v -1.90215950 0.70829025 -3.16937156
v -1.90215950 0.70829025 -3.16937156
v -1.90215950 0.70829025 -3.16937156
v -1.90215950 0.70829025 -3.16937156
v -1.90215950 0.70829025 -3.16937156
v -1.90215950 0.70829025 -3.16937156
v -0.04846430 0.70829017 -3.16937156
v -0.04846430 0.70829017 -3.16937156
v -0.04846430 0.70829017 -3.16937156
v -1.90215950 0.70983424 -3.18504800
v -1.90215950 0.70983424 -3.18504800
v -1.90215950 0.70983424 -3.18504800
v -0.04846430 0.70983416 -3.18504800
v -0.04846430 0.70983416 -3.18504800
v -0.04846430 0.70983416 -3.18504800
v -1.90215950 0.70829025 -3.20072444
v -1.90215950 0.70829025 -3.20072444
v -1.90215950 0.70829025 -3.20072444
v -1.90215950 0.70829025 -3.20072444
v -1.90215950 0.70829025 -3.20072444
v -0.04846430 0.70829017 -3.20072444
v -0.04846430 0.70829017 -3.20072444
v -0.04846430 0.70829017 -3.20072444
v -1.90215950 0.70371759 -3.21579845
v -1.90215950 0.70371759 -3.21579845
v -1.90215950 0.70371759 -3.21579845
v -0.04846430 0.70371751 -3.21579845
v -0.04846430 0.70371751 -3.21579845
v -0.04846430 0.70371751 -3.21579845
v -0.04846430 0.70371751 -3.21579845
v -1.90215950 0.69629201 -3.22969074
v -1.90215950 0.69629201 -3.22969074
v -1.90215950 0.69629201 -3.22969074
v -1.90215950 0.69629201 -3.22969074
v -1.90215950 0.69629201 -3.22969074
v -0.04846430 0.69629193 -3.22969074
v -0.04846430 0.69629193 -3.22969074
v -0.04846430 0.69629193 -3.22969074
v -1.90215950 0.68629887 -3.24186743
v -1.90215950 0.68629887 -3.24186743
v -1.90215950 0.68629887 -3.24186743
v -0.04846430 0.68629879 -3.24186743
v -0.04846430 0.68629879 -3.24186743
v -0.04846430 0.68629879 -3.24186743
v -0.04846430 0.68629879 -3.24186743
v -1.90215950 0.67412218 -3.25186057
v -1.90215950 0.67412218 -3.25186057
v -1.90215950 0.67412218 -3.25186057
v -1.90215950 0.67412218 -3.25186057
v -0.04846430 0.67412210 -3.25186057
v -0.04846430 0.67412210 -3.25186057
v -0.04846430 0.67412210 -3.25186057
v -1.90215950 0.66022990 -3.25928615
v -1.90215950 0.66022990 -3.25928615
v -1.90215950 0.66022990 -3.25928615
v -0.04846430 0.66022981 -3.25928615
v -0.04846430 0.66022981 -3.25928615
v -0.04846430 0.66022981 -3.25928615
v -0.04846430 0.66022981 -3.25928615
v -1.90215950 0.64515588 -3.26385881
v -1.90215950 0.64515588 -3.26385881
v -1.90215950 0.64515588 -3.26385881
v -1.90215950 0.64515588 -3.26385881
v -1.90215950 0.64515588 -3.26385881
v -1.90215950 0.64515588 -3.26385881
v -0.04846430 0.64515580 -3.26385881
v -0.04846430 0.64515580 -3.26385881
v -0.04846430 0.64515580 -3.26385881
vt 1.00000000 0.50000000
vt 0.00000000 0.50000000
vt 0.75000000 0.50999999
vt 1.00000000 0.00000000
vt 0.25000000 0.50999999
vt 0.00000000 0.00000000
vt 0.96875000 0.50000000
vt 0.96875000 0.50000000
vt 0.79682171 0.51461148
vt 0.79682171 0.51461148
vt 0.96875000 0.00000000
vt 0.96875000 0.00000000
vt 0.29682171 0.51461148
vt 0.96875000 0.00000000
vt 0.93750000 0.50000000
vt 0.93750000 0.50000000
vt 0.84184402 0.52826893
vt 0.93750000 0.50000000
vt 0.93750000 0.00000000
vt 0.34184399 0.52826893
vt 0.93750000 0.00000000
vt 0.90625000 0.50000000
vt 0.90625000 0.50000000
vt 0.88333690 0.55044729
vt 0.88333690 0.55044729
vt 0.88333690 0.55044729
vt 0.90625000 0.00000000
vt 0.90625000 0.00000000
vt 0.38333690 0.55044729
vt 0.90625000 0.00000000
vt 0.87500000 0.50000000
vt 0.87500000 0.50000000
vt 0.91970563 0.58029437
vt 0.87500000 0.50000000
vt 0.87500000 0.00000000
vt 0.41970560 0.58029437
vt 0.87500000 0.00000000
vt 0.84375000 0.50000000
vt 0.84375000 0.50000000
vt 0.94955271 0.61666310
vt 0.94955271 0.61666310
vt 0.84375000 0.00000000
vt 0.84375000 0.00000000
vt 0.44955271 0.61666310
vt 0.84375000 0.00000000
vt 0.81250000 0.50000000
vt 0.81250000 0.50000000
vt 0.97173113 0.65815604
vt 0.81250000 0.50000000
vt 0.81250000 0.00000000
vt 0.47173110 0.65815604
vt 0.81250000 0.00000000
vt 0.47173110 0.65815604
vt 0.78125000 0.50000000
vt 0.78125000 0.50000000
vt 0.98538852 0.70317829
vt 0.98538852 0.70317829
vt 0.98538852 0.70317829
vt 0.98538852 0.70317829
vt 0.78125000 0.00000000
vt 0.78125000 0.00000000
vt 0.48538849 0.70317829
vt 0.75000000 0.50000000
vt 0.75000000 0.50000000
vt 0.99000001 0.75000000
vt 0.75000000 0.00000000
vt 0.75000000 0.00000000
vt 0.49000001 0.75000000
vt 0.49000001 0.75000000
vt 0.71875000 0.50000000
vt 0.71875000 0.50000000
vt 0.98538852 0.79682171
vt 0.98538852 0.79682171
vt 0.98538852 0.79682171
vt 0.71875000 0.00000000
vt 0.71875000 0.00000000
vt 0.48538849 0.79682171
vt 0.48538849 0.79682171
vt 0.68750000 0.50000000
vt 0.68750000 0.50000000
vt 0.97173113 0.84184408
vt 0.68750000 0.00000000
vt 0.68750000 0.00000000
vt 0.47173110 0.84184408
vt 0.68750000 0.00000000
vt 0.65625000 0.50000000
vt 0.65625000 0.50000000
vt 0.94955271 0.88333690
vt 0.65625000 0.50000000
vt 0.94955271 0.88333690
vt 0.65625000 0.00000000
vt 0.44955271 0.88333690
vt 0.65625000 0.00000000
vt 0.62500000 0.50000000
vt 0.62500000 0.50000000
vt 0.91970563 0.91970563
vt 0.62500000 0.00000000
vt 0.62500000 0.00000000
vt 0.41970560 0.91970563
vt 0.62500000 0.00000000
vt 0.59375000 0.50000000
vt 0.59375000 0.50000000
vt 0.88333690 0.94955271
vt 0.59375000 0.50000000
vt 0.59375000 0.00000000
vt 0.38333690 0.94955271
vt 0.59375000 0.00000000
vt 0.56250000 0.50000000
vt 0.56250000 0.50000000
vt 0.84184402 0.97173113
vt 0.56250000 0.00000000
vt 0.56250000 0.00000000
vt 0.34184399 0.97173113
vt 0.56250000 0.00000000
vt 0.53125000 0.50000000
vt 0.53125000 0.50000000
vt 0.79682171 0.98538846
vt 0.53125000 0.50000000
vt 0.79682171 0.98538846
vt 0.79682171 0.98538846
vt 0.53125000 0.00000000
vt 0.29682171 0.98538846
vt 0.53125000 0.00000000
vt 0.50000000 0.50000000
vt 0.50000000 0.50000000
vt 0.75000000 0.99000001
vt 0.50000000 0.00000000
vt 0.50000000 0.00000000
vt 0.25000000 0.99000001
vt 0.46875000 0.50000000
vt 0.46875000 0.50000000
vt 0.70317841 0.98538846
vt 0.70317841 0.98538846
vt 0.46875000 0.00000000
vt 0.46875000 0.00000000
vt 0.20317830 0.98538846
vt 0.46875000 0.00000000
vt 0.43750000 0.50000000
vt 0.43750000 0.50000000
vt 0.65815598 0.97173113
vt 0.43750000 0.50000000
vt 0.43750000 0.00000000
vt 0.15815590 0.97173113
vt 0.43750000 0.00000000
vt 0.40625000 0.50000000
vt 0.40625000 0.50000000
vt 0.61666322 0.94955271
vt 0.61666322 0.94955271
vt 0.61666322 0.94955271
vt 0.40625000 0.00000000
vt 0.40625000 0.00000000
vt 0.11666310 0.94955271
vt 0.40625000 0.00000000
vt 0.37500000 0.50000000
vt 0.37500000 0.50000000
vt 0.58029437 0.91970563
vt 0.37500000 0.50000000
vt 0.37500000 0.00000000
vt 0.08029437 0.91970563
vt 0.37500000 0.00000000
vt 0.34375000 0.50000000
vt 0.34375000 0.50000000
vt 0.55044729 0.88333690
vt 0.55044729 0.88333690
vt 0.34375000 0.00000000
vt 0.34375000 0.00000000
vt 0.05044728 0.88333690
vt 0.34375000 0.00000000
vt 0.31250000 0.50000000
vt 0.31250000 0.50000000
vt 0.52826887 0.84184408
vt 0.31250000 0.50000000
vt 0.31250000 0.00000000
vt 0.02826887 0.84184408
vt 0.31250000 0.00000000
vt 0.28125000 0.50000000
vt 0.28125000 0.50000000
vt 0.51461160 0.79682171
vt 0.51461160 0.79682171
vt 0.51461160 0.79682171
vt 0.51461160 0.79682171
vt 0.28125000 0.00000000
vt 0.28125000 0.00000000
vt 0.01461154 0.79682171
vt 0.25000000 0.50000000
vt 0.25000000 0.50000000
vt 0.50999999 0.75000000
vt 0.25000000 0.00000000
vt 0.25000000 0.00000000
vt 0.00999999 0.75000000
vt 0.21875000 0.50000000
vt 0.21875000 0.50000000
vt 0.51461160 0.70317829
vt 0.51461160 0.70317829
vt 0.51461160 0.70317829
vt 0.21875000 0.00000000
vt 0.21875000 0.00000000
vt 0.01461154 0.70317829
vt 0.18750000 0.50000000
vt 0.18750000 0.50000000
vt 0.52826887 0.65815604
vt 0.18750000 0.00000000
vt 0.18750000 0.00000000
vt 0.02826887 0.65815604
vt 0.18750000 0.00000000
vt 0.15625000 0.50000000
vt 0.15625000 0.50000000
vt 0.55044729 0.61666310
vt 0.15625000 0.50000000
vt 0.55044729 0.61666310
vt 0.15625000 0.00000000
vt 0.05044728 0.61666310
vt 0.15625000 0.00000000
vt 0.12500000 0.50000000
vt 0.12500000 0.50000000
vt 0.58029437 0.58029437
vt 0.12500000 0.00000000
vt 0.12500000 0.00000000
vt 0.08029437 0.58029437
vt 0.12500000 0.00000000
vt 0.09375000 0.50000000
vt 0.09375000 0.50000000
vt 0.61666322 0.55044729
vt 0.09375000 0.50000000
vt 0.09375000 0.00000000
vt 0.11666310 0.55044729
vt 0.09375000 0.00000000
vt 0.06250000 0.50000000
vt 0.06250000 0.50000000
vt 0.65815598 0.52826893
vt 0.06250000 0.00000000
vt 0.15815590 0.52826893
vt 0.06250000 0.00000000
vt 0.06250000 0.00000000
vt 0.03125000 0.50000000
vt 0.03125000 0.50000000
vt 0.70317841 0.51461148
vt 0.03125000 0.50000000
vt 0.70317841 0.51461148
vt 0.70317841 0.51461148
vt 0.20317830 0.51461148
vt 0.03125000 0.00000000
vt 0.03125000 0.00000000
f 2894/2894 2897/2897 2891/2891
f 2902/2902 2905/2905 2898/2898
f 2909/2909 2912/2912 2906/2906
f 2918/2918 2921/2921 2913/2913
f 2925/2925 2928/2928 2922/2922
f 2933/2933 2936/2936 2929/2929
f 2940/2940 2944/2944 2937/2937
f 2951/2951 2953/2953 2945/2945
f 2957/2957 2960/2960 2954/2954
f 2966/2966 2969/2969 2961/2961
f 2973/2973 2976/2976 2970/2970
f 2981/2981 2984/2984 2977/2977
f 2988/2988 2991/2991 2985/2985
f 2995/2995 2998/2998 2992/2992
f 3002/3002 3005/3005 2999/2999
f 3011/3011 3014/3014 3006/3006
f 3018/3018 3020/3020 3015/3015
f 3025/3025 3028/3028 3021/3021
f 3032/3032 3035/3035 3029/3029
f 3041/3041 3044/3044 3036/3036
f 3048/3048 3051/3051 3045/3045
f 3056/3056 3059/3059 3052/3052
f 3063/3063 3066/3066 3060/3060
f 3073/3073 3075/3075 3067/3067
f 3079/3079 3081/3081 3076/3076
f 3087/3087 3089/3089 3082/3082
f 3093/3093 3096/3096 3090/3090
f 3101/3101 3104/3104 3097/3097
f 3108/3108 3111/3111 3105/3105
f 3115/3115 3118/3118 3112/3112
f 3033/3033 2974/2974 2910/2910
f 3123/3123 3125/3125 3119/3119
f 3132/3132 2892/2892 3126/3126
f 3007/3007 3068/3068 3127/3127
f 2894/2894 2901/2901 2897/2897
f 2904/2904 2911/2911 2908/2908
f 2909/2909 2917/2917 2912/2912
f 2920/2920 2927/2927 2924/2924
f 2925/2925 2932/2932 2928/2928
f 2935/2935 2942/2942 2939/2939
f 2940/2940 2950/2950 2944/2944
f 2951/2951 2956/2956 2953/2953
f 2957/2957 2965/2965 2960/2960
f 2966/2966 2972/2972 2969/2969
f 2975/2975 2983/2983 2979/2979
f 2981/2981 2987/2987 2984/2984
f 2990/2990 2997/2997 2994/2994
f 2995/2995 3001/3001 2998/2998
f 3004/3004 3013/3013 3008/3008
f 3011/3011 3017/3017 3014/3014
f 3018/3018 3024/3024 3020/3020
f 3027/3027 3034/3034 3031/3031
f 3032/3032 3040/3040 3035/3035
f 3043/3043 3050/3050 3047/3047
f 3048/3048 3055/3055 3051/3051
f 3058/3058 3065/3065 3062/3062
f 3063/3063 3072/3072 3066/3066
f 3073/3073 3078/3078 3075/3075
f 3079/3079 3086/3086 3081/3081
f 3087/3087 3092/3092 3089/3089
f 3095/3095 3103/3103 3099/3099
f 3101/3101 3107/3107 3104/3104
f 3110/3110 3117/3117 3114/3114
f 3115/3115 3121/3121 3118/3118
f 2910/2910 2903/2903 2895/2895
f 2895/2895 3131/3131 2910/2910
f 3131/3131 3122/3122 2910/2910
f 3122/3122 3116/3116 3109/3109
f 3109/3109 3102/3102 3094/3094
f 3094/3094 3088/3088 3080/3080
f 3080/3080 3074/3074 3094/3094
f 3074/3074 3064/3064 3094/3094
f 3064/3064 3057/3057 3049/3049
f 3049/3049 3042/3042 3033/3033
f 3033/3033 3026/3026 3003/3003
f 3026/3026 3019/3019 3003/3003
f 3019/3019 3012/3012 3003/3003
f 3003/3003 2996/2996 2989/2989
f 2989/2989 2982/2982 2974/2974
f 2974/2974 2967/2967 2941/2941
f 2968/2968 2959/2959 2943/2943
f 2958/2958 2952/2952 2941/2941
f 2941/2941 2934/2934 2926/2926
f 2926/2926 2919/2919 2910/2910
f 3122/3122 3109/3109 2910/2910
f 3109/3109 3094/3094 2910/2910
f 3064/3064 3049/3049 3094/3094
f 3049/3049 3033/3033 3094/3094
f 3003/3003 2989/2989 3033/3033
f 2989/2989 2974/2974 3033/3033
f 2941/2941 2926/2926 2974/2974
f 2926/2926 2910/2910 2974/2974
f 2910/2910 3094/3094 3033/3033
f 3124/3124 3133/3133 3128/3128
f 3132/3132 2896/2896 2892/2892
f 3127/3127 2893/2893 2899/2899
f 2899/2899 2907/2907 2914/2914
f 2914/2914 2923/2923 2930/2930
f 2930/2930 2938/2938 2946/2946
f 2946/2946 2955/2955 2962/2962
f 2962/2962 2971/2971 2978/2978
f 2978/2978 2986/2986 2993/2993
f 2993/2993 3000/3000 3007/3007
f 3007/3007 3016/3016 3022/3022
f 3022/3022 3030/3030 3037/3037
f 3037/3037 3046/3046 3053/3053
f 3053/3053 3061/3061 3068/3068
f 3068/3068 3077/3077 3083/3083
f 3083/3083 3091/3091 3098/3098
f 3098/3098 3106/3106 3113/3113
f 3113/3113 3120/3120 3127/3127
f 3127/3127 2899/2899 2946/2946
f 2900/2900 2915/2915 2947/2947
f 2916/2916 2931/2931 2948/2948
f 2949/2949 2963/2963 3009/3009
f 2964/2964 2980/2980 3010/3010
f 2978/2978 2993/2993 3007/3007
f 3007/3007 3022/3022 3068/3068
f 3023/3023 3038/3038 3069/3069
f 3039/3039 3054/3054 3070/3070
f 3071/3071 3084/3084 3129/3129
f 3085/3085 3100/3100 3130/3130
f 3098/3098 3113/3113 3127/3127
f 3127/3127 2946/2946 3007/3007

o Material_003-material_5
usemtl Material.003
v -1.85989700 0.02369800 -3.31889470
v -1.85989700 0.02369800 -3.31889470
v -1.85989700 0.02369800 -3.31889470
v -1.85989700 3.11139200 -3.31889470
v -1.85989700 3.11139200 -3.31889470
v -1.85989700 3.11139200 -3.31889470
v -1.83378481 0.02369800 -3.31632288
v -1.83378481 0.02369800 -3.31632288
v -1.83378481 0.02369800 -3.31632288
v -1.83378481 0.02369800 -3.31632288
v -1.83378481 3.11139200 -3.31632288
v -1.83378481 3.11139200 -3.31632288
v -1.83378481 3.11139200 -3.31632288
v -1.83378481 3.11139200 -3.31632288
v -1.80867608 0.02369800 -3.30870622
v -1.80867608 0.02369800 -3.30870622
v -1.80867608 0.02369800 -3.30870622
v -1.80867608 0.02369800 -3.30870622
v -1.80867608 3.11139200 -3.30870622
v -1.80867608 3.11139200 -3.30870622
v -1.80867608 3.11139200 -3.30870622
v -1.78553575 0.02369800 -3.29633746
v -1.78553575 0.02369800 -3.29633746
v -1.78553575 0.02369800 -3.29633746
v -1.78553575 0.02369800 -3.29633746
v -1.78553575 0.02369800 -3.29633746
v -1.78553575 3.11139200 -3.29633746
v -1.78553575 3.11139200 -3.29633746
v -1.78553575 3.11139200 -3.29633746
v -1.78553575 3.11139200 -3.29633746
v -1.76525308 0.02369800 -3.27969192
v -1.76525308 0.02369800 -3.27969192
v -1.76525308 0.02369800 -3.27969192
v -1.76525308 0.02369800 -3.27969192
v -1.76525308 3.11139200 -3.27969192
v -1.76525308 3.11139200 -3.27969192
v -1.76525308 3.11139200 -3.27969192
v -1.74860754 0.02369800 -3.25940925
v -1.74860754 0.02369800 -3.25940925
v -1.74860754 0.02369800 -3.25940925
v -1.74860754 0.02369800 -3.25940925
v -1.74860754 3.11139200 -3.25940925
v -1.74860754 3.11139200 -3.25940925
v -1.74860754 3.11139200 -3.25940925
v -1.74860754 3.11139200 -3.25940925
v -1.73623878 0.02369800 -3.23626892
v -1.73623878 0.02369800 -3.23626892
v -1.73623878 0.02369800 -3.23626892
v -1.73623878 0.02369800 -3.23626892
v -1.73623878 3.11139200 -3.23626892
v -1.73623878 3.11139200 -3.23626892
v -1.73623878 3.11139200 -3.23626892
v -1.73623878 3.11139200 -3.23626892
v -1.72862212 0.02369800 -3.21116019
v -1.72862212 0.02369800 -3.21116019
v -1.72862212 0.02369800 -3.21116019
v -1.72862212 0.02369800 -3.21116019
v -1.72862212 0.02369800 -3.21116019
v -1.72862212 0.02369800 -3.21116019
v -1.72862212 3.11139200 -3.21116019
v -1.72862212 3.11139200 -3.21116019
v -1.72862212 3.11139200 -3.21116019
v -1.72605030 0.02369800 -3.18504800
v -1.72605030 0.02369800 -3.18504800
v -1.72605030 0.02369800 -3.18504800
v -1.72605030 3.11139200 -3.18504800
v -1.72605030 3.11139200 -3.18504800
v -1.72605030 3.11139200 -3.18504800
v -1.72605030 3.11139200 -3.18504800
v -1.72862212 0.02369800 -3.15893581
v -1.72862212 0.02369800 -3.15893581
v -1.72862212 0.02369800 -3.15893581
v -1.72862212 0.02369800 -3.15893581
v -1.72862212 0.02369800 -3.15893581
v -1.72862212 3.11139200 -3.15893581
v -1.72862212 3.11139200 -3.15893581
v -1.72862212 3.11139200 -3.15893581
v -1.72862212 3.11139200 -3.15893581
v -1.73623878 0.02369800 -3.13382708
v -1.73623878 0.02369800 -3.13382708
v -1.73623878 0.02369800 -3.13382708
v -1.73623878 3.11139200 -3.13382708
v -1.73623878 3.11139200 -3.13382708
v -1.73623878 3.11139200 -3.13382708
v -1.73623878 3.11139200 -3.13382708
v -1.74860754 0.02369800 -3.11068675
v -1.74860754 0.02369800 -3.11068675
v -1.74860754 0.02369800 -3.11068675
v -1.74860754 0.02369800 -3.11068675
v -1.74860754 0.02369800 -3.11068675
v -1.74860754 3.11139200 -3.11068675
v -1.74860754 3.11139200 -3.11068675
v -1.74860754 3.11139200 -3.11068675
v -1.76525308 0.02369800 -3.09040408
v -1.76525308 0.02369800 -3.09040408
v -1.76525308 0.02369800 -3.09040408
v -1.76525308 3.11139200 -3.09040408
v -1.76525308 3.11139200 -3.09040408
v -1.76525308 3.11139200 -3.09040408
v -1.76525308 3.11139200 -3.09040408
v -1.78553575 0.02369800 -3.07375854
v -1.78553575 0.02369800 -3.07375854
v -1.78553575 0.02369800 -3.07375854
v -1.78553575 0.02369800 -3.07375854
v -1.78553575 3.11139200 -3.07375854
v -1.78553575 3.11139200 -3.07375854
v -1.78553575 3.11139200 -3.07375854
v -1.80867608 0.02369800 -3.06138978
v -1.80867608 0.02369800 -3.06138978
v -1.80867608 0.02369800 -3.06138978
v -1.80867608 3.11139200 -3.06138978
v -1.80867608 3.11139200 -3.06138978
v -1.80867608 3.11139200 -3.06138978
v -1.80867608 3.11139200 -3.06138978
v -1.83378481 0.02369800 -3.05377312
v -1.83378481 0.02369800 -3.05377312
v -1.83378481 0.02369800 -3.05377312
v -1.83378481 0.02369800 -3.05377312
v -1.83378481 0.02369800 -3.05377312
v -1.83378481 0.02369800 -3.05377312
v -1.83378481 3.11139200 -3.05377312
v -1.83378481 3.11139200 -3.05377312
v -1.83378481 3.11139200 -3.05377312
v -1.85989700 0.02369800 -3.05120130
v -1.85989700 0.02369800 -3.05120130
v -1.85989700 0.02369800 -3.05120130
v -1.85989700 3.11139200 -3.05120130
v -1.85989700 3.11139200 -3.05120130
v -1.85989700 3.11139200 -3.05120130
v -1.88600919 0.02369800 -3.05377312
v -1.88600919 0.02369800 -3.05377312
v -1.88600919 0.02369800 -3.05377312
v -1.88600919 0.02369800 -3.05377312
v -1.88600919 3.11139200 -3.05377312
v -1.88600919 3.11139200 -3.05377312
v -1.88600919 3.11139200 -3.05377312
v -1.88600919 3.11139200 -3.05377312
v -1.91111792 0.02369800 -3.06138978
v -1.91111792 0.02369800 -3.06138978
v -1.91111792 0.02369800 -3.06138978
v -1.91111792 0.02369800 -3.06138978
v -1.91111792 3.11139200 -3.06138978
v -1.91111792 3.11139200 -3.06138978
v -1.91111792 3.11139200 -3.06138978
v -1.93425825 0.02369800 -3.07375854
v -1.93425825 0.02369800 -3.07375854
v -1.93425825 0.02369800 -3.07375854
v -1.93425825 0.02369800 -3.07375854
v -1.93425825 0.02369800 -3.07375854
v -1.93425825 3.11139200 -3.07375854
v -1.93425825 3.11139200 -3.07375854
v -1.93425825 3.11139200 -3.07375854
v -1.93425825 3.11139200 -3.07375854
v -1.95454092 0.02369800 -3.09040408
v -1.95454092 0.02369800 -3.09040408
v -1.95454092 0.02369800 -3.09040408
v -1.95454092 0.02369800 -3.09040408
v -1.95454092 3.11139200 -3.09040408
v -1.95454092 3.11139200 -3.09040408
v -1.95454092 3.11139200 -3.09040408
v -1.97118646 0.02369800 -3.11068675
v -1.97118646 0.02369800 -3.11068675
v -1.97118646 0.02369800 -3.11068675
v -1.97118646 0.02369800 -3.11068675
v -1.97118646 3.11139200 -3.11068675
v -1.97118646 3.11139200 -3.11068675
v -1.97118646 3.11139200 -3.11068675
v -1.97118646 3.11139200 -3.11068675
v -1.98355522 0.02369800 -3.13382708
v -1.98355522 0.02369800 -3.13382708
v -1.98355522 0.02369800 -3.13382708
v -1.98355522 0.02369800 -3.13382708
v -1.98355522 3.11139200 -3.13382708
v -1.98355522 3.11139200 -3.13382708
v -1.98355522 3.11139200 -3.13382708
v -1.99117188 0.02369800 -3.15893581
v -1.99117188 0.02369800 -3.15893581
v -1.99117188 0.02369800 -3.15893581
v -1.99117188 0.02369800 -3.15893581
v -1.99117188 0.02369800 -3.15893581
v -1.99117188 0.02369800 -3.15893581
v -1.99117188 3.11139200 -3.15893581
v -1.99117188 3.11139200 -3.15893581
v -1.99117188 3.11139200 -3.15893581
v -1.99374370 0.02369800 -3.18504800
v -1.99374370 0.02369800 -3.18504800
v -1.99374370 0.02369800 -3.18504800
v -1.99374370 3.11139200 -3.18504800
v -1.99374370 3.11139200 -3.18504800
v -1.99374370 3.11139200 -3.18504800
v -1.99117188 0.02369800 -3.21116019
v -1.99117188 0.02369800 -3.21116019
v -1.99117188 0.02369800 -3.21116019
v -1.99117188 0.02369800 -3.21116019
v -1.99117188 0.02369800 -3.21116019
v -1.99117188 3.11139200 -3.21116019
v -1.99117188 3.11139200 -3.21116019
v -1.99117188 3.11139200 -3.21116019
v -1.98355522 0.02369800 -3.23626892
v -1.98355522 0.02369800 -3.23626892
v -1.98355522 0.02369800 -3.23626892
v -1.98355522 3.11139200 -3.23626892
v -1.98355522 3.11139200 -3.23626892
v -1.98355522 3.11139200 -3.23626892
v -1.98355522 3.11139200 -3.23626892
v -1.97118646 0.02369800 -3.25940925
v -1.97118646 0.02369800 -3.25940925
v -1.97118646 0.02369800 -3.25940925
v -1.97118646 0.02369800 -3.25940925
v -1.97118646 0.02369800 -3.25940925
v -1.97118646 3.11139200 -3.25940925
v -1.97118646 3.11139200 -3.25940925
v -1.97118646 3.11139200 -3.25940925
v -1.95454092 0.02369800 -3.27969192
v -1.95454092 0.02369800 -3.27969192
v -1.95454092 0.02369800 -3.27969192
v -1.95454092 3.11139200 -3.27969192
v -1.95454092 3.11139200 -3.27969192
v -1.95454092 3.11139200 -3.27969192
v -1.95454092 3.11139200 -3.27969192
v -1.93425825 0.02369800 -3.29633746
v -1.93425825 0.02369800 -3.29633746
v -1.93425825 0.02369800 -3.29633746
v -1.93425825 0.02369800 -3.29633746
v -1.93425825 3.11139200 -3.29633746
v -1.93425825 3.11139200 -3.29633746
v -1.93425825 3.11139200 -3.29633746
v -1.91111792 0.02369800 -3.30870622
v -1.91111792 0.02369800 -3.30870622
v -1.91111792 0.02369800 -3.30870622
v -1.91111792 3.11139200 -3.30870622
v -1.91111792 3.11139200 -3.30870622
v -1.91111792 3.11139200 -3.30870622
v -1.91111792 3.11139200 -3.30870622
v -1.88600919 0.02369800 -3.31632288
v -1.88600919 0.02369800 -3.31632288
v -1.88600919 0.02369800 -3.31632288
v -1.88600919 0.02369800 -3.31632288
v -1.88600919 0.02369800 -3.31632288
v -1.88600919 0.02369800 -3.31632288
v -1.88600919 3.11139200 -3.31632288
v -1.88600919 3.11139200 -3.31632288
v -1.88600919 3.11139200 -3.31632288
vt 1.00000000 0.50000000
vt 0.00000000 0.50000000
vt 0.75000000 0.50999999
vt 1.00000000 0.00000000
vt 0.25000000 0.50999999
vt 0.00000000 0.00000000
vt 0.96875000 0.50000000
vt 0.96875000 0.50000000
vt 0.79682171 0.51461148
vt 0.79682171 0.51461148
vt 0.96875000 0.00000000
vt 0.96875000 0.00000000
vt 0.29682171 0.51461148
vt 0.96875000 0.00000000
vt 0.93750000 0.50000000
vt 0.93750000 0.50000000
vt 0.84184402 0.52826893
vt 0.93750000 0.50000000
vt 0.93750000 0.00000000
vt 0.34184399 0.52826893
vt 0.93750000 0.00000000
vt 0.90625000 0.50000000
vt 0.90625000 0.50000000
vt 0.88333690 0.55044729
vt 0.88333690 0.55044729
vt 0.88333690 0.55044729
vt 0.90625000 0.00000000
vt 0.90625000 0.00000000
vt 0.38333690 0.55044729
vt 0.90625000 0.00000000
vt 0.87500000 0.50000000
vt 0.87500000 0.50000000
vt 0.91970563 0.58029437
vt 0.87500000 0.50000000
vt 0.87500000 0.00000000
vt 0.41970560 0.58029437
vt 0.87500000 0.00000000
vt 0.84375000 0.50000000
vt 0.84375000 0.50000000
vt 0.94955271 0.61666310
vt 0.94955271 0.61666310
vt 0.84375000 0.00000000
vt 0.84375000 0.00000000
vt 0.44955271 0.61666310
vt 0.84375000 0.00000000
vt 0.81250000 0.50000000
vt 0.81250000 0.50000000
vt 0.97173113 0.65815604
vt 0.81250000 0.50000000
vt 0.81250000 0.00000000
vt 0.47173110 0.65815604
vt 0.81250000 0.00000000
vt 0.47173110 0.65815604
vt 0.78125000 0.50000000
vt 0.78125000 0.50000000
vt 0.98538852 0.70317829
vt 0.98538852 0.70317829
vt 0.98538852 0.70317829
vt 0.98538852 0.70317829
vt 0.78125000 0.00000000
vt 0.78125000 0.00000000
vt 0.48538849 0.70317829
vt 0.75000000 0.50000000
vt 0.75000000 0.50000000
vt 0.99000001 0.75000000
vt 0.75000000 0.00000000
vt 0.75000000 0.00000000
vt 0.49000001 0.75000000
vt 0.49000001 0.75000000
vt 0.71875000 0.50000000
vt 0.71875000 0.50000000
vt 0.98538852 0.79682171
vt 0.98538852 0.79682171
vt 0.98538852 0.79682171
vt 0.71875000 0.00000000
vt 0.71875000 0.00000000
vt 0.48538849 0.79682171
vt 0.48538849 0.79682171
vt 0.68750000 0.50000000
vt 0.68750000 0.50000000
vt 0.97173113 0.84184408
vt 0.68750000 0.00000000
vt 0.68750000 0.00000000
vt 0.47173110 0.84184408
vt 0.68750000 0.00000000
vt 0.65625000 0.50000000
vt 0.65625000 0.50000000
vt 0.94955271 0.88333690
vt 0.65625000 0.50000000
vt 0.94955271 0.88333690
vt 0.65625000 0.00000000
vt 0.44955271 0.88333690
vt 0.65625000 0.00000000
vt 0.62500000 0.50000000
vt 0.62500000 0.50000000
vt 0.91970563 0.91970563
vt 0.62500000 0.00000000
vt 0.62500000 0.00000000
vt 0.41970560 0.91970563
vt 0.62500000 0.00000000
vt 0.59375000 0.50000000
vt 0.59375000 0.50000000
vt 0.88333690 0.94955271
vt 0.59375000 0.50000000
vt 0.59375000 0.00000000
vt 0.38333690 0.94955271
vt 0.59375000 0.00000000
vt 0.56250000 0.50000000
vt 0.56250000 0.50000000
vt 0.84184402 0.97173113
vt 0.56250000 0.00000000
vt 0.56250000 0.00000000
vt 0.34184399 0.97173113
vt 0.56250000 0.00000000
vt 0.53125000 0.50000000
vt 0.53125000 0.50000000
vt 0.79682171 0.98538846
vt 0.53125000 0.50000000
vt 0.79682171 0.98538846
vt 0.79682171 0.98538846
vt 0.53125000 0.00000000
vt 0.29682171 0.98538846
vt 0.53125000 0.00000000
vt 0.50000000 0.50000000
vt 0.50000000 0.50000000
vt 0.75000000 0.99000001
vt 0.50000000 0.00000000
vt 0.50000000 0.00000000
vt 0.25000000 0.99000001
vt 0.46875000 0.50000000
vt 0.46875000 0.50000000
vt 0.70317841 0.98538846
vt 0.70317841 0.98538846
vt 0.46875000 0.00000000
vt 0.46875000 0.00000000
vt 0.20317830 0.98538846
vt 0.46875000 0.00000000
vt 0.43750000 0.50000000
vt 0.43750000 0.50000000
vt 0.65815598 0.97173113
vt 0.43750000 0.50000000
vt 0.43750000 0.00000000
vt 0.15815590 0.97173113
vt 0.43750000 0.00000000
vt 0.40625000 0.50000000
vt 0.40625000 0.50000000
vt 0.61666322 0.94955271
vt 0.61666322 0.94955271
vt 0.61666322 0.94955271
vt 0.40625000 0.00000000
vt 0.40625000 0.00000000
vt 0.11666310 0.94955271
vt 0.40625000 0.00000000
vt 0.37500000 0.50000000
vt 0.37500000 0.50000000
vt 0.58029437 0.91970563
vt 0.37500000 0.50000000
vt 0.37500000 0.00000000
vt 0.08029437 0.91970563
vt 0.37500000 0.00000000
vt 0.34375000 0.50000000
vt 0.34375000 0.50000000
vt 0.55044729 0.88333690
vt 0.55044729 0.88333690
vt 0.34375000 0.00000000
vt 0.34375000 0.00000000
vt 0.05044728 0.88333690
vt 0.34375000 0.00000000
vt 0.31250000 0.50000000
vt 0.31250000 0.50000000
vt 0.52826887 0.84184408
vt 0.31250000 0.50000000
vt 0.31250000 0.00000000
vt 0.02826887 0.84184408
vt 0.31250000 0.00000000
vt 0.28125000 0.50000000
vt 0.28125000 0.50000000
vt 0.51461160 0.79682171
vt 0.51461160 0.79682171
vt 0.51461160 0.79682171
vt 0.51461160 0.79682171
vt 0.28125000 0.00000000
vt 0.28125000 0.00000000
vt 0.01461154 0.79682171
vt 0.25000000 0.50000000
vt 0.25000000 0.50000000
vt 0.50999999 0.75000000
vt 0.25000000 0.00000000
vt 0.25000000 0.00000000
vt 0.00999999 0.75000000
vt 0.21875000 0.50000000
vt 0.21875000 0.50000000
vt 0.51461160 0.70317829
vt 0.51461160 0.70317829
vt 0.51461160 0.70317829
vt 0.21875000 0.00000000
vt 0.21875000 0.00000000
vt 0.01461154 0.70317829
vt 0.18750000 0.50000000
vt 0.18750000 0.50000000
vt 0.52826887 0.65815604
vt 0.18750000 0.00000000
vt 0.18750000 0.00000000
vt 0.02826887 0.65815604
vt 0.18750000 0.00000000
vt 0.15625000 0.50000000
vt 0.15625000 0.50000000
vt 0.55044729 0.61666310
vt 0.15625000 0.50000000
vt 0.55044729 0.61666310
vt 0.15625000 0.00000000
vt 0.05044728 0.61666310
vt 0.15625000 0.00000000
vt 0.12500000 0.50000000
vt 0.12500000 0.50000000
vt 0.58029437 0.58029437
vt 0.12500000 0.00000000
vt 0.12500000 0.00000000
vt 0.08029437 0.58029437
vt 0.12500000 0.00000000
vt 0.09375000 0.50000000
vt 0.09375000 0.50000000
vt 0.61666322 0.55044729
vt 0.09375000 0.50000000
vt 0.09375000 0.00000000
vt 0.11666310 0.55044729
vt 0.09375000 0.00000000
vt 0.06250000 0.50000000
vt 0.06250000 0.50000000
vt 0.65815598 0.52826893
vt 0.06250000 0.00000000
vt 0.15815590 0.52826893
vt 0.06250000 0.00000000
vt 0.06250000 0.00000000
vt 0.03125000 0.50000000
vt 0.03125000 0.50000000
vt 0.70317841 0.51461148
vt 0.03125000 0.50000000
vt 0.70317841 0.51461148
vt 0.70317841 0.51461148
vt 0.20317830 0.51461148
vt 0.03125000 0.00000000
vt 0.03125000 0.00000000
f 3137/3137 3140/3140 3134/3134
f 3145/3145 3148/3148 3141/3141
f 3152/3152 3155/3155 3149/3149
f 3161/3161 3164/3164 3156/3156
f 3168/3168 3171/3171 3165/3165
f 3176/3176 3179/3179 3172/3172
f 3183/3183 3187/3187 3180/3180
f 3194/3194 3196/3196 3188/3188
f 3200/3200 3203/3203 3197/3197
f 3209/3209 3212/3212 3204/3204
f 3216/3216 3219/3219 3213/3213
f 3224/3224 3227/3227 3220/3220
f 3231/3231 3234/3234 3228/3228
f 3238/3238 3241/3241 3235/3235
f 3245/3245 3248/3248 3242/3242
f 3254/3254 3257/3257 3249/3249
f 3261/3261 3263/3263 3258/3258
f 3268/3268 3271/3271 3264/3264
f 3275/3275 3278/3278 3272/3272
f 3284/3284 3287/3287 3279/3279
f 3291/3291 3294/3294 3288/3288
f 3299/3299 3302/3302 3295/3295
f 3306/3306 3309/3309 3303/3303
f 3316/3316 3318/3318 3310/3310
f 3322/3322 3324/3324 3319/3319
f 3330/3330 3332/3332 3325/3325
f 3336/3336 3339/3339 3333/3333
f 3344/3344 3347/3347 3340/3340
f 3351/3351 3354/3354 3348/3348
f 3358/3358 3361/3361 3355/3355
f 3276/3276 3217/3217 3153/3153
f 3366/3366 3368/3368 3362/3362
f 3375/3375 3135/3135 3369/3369
f 3250/3250 3311/3311 3370/3370
f 3137/3137 3144/3144 3140/3140
f 3147/3147 3154/3154 3151/3151
f 3152/3152 3160/3160 3155/3155
f 3163/3163 3170/3170 3167/3167
f 3168/3168 3175/3175 3171/3171
f 3178/3178 3185/3185 3182/3182
f 3183/3183 3193/3193 3187/3187
f 3194/3194 3199/3199 3196/3196
f 3200/3200 3208/3208 3203/3203
f 3209/3209 3215/3215 3212/3212
f 3218/3218 3226/3226 3222/3222
f 3224/3224 3230/3230 3227/3227
f 3233/3233 3240/3240 3237/3237
f 3238/3238 3244/3244 3241/3241
f 3247/3247 3256/3256 3251/3251
f 3254/3254 3260/3260 3257/3257
f 3261/3261 3267/3267 3263/3263
f 3270/3270 3277/3277 3274/3274
f 3275/3275 3283/3283 3278/3278
f 3286/3286 3293/3293 3290/3290
f 3291/3291 3298/3298 3294/3294
f 3301/3301 3308/3308 3305/3305
f 3306/3306 3315/3315 3309/3309
f 3316/3316 3321/3321 3318/3318
f 3322/3322 3329/3329 3324/3324
f 3330/3330 3335/3335 3332/3332
f 3338/3338 3346/3346 3342/3342
f 3344/3344 3350/3350 3347/3347
f 3353/3353 3360/3360 3357/3357
f 3358/3358 3364/3364 3361/3361
f 3153/3153 3146/3146 3138/3138
f 3138/3138 3374/3374 3153/3153
f 3374/3374 3365/3365 3153/3153
f 3365/3365 3359/3359 3352/3352
f 3352/3352 3345/3345 3337/3337
f 3337/3337 3331/3331 3323/3323
f 3323/3323 3317/3317 3337/3337
f 3317/3317 3307/3307 3337/3337
f 3307/3307 3300/3300 3292/3292
f 3292/3292 3285/3285 3276/3276
f 3276/3276 3269/3269 3246/3246
f 3269/3269 3262/3262 3246/3246
f 3262/3262 3255/3255 3246/3246
f 3246/3246 3239/3239 3232/3232
f 3232/3232 3225/3225 3217/3217
f 3217/3217 3210/3210 3184/3184
f 3211/3211 3202/3202 3186/3186
f 3201/3201 3195/3195 3184/3184
f 3184/3184 3177/3177 3169/3169
f 3169/3169 3162/3162 3153/3153
f 3365/3365 3352/3352 3153/3153
f 3352/3352 3337/3337 3153/3153
f 3307/3307 3292/3292 3337/3337
f 3292/3292 3276/3276 3337/3337
f 3246/3246 3232/3232 3276/3276
f 3232/3232 3217/3217 3276/3276
f 3184/3184 3169/3169 3217/3217
f 3169/3169 3153/3153 3217/3217
f 3153/3153 3337/3337 3276/3276
f 3367/3367 3376/3376 3371/3371
f 3375/3375 3139/3139 3135/3135
f 3370/3370 3136/3136 3142/3142
f 3142/3142 3150/3150 3157/3157
f 3157/3157 3166/3166 3173/3173
f 3173/3173 3181/3181 3189/3189
f 3189/3189 3198/3198 3205/3205
f 3205/3205 3214/3214 3221/3221
f 3221/3221 3229/3229 3236/3236
f 3236/3236 3243/3243 3250/3250
f 3250/3250 3259/3259 3265/3265
f 3265/3265 3273/3273 3280/3280
f 3280/3280 3289/3289 3296/3296
f 3296/3296 3304/3304 3311/3311
f 3311/3311 3320/3320 3326/3326
f 3326/3326 3334/3334 3341/3341
f 3341/3341 3349/3349 3356/3356
f 3356/3356 3363/3363 3370/3370
f 3370/3370 3142/3142 3189/3189
f 3143/3143 3158/3158 3190/3190
f 3159/3159 3174/3174 3191/3191
f 3192/3192 3206/3206 3252/3252
f 3207/3207 3223/3223 3253/3253
f 3221/3221 3236/3236 3250/3250
f 3250/3250 3265/3265 3311/3311
f 3266/3266 3281/3281 3312/3312
f 3282/3282 3297/3297 3313/3313
f 3314/3314 3327/3327 3372/3372
f 3328/3328 3343/3343 3373/3373
f 3341/3341 3356/3356 3370/3370
f 3370/3370 3189/3189 3250/3250

o Material_003-material_4
usemtl Material.003
v -1.85989700 0.02369800 -0.13384670
v -1.85989700 0.02369800 -0.13384670
v -1.85989700 0.02369800 -0.13384670
v -1.85989700 3.11139200 -0.13384670
v -1.85989700 3.11139200 -0.13384670
v -1.85989700 3.11139200 -0.13384670
v -1.83378481 0.02369800 -0.13127488
v -1.83378481 0.02369800 -0.13127488
v -1.83378481 0.02369800 -0.13127488
v -1.83378481 0.02369800 -0.13127488
v -1.83378481 3.11139200 -0.13127488
v -1.83378481 3.11139200 -0.13127488
v -1.83378481 3.11139200 -0.13127488
v -1.83378481 3.11139200 -0.13127488
v -1.80867608 0.02369800 -0.12365822
v -1.80867608 0.02369800 -0.12365822
v -1.80867608 0.02369800 -0.12365822
v -1.80867608 0.02369800 -0.12365822
v -1.80867608 3.11139200 -0.12365822
v -1.80867608 3.11139200 -0.12365822
v -1.80867608 3.11139200 -0.12365822
v -1.78553575 0.02369800 -0.11128946
v -1.78553575 0.02369800 -0.11128946
v -1.78553575 0.02369800 -0.11128946
v -1.78553575 0.02369800 -0.11128946
v -1.78553575 0.02369800 -0.11128946
v -1.78553575 3.11139200 -0.11128946
v -1.78553575 3.11139200 -0.11128946
v -1.78553575 3.11139200 -0.11128946
v -1.78553575 3.11139200 -0.11128946
v -1.76525308 0.02369800 -0.09464392
v -1.76525308 0.02369800 -0.09464392
v -1.76525308 0.02369800 -0.09464392
v -1.76525308 0.02369800 -0.09464392
v -1.76525308 3.11139200 -0.09464392
v -1.76525308 3.11139200 -0.09464392
v -1.76525308 3.11139200 -0.09464392
v -1.74860754 0.02369800 -0.07436125
v -1.74860754 0.02369800 -0.07436125
v -1.74860754 0.02369800 -0.07436125
v -1.74860754 0.02369800 -0.07436125
v -1.74860754 3.11139200 -0.07436125
v -1.74860754 3.11139200 -0.07436125
v -1.74860754 3.11139200 -0.07436125
v -1.74860754 3.11139200 -0.07436125
v -1.73623878 0.02369800 -0.05122092
v -1.73623878 0.02369800 -0.05122092
v -1.73623878 0.02369800 -0.05122092
v -1.73623878 0.02369800 -0.05122092
v -1.73623878 3.11139200 -0.05122092
v -1.73623878 3.11139200 -0.05122092
v -1.73623878 3.11139200 -0.05122092
v -1.73623878 3.11139200 -0.05122092
v -1.72862212 0.02369800 -0.02611219
v -1.72862212 0.02369800 -0.02611219
v -1.72862212 0.02369800 -0.02611219
v -1.72862212 0.02369800 -0.02611219
v -1.72862212 0.02369800 -0.02611219
v -1.72862212 0.02369800 -0.02611219
v -1.72862212 3.11139200 -0.02611219
v -1.72862212 3.11139200 -0.02611219
v -1.72862212 3.11139200 -0.02611219
v -1.72605030 0.02369800 0.00000000
v -1.72605030 0.02369800 0.00000000
v -1.72605030 0.02369800 0.00000000
v -1.72605030 3.11139200 0.00000000
v -1.72605030 3.11139200 0.00000000
v -1.72605030 3.11139200 0.00000000
v -1.72605030 3.11139200 0.00000000
v -1.72862212 0.02369800 0.02611219
v -1.72862212 0.02369800 0.02611219
v -1.72862212 0.02369800 0.02611219
v -1.72862212 0.02369800 0.02611219
v -1.72862212 0.02369800 0.02611219
v -1.72862212 3.11139200 0.02611219
v -1.72862212 3.11139200 0.02611219
v -1.72862212 3.11139200 0.02611219
v -1.72862212 3.11139200 0.02611219
v -1.73623878 0.02369800 0.05122092
v -1.73623878 0.02369800 0.05122092
v -1.73623878 0.02369800 0.05122092
v -1.73623878 3.11139200 0.05122092
v -1.73623878 3.11139200 0.05122092
v -1.73623878 3.11139200 0.05122092
v -1.73623878 3.11139200 0.05122092
v -1.74860754 0.02369800 0.07436125
v -1.74860754 0.02369800 0.07436125
v -1.74860754 0.02369800 0.07436125
v -1.74860754 0.02369800 0.07436125
v -1.74860754 0.02369800 0.07436125
v -1.74860754 3.11139200 0.07436125
v -1.74860754 3.11139200 0.07436125
v -1.74860754 3.11139200 0.07436125
v -1.76525308 0.02369800 0.09464392
v -1.76525308 0.02369800 0.09464392
v -1.76525308 0.02369800 0.09464392
v -1.76525308 3.11139200 0.09464392
v -1.76525308 3.11139200 0.09464392
v -1.76525308 3.11139200 0.09464392
v -1.76525308 3.11139200 0.09464392
v -1.78553575 0.02369800 0.11128946
v -1.78553575 0.02369800 0.11128946
v -1.78553575 0.02369800 0.11128946
v -1.78553575 0.02369800 0.11128946
v -1.78553575 3.11139200 0.11128946
v -1.78553575 3.11139200 0.11128946
v -1.78553575 3.11139200 0.11128946
v -1.80867608 0.02369800 0.12365822
v -1.80867608 0.02369800 0.12365822
v -1.80867608 0.02369800 0.12365822
v -1.80867608 3.11139200 0.12365822
v -1.80867608 3.11139200 0.12365822
v -1.80867608 3.11139200 0.12365822
v -1.80867608 3.11139200 0.12365822
v -1.83378481 0.02369800 0.13127488
v -1.83378481 0.02369800 0.13127488
v -1.83378481 0.02369800 0.13127488
v -1.83378481 0.02369800 0.13127488
v -1.83378481 0.02369800 0.13127488
v -1.83378481 0.02369800 0.13127488
v -1.83378481 3.11139200 0.13127488
v -1.83378481 3.11139200 0.13127488
v -1.83378481 3.11139200 0.13127488
v -1.85989700 0.02369800 0.13384670
v -1.85989700 0.02369800 0.13384670
v -1.85989700 0.02369800 0.13384670
v -1.85989700 3.11139200 0.13384670
v -1.85989700 3.11139200 0.13384670
v -1.85989700 3.11139200 0.13384670
v -1.88600919 0.02369800 0.13127488
v -1.88600919 0.02369800 0.13127488
v -1.88600919 0.02369800 0.13127488
v -1.88600919 0.02369800 0.13127488
v -1.88600919 3.11139200 0.13127488
v -1.88600919 3.11139200 0.13127488
v -1.88600919 3.11139200 0.13127488
v -1.88600919 3.11139200 0.13127488
v -1.91111792 0.02369800 0.12365822
v -1.91111792 0.02369800 0.12365822
v -1.91111792 0.02369800 0.12365822
v -1.91111792 0.02369800 0.12365822
v -1.91111792 3.11139200 0.12365822
v -1.91111792 3.11139200 0.12365822
v -1.91111792 3.11139200 0.12365822
v -1.93425825 0.02369800 0.11128946
v -1.93425825 0.02369800 0.11128946
v -1.93425825 0.02369800 0.11128946
v -1.93425825 0.02369800 0.11128946
v -1.93425825 0.02369800 0.11128946
v -1.93425825 3.11139200 0.11128946
v -1.93425825 3.11139200 0.11128946
v -1.93425825 3.11139200 0.11128946
v -1.93425825 3.11139200 0.11128946
v -1.95454092 0.02369800 0.09464392
v -1.95454092 0.02369800 0.09464392
v -1.95454092 0.02369800 0.09464392
v -1.95454092 0.02369800 0.09464392
v -1.95454092 3.11139200 0.09464392
v -1.95454092 3.11139200 0.09464392
v -1.95454092 3.11139200 0.09464392
v -1.97118646 0.02369800 0.07436125
v -1.97118646 0.02369800 0.07436125
v -1.97118646 0.02369800 0.07436125
v -1.97118646 0.02369800 0.07436125
v -1.97118646 3.11139200 0.07436125
v -1.97118646 3.11139200 0.07436125
v -1.97118646 3.11139200 0.07436125
v -1.97118646 3.11139200 0.07436125
v -1.98355522 0.02369800 0.05122092
v -1.98355522 0.02369800 0.05122092
v -1.98355522 0.02369800 0.05122092
v -1.98355522 0.02369800 0.05122092
v -1.98355522 3.11139200 0.05122092
v -1.98355522 3.11139200 0.05122092
v -1.98355522 3.11139200 0.05122092
v -1.99117188 0.02369800 0.02611219
v -1.99117188 0.02369800 0.02611219
v -1.99117188 0.02369800 0.02611219
v -1.99117188 0.02369800 0.02611219
v -1.99117188 0.02369800 0.02611219
v -1.99117188 0.02369800 0.02611219
v -1.99117188 3.11139200 0.02611219
v -1.99117188 3.11139200 0.02611219
v -1.99117188 3.11139200 0.02611219
v -1.99374370 0.02369800 0.00000000
v -1.99374370 0.02369800 0.00000000
v -1.99374370 0.02369800 0.00000000
v -1.99374370 3.11139200 0.00000000
v -1.99374370 3.11139200 0.00000000
v -1.99374370 3.11139200 0.00000000
v -1.99117188 0.02369800 -0.02611219
v -1.99117188 0.02369800 -0.02611219
v -1.99117188 0.02369800 -0.02611219
v -1.99117188 0.02369800 -0.02611219
v -1.99117188 0.02369800 -0.02611219
v -1.99117188 3.11139200 -0.02611219
v -1.99117188 3.11139200 -0.02611219
v -1.99117188 3.11139200 -0.02611219
v -1.98355522 0.02369800 -0.05122092
v -1.98355522 0.02369800 -0.05122092
v -1.98355522 0.02369800 -0.05122092
v -1.98355522 3.11139200 -0.05122092
v -1.98355522 3.11139200 -0.05122092
v -1.98355522 3.11139200 -0.05122092
v -1.98355522 3.11139200 -0.05122092
v -1.97118646 0.02369800 -0.07436125
v -1.97118646 0.02369800 -0.07436125
v -1.97118646 0.02369800 -0.07436125
v -1.97118646 0.02369800 -0.07436125
v -1.97118646 0.02369800 -0.07436125
v -1.97118646 3.11139200 -0.07436125
v -1.97118646 3.11139200 -0.07436125
v -1.97118646 3.11139200 -0.07436125
v -1.95454092 0.02369800 -0.09464392
v -1.95454092 0.02369800 -0.09464392
v -1.95454092 0.02369800 -0.09464392
v -1.95454092 3.11139200 -0.09464392
v -1.95454092 3.11139200 -0.09464392
v -1.95454092 3.11139200 -0.09464392
v -1.95454092 3.11139200 -0.09464392
v -1.93425825 0.02369800 -0.11128946
v -1.93425825 0.02369800 -0.11128946
v -1.93425825 0.02369800 -0.11128946
v -1.93425825 0.02369800 -0.11128946
v -1.93425825 3.11139200 -0.11128946
v -1.93425825 3.11139200 -0.11128946
v -1.93425825 3.11139200 -0.11128946
v -1.91111792 0.02369800 -0.12365822
v -1.91111792 0.02369800 -0.12365822
v -1.91111792 0.02369800 -0.12365822
v -1.91111792 3.11139200 -0.12365822
v -1.91111792 3.11139200 -0.12365822
v -1.91111792 3.11139200 -0.12365822
v -1.91111792 3.11139200 -0.12365822
v -1.88600919 0.02369800 -0.13127488
v -1.88600919 0.02369800 -0.13127488
v -1.88600919 0.02369800 -0.13127488
v -1.88600919 0.02369800 -0.13127488
v -1.88600919 0.02369800 -0.13127488
v -1.88600919 0.02369800 -0.13127488
v -1.88600919 3.11139200 -0.13127488
v -1.88600919 3.11139200 -0.13127488
v -1.88600919 3.11139200 -0.13127488
vt 1.00000000 0.50000000
vt 0.00000000 0.50000000
vt 0.75000000 0.50999999
vt 1.00000000 0.00000000
vt 0.25000000 0.50999999
vt 0.00000000 0.00000000
vt 0.96875000 0.50000000
vt 0.96875000 0.50000000
vt 0.79682171 0.51461148
vt 0.79682171 0.51461148
vt 0.96875000 0.00000000
vt 0.96875000 0.00000000
vt 0.29682171 0.51461148
vt 0.96875000 0.00000000
vt 0.93750000 0.50000000
vt 0.93750000 0.50000000
vt 0.84184402 0.52826893
vt 0.93750000 0.50000000
vt 0.93750000 0.00000000
vt 0.34184399 0.52826893
vt 0.93750000 0.00000000
vt 0.90625000 0.50000000
vt 0.90625000 0.50000000
vt 0.88333690 0.55044729
vt 0.88333690 0.55044729
vt 0.88333690 0.55044729
vt 0.90625000 0.00000000
vt 0.90625000 0.00000000
vt 0.38333690 0.55044729
vt 0.90625000 0.00000000
vt 0.87500000 0.50000000
vt 0.87500000 0.50000000
vt 0.91970563 0.58029437
vt 0.87500000 0.50000000
vt 0.87500000 0.00000000
vt 0.41970560 0.58029437
vt 0.87500000 0.00000000
vt 0.84375000 0.50000000
vt 0.84375000 0.50000000
vt 0.94955271 0.61666310
vt 0.94955271 0.61666310
vt 0.84375000 0.00000000
vt 0.84375000 0.00000000
vt 0.44955271 0.61666310
vt 0.84375000 0.00000000
vt 0.81250000 0.50000000
vt 0.81250000 0.50000000
vt 0.97173113 0.65815604
vt 0.81250000 0.50000000
vt 0.81250000 0.00000000
vt 0.47173110 0.65815604
vt 0.81250000 0.00000000
vt 0.47173110 0.65815604
vt 0.78125000 0.50000000
vt 0.78125000 0.50000000
vt 0.98538852 0.70317829
vt 0.98538852 0.70317829
vt 0.98538852 0.70317829
vt 0.98538852 0.70317829
vt 0.78125000 0.00000000
vt 0.78125000 0.00000000
vt 0.48538849 0.70317829
vt 0.75000000 0.50000000
vt 0.75000000 0.50000000
vt 0.99000001 0.75000000
vt 0.75000000 0.00000000
vt 0.75000000 0.00000000
vt 0.49000001 0.75000000
vt 0.49000001 0.75000000
vt 0.71875000 0.50000000
vt 0.71875000 0.50000000
vt 0.98538852 0.79682171
vt 0.98538852 0.79682171
vt 0.98538852 0.79682171
vt 0.71875000 0.00000000
vt 0.71875000 0.00000000
vt 0.48538849 0.79682171
vt 0.48538849 0.79682171
vt 0.68750000 0.50000000
vt 0.68750000 0.50000000
vt 0.97173113 0.84184408
vt 0.68750000 0.00000000
vt 0.68750000 0.00000000
vt 0.47173110 0.84184408
vt 0.68750000 0.00000000
vt 0.65625000 0.50000000
vt 0.65625000 0.50000000
vt 0.94955271 0.88333690
vt 0.65625000 0.50000000
vt 0.94955271 0.88333690
vt 0.65625000 0.00000000
vt 0.44955271 0.88333690
vt 0.65625000 0.00000000
vt 0.62500000 0.50000000
vt 0.62500000 0.50000000
vt 0.91970563 0.91970563
vt 0.62500000 0.00000000
vt 0.62500000 0.00000000
vt 0.41970560 0.91970563
vt 0.62500000 0.00000000
vt 0.59375000 0.50000000
vt 0.59375000 0.50000000
vt 0.88333690 0.94955271
vt 0.59375000 0.50000000
vt 0.59375000 0.00000000
vt 0.38333690 0.94955271
vt 0.59375000 0.00000000
vt 0.56250000 0.50000000
vt 0.56250000 0.50000000
vt 0.84184402 0.97173113
vt 0.56250000 0.00000000
vt 0.56250000 0.00000000
vt 0.34184399 0.97173113
vt 0.56250000 0.00000000
vt 0.53125000 0.50000000
vt 0.53125000 0.50000000
vt 0.79682171 0.98538846
vt 0.53125000 0.50000000
vt 0.79682171 0.98538846
vt 0.79682171 0.98538846
vt 0.53125000 0.00000000
vt 0.29682171 0.98538846
vt 0.53125000 0.00000000
vt 0.50000000 0.50000000
vt 0.50000000 0.50000000
vt 0.75000000 0.99000001
vt 0.50000000 0.00000000
vt 0.50000000 0.00000000
vt 0.25000000 0.99000001
vt 0.46875000 0.50000000
vt 0.46875000 0.50000000
vt 0.70317841 0.98538846
vt 0.70317841 0.98538846
vt 0.46875000 0.00000000
vt 0.46875000 0.00000000
vt 0.20317830 0.98538846
vt 0.46875000 0.00000000
vt 0.43750000 0.50000000
vt 0.43750000 0.50000000
vt 0.65815598 0.97173113
vt 0.43750000 0.50000000
vt 0.43750000 0.00000000
vt 0.15815590 0.97173113
vt 0.43750000 0.00000000
vt 0.40625000 0.50000000
vt 0.40625000 0.50000000
vt 0.61666322 0.94955271
vt 0.61666322 0.94955271
vt 0.61666322 0.94955271
vt 0.40625000 0.00000000
vt 0.40625000 0.00000000
vt 0.11666310 0.94955271
vt 0.40625000 0.00000000
vt 0.37500000 0.50000000
vt 0.37500000 0.50000000
vt 0.58029437 0.91970563
vt 0.37500000 0.50000000
vt 0.37500000 0.00000000
vt 0.08029437 0.91970563
vt 0.37500000 0.00000000
vt 0.34375000 0.50000000
vt 0.34375000 0.50000000
vt 0.55044729 0.88333690
vt 0.55044729 0.88333690
vt 0.34375000 0.00000000
vt 0.34375000 0.00000000
vt 0.05044728 0.88333690
vt 0.34375000 0.00000000
vt 0.31250000 0.50000000
vt 0.31250000 0.50000000
vt 0.52826887 0.84184408
vt 0.31250000 0.50000000
vt 0.31250000 0.00000000
vt 0.02826887 0.84184408
vt 0.31250000 0.00000000
vt 0.28125000 0.50000000
vt 0.28125000 0.50000000
vt 0.51461160 0.79682171
vt 0.51461160 0.79682171
vt 0.51461160 0.79682171
vt 0.51461160 0.79682171
vt 0.28125000 0.00000000
vt 0.28125000 0.00000000
vt 0.01461154 0.79682171
vt 0.25000000 0.50000000
vt 0.25000000 0.50000000
vt 0.50999999 0.75000000
vt 0.25000000 0.00000000
vt 0.25000000 0.00000000
vt 0.00999999 0.75000000
vt 0.21875000 0.50000000
vt 0.21875000 0.50000000
vt 0.51461160 0.70317829
vt 0.51461160 0.70317829
vt 0.51461160 0.70317829
vt 0.21875000 0.00000000
vt 0.21875000 0.00000000
vt 0.01461154 0.70317829
vt 0.18750000 0.50000000
vt 0.18750000 0.50000000
vt 0.52826887 0.65815604
vt 0.18750000 0.00000000
vt 0.18750000 0.00000000
vt 0.02826887 0.65815604
vt 0.18750000 0.00000000
vt 0.15625000 0.50000000
vt 0.15625000 0.50000000
vt 0.55044729 0.61666310
vt 0.15625000 0.50000000
vt 0.55044729 0.61666310
vt 0.15625000 0.00000000
vt 0.05044728 0.61666310
vt 0.15625000 0.00000000
vt 0.12500000 0.50000000
vt 0.12500000 0.50000000
vt 0.58029437 0.58029437
vt 0.12500000 0.00000000
vt 0.12500000 0.00000000
vt 0.08029437 0.58029437
vt 0.12500000 0.00000000
vt 0.09375000 0.50000000
vt 0.09375000 0.50000000
vt 0.61666322 0.55044729
vt 0.09375000 0.50000000
vt 0.09375000 0.00000000
vt 0.11666310 0.55044729
vt 0.09375000 0.00000000
vt 0.06250000 0.50000000
vt 0.06250000 0.50000000
vt 0.65815598 0.52826893
vt 0.06250000 0.00000000
vt 0.15815590 0.52826893
vt 0.06250000 0.00000000
vt 0.06250000 0.00000000
vt 0.03125000 0.50000000
vt 0.03125000 0.50000000
vt 0.70317841 0.51461148
vt 0.03125000 0.50000000
vt 0.70317841 0.51461148
vt 0.70317841 0.51461148
vt 0.20317830 0.51461148
vt 0.03125000 0.00000000
vt 0.03125000 0.00000000
f 3380/3380 3383/3383 3377/3377
f 3388/3388 3391/3391 3384/3384
f 3395/3395 3398/3398 3392/3392
f 3404/3404 3407/3407 3399/3399
f 3411/3411 3414/3414 3408/3408
f 3419/3419 3422/3422 3415/3415
f 3426/3426 3430/3430 3423/3423
f 3437/3437 3439/3439 3431/3431
f 3443/3443 3446/3446 3440/3440
f 3452/3452 3455/3455 3447/3447
f 3459/3459 3462/3462 3456/3456
f 3467/3467 3470/3470 3463/3463
f 3474/3474 3477/3477 3471/3471
f 3481/3481 3484/3484 3478/3478
f 3488/3488 3491/3491 3485/3485
f 3497/3497 3500/3500 3492/3492
f 3504/3504 3506/3506 3501/3501
f 3511/3511 3514/3514 3507/3507
f 3518/3518 3521/3521 3515/3515
f 3527/3527 3530/3530 3522/3522
f 3534/3534 3537/3537 3531/3531
f 3542/3542 3545/3545 3538/3538
f 3549/3549 3552/3552 3546/3546
f 3559/3559 3561/3561 3553/3553
f 3565/3565 3567/3567 3562/3562
f 3573/3573 3575/3575 3568/3568
f 3579/3579 3582/3582 3576/3576
f 3587/3587 3590/3590 3583/3583
f 3594/3594 3597/3597 3591/3591
f 3601/3601 3604/3604 3598/3598
f 3519/3519 3460/3460 3396/3396
f 3609/3609 3611/3611 3605/3605
f 3618/3618 3378/3378 3612/3612
f 3493/3493 3554/3554 3613/3613
f 3380/3380 3387/3387 3383/3383
f 3390/3390 3397/3397 3394/3394
f 3395/3395 3403/3403 3398/3398
f 3406/3406 3413/3413 3410/3410
f 3411/3411 3418/3418 3414/3414
f 3421/3421 3428/3428 3425/3425
f 3426/3426 3436/3436 3430/3430
f 3437/3437 3442/3442 3439/3439
f 3443/3443 3451/3451 3446/3446
f 3452/3452 3458/3458 3455/3455
f 3461/3461 3469/3469 3465/3465
f 3467/3467 3473/3473 3470/3470
f 3476/3476 3483/3483 3480/3480
f 3481/3481 3487/3487 3484/3484
f 3490/3490 3499/3499 3494/3494
f 3497/3497 3503/3503 3500/3500
f 3504/3504 3510/3510 3506/3506
f 3513/3513 3520/3520 3517/3517
f 3518/3518 3526/3526 3521/3521
f 3529/3529 3536/3536 3533/3533
f 3534/3534 3541/3541 3537/3537
f 3544/3544 3551/3551 3548/3548
f 3549/3549 3558/3558 3552/3552
f 3559/3559 3564/3564 3561/3561
f 3565/3565 3572/3572 3567/3567
f 3573/3573 3578/3578 3575/3575
f 3581/3581 3589/3589 3585/3585
f 3587/3587 3593/3593 3590/3590
f 3596/3596 3603/3603 3600/3600
f 3601/3601 3607/3607 3604/3604
f 3396/3396 3389/3389 3381/3381
f 3381/3381 3617/3617 3396/3396
f 3617/3617 3608/3608 3396/3396
f 3608/3608 3602/3602 3595/3595
f 3595/3595 3588/3588 3580/3580
f 3580/3580 3574/3574 3566/3566
f 3566/3566 3560/3560 3580/3580
f 3560/3560 3550/3550 3580/3580
f 3550/3550 3543/3543 3535/3535
f 3535/3535 3528/3528 3519/3519
f 3519/3519 3512/3512 3489/3489
f 3512/3512 3505/3505 3489/3489
f 3505/3505 3498/3498 3489/3489
f 3489/3489 3482/3482 3475/3475
f 3475/3475 3468/3468 3460/3460
f 3460/3460 3453/3453 3427/3427
f 3454/3454 3445/3445 3429/3429
f 3444/3444 3438/3438 3427/3427
f 3427/3427 3420/3420 3412/3412
f 3412/3412 3405/3405 3396/3396
f 3608/3608 3595/3595 3396/3396
f 3595/3595 3580/3580 3396/3396
f 3550/3550 3535/3535 3580/3580
f 3535/3535 3519/3519 3580/3580
f 3489/3489 3475/3475 3519/3519
f 3475/3475 3460/3460 3519/3519
f 3427/3427 3412/3412 3460/3460
f 3412/3412 3396/3396 3460/3460
f 3396/3396 3580/3580 3519/3519
f 3610/3610 3619/3619 3614/3614
f 3618/3618 3382/3382 3378/3378
f 3613/3613 3379/3379 3385/3385
f 3385/3385 3393/3393 3400/3400
f 3400/3400 3409/3409 3416/3416
f 3416/3416 3424/3424 3432/3432
f 3432/3432 3441/3441 3448/3448
f 3448/3448 3457/3457 3464/3464
f 3464/3464 3472/3472 3479/3479
f 3479/3479 3486/3486 3493/3493
f 3493/3493 3502/3502 3508/3508
f 3508/3508 3516/3516 3523/3523
f 3523/3523 3532/3532 3539/3539
f 3539/3539 3547/3547 3554/3554
f 3554/3554 3563/3563 3569/3569
f 3569/3569 3577/3577 3584/3584
f 3584/3584 3592/3592 3599/3599
f 3599/3599 3606/3606 3613/3613
f 3613/3613 3385/3385 3432/3432
f 3386/3386 3401/3401 3433/3433
f 3402/3402 3417/3417 3434/3434
f 3435/3435 3449/3449 3495/3495
f 3450/3450 3466/3466 3496/3496
f 3464/3464 3479/3479 3493/3493
f 3493/3493 3508/3508 3554/3554
f 3509/3509 3524/3524 3555/3555
f 3525/3525 3540/3540 3556/3556
f 3557/3557 3570/3570 3615/3615
f 3571/3571 3586/3586 3616/3616
f 3584/3584 3599/3599 3613/3613
f 3613/3613 3432/3432 3493/3493

o Material_003-material_3
usemtl Material.003
v -1.90215950 0.62947944 -0.08035480
v -1.90215950 0.62947944 -0.08035480
v -1.90215950 0.62947944 -0.08035480
v -0.04846430 0.62947936 -0.08035480
v -0.04846430 0.62947936 -0.08035480
v -0.04846430 0.62947936 -0.08035480
v -1.90215950 0.61380300 -0.07881081
v -1.90215950 0.61380300 -0.07881081
v -1.90215950 0.61380300 -0.07881081
v -1.90215950 0.61380300 -0.07881081
v -0.04846430 0.61380292 -0.07881081
v -0.04846430 0.61380292 -0.07881081
v -0.04846430 0.61380292 -0.07881081
v -0.04846430 0.61380292 -0.07881081
v -1.90215950 0.59872899 -0.07423815
v -1.90215950 0.59872899 -0.07423815
v -1.90215950 0.59872899 -0.07423815
v -1.90215950 0.59872899 -0.07423815
v -0.04846430 0.59872890 -0.07423815
v -0.04846430 0.59872890 -0.07423815
v -0.04846430 0.59872890 -0.07423815
v -1.90215950 0.58483670 -0.06681257
v -1.90215950 0.58483670 -0.06681257
v -1.90215950 0.58483670 -0.06681257
v -1.90215950 0.58483670 -0.06681257
v -1.90215950 0.58483670 -0.06681257
v -0.04846430 0.58483662 -0.06681257
v -0.04846430 0.58483662 -0.06681257
v -0.04846430 0.58483662 -0.06681257
v -0.04846430 0.58483662 -0.06681257
v -1.90215950 0.57266001 -0.05681943
v -1.90215950 0.57266001 -0.05681943
v -1.90215950 0.57266001 -0.05681943
v -1.90215950 0.57266001 -0.05681943
v -0.04846430 0.57265993 -0.05681943
v -0.04846430 0.57265993 -0.05681943
v -0.04846430 0.57265993 -0.05681943
v -1.90215950 0.56266687 -0.04464274
v -1.90215950 0.56266687 -0.04464274
v -1.90215950 0.56266687 -0.04464274
v -1.90215950 0.56266687 -0.04464274
v -0.04846430 0.56266679 -0.04464274
v -0.04846430 0.56266679 -0.04464274
v -0.04846430 0.56266679 -0.04464274
v -0.04846430 0.56266679 -0.04464274
v -1.90215950 0.55524129 -0.03075045
v -1.90215950 0.55524129 -0.03075045
v -1.90215950 0.55524129 -0.03075045
v -1.90215950 0.55524129 -0.03075045
v -0.04846430 0.55524121 -0.03075045
v -0.04846430 0.55524121 -0.03075045
v -0.04846430 0.55524121 -0.03075045
v -0.04846430 0.55524121 -0.03075045
v -1.90215950 0.55066863 -0.01567644
v -1.90215950 0.55066863 -0.01567644
v -1.90215950 0.55066863 -0.01567644
v -1.90215950 0.55066863 -0.01567644
v -1.90215950 0.55066863 -0.01567644
v -1.90215950 0.55066863 -0.01567644
v -0.04846430 0.55066855 -0.01567644
v -0.04846430 0.55066855 -0.01567644
v -0.04846430 0.55066855 -0.01567644
v -1.90215950 0.54912464 0.00000000
v -1.90215950 0.54912464 0.00000000
v -1.90215950 0.54912464 0.00000000
v -0.04846430 0.54912456 0.00000000
v -0.04846430 0.54912456 0.00000000
v -0.04846430 0.54912456 0.00000000
v -0.04846430 0.54912456 0.00000000
v -1.90215950 0.55066863 0.01567644
v -1.90215950 0.55066863 0.01567644
v -1.90215950 0.55066863 0.01567644
v -1.90215950 0.55066863 0.01567644
v -1.90215950 0.55066863 0.01567644
v -0.04846430 0.55066855 0.01567644
v -0.04846430 0.55066855 0.01567644
v -0.04846430 0.55066855 0.01567644
v -0.04846430 0.55066855 0.01567644
v -1.90215950 0.55524129 0.03075045
v -1.90215950 0.55524129 0.03075045
v -1.90215950 0.55524129 0.03075045
v -0.04846430 0.55524121 0.03075045
v -0.04846430 0.55524121 0.03075045
v -0.04846430 0.55524121 0.03075045
v -0.04846430 0.55524121 0.03075045
v -1.90215950 0.56266687 0.04464274
v -1.90215950 0.56266687 0.04464274
v -1.90215950 0.56266687 0.04464274
v -1.90215950 0.56266687 0.04464274
v -1.90215950 0.56266687 0.04464274
v -0.04846430 0.56266679 0.04464274
v -0.04846430 0.56266679 0.04464274
v -0.04846430 0.56266679 0.04464274
v -1.90215950 0.57266001 0.05681943
v -1.90215950 0.57266001 0.05681943
v -1.90215950 0.57266001 0.05681943
v -0.04846430 0.57265993 0.05681943
v -0.04846430 0.57265993 0.05681943
v -0.04846430 0.57265993 0.05681943
v -0.04846430 0.57265993 0.05681943
v -1.90215950 0.58483670 0.06681257
v -1.90215950 0.58483670 0.06681257
v -1.90215950 0.58483670 0.06681257
v -1.90215950 0.58483670 0.06681257
v -0.04846430 0.58483662 0.06681257
v -0.04846430 0.58483662 0.06681257
v -0.04846430 0.58483662 0.06681257
v -1.90215950 0.59872899 0.07423815
v -1.90215950 0.59872899 0.07423815
v -1.90215950 0.59872899 0.07423815
v -0.04846430 0.59872890 0.07423815
v -0.04846430 0.59872890 0.07423815
v -0.04846430 0.59872890 0.07423815
v -0.04846430 0.59872890 0.07423815
v -1.90215950 0.61380300 0.07881081
v -1.90215950 0.61380300 0.07881081
v -1.90215950 0.61380300 0.07881081
v -1.90215950 0.61380300 0.07881081
v -1.90215950 0.61380300 0.07881081
v -1.90215950 0.61380300 0.07881081
v -0.04846430 0.61380292 0.07881081
v -0.04846430 0.61380292 0.07881081
v -0.04846430 0.61380292 0.07881081
v -1.90215950 0.62947944 0.08035480
v -1.90215950 0.62947944 0.08035480
v -1.90215950 0.62947944 0.08035480
v -0.04846430 0.62947936 0.08035480
v -0.04846430 0.62947936 0.08035480
v -0.04846430 0.62947936 0.08035480
v -1.90215950 0.64515588 0.07881081
v -1.90215950 0.64515588 0.07881081
v -1.90215950 0.64515588 0.07881081
v -1.90215950 0.64515588 0.07881081
v -0.04846430 0.64515580 0.07881081
v -0.04846430 0.64515580 0.07881081
v -0.04846430 0.64515580 0.07881081
v -0.04846430 0.64515580 0.07881081
v -1.90215950 0.66022990 0.07423815
v -1.90215950 0.66022990 0.07423815
v -1.90215950 0.66022990 0.07423815
v -1.90215950 0.66022990 0.07423815
v -0.04846430 0.66022981 0.07423815
v -0.04846430 0.66022981 0.07423815
v -0.04846430 0.66022981 0.07423815
v -1.90215950 0.67412218 0.06681257
v -1.90215950 0.67412218 0.06681257
v -1.90215950 0.67412218 0.06681257
v -1.90215950 0.67412218 0.06681257
v -1.90215950 0.67412218 0.06681257
v -0.04846430 0.67412210 0.06681257
v -0.04846430 0.67412210 0.06681257
v -0.04846430 0.67412210 0.06681257
v -0.04846430 0.67412210 0.06681257
v -1.90215950 0.68629887 0.05681943
v -1.90215950 0.68629887 0.05681943
v -1.90215950 0.68629887 0.05681943
v -1.90215950 0.68629887 0.05681943
v -0.04846430 0.68629879 0.05681943
v -0.04846430 0.68629879 0.05681943
v -0.04846430 0.68629879 0.05681943
v -1.90215950 0.69629201 0.04464274
v -1.90215950 0.69629201 0.04464274
v -1.90215950 0.69629201 0.04464274
v -1.90215950 0.69629201 0.04464274
v -0.04846430 0.69629193 0.04464274
v -0.04846430 0.69629193 0.04464274
v -0.04846430 0.69629193 0.04464274
v -0.04846430 0.69629193 0.04464274
v -1.90215950 0.70371759 0.03075045
v -1.90215950 0.70371759 0.03075045
v -1.90215950 0.70371759 0.03075045
v -1.90215950 0.70371759 0.03075045
v -0.04846430 0.70371751 0.03075045
v -0.04846430 0.70371751 0.03075045
v -0.04846430 0.70371751 0.03075045
v -1.90215950 0.70829025 0.01567644
v -1.90215950 0.70829025 0.01567644
v -1.90215950 0.70829025 0.01567644
v -1.90215950 0.70829025 0.01567644
v -1.90215950 0.70829025 0.01567644
v -1.90215950 0.70829025 0.01567644
v -0.04846430 0.70829017 0.01567644
v -0.04846430 0.70829017 0.01567644
v -0.04846430 0.70829017 0.01567644
v -1.90215950 0.70983424 0.00000000
v -1.90215950 0.70983424 0.00000000
v -1.90215950 0.70983424 0.00000000
v -0.04846430 0.70983416 0.00000000
v -0.04846430 0.70983416 0.00000000
v -0.04846430 0.70983416 0.00000000
v -1.90215950 0.70829025 -0.01567644
v -1.90215950 0.70829025 -0.01567644
v -1.90215950 0.70829025 -0.01567644
v -1.90215950 0.70829025 -0.01567644
v -1.90215950 0.70829025 -0.01567644
v -0.04846430 0.70829017 -0.01567644
v -0.04846430 0.70829017 -0.01567644
v -0.04846430 0.70829017 -0.01567644
v -1.90215950 0.70371759 -0.03075045
v -1.90215950 0.70371759 -0.03075045
v -1.90215950 0.70371759 -0.03075045
v -0.04846430 0.70371751 -0.03075045
v -0.04846430 0.70371751 -0.03075045
v -0.04846430 0.70371751 -0.03075045
v -0.04846430 0.70371751 -0.03075045
v -1.90215950 0.69629201 -0.04464274
v -1.90215950 0.69629201 -0.04464274
v -1.90215950 0.69629201 -0.04464274
v -1.90215950 0.69629201 -0.04464274
v -1.90215950 0.69629201 -0.04464274
v -0.04846430 0.69629193 -0.04464274
v -0.04846430 0.69629193 -0.04464274
v -0.04846430 0.69629193 -0.04464274
v -1.90215950 0.68629887 -0.05681943
v -1.90215950 0.68629887 -0.05681943
v -1.90215950 0.68629887 -0.05681943
v -0.04846430 0.68629879 -0.05681943
v -0.04846430 0.68629879 -0.05681943
v -0.04846430 0.68629879 -0.05681943
v -0.04846430 0.68629879 -0.05681943
v -1.90215950 0.67412218 -0.06681257
v -1.90215950 0.67412218 -0.06681257
v -1.90215950 0.67412218 -0.06681257
v -1.90215950 0.67412218 -0.06681257
v -0.04846430 0.67412210 -0.06681257
v -0.04846430 0.67412210 -0.06681257
v -0.04846430 0.67412210 -0.06681257
v -1.90215950 0.66022990 -0.07423815
v -1.90215950 0.66022990 -0.07423815
v -1.90215950 0.66022990 -0.07423815
v -0.04846430 0.66022981 -0.07423815
v -0.04846430 0.66022981 -0.07423815
v -0.04846430 0.66022981 -0.07423815
v -0.04846430 0.66022981 -0.07423815
v -1.90215950 0.64515588 -0.07881081
v -1.90215950 0.64515588 -0.07881081
v -1.90215950 0.64515588 -0.07881081
v -1.90215950 0.64515588 -0.07881081
v -1.90215950 0.64515588 -0.07881081
v -1.90215950 0.64515588 -0.07881081
v -0.04846430 0.64515580 -0.07881081
v -0.04846430 0.64515580 -0.07881081
v -0.04846430 0.64515580 -0.07881081
vt 1.00000000 0.50000000
vt 0.00000000 0.50000000
vt 0.75000000 0.50999999
vt 1.00000000 0.00000000
vt 0.25000000 0.50999999
vt 0.00000000 0.00000000
vt 0.96875000 0.50000000
vt 0.96875000 0.50000000
vt 0.79682171 0.51461148
vt 0.79682171 0.51461148
vt 0.96875000 0.00000000
vt 0.96875000 0.00000000
vt 0.29682171 0.51461148
vt 0.96875000 0.00000000
vt 0.93750000 0.50000000
vt 0.93750000 0.50000000
vt 0.84184402 0.52826893
vt 0.93750000 0.50000000
vt 0.93750000 0.00000000
vt 0.34184399 0.52826893
vt 0.93750000 0.00000000
vt 0.90625000 0.50000000
vt 0.90625000 0.50000000
vt 0.88333690 0.55044729
vt 0.88333690 0.55044729
vt 0.88333690 0.55044729
vt 0.90625000 0.00000000
vt 0.90625000 0.00000000
vt 0.38333690 0.55044729
vt 0.90625000 0.00000000
vt 0.87500000 0.50000000
vt 0.87500000 0.50000000
vt 0.91970563 0.58029437
vt 0.87500000 0.50000000
vt 0.87500000 0.00000000
vt 0.41970560 0.58029437
vt 0.87500000 0.00000000
vt 0.84375000 0.50000000
vt 0.84375000 0.50000000
vt 0.94955271 0.61666310
vt 0.94955271 0.61666310
vt 0.84375000 0.00000000
vt 0.84375000 0.00000000
vt 0.44955271 0.61666310
vt 0.84375000 0.00000000
vt 0.81250000 0.50000000
vt 0.81250000 0.50000000
vt 0.97173113 0.65815604
vt 0.81250000 0.50000000
vt 0.81250000 0.00000000
vt 0.47173110 0.65815604
vt 0.81250000 0.00000000
vt 0.47173110 0.65815604
vt 0.78125000 0.50000000
vt 0.78125000 0.50000000
vt 0.98538852 0.70317829
vt 0.98538852 0.70317829
vt 0.98538852 0.70317829
vt 0.98538852 0.70317829
vt 0.78125000 0.00000000
vt 0.78125000 0.00000000
vt 0.48538849 0.70317829
vt 0.75000000 0.50000000
vt 0.75000000 0.50000000
vt 0.99000001 0.75000000
vt 0.75000000 0.00000000
vt 0.75000000 0.00000000
vt 0.49000001 0.75000000
vt 0.49000001 0.75000000
vt 0.71875000 0.50000000
vt 0.71875000 0.50000000
vt 0.98538852 0.79682171
vt 0.98538852 0.79682171
vt 0.98538852 0.79682171
vt 0.71875000 0.00000000
vt 0.71875000 0.00000000
vt 0.48538849 0.79682171
vt 0.48538849 0.79682171
vt 0.68750000 0.50000000
vt 0.68750000 0.50000000
vt 0.97173113 0.84184408
vt 0.68750000 0.00000000
vt 0.68750000 0.00000000
vt 0.47173110 0.84184408
vt 0.68750000 0.00000000
vt 0.65625000 0.50000000
vt 0.65625000 0.50000000
vt 0.94955271 0.88333690
vt 0.65625000 0.50000000
vt 0.94955271 0.88333690
vt 0.65625000 0.00000000
vt 0.44955271 0.88333690
vt 0.65625000 0.00000000
vt 0.62500000 0.50000000
vt 0.62500000 0.50000000
vt 0.91970563 0.91970563
vt 0.62500000 0.00000000
vt 0.62500000 0.00000000
vt 0.41970560 0.91970563
vt 0.62500000 0.00000000
vt 0.59375000 0.50000000
vt 0.59375000 0.50000000
vt 0.88333690 0.94955271
vt 0.59375000 0.50000000
vt 0.59375000 0.00000000
vt 0.38333690 0.94955271
vt 0.59375000 0.00000000
vt 0.56250000 0.50000000
vt 0.56250000 0.50000000
vt 0.84184402 0.97173113
vt 0.56250000 0.00000000
vt 0.56250000 0.00000000
vt 0.34184399 0.97173113
vt 0.56250000 0.00000000
vt 0.53125000 0.50000000
vt 0.53125000 0.50000000
vt 0.79682171 0.98538846
vt 0.53125000 0.50000000
vt 0.79682171 0.98538846
vt 0.79682171 0.98538846
vt 0.53125000 0.00000000
vt 0.29682171 0.98538846
vt 0.53125000 0.00000000
vt 0.50000000 0.50000000
vt 0.50000000 0.50000000
vt 0.75000000 0.99000001
vt 0.50000000 0.00000000
vt 0.50000000 0.00000000
vt 0.25000000 0.99000001
vt 0.46875000 0.50000000
vt 0.46875000 0.50000000
vt 0.70317841 0.98538846
vt 0.70317841 0.98538846
vt 0.46875000 0.00000000
vt 0.46875000 0.00000000
vt 0.20317830 0.98538846
vt 0.46875000 0.00000000
vt 0.43750000 0.50000000
vt 0.43750000 0.50000000
vt 0.65815598 0.97173113
vt 0.43750000 0.50000000
vt 0.43750000 0.00000000
vt 0.15815590 0.97173113
vt 0.43750000 0.00000000
vt 0.40625000 0.50000000
vt 0.40625000 0.50000000
vt 0.61666322 0.94955271
vt 0.61666322 0.94955271
vt 0.61666322 0.94955271
vt 0.40625000 0.00000000
vt 0.40625000 0.00000000
vt 0.11666310 0.94955271
vt 0.40625000 0.00000000
vt 0.37500000 0.50000000
vt 0.37500000 0.50000000
vt 0.58029437 0.91970563
vt 0.37500000 0.50000000
vt 0.37500000 0.00000000
vt 0.08029437 0.91970563
vt 0.37500000 0.00000000
vt 0.34375000 0.50000000
vt 0.34375000 0.50000000
vt 0.55044729 0.88333690
vt 0.55044729 0.88333690
vt 0.34375000 0.00000000
vt 0.34375000 0.00000000
vt 0.05044728 0.88333690
vt 0.34375000 0.00000000
vt 0.31250000 0.50000000
vt 0.31250000 0.50000000
vt 0.52826887 0.84184408
vt 0.31250000 0.50000000
vt 0.31250000 0.00000000
vt 0.02826887 0.84184408
vt 0.31250000 0.00000000
vt 0.28125000 0.50000000
vt 0.28125000 0.50000000
vt 0.51461160 0.79682171
vt 0.51461160 0.79682171
vt 0.51461160 0.79682171
vt 0.51461160 0.79682171
vt 0.28125000 0.00000000
vt 0.28125000 0.00000000
vt 0.01461154 0.79682171
vt 0.25000000 0.50000000
vt 0.25000000 0.50000000
vt 0.50999999 0.75000000
vt 0.25000000 0.00000000
vt 0.25000000 0.00000000
vt 0.00999999 0.75000000
vt 0.21875000 0.50000000
vt 0.21875000 0.50000000
vt 0.51461160 0.70317829
vt 0.51461160 0.70317829
vt 0.51461160 0.70317829
vt 0.21875000 0.00000000
vt 0.21875000 0.00000000
vt 0.01461154 0.70317829
vt 0.18750000 0.50000000
vt 0.18750000 0.50000000
vt 0.52826887 0.65815604
vt 0.18750000 0.00000000
vt 0.18750000 0.00000000
vt 0.02826887 0.65815604
vt 0.18750000 0.00000000
vt 0.15625000 0.50000000
vt 0.15625000 0.50000000
vt 0.55044729 0.61666310
vt 0.15625000 0.50000000
vt 0.55044729 0.61666310
vt 0.15625000 0.00000000
vt 0.05044728 0.61666310
vt 0.15625000 0.00000000
vt 0.12500000 0.50000000
vt 0.12500000 0.50000000
vt 0.58029437 0.58029437
vt 0.12500000 0.00000000
vt 0.12500000 0.00000000
vt 0.08029437 0.58029437
vt 0.12500000 0.00000000
vt 0.09375000 0.50000000
vt 0.09375000 0.50000000
vt 0.61666322 0.55044729
vt 0.09375000 0.50000000
vt 0.09375000 0.00000000
vt 0.11666310 0.55044729
vt 0.09375000 0.00000000
vt 0.06250000 0.50000000
vt 0.06250000 0.50000000
vt 0.65815598 0.52826893
vt 0.06250000 0.00000000
vt 0.15815590 0.52826893
vt 0.06250000 0.00000000
vt 0.06250000 0.00000000
vt 0.03125000 0.50000000
vt 0.03125000 0.50000000
vt 0.70317841 0.51461148
vt 0.03125000 0.50000000
vt 0.70317841 0.51461148
vt 0.70317841 0.51461148
vt 0.20317830 0.51461148
vt 0.03125000 0.00000000
vt 0.03125000 0.00000000
f 3623/3623 3626/3626 3620/3620
f 3631/3631 3634/3634 3627/3627
f 3638/3638 3641/3641 3635/3635
f 3647/3647 3650/3650 3642/3642
f 3654/3654 3657/3657 3651/3651
f 3662/3662 3665/3665 3658/3658
f 3669/3669 3673/3673 3666/3666
f 3680/3680 3682/3682 3674/3674
f 3686/3686 3689/3689 3683/3683
f 3695/3695 3698/3698 3690/3690
f 3702/3702 3705/3705 3699/3699
f 3710/3710 3713/3713 3706/3706
f 3717/3717 3720/3720 3714/3714
f 3724/3724 3727/3727 3721/3721
f 3731/3731 3734/3734 3728/3728
f 3740/3740 3743/3743 3735/3735
f 3747/3747 3749/3749 3744/3744
f 3754/3754 3757/3757 3750/3750
f 3761/3761 3764/3764 3758/3758
f 3770/3770 3773/3773 3765/3765
f 3777/3777 3780/3780 3774/3774
f 3785/3785 3788/3788 3781/3781
f 3792/3792 3795/3795 3789/3789
f 3802/3802 3804/3804 3796/3796
f 3808/3808 3810/3810 3805/3805
f 3816/3816 3818/3818 3811/3811
f 3822/3822 3825/3825 3819/3819
f 3830/3830 3833/3833 3826/3826
f 3837/3837 3840/3840 3834/3834
f 3844/3844 3847/3847 3841/3841
f 3762/3762 3703/3703 3639/3639
f 3852/3852 3854/3854 3848/3848
f 3861/3861 3621/3621 3855/3855
f 3736/3736 3797/3797 3856/3856
f 3623/3623 3630/3630 3626/3626
f 3633/3633 3640/3640 3637/3637
f 3638/3638 3646/3646 3641/3641
f 3649/3649 3656/3656 3653/3653
f 3654/3654 3661/3661 3657/3657
f 3664/3664 3671/3671 3668/3668
f 3669/3669 3679/3679 3673/3673
f 3680/3680 3685/3685 3682/3682
f 3686/3686 3694/3694 3689/3689
f 3695/3695 3701/3701 3698/3698
f 3704/3704 3712/3712 3708/3708
f 3710/3710 3716/3716 3713/3713
f 3719/3719 3726/3726 3723/3723
f 3724/3724 3730/3730 3727/3727
f 3733/3733 3742/3742 3737/3737
f 3740/3740 3746/3746 3743/3743
f 3747/3747 3753/3753 3749/3749
f 3756/3756 3763/3763 3760/3760
f 3761/3761 3769/3769 3764/3764
f 3772/3772 3779/3779 3776/3776
f 3777/3777 3784/3784 3780/3780
f 3787/3787 3794/3794 3791/3791
f 3792/3792 3801/3801 3795/3795
f 3802/3802 3807/3807 3804/3804
f 3808/3808 3815/3815 3810/3810
f 3816/3816 3821/3821 3818/3818
f 3824/3824 3832/3832 3828/3828
f 3830/3830 3836/3836 3833/3833
f 3839/3839 3846/3846 3843/3843
f 3844/3844 3850/3850 3847/3847
f 3639/3639 3632/3632 3624/3624
f 3624/3624 3860/3860 3639/3639
f 3860/3860 3851/3851 3639/3639
f 3851/3851 3845/3845 3838/3838
f 3838/3838 3831/3831 3823/3823
f 3823/3823 3817/3817 3809/3809
f 3809/3809 3803/3803 3823/3823
f 3803/3803 3793/3793 3823/3823
f 3793/3793 3786/3786 3778/3778
f 3778/3778 3771/3771 3762/3762
f 3762/3762 3755/3755 3732/3732
f 3755/3755 3748/3748 3732/3732
f 3748/3748 3741/3741 3732/3732
f 3732/3732 3725/3725 3718/3718
f 3718/3718 3711/3711 3703/3703
f 3703/3703 3696/3696 3670/3670
f 3697/3697 3688/3688 3672/3672
f 3687/3687 3681/3681 3670/3670
f 3670/3670 3663/3663 3655/3655
f 3655/3655 3648/3648 3639/3639
f 3851/3851 3838/3838 3639/3639
f 3838/3838 3823/3823 3639/3639
f 3793/3793 3778/3778 3823/3823
f 3778/3778 3762/3762 3823/3823
f 3732/3732 3718/3718 3762/3762
f 3718/3718 3703/3703 3762/3762
f 3670/3670 3655/3655 3703/3703
f 3655/3655 3639/3639 3703/3703
f 3639/3639 3823/3823 3762/3762
f 3853/3853 3862/3862 3857/3857
f 3861/3861 3625/3625 3621/3621
f 3856/3856 3622/3622 3628/3628
f 3628/3628 3636/3636 3643/3643
f 3643/3643 3652/3652 3659/3659
f 3659/3659 3667/3667 3675/3675
f 3675/3675 3684/3684 3691/3691
f 3691/3691 3700/3700 3707/3707
f 3707/3707 3715/3715 3722/3722
f 3722/3722 3729/3729 3736/3736
f 3736/3736 3745/3745 3751/3751
f 3751/3751 3759/3759 3766/3766
f 3766/3766 3775/3775 3782/3782
f 3782/3782 3790/3790 3797/3797
f 3797/3797 3806/3806 3812/3812
f 3812/3812 3820/3820 3827/3827
f 3827/3827 3835/3835 3842/3842
f 3842/3842 3849/3849 3856/3856
f 3856/3856 3628/3628 3675/3675
f 3629/3629 3644/3644 3676/3676
f 3645/3645 3660/3660 3677/3677
f 3678/3678 3692/3692 3738/3738
f 3693/3693 3709/3709 3739/3739
f 3707/3707 3722/3722 3736/3736
f 3736/3736 3751/3751 3797/3797
f 3752/3752 3767/3767 3798/3798
f 3768/3768 3783/3783 3799/3799
f 3800/3800 3813/3813 3858/3858
f 3814/3814 3829/3829 3859/3859
f 3827/3827 3842/3842 3856/3856
f 3856/3856 3675/3675 3736/3736

o Material_003-material_2
usemtl Material.003
v -1.90215950 2.42831904 -0.08035480
v -1.90215950 2.42831904 -0.08035480
v -1.90215950 2.42831904 -0.08035480
v -0.04846430 2.42831896 -0.08035480
v -0.04846430 2.42831896 -0.08035480
v -0.04846430 2.42831896 -0.08035480
v -1.90215950 2.41264260 -0.07881081
v -1.90215950 2.41264260 -0.07881081
v -1.90215950 2.41264260 -0.07881081
v -1.90215950 2.41264260 -0.07881081
v -0.04846430 2.41264252 -0.07881081
v -0.04846430 2.41264252 -0.07881081
v -0.04846430 2.41264252 -0.07881081
v -0.04846430 2.41264252 -0.07881081
v -1.90215950 2.39756859 -0.07423815
v -1.90215950 2.39756859 -0.07423815
v -1.90215950 2.39756859 -0.07423815
v -1.90215950 2.39756859 -0.07423815
v -0.04846430 2.39756850 -0.07423815
v -0.04846430 2.39756850 -0.07423815
v -0.04846430 2.39756850 -0.07423815
v -1.90215950 2.38367630 -0.06681257
v -1.90215950 2.38367630 -0.06681257
v -1.90215950 2.38367630 -0.06681257
v -1.90215950 2.38367630 -0.06681257
v -1.90215950 2.38367630 -0.06681257
v -0.04846430 2.38367622 -0.06681257
v -0.04846430 2.38367622 -0.06681257
v -0.04846430 2.38367622 -0.06681257
v -0.04846430 2.38367622 -0.06681257
v -1.90215950 2.37149961 -0.05681943
v -1.90215950 2.37149961 -0.05681943
v -1.90215950 2.37149961 -0.05681943
v -1.90215950 2.37149961 -0.05681943
v -0.04846430 2.37149953 -0.05681943
v -0.04846430 2.37149953 -0.05681943
v -0.04846430 2.37149953 -0.05681943
v -1.90215950 2.36150647 -0.04464274
v -1.90215950 2.36150647 -0.04464274
v -1.90215950 2.36150647 -0.04464274
v -1.90215950 2.36150647 -0.04464274
v -0.04846430 2.36150639 -0.04464274
v -0.04846430 2.36150639 -0.04464274
v -0.04846430 2.36150639 -0.04464274
v -0.04846430 2.36150639 -0.04464274
v -1.90215950 2.35408089 -0.03075045
v -1.90215950 2.35408089 -0.03075045
v -1.90215950 2.35408089 -0.03075045
v -1.90215950 2.35408089 -0.03075045
v -0.04846430 2.35408081 -0.03075045
v -0.04846430 2.35408081 -0.03075045
v -0.04846430 2.35408081 -0.03075045
v -0.04846430 2.35408081 -0.03075045
v -1.90215950 2.34950823 -0.01567644
v -1.90215950 2.34950823 -0.01567644
v -1.90215950 2.34950823 -0.01567644
v -1.90215950 2.34950823 -0.01567644
v -1.90215950 2.34950823 -0.01567644
v -1.90215950 2.34950823 -0.01567644
v -0.04846430 2.34950815 -0.01567644
v -0.04846430 2.34950815 -0.01567644
v -0.04846430 2.34950815 -0.01567644
v -1.90215950 2.34796424 0.00000000
v -1.90215950 2.34796424 0.00000000
v -1.90215950 2.34796424 0.00000000
v -0.04846430 2.34796416 0.00000000
v -0.04846430 2.34796416 0.00000000
v -0.04846430 2.34796416 0.00000000
v -0.04846430 2.34796416 0.00000000
v -1.90215950 2.34950823 0.01567644
v -1.90215950 2.34950823 0.01567644
v -1.90215950 2.34950823 0.01567644
v -1.90215950 2.34950823 0.01567644
v -1.90215950 2.34950823 0.01567644
v -0.04846430 2.34950815 0.01567644
v -0.04846430 2.34950815 0.01567644
v -0.04846430 2.34950815 0.01567644
v -0.04846430 2.34950815 0.01567644
v -1.90215950 2.35408089 0.03075045
v -1.90215950 2.35408089 0.03075045
v -1.90215950 2.35408089 0.03075045
v -0.04846430 2.35408081 0.03075045
v -0.04846430 2.35408081 0.03075045
v -0.04846430 2.35408081 0.03075045
v -0.04846430 2.35408081 0.03075045
v -1.90215950 2.36150647 0.04464274
v -1.90215950 2.36150647 0.04464274
v -1.90215950 2.36150647 0.04464274
v -1.90215950 2.36150647 0.04464274
v -1.90215950 2.36150647 0.04464274
v -0.04846430 2.36150639 0.04464274
v -0.04846430 2.36150639 0.04464274
v -0.04846430 2.36150639 0.04464274
v -1.90215950 2.37149961 0.05681943
v -1.90215950 2.37149961 0.05681943
v -1.90215950 2.37149961 0.05681943
v -0.04846430 2.37149953 0.05681943
v -0.04846430 2.37149953 0.05681943
v -0.04846430 2.37149953 0.05681943
v -0.04846430 2.37149953 0.05681943
v -1.90215950 2.38367630 0.06681257
v -1.90215950 2.38367630 0.06681257
v -1.90215950 2.38367630 0.06681257
v -1.90215950 2.38367630 0.06681257
v -0.04846430 2.38367622 0.06681257
v -0.04846430 2.38367622 0.06681257
v -0.04846430 2.38367622 0.06681257
v -1.90215950 2.39756859 0.07423815
v -1.90215950 2.39756859 0.07423815
v -1.90215950 2.39756859 0.07423815
v -0.04846430 2.39756850 0.07423815
v -0.04846430 2.39756850 0.07423815
v -0.04846430 2.39756850 0.07423815
v -0.04846430 2.39756850 0.07423815
v -1.90215950 2.41264260 0.07881081
v -1.90215950 2.41264260 0.07881081
v -1.90215950 2.41264260 0.07881081
v -1.90215950 2.41264260 0.07881081
v -1.90215950 2.41264260 0.07881081
v -1.90215950 2.41264260 0.07881081
v -0.04846430 2.41264252 0.07881081
v -0.04846430 2.41264252 0.07881081
v -0.04846430 2.41264252 0.07881081
v -1.90215950 2.42831904 0.08035480
v -1.90215950 2.42831904 0.08035480
v -1.90215950 2.42831904 0.08035480
v -0.04846430 2.42831896 0.08035480
v -0.04846430 2.42831896 0.08035480
v -0.04846430 2.42831896 0.08035480
v -1.90215950 2.44399548 0.07881081
v -1.90215950 2.44399548 0.07881081
v -1.90215950 2.44399548 0.07881081
v -1.90215950 2.44399548 0.07881081
v -0.04846430 2.44399540 0.07881081
v -0.04846430 2.44399540 0.07881081
v -0.04846430 2.44399540 0.07881081
v -0.04846430 2.44399540 0.07881081
v -1.90215950 2.45906950 0.07423815
v -1.90215950 2.45906950 0.07423815
v -1.90215950 2.45906950 0.07423815
v -1.90215950 2.45906950 0.07423815
v -0.04846430 2.45906941 0.07423815
v -0.04846430 2.45906941 0.07423815
v -0.04846430 2.45906941 0.07423815
v -1.90215950 2.47296178 0.06681257
v -1.90215950 2.47296178 0.06681257
v -1.90215950 2.47296178 0.06681257
v -1.90215950 2.47296178 0.06681257
v -1.90215950 2.47296178 0.06681257
v -0.04846430 2.47296170 0.06681257
v -0.04846430 2.47296170 0.06681257
v -0.04846430 2.47296170 0.06681257
v -0.04846430 2.47296170 0.06681257
v -1.90215950 2.48513847 0.05681943
v -1.90215950 2.48513847 0.05681943
v -1.90215950 2.48513847 0.05681943
v -1.90215950 2.48513847 0.05681943
v -0.04846430 2.48513839 0.05681943
v -0.04846430 2.48513839 0.05681943
v -0.04846430 2.48513839 0.05681943
v -1.90215950 2.49513161 0.04464274
v -1.90215950 2.49513161 0.04464274
v -1.90215950 2.49513161 0.04464274
v -1.90215950 2.49513161 0.04464274
v -0.04846430 2.49513153 0.04464274
v -0.04846430 2.49513153 0.04464274
v -0.04846430 2.49513153 0.04464274
v -0.04846430 2.49513153 0.04464274
v -1.90215950 2.50255719 0.03075045
v -1.90215950 2.50255719 0.03075045
v -1.90215950 2.50255719 0.03075045
v -1.90215950 2.50255719 0.03075045
v -0.04846430 2.50255711 0.03075045
v -0.04846430 2.50255711 0.03075045
v -0.04846430 2.50255711 0.03075045
v -1.90215950 2.50712985 0.01567644
v -1.90215950 2.50712985 0.01567644
v -1.90215950 2.50712985 0.01567644
v -1.90215950 2.50712985 0.01567644
v -1.90215950 2.50712985 0.01567644
v -1.90215950 2.50712985 0.01567644
v -0.04846430 2.50712977 0.01567644
v -0.04846430 2.50712977 0.01567644
v -0.04846430 2.50712977 0.01567644
v -1.90215950 2.50867384 0.00000000
v -1.90215950 2.50867384 0.00000000
v -1.90215950 2.50867384 0.00000000
v -0.04846430 2.50867376 0.00000000
v -0.04846430 2.50867376 0.00000000
v -0.04846430 2.50867376 0.00000000
v -1.90215950 2.50712985 -0.01567644
v -1.90215950 2.50712985 -0.01567644
v -1.90215950 2.50712985 -0.01567644
v -1.90215950 2.50712985 -0.01567644
v -1.90215950 2.50712985 -0.01567644
v -0.04846430 2.50712977 -0.01567644
v -0.04846430 2.50712977 -0.01567644
v -0.04846430 2.50712977 -0.01567644
v -1.90215950 2.50255719 -0.03075045
v -1.90215950 2.50255719 -0.03075045
v -1.90215950 2.50255719 -0.03075045
v -0.04846430 2.50255711 -0.03075045
v -0.04846430 2.50255711 -0.03075045
v -0.04846430 2.50255711 -0.03075045
v -0.04846430 2.50255711 -0.03075045
v -1.90215950 2.49513161 -0.04464274
v -1.90215950 2.49513161 -0.04464274
v -1.90215950 2.49513161 -0.04464274
v -1.90215950 2.49513161 -0.04464274
v -1.90215950 2.49513161 -0.04464274
v -0.04846430 2.49513153 -0.04464274
v -0.04846430 2.49513153 -0.04464274
v -0.04846430 2.49513153 -0.04464274
v -1.90215950 2.48513847 -0.05681943
v -1.90215950 2.48513847 -0.05681943
v -1.90215950 2.48513847 -0.05681943
v -0.04846430 2.48513839 -0.05681943
v -0.04846430 2.48513839 -0.05681943
v -0.04846430 2.48513839 -0.05681943
v -0.04846430 2.48513839 -0.05681943
v -1.90215950 2.47296178 -0.06681257
v -1.90215950 2.47296178 -0.06681257
v -1.90215950 2.47296178 -0.06681257
v -1.90215950 2.47296178 -0.06681257
v -0.04846430 2.47296170 -0.06681257
v -0.04846430 2.47296170 -0.06681257
v -0.04846430 2.47296170 -0.06681257
v -1.90215950 2.45906950 -0.07423815
v -1.90215950 2.45906950 -0.07423815
v -1.90215950 2.45906950 -0.07423815
v -0.04846430 2.45906941 -0.07423815
v -0.04846430 2.45906941 -0.07423815
v -0.04846430 2.45906941 -0.07423815
v -0.04846430 2.45906941 -0.07423815
v -1.90215950 2.44399548 -0.07881081
v -1.90215950 2.44399548 -0.07881081
v -1.90215950 2.44399548 -0.07881081
v -1.90215950 2.44399548 -0.07881081
v -1.90215950 2.44399548 -0.07881081
v -1.90215950 2.44399548 -0.07881081
v -0.04846430 2.44399540 -0.07881081
v -0.04846430 2.44399540 -0.07881081
v -0.04846430 2.44399540 -0.07881081
vt 1.00000000 0.50000000
vt 0.00000000 0.50000000
vt 0.75000000 0.50999999
vt 1.00000000 0.00000000
vt 0.25000000 0.50999999
vt 0.00000000 0.00000000
vt 0.96875000 0.50000000
vt 0.96875000 0.50000000
vt 0.79682171 0.51461148
vt 0.79682171 0.51461148
vt 0.96875000 0.00000000
vt 0.96875000 0.00000000
vt 0.29682171 0.51461148
vt 0.96875000 0.00000000
vt 0.93750000 0.50000000
vt 0.93750000 0.50000000
vt 0.84184402 0.52826893
vt 0.93750000 0.50000000
vt 0.93750000 0.00000000
vt 0.34184399 0.52826893
vt 0.93750000 0.00000000
vt 0.90625000 0.50000000
vt 0.90625000 0.50000000
vt 0.88333690 0.55044729
vt 0.88333690 0.55044729
vt 0.88333690 0.55044729
vt 0.90625000 0.00000000
vt 0.90625000 0.00000000
vt 0.38333690 0.55044729
vt 0.90625000 0.00000000
vt 0.87500000 0.50000000
vt 0.87500000 0.50000000
vt 0.91970563 0.58029437
vt 0.87500000 0.50000000
vt 0.87500000 0.00000000
vt 0.41970560 0.58029437
vt 0.87500000 0.00000000
vt 0.84375000 0.50000000
vt 0.84375000 0.50000000
vt 0.94955271 0.61666310
vt 0.94955271 0.61666310
vt 0.84375000 0.00000000
vt 0.84375000 0.00000000
vt 0.44955271 0.61666310
vt 0.84375000 0.00000000
vt 0.81250000 0.50000000
vt 0.81250000 0.50000000
vt 0.97173113 0.65815604
vt 0.81250000 0.50000000
vt 0.81250000 0.00000000
vt 0.47173110 0.65815604
vt 0.81250000 0.00000000
vt 0.47173110 0.65815604
vt 0.78125000 0.50000000
vt 0.78125000 0.50000000
vt 0.98538852 0.70317829
vt 0.98538852 0.70317829
vt 0.98538852 0.70317829
vt 0.98538852 0.70317829
vt 0.78125000 0.00000000
vt 0.78125000 0.00000000
vt 0.48538849 0.70317829
vt 0.75000000 0.50000000
vt 0.75000000 0.50000000
vt 0.99000001 0.75000000
vt 0.75000000 0.00000000
vt 0.75000000 0.00000000
vt 0.49000001 0.75000000
vt 0.49000001 0.75000000
vt 0.71875000 0.50000000
vt 0.71875000 0.50000000
vt 0.98538852 0.79682171
vt 0.98538852 0.79682171
vt 0.98538852 0.79682171
vt 0.71875000 0.00000000
vt 0.71875000 0.00000000
vt 0.48538849 0.79682171
vt 0.48538849 0.79682171
vt 0.68750000 0.50000000
vt 0.68750000 0.50000000
vt 0.97173113 0.84184408
vt 0.68750000 0.00000000
vt 0.68750000 0.00000000
vt 0.47173110 0.84184408
vt 0.68750000 0.00000000
vt 0.65625000 0.50000000
vt 0.65625000 0.50000000
vt 0.94955271 0.88333690
vt 0.65625000 0.50000000
vt 0.94955271 0.88333690
vt 0.65625000 0.00000000
vt 0.44955271 0.88333690
vt 0.65625000 0.00000000
vt 0.62500000 0.50000000
vt 0.62500000 0.50000000
vt 0.91970563 0.91970563
vt 0.62500000 0.00000000
vt 0.62500000 0.00000000
vt 0.41970560 0.91970563
vt 0.62500000 0.00000000
vt 0.59375000 0.50000000
vt 0.59375000 0.50000000
vt 0.88333690 0.94955271
vt 0.59375000 0.50000000
vt 0.59375000 0.00000000
vt 0.38333690 0.94955271
vt 0.59375000 0.00000000
vt 0.56250000 0.50000000
vt 0.56250000 0.50000000
vt 0.84184402 0.97173113
vt 0.56250000 0.00000000
vt 0.56250000 0.00000000
vt 0.34184399 0.97173113
vt 0.56250000 0.00000000
vt 0.53125000 0.50000000
vt 0.53125000 0.50000000
vt 0.79682171 0.98538846
vt 0.53125000 0.50000000
vt 0.79682171 0.98538846
vt 0.79682171 0.98538846
vt 0.53125000 0.00000000
vt 0.29682171 0.98538846
vt 0.53125000 0.00000000
vt 0.50000000 0.50000000
vt 0.50000000 0.50000000
vt 0.75000000 0.99000001
vt 0.50000000 0.00000000
vt 0.50000000 0.00000000
vt 0.25000000 0.99000001
vt 0.46875000 0.50000000
vt 0.46875000 0.50000000
vt 0.70317841 0.98538846
vt 0.70317841 0.98538846
vt 0.46875000 0.00000000
vt 0.46875000 0.00000000
vt 0.20317830 0.98538846
vt 0.46875000 0.00000000
vt 0.43750000 0.50000000
vt 0.43750000 0.50000000
vt 0.65815598 0.97173113
vt 0.43750000 0.50000000
vt 0.43750000 0.00000000
vt 0.15815590 0.97173113
vt 0.43750000 0.00000000
vt 0.40625000 0.50000000
vt 0.40625000 0.50000000
vt 0.61666322 0.94955271
vt 0.61666322 0.94955271
vt 0.61666322 0.94955271
vt 0.40625000 0.00000000
vt 0.40625000 0.00000000
vt 0.11666310 0.94955271
vt 0.40625000 0.00000000
vt 0.37500000 0.50000000
vt 0.37500000 0.50000000
vt 0.58029437 0.91970563
vt 0.37500000 0.50000000
vt 0.37500000 0.00000000
vt 0.08029437 0.91970563
vt 0.37500000 0.00000000
vt 0.34375000 0.50000000
vt 0.34375000 0.50000000
vt 0.55044729 0.88333690
vt 0.55044729 0.88333690
vt 0.34375000 0.00000000
vt 0.34375000 0.00000000
vt 0.05044728 0.88333690
vt 0.34375000 0.00000000
vt 0.31250000 0.50000000
vt 0.31250000 0.50000000
vt 0.52826887 0.84184408
vt 0.31250000 0.50000000
vt 0.31250000 0.00000000
vt 0.02826887 0.84184408
vt 0.31250000 0.00000000
vt 0.28125000 0.50000000
vt 0.28125000 0.50000000
vt 0.51461160 0.79682171
vt 0.51461160 0.79682171
vt 0.51461160 0.79682171
vt 0.51461160 0.79682171
vt 0.28125000 0.00000000
vt 0.28125000 0.00000000
vt 0.01461154 0.79682171
vt 0.25000000 0.50000000
vt 0.25000000 0.50000000
vt 0.50999999 0.75000000
vt 0.25000000 0.00000000
vt 0.25000000 0.00000000
vt 0.00999999 0.75000000
vt 0.21875000 0.50000000
vt 0.21875000 0.50000000
vt 0.51461160 0.70317829
vt 0.51461160 0.70317829
vt 0.51461160 0.70317829
vt 0.21875000 0.00000000
vt 0.21875000 0.00000000
vt 0.01461154 0.70317829
vt 0.18750000 0.50000000
vt 0.18750000 0.50000000
vt 0.52826887 0.65815604
vt 0.18750000 0.00000000
vt 0.18750000 0.00000000
vt 0.02826887 0.65815604
vt 0.18750000 0.00000000
vt 0.15625000 0.50000000
vt 0.15625000 0.50000000
vt 0.55044729 0.61666310
vt 0.15625000 0.50000000
vt 0.55044729 0.61666310
vt 0.15625000 0.00000000
vt 0.05044728 0.61666310
vt 0.15625000 0.00000000
vt 0.12500000 0.50000000
vt 0.12500000 0.50000000
vt 0.58029437 0.58029437
vt 0.12500000 0.00000000
vt 0.12500000 0.00000000
vt 0.08029437 0.58029437
vt 0.12500000 0.00000000
vt 0.09375000 0.50000000
vt 0.09375000 0.50000000
vt 0.61666322 0.55044729
vt 0.09375000 0.50000000
vt 0.09375000 0.00000000
vt 0.11666310 0.55044729
vt 0.09375000 0.00000000
vt 0.06250000 0.50000000
vt 0.06250000 0.50000000
vt 0.65815598 0.52826893
vt 0.06250000 0.00000000
vt 0.15815590 0.52826893
vt 0.06250000 0.00000000
vt 0.06250000 0.00000000
vt 0.03125000 0.50000000
vt 0.03125000 0.50000000
vt 0.70317841 0.51461148
vt 0.03125000 0.50000000
vt 0.70317841 0.51461148
vt 0.70317841 0.51461148
vt 0.20317830 0.51461148
vt 0.03125000 0.00000000
vt 0.03125000 0.00000000
f 3866/3866 3869/3869 3863/3863
f 3874/3874 3877/3877 3870/3870
f 3881/3881 3884/3884 3878/3878
f 3890/3890 3893/3893 3885/3885
f 3897/3897 3900/3900 3894/3894
f 3905/3905 3908/3908 3901/3901
f 3912/3912 3916/3916 3909/3909
f 3923/3923 3925/3925 3917/3917
f 3929/3929 3932/3932 3926/3926
f 3938/3938 3941/3941 3933/3933
f 3945/3945 3948/3948 3942/3942
f 3953/3953 3956/3956 3949/3949
f 3960/3960 3963/3963 3957/3957
f 3967/3967 3970/3970 3964/3964
f 3974/3974 3977/3977 3971/3971
f 3983/3983 3986/3986 3978/3978
f 3990/3990 3992/3992 3987/3987
f 3997/3997 4000/4000 3993/3993
f 4004/4004 4007/4007 4001/4001
f 4013/4013 4016/4016 4008/4008
f 4020/4020 4023/4023 4017/4017
f 4028/4028 4031/4031 4024/4024
f 4035/4035 4038/4038 4032/4032
f 4045/4045 4047/4047 4039/4039
f 4051/4051 4053/4053 4048/4048
f 4059/4059 4061/4061 4054/4054
f 4065/4065 4068/4068 4062/4062
f 4073/4073 4076/4076 4069/4069
f 4080/4080 4083/4083 4077/4077
f 4087/4087 4090/4090 4084/4084
f 4005/4005 3946/3946 3882/3882
f 4095/4095 4097/4097 4091/4091
f 4104/4104 3864/3864 4098/4098
f 3979/3979 4040/4040 4099/4099
f 3866/3866 3873/3873 3869/3869
f 3876/3876 3883/3883 3880/3880
f 3881/3881 3889/3889 3884/3884
f 3892/3892 3899/3899 3896/3896
f 3897/3897 3904/3904 3900/3900
f 3907/3907 3914/3914 3911/3911
f 3912/3912 3922/3922 3916/3916
f 3923/3923 3928/3928 3925/3925
f 3929/3929 3937/3937 3932/3932
f 3938/3938 3944/3944 3941/3941
f 3947/3947 3955/3955 3951/3951
f 3953/3953 3959/3959 3956/3956
f 3962/3962 3969/3969 3966/3966
f 3967/3967 3973/3973 3970/3970
f 3976/3976 3985/3985 3980/3980
f 3983/3983 3989/3989 3986/3986
f 3990/3990 3996/3996 3992/3992
f 3999/3999 4006/4006 4003/4003
f 4004/4004 4012/4012 4007/4007
f 4015/4015 4022/4022 4019/4019
f 4020/4020 4027/4027 4023/4023
f 4030/4030 4037/4037 4034/4034
f 4035/4035 4044/4044 4038/4038
f 4045/4045 4050/4050 4047/4047
f 4051/4051 4058/4058 4053/4053
f 4059/4059 4064/4064 4061/4061
f 4067/4067 4075/4075 4071/4071
f 4073/4073 4079/4079 4076/4076
f 4082/4082 4089/4089 4086/4086
f 4087/4087 4093/4093 4090/4090
f 3882/3882 3875/3875 3867/3867
f 3867/3867 4103/4103 3882/3882
f 4103/4103 4094/4094 3882/3882
f 4094/4094 4088/4088 4081/4081
f 4081/4081 4074/4074 4066/4066
f 4066/4066 4060/4060 4052/4052
f 4052/4052 4046/4046 4066/4066
f 4046/4046 4036/4036 4066/4066
f 4036/4036 4029/4029 4021/4021
f 4021/4021 4014/4014 4005/4005
f 4005/4005 3998/3998 3975/3975
f 3998/3998 3991/3991 3975/3975
f 3991/3991 3984/3984 3975/3975
f 3975/3975 3968/3968 3961/3961
f 3961/3961 3954/3954 3946/3946
f 3946/3946 3939/3939 3913/3913
f 3940/3940 3931/3931 3915/3915
f 3930/3930 3924/3924 3913/3913
f 3913/3913 3906/3906 3898/3898
f 3898/3898 3891/3891 3882/3882
f 4094/4094 4081/4081 3882/3882
f 4081/4081 4066/4066 3882/3882
f 4036/4036 4021/4021 4066/4066
f 4021/4021 4005/4005 4066/4066
f 3975/3975 3961/3961 4005/4005
f 3961/3961 3946/3946 4005/4005
f 3913/3913 3898/3898 3946/3946
f 3898/3898 3882/3882 3946/3946
f 3882/3882 4066/4066 4005/4005
f 4096/4096 4105/4105 4100/4100
f 4104/4104 3868/3868 3864/3864
f 4099/4099 3865/3865 3871/3871
f 3871/3871 3879/3879 3886/3886
f 3886/3886 3895/3895 3902/3902
f 3902/3902 3910/3910 3918/3918
f 3918/3918 3927/3927 3934/3934
f 3934/3934 3943/3943 3950/3950
f 3950/3950 3958/3958 3965/3965
f 3965/3965 3972/3972 3979/3979
f 3979/3979 3988/3988 3994/3994
f 3994/3994 4002/4002 4009/4009
f 4009/4009 4018/4018 4025/4025
f 4025/4025 4033/4033 4040/4040
f 4040/4040 4049/4049 4055/4055
f 4055/4055 4063/4063 4070/4070
f 4070/4070 4078/4078 4085/4085
f 4085/4085 4092/4092 4099/4099
f 4099/4099 3871/3871 3918/3918
f 3872/3872 3887/3887 3919/3919
f 3888/3888 3903/3903 3920/3920
f 3921/3921 3935/3935 3981/3981
f 3936/3936 3952/3952 3982/3982
f 3950/3950 3965/3965 3979/3979
f 3979/3979 3994/3994 4040/4040
f 3995/3995 4010/4010 4041/4041
f 4011/4011 4026/4026 4042/4042
f 4043/4043 4056/4056 4101/4101
f 4057/4057 4072/4072 4102/4102
f 4070/4070 4085/4085 4099/4099
f 4099/4099 3918/3918 3979/3979

o Material_003-material_1
usemtl Material.003
v 0.00000000 0.02369800 -3.32062170
v 0.00000000 0.02369800 -3.32062170
v 0.00000000 0.02369800 -3.32062170
v 0.00000000 3.11139200 -3.32062170
v 0.00000000 3.11139200 -3.32062170
v 0.00000000 3.11139200 -3.32062170
v 0.02611219 0.02369800 -3.31804988
v 0.02611219 0.02369800 -3.31804988
v 0.02611219 0.02369800 -3.31804988
v 0.02611219 0.02369800 -3.31804988
v 0.02611219 3.11139200 -3.31804988
v 0.02611219 3.11139200 -3.31804988
v 0.02611219 3.11139200 -3.31804988
v 0.02611219 3.11139200 -3.31804988
v 0.05122092 0.02369800 -3.31043322
v 0.05122092 0.02369800 -3.31043322
v 0.05122092 0.02369800 -3.31043322
v 0.05122092 0.02369800 -3.31043322
v 0.05122092 3.11139200 -3.31043322
v 0.05122092 3.11139200 -3.31043322
v 0.05122092 3.11139200 -3.31043322
v 0.07436125 0.02369800 -3.29806446
v 0.07436125 0.02369800 -3.29806446
v 0.07436125 0.02369800 -3.29806446
v 0.07436125 0.02369800 -3.29806446
v 0.07436125 0.02369800 -3.29806446
v 0.07436125 3.11139200 -3.29806446
v 0.07436125 3.11139200 -3.29806446
v 0.07436125 3.11139200 -3.29806446
v 0.07436125 3.11139200 -3.29806446
v 0.09464392 0.02369800 -3.28141892
v 0.09464392 0.02369800 -3.28141892
v 0.09464392 0.02369800 -3.28141892
v 0.09464392 0.02369800 -3.28141892
v 0.09464392 3.11139200 -3.28141892
v 0.09464392 3.11139200 -3.28141892
v 0.09464392 3.11139200 -3.28141892
v 0.11128946 0.02369800 -3.26113625
v 0.11128946 0.02369800 -3.26113625
v 0.11128946 0.02369800 -3.26113625
v 0.11128946 0.02369800 -3.26113625
v 0.11128946 3.11139200 -3.26113625
v 0.11128946 3.11139200 -3.26113625
v 0.11128946 3.11139200 -3.26113625
v 0.11128946 3.11139200 -3.26113625
v 0.12365822 0.02369800 -3.23799592
v 0.12365822 0.02369800 -3.23799592
v 0.12365822 0.02369800 -3.23799592
v 0.12365822 0.02369800 -3.23799592
v 0.12365822 3.11139200 -3.23799592
v 0.12365822 3.11139200 -3.23799592
v 0.12365822 3.11139200 -3.23799592
v 0.12365822 3.11139200 -3.23799592
v 0.13127488 0.02369800 -3.21288719
v 0.13127488 0.02369800 -3.21288719
v 0.13127488 0.02369800 -3.21288719
v 0.13127488 0.02369800 -3.21288719
v 0.13127488 0.02369800 -3.21288719
v 0.13127488 0.02369800 -3.21288719
v 0.13127488 3.11139200 -3.21288719
v 0.13127488 3.11139200 -3.21288719
v 0.13127488 3.11139200 -3.21288719
v 0.13384670 0.02369800 -3.18677500
v 0.13384670 0.02369800 -3.18677500
v 0.13384670 0.02369800 -3.18677500
v 0.13384670 3.11139200 -3.18677500
v 0.13384670 3.11139200 -3.18677500
v 0.13384670 3.11139200 -3.18677500
v 0.13384670 3.11139200 -3.18677500
v 0.13127488 0.02369800 -3.16066281
v 0.13127488 0.02369800 -3.16066281
v 0.13127488 0.02369800 -3.16066281
v 0.13127488 0.02369800 -3.16066281
v 0.13127488 0.02369800 -3.16066281
v 0.13127488 3.11139200 -3.16066281
v 0.13127488 3.11139200 -3.16066281
v 0.13127488 3.11139200 -3.16066281
v 0.13127488 3.11139200 -3.16066281
v 0.12365822 0.02369800 -3.13555408
v 0.12365822 0.02369800 -3.13555408
v 0.12365822 0.02369800 -3.13555408
v 0.12365822 3.11139200 -3.13555408
v 0.12365822 3.11139200 -3.13555408
v 0.12365822 3.11139200 -3.13555408
v 0.12365822 3.11139200 -3.13555408
v 0.11128946 0.02369800 -3.11241375
v 0.11128946 0.02369800 -3.11241375
v 0.11128946 0.02369800 -3.11241375
v 0.11128946 0.02369800 -3.11241375
v 0.11128946 0.02369800 -3.11241375
v 0.11128946 3.11139200 -3.11241375
v 0.11128946 3.11139200 -3.11241375
v 0.11128946 3.11139200 -3.11241375
v 0.09464392 0.02369800 -3.09213108
v 0.09464392 0.02369800 -3.09213108
v 0.09464392 0.02369800 -3.09213108
v 0.09464392 3.11139200 -3.09213108
v 0.09464392 3.11139200 -3.09213108
v 0.09464392 3.11139200 -3.09213108
v 0.09464392 3.11139200 -3.09213108
v 0.07436125 0.02369800 -3.07548554
v 0.07436125 0.02369800 -3.07548554
v 0.07436125 0.02369800 -3.07548554
v 0.07436125 0.02369800 -3.07548554
v 0.07436125 3.11139200 -3.07548554
v 0.07436125 3.11139200 -3.07548554
v 0.07436125 3.11139200 -3.07548554
v 0.05122092 0.02369800 -3.06311678
v 0.05122092 0.02369800 -3.06311678
v 0.05122092 0.02369800 -3.06311678
v 0.05122092 3.11139200 -3.06311678
v 0.05122092 3.11139200 -3.06311678
v 0.05122092 3.11139200 -3.06311678
v 0.05122092 3.11139200 -3.06311678
v 0.02611219 0.02369800 -3.05550012
v 0.02611219 0.02369800 -3.05550012
v 0.02611219 0.02369800 -3.05550012
v 0.02611219 0.02369800 -3.05550012
v 0.02611219 0.02369800 -3.05550012
v 0.02611219 0.02369800 -3.05550012
v 0.02611219 3.11139200 -3.05550012
v 0.02611219 3.11139200 -3.05550012
v 0.02611219 3.11139200 -3.05550012
v 0.00000000 0.02369800 -3.05292830
v 0.00000000 0.02369800 -3.05292830
v 0.00000000 0.02369800 -3.05292830
v 0.00000000 3.11139200 -3.05292830
v 0.00000000 3.11139200 -3.05292830
v 0.00000000 3.11139200 -3.05292830
v -0.02611219 0.02369800 -3.05550012
v -0.02611219 0.02369800 -3.05550012
v -0.02611219 0.02369800 -3.05550012
v -0.02611219 0.02369800 -3.05550012
v -0.02611219 3.11139200 -3.05550012
v -0.02611219 3.11139200 -3.05550012
v -0.02611219 3.11139200 -3.05550012
v -0.02611219 3.11139200 -3.05550012
v -0.05122092 0.02369800 -3.06311678
v -0.05122092 0.02369800 -3.06311678
v -0.05122092 0.02369800 -3.06311678
v -0.05122092 0.02369800 -3.06311678
v -0.05122092 3.11139200 -3.06311678
v -0.05122092 3.11139200 -3.06311678
v -0.05122092 3.11139200 -3.06311678
v -0.07436125 0.02369800 -3.07548554
v -0.07436125 0.02369800 -3.07548554
v -0.07436125 0.02369800 -3.07548554
v -0.07436125 0.02369800 -3.07548554
v -0.07436125 0.02369800 -3.07548554
v -0.07436125 3.11139200 -3.07548554
v -0.07436125 3.11139200 -3.07548554
v -0.07436125 3.11139200 -3.07548554
v -0.07436125 3.11139200 -3.07548554
v -0.09464392 0.02369800 -3.09213108
v -0.09464392 0.02369800 -3.09213108
v -0.09464392 0.02369800 -3.09213108
v -0.09464392 0.02369800 -3.09213108
v -0.09464392 3.11139200 -3.09213108
v -0.09464392 3.11139200 -3.09213108
v -0.09464392 3.11139200 -3.09213108
v -0.11128946 0.02369800 -3.11241375
v -0.11128946 0.02369800 -3.11241375
v -0.11128946 0.02369800 -3.11241375
v -0.11128946 0.02369800 -3.11241375
v -0.11128946 3.11139200 -3.11241375
v -0.11128946 3.11139200 -3.11241375
v -0.11128946 3.11139200 -3.11241375
v -0.11128946 3.11139200 -3.11241375
v -0.12365822 0.02369800 -3.13555408
v -0.12365822 0.02369800 -3.13555408
v -0.12365822 0.02369800 -3.13555408
v -0.12365822 0.02369800 -3.13555408
v -0.12365822 3.11139200 -3.13555408
v -0.12365822 3.11139200 -3.13555408
v -0.12365822 3.11139200 -3.13555408
v -0.13127488 0.02369800 -3.16066281
v -0.13127488 0.02369800 -3.16066281
v -0.13127488 0.02369800 -3.16066281
v -0.13127488 0.02369800 -3.16066281
v -0.13127488 0.02369800 -3.16066281
v -0.13127488 0.02369800 -3.16066281
v -0.13127488 3.11139200 -3.16066281
v -0.13127488 3.11139200 -3.16066281
v -0.13127488 3.11139200 -3.16066281
v -0.13384670 0.02369800 -3.18677500
v -0.13384670 0.02369800 -3.18677500
v -0.13384670 0.02369800 -3.18677500
v -0.13384670 3.11139200 -3.18677500
v -0.13384670 3.11139200 -3.18677500
v -0.13384670 3.11139200 -3.18677500
v -0.13127488 0.02369800 -3.21288719
v -0.13127488 0.02369800 -3.21288719
v -0.13127488 0.02369800 -3.21288719
v -0.13127488 0.02369800 -3.21288719
v -0.13127488 0.02369800 -3.21288719
v -0.13127488 3.11139200 -3.21288719
v -0.13127488 3.11139200 -3.21288719
v -0.13127488 3.11139200 -3.21288719
v -0.12365822 0.02369800 -3.23799592
v -0.12365822 0.02369800 -3.23799592
v -0.12365822 0.02369800 -3.23799592
v -0.12365822 3.11139200 -3.23799592
v -0.12365822 3.11139200 -3.23799592
v -0.12365822 3.11139200 -3.23799592
v -0.12365822 3.11139200 -3.23799592
v -0.11128946 0.02369800 -3.26113625
v -0.11128946 0.02369800 -3.26113625
v -0.11128946 0.02369800 -3.26113625
v -0.11128946 0.02369800 -3.26113625
v -0.11128946 0.02369800 -3.26113625
v -0.11128946 3.11139200 -3.26113625
v -0.11128946 3.11139200 -3.26113625
v -0.11128946 3.11139200 -3.26113625
v -0.09464392 0.02369800 -3.28141892
v -0.09464392 0.02369800 -3.28141892
v -0.09464392 0.02369800 -3.28141892
v -0.09464392 3.11139200 -3.28141892
v -0.09464392 3.11139200 -3.28141892
v -0.09464392 3.11139200 -3.28141892
v -0.09464392 3.11139200 -3.28141892
v -0.07436125 0.02369800 -3.29806446
v -0.07436125 0.02369800 -3.29806446
v -0.07436125 0.02369800 -3.29806446
v -0.07436125 0.02369800 -3.29806446
v -0.07436125 3.11139200 -3.29806446
v -0.07436125 3.11139200 -3.29806446
v -0.07436125 3.11139200 -3.29806446
v -0.05122092 0.02369800 -3.31043322
v -0.05122092 0.02369800 -3.31043322
v -0.05122092 0.02369800 -3.31043322
v -0.05122092 3.11139200 -3.31043322
v -0.05122092 3.11139200 -3.31043322
v -0.05122092 3.11139200 -3.31043322
v -0.05122092 3.11139200 -3.31043322
v -0.02611219 0.02369800 -3.31804988
v -0.02611219 0.02369800 -3.31804988
v -0.02611219 0.02369800 -3.31804988
v -0.02611219 0.02369800 -3.31804988
v -0.02611219 0.02369800 -3.31804988
v -0.02611219 0.02369800 -3.31804988
v -0.02611219 3.11139200 -3.31804988
v -0.02611219 3.11139200 -3.31804988
v -0.02611219 3.11139200 -3.31804988
vt 1.00000000 0.50000000
vt 0.00000000 0.50000000
vt 0.75000000 0.50999999
vt 1.00000000 0.00000000
vt 0.25000000 0.50999999
vt 0.00000000 0.00000000
vt 0.96875000 0.50000000
vt 0.96875000 0.50000000
vt 0.79682171 0.51461148
vt 0.79682171 0.51461148
vt 0.96875000 0.00000000
vt 0.96875000 0.00000000
vt 0.29682171 0.51461148
vt 0.96875000 0.00000000
vt 0.93750000 0.50000000
vt 0.93750000 0.50000000
vt 0.84184402 0.52826893
vt 0.93750000 0.50000000
vt 0.93750000 0.00000000
vt 0.34184399 0.52826893
vt 0.93750000 0.00000000
vt 0.90625000 0.50000000
vt 0.90625000 0.50000000
vt 0.88333690 0.55044729
vt 0.88333690 0.55044729
vt 0.88333690 0.55044729
vt 0.90625000 0.00000000
vt 0.90625000 0.00000000
vt 0.38333690 0.55044729
vt 0.90625000 0.00000000
vt 0.87500000 0.50000000
vt 0.87500000 0.50000000
vt 0.91970563 0.58029437
vt 0.87500000 0.50000000
vt 0.87500000 0.00000000
vt 0.41970560 0.58029437
vt 0.87500000 0.00000000
vt 0.84375000 0.50000000
vt 0.84375000 0.50000000
vt 0.94955271 0.61666310
vt 0.94955271 0.61666310
vt 0.84375000 0.00000000
vt 0.84375000 0.00000000
vt 0.44955271 0.61666310
vt 0.84375000 0.00000000
vt 0.81250000 0.50000000
vt 0.81250000 0.50000000
vt 0.97173113 0.65815604
vt 0.81250000 0.50000000
vt 0.81250000 0.00000000
vt 0.47173110 0.65815604
vt 0.81250000 0.00000000
vt 0.47173110 0.65815604
vt 0.78125000 0.50000000
vt 0.78125000 0.50000000
vt 0.98538852 0.70317829
vt 0.98538852 0.70317829
vt 0.98538852 0.70317829
vt 0.98538852 0.70317829
vt 0.78125000 0.00000000
vt 0.78125000 0.00000000
vt 0.48538849 0.70317829
vt 0.75000000 0.50000000
vt 0.75000000 0.50000000
vt 0.99000001 0.75000000
vt 0.75000000 0.00000000
vt 0.75000000 0.00000000
vt 0.49000001 0.75000000
vt 0.49000001 0.75000000
vt 0.71875000 0.50000000
vt 0.71875000 0.50000000
vt 0.98538852 0.79682171
vt 0.98538852 0.79682171
vt 0.98538852 0.79682171
vt 0.71875000 0.00000000
vt 0.71875000 0.00000000
vt 0.48538849 0.79682171
vt 0.48538849 0.79682171
vt 0.68750000 0.50000000
vt 0.68750000 0.50000000
vt 0.97173113 0.84184408
vt 0.68750000 0.00000000
vt 0.68750000 0.00000000
vt 0.47173110 0.84184408
vt 0.68750000 0.00000000
vt 0.65625000 0.50000000
vt 0.65625000 0.50000000
vt 0.94955271 0.88333690
vt 0.65625000 0.50000000
vt 0.94955271 0.88333690
vt 0.65625000 0.00000000
vt 0.44955271 0.88333690
vt 0.65625000 0.00000000
vt 0.62500000 0.50000000
vt 0.62500000 0.50000000
vt 0.91970563 0.91970563
vt 0.62500000 0.00000000
vt 0.62500000 0.00000000
vt 0.41970560 0.91970563
vt 0.62500000 0.00000000
vt 0.59375000 0.50000000
vt 0.59375000 0.50000000
vt 0.88333690 0.94955271
vt 0.59375000 0.50000000
vt 0.59375000 0.00000000
vt 0.38333690 0.94955271
vt 0.59375000 0.00000000
vt 0.56250000 0.50000000
vt 0.56250000 0.50000000
vt 0.84184402 0.97173113
vt 0.56250000 0.00000000
vt 0.56250000 0.00000000
vt 0.34184399 0.97173113
vt 0.56250000 0.00000000
vt 0.53125000 0.50000000
vt 0.53125000 0.50000000
vt 0.79682171 0.98538846
vt 0.53125000 0.50000000
vt 0.79682171 0.98538846
vt 0.79682171 0.98538846
vt 0.53125000 0.00000000
vt 0.29682171 0.98538846
vt 0.53125000 0.00000000
vt 0.50000000 0.50000000
vt 0.50000000 0.50000000
vt 0.75000000 0.99000001
vt 0.50000000 0.00000000
vt 0.50000000 0.00000000
vt 0.25000000 0.99000001
vt 0.46875000 0.50000000
vt 0.46875000 0.50000000
vt 0.70317841 0.98538846
vt 0.70317841 0.98538846
vt 0.46875000 0.00000000
vt 0.46875000 0.00000000
vt 0.20317830 0.98538846
vt 0.46875000 0.00000000
vt 0.43750000 0.50000000
vt 0.43750000 0.50000000
vt 0.65815598 0.97173113
vt 0.43750000 0.50000000
vt 0.43750000 0.00000000
vt 0.15815590 0.97173113
vt 0.43750000 0.00000000
vt 0.40625000 0.50000000
vt 0.40625000 0.50000000
vt 0.61666322 0.94955271
vt 0.61666322 0.94955271
vt 0.61666322 0.94955271
vt 0.40625000 0.00000000
vt 0.40625000 0.00000000
vt 0.11666310 0.94955271
vt 0.40625000 0.00000000
vt 0.37500000 0.50000000
vt 0.37500000 0.50000000
vt 0.58029437 0.91970563
vt 0.37500000 0.50000000
vt 0.37500000 0.00000000
vt 0.08029437 0.91970563
vt 0.37500000 0.00000000
vt 0.34375000 0.50000000
vt 0.34375000 0.50000000
vt 0.55044729 0.88333690
vt 0.55044729 0.88333690
vt 0.34375000 0.00000000
vt 0.34375000 0.00000000
vt 0.05044728 0.88333690
vt 0.34375000 0.00000000
vt 0.31250000 0.50000000
vt 0.31250000 0.50000000
vt 0.52826887 0.84184408
vt 0.31250000 0.50000000
vt 0.31250000 0.00000000
vt 0.02826887 0.84184408
vt 0.31250000 0.00000000
vt 0.28125000 0.50000000
vt 0.28125000 0.50000000
vt 0.51461160 0.79682171
vt 0.51461160 0.79682171
vt 0.51461160 0.79682171
vt 0.51461160 0.79682171
vt 0.28125000 0.00000000
vt 0.28125000 0.00000000
vt 0.01461154 0.79682171
vt 0.25000000 0.50000000
vt 0.25000000 0.50000000
vt 0.50999999 0.75000000
vt 0.25000000 0.00000000
vt 0.25000000 0.00000000
vt 0.00999999 0.75000000
vt 0.21875000 0.50000000
vt 0.21875000 0.50000000
vt 0.51461160 0.70317829
vt 0.51461160 0.70317829
vt 0.51461160 0.70317829
vt 0.21875000 0.00000000
vt 0.21875000 0.00000000
vt 0.01461154 0.70317829
vt 0.18750000 0.50000000
vt 0.18750000 0.50000000
vt 0.52826887 0.65815604
vt 0.18750000 0.00000000
vt 0.18750000 0.00000000
vt 0.02826887 0.65815604
vt 0.18750000 0.00000000
vt 0.15625000 0.50000000
vt 0.15625000 0.50000000
vt 0.55044729 0.61666310
vt 0.15625000 0.50000000
vt 0.55044729 0.61666310
vt 0.15625000 0.00000000
vt 0.05044728 0.61666310
vt 0.15625000 0.00000000
vt 0.12500000 0.50000000
vt 0.12500000 0.50000000
vt 0.58029437 0.58029437
vt 0.12500000 0.00000000
vt 0.12500000 0.00000000
vt 0.08029437 0.58029437
vt 0.12500000 0.00000000
vt 0.09375000 0.50000000
vt 0.09375000 0.50000000
vt 0.61666322 0.55044729
vt 0.09375000 0.50000000
vt 0.09375000 0.00000000
vt 0.11666310 0.55044729
vt 0.09375000 0.00000000
vt 0.06250000 0.50000000
vt 0.06250000 0.50000000
vt 0.65815598 0.52826893
vt 0.06250000 0.00000000
vt 0.15815590 0.52826893
vt 0.06250000 0.00000000
vt 0.06250000 0.00000000
vt 0.03125000 0.50000000
vt 0.03125000 0.50000000
vt 0.70317841 0.51461148
vt 0.03125000 0.50000000
vt 0.70317841 0.51461148
vt 0.70317841 0.51461148
vt 0.20317830 0.51461148
vt 0.03125000 0.00000000
vt 0.03125000 0.00000000
f 4109/4109 4112/4112 4106/4106
f 4117/4117 4120/4120 4113/4113
f 4124/4124 4127/4127 4121/4121
f 4133/4133 4136/4136 4128/4128
f 4140/4140 4143/4143 4137/4137
f 4148/4148 4151/4151 4144/4144
f 4155/4155 4159/4159 4152/4152
f 4166/4166 4168/4168 4160/4160
f 4172/4172 4175/4175 4169/4169
f 4181/4181 4184/4184 4176/4176
f 4188/4188 4191/4191 4185/4185
f 4196/4196 4199/4199 4192/4192
f 4203/4203 4206/4206 4200/4200
f 4210/4210 4213/4213 4207/4207
f 4217/4217 4220/4220 4214/4214
f 4226/4226 4229/4229 4221/4221
f 4233/4233 4235/4235 4230/4230
f 4240/4240 4243/4243 4236/4236
f 4247/4247 4250/4250 4244/4244
f 4256/4256 4259/4259 4251/4251
f 4263/4263 4266/4266 4260/4260
f 4271/4271 4274/4274 4267/4267
f 4278/4278 4281/4281 4275/4275
f 4288/4288 4290/4290 4282/4282
f 4294/4294 4296/4296 4291/4291
f 4302/4302 4304/4304 4297/4297
f 4308/4308 4311/4311 4305/4305
f 4316/4316 4319/4319 4312/4312
f 4323/4323 4326/4326 4320/4320
f 4330/4330 4333/4333 4327/4327
f 4248/4248 4189/4189 4125/4125
f 4338/4338 4340/4340 4334/4334
f 4347/4347 4107/4107 4341/4341
f 4222/4222 4283/4283 4342/4342
f 4109/4109 4116/4116 4112/4112
f 4119/4119 4126/4126 4123/4123
f 4124/4124 4132/4132 4127/4127
f 4135/4135 4142/4142 4139/4139
f 4140/4140 4147/4147 4143/4143
f 4150/4150 4157/4157 4154/4154
f 4155/4155 4165/4165 4159/4159
f 4166/4166 4171/4171 4168/4168
f 4172/4172 4180/4180 4175/4175
f 4181/4181 4187/4187 4184/4184
f 4190/4190 4198/4198 4194/4194
f 4196/4196 4202/4202 4199/4199
f 4205/4205 4212/4212 4209/4209
f 4210/4210 4216/4216 4213/4213
f 4219/4219 4228/4228 4223/4223
f 4226/4226 4232/4232 4229/4229
f 4233/4233 4239/4239 4235/4235
f 4242/4242 4249/4249 4246/4246
f 4247/4247 4255/4255 4250/4250
f 4258/4258 4265/4265 4262/4262
f 4263/4263 4270/4270 4266/4266
f 4273/4273 4280/4280 4277/4277
f 4278/4278 4287/4287 4281/4281
f 4288/4288 4293/4293 4290/4290
f 4294/4294 4301/4301 4296/4296
f 4302/4302 4307/4307 4304/4304
f 4310/4310 4318/4318 4314/4314
f 4316/4316 4322/4322 4319/4319
f 4325/4325 4332/4332 4329/4329
f 4330/4330 4336/4336 4333/4333
f 4125/4125 4118/4118 4110/4110
f 4110/4110 4346/4346 4125/4125
f 4346/4346 4337/4337 4125/4125
f 4337/4337 4331/4331 4324/4324
f 4324/4324 4317/4317 4309/4309
f 4309/4309 4303/4303 4295/4295
f 4295/4295 4289/4289 4309/4309
f 4289/4289 4279/4279 4309/4309
f 4279/4279 4272/4272 4264/4264
f 4264/4264 4257/4257 4248/4248
f 4248/4248 4241/4241 4218/4218
f 4241/4241 4234/4234 4218/4218
f 4234/4234 4227/4227 4218/4218
f 4218/4218 4211/4211 4204/4204
f 4204/4204 4197/4197 4189/4189
f 4189/4189 4182/4182 4156/4156
f 4183/4183 4174/4174 4158/4158
f 4173/4173 4167/4167 4156/4156
f 4156/4156 4149/4149 4141/4141
f 4141/4141 4134/4134 4125/4125
f 4337/4337 4324/4324 4125/4125
f 4324/4324 4309/4309 4125/4125
f 4279/4279 4264/4264 4309/4309
f 4264/4264 4248/4248 4309/4309
f 4218/4218 4204/4204 4248/4248
f 4204/4204 4189/4189 4248/4248
f 4156/4156 4141/4141 4189/4189
f 4141/4141 4125/4125 4189/4189
f 4125/4125 4309/4309 4248/4248
f 4339/4339 4348/4348 4343/4343
f 4347/4347 4111/4111 4107/4107
f 4342/4342 4108/4108 4114/4114
f 4114/4114 4122/4122 4129/4129
f 4129/4129 4138/4138 4145/4145
f 4145/4145 4153/4153 4161/4161
f 4161/4161 4170/4170 4177/4177
f 4177/4177 4186/4186 4193/4193
f 4193/4193 4201/4201 4208/4208
f 4208/4208 4215/4215 4222/4222
f 4222/4222 4231/4231 4237/4237
f 4237/4237 4245/4245 4252/4252
f 4252/4252 4261/4261 4268/4268
f 4268/4268 4276/4276 4283/4283
f 4283/4283 4292/4292 4298/4298
f 4298/4298 4306/4306 4313/4313
f 4313/4313 4321/4321 4328/4328
f 4328/4328 4335/4335 4342/4342
f 4342/4342 4114/4114 4161/4161
f 4115/4115 4130/4130 4162/4162
f 4131/4131 4146/4146 4163/4163
f 4164/4164 4178/4178 4224/4224
f 4179/4179 4195/4195 4225/4225
f 4193/4193 4208/4208 4222/4222
f 4222/4222 4237/4237 4283/4283
f 4238/4238 4253/4253 4284/4284
f 4254/4254 4269/4269 4285/4285
f 4286/4286 4299/4299 4344/4344
f 4300/4300 4315/4315 4345/4345
f 4313/4313 4328/4328 4342/4342
f 4342/4342 4161/4161 4222/4222

o Material_003-material
usemtl Material.003
v 0.00000000 0.02369800 -0.13384670
v 0.00000000 0.02369800 -0.13384670
v 0.00000000 0.02369800 -0.13384670
v 0.00000000 3.11139200 -0.13384670
v 0.00000000 3.11139200 -0.13384670
v 0.00000000 3.11139200 -0.13384670
v 0.02611219 0.02369800 -0.13127488
v 0.02611219 0.02369800 -0.13127488
v 0.02611219 0.02369800 -0.13127488
v 0.02611219 0.02369800 -0.13127488
v 0.02611219 3.11139200 -0.13127488
v 0.02611219 3.11139200 -0.13127488
v 0.02611219 3.11139200 -0.13127488
v 0.02611219 3.11139200 -0.13127488
v 0.05122092 0.02369800 -0.12365822
v 0.05122092 0.02369800 -0.12365822
v 0.05122092 0.02369800 -0.12365822
v 0.05122092 0.02369800 -0.12365822
v 0.05122092 3.11139200 -0.12365822
v 0.05122092 3.11139200 -0.12365822
v 0.05122092 3.11139200 -0.12365822
v 0.07436125 0.02369800 -0.11128946
v 0.07436125 0.02369800 -0.11128946
v 0.07436125 0.02369800 -0.11128946
v 0.07436125 0.02369800 -0.11128946
v 0.07436125 0.02369800 -0.11128946
v 0.07436125 3.11139200 -0.11128946
v 0.07436125 3.11139200 -0.11128946
v 0.07436125 3.11139200 -0.11128946
v 0.07436125 3.11139200 -0.11128946
v 0.09464392 0.02369800 -0.09464392
v 0.09464392 0.02369800 -0.09464392
v 0.09464392 0.02369800 -0.09464392
v 0.09464392 0.02369800 -0.09464392
v 0.09464392 3.11139200 -0.09464392
v 0.09464392 3.11139200 -0.09464392
v 0.09464392 3.11139200 -0.09464392
v 0.11128946 0.02369800 -0.07436125
v 0.11128946 0.02369800 -0.07436125
v 0.11128946 0.02369800 -0.07436125
v 0.11128946 0.02369800 -0.07436125
v 0.11128946 3.11139200 -0.07436125
v 0.11128946 3.11139200 -0.07436125
v 0.11128946 3.11139200 -0.07436125
v 0.11128946 3.11139200 -0.07436125
v 0.12365822 0.02369800 -0.05122092
v 0.12365822 0.02369800 -0.05122092
v 0.12365822 0.02369800 -0.05122092
v 0.12365822 0.02369800 -0.05122092
v 0.12365822 3.11139200 -0.05122092
v 0.12365822 3.11139200 -0.05122092
v 0.12365822 3.11139200 -0.05122092
v 0.12365822 3.11139200 -0.05122092
v 0.13127488 0.02369800 -0.02611219
v 0.13127488 0.02369800 -0.02611219
v 0.13127488 0.02369800 -0.02611219
v 0.13127488 0.02369800 -0.02611219
v 0.13127488 0.02369800 -0.02611219
v 0.13127488 0.02369800 -0.02611219
v 0.13127488 3.11139200 -0.02611219
v 0.13127488 3.11139200 -0.02611219
v 0.13127488 3.11139200 -0.02611219
v 0.13384670 0.02369800 0.00000000
v 0.13384670 0.02369800 0.00000000
v 0.13384670 0.02369800 0.00000000
v 0.13384670 3.11139200 0.00000000
v 0.13384670 3.11139200 0.00000000
v 0.13384670 3.11139200 0.00000000
v 0.13384670 3.11139200 0.00000000
v 0.13127488 0.02369800 0.02611219
v 0.13127488 0.02369800 0.02611219
v 0.13127488 0.02369800 0.02611219
v 0.13127488 0.02369800 0.02611219
v 0.13127488 0.02369800 0.02611219
v 0.13127488 3.11139200 0.02611219
v 0.13127488 3.11139200 0.02611219
v 0.13127488 3.11139200 0.02611219
v 0.13127488 3.11139200 0.02611219
v 0.12365822 0.02369800 0.05122092
v 0.12365822 0.02369800 0.05122092
v 0.12365822 0.02369800 0.05122092
v 0.12365822 3.11139200 0.05122092
v 0.12365822 3.11139200 0.05122092
v 0.12365822 3.11139200 0.05122092
v 0.12365822 3.11139200 0.05122092
v 0.11128946 0.02369800 0.07436125
v 0.11128946 0.02369800 0.07436125
v 0.11128946 0.02369800 0.07436125
v 0.11128946 0.02369800 0.07436125
v 0.11128946 0.02369800 0.07436125
v 0.11128946 3.11139200 0.07436125
v 0.11128946 3.11139200 0.07436125
v 0.11128946 3.11139200 0.07436125
v 0.09464392 0.02369800 0.09464392
v 0.09464392 0.02369800 0.09464392
v 0.09464392 0.02369800 0.09464392
v 0.09464392 3.11139200 0.09464392
v 0.09464392 3.11139200 0.09464392
v 0.09464392 3.11139200 0.09464392
v 0.09464392 3.11139200 0.09464392
v 0.07436125 0.02369800 0.11128946
v 0.07436125 0.02369800 0.11128946
v 0.07436125 0.02369800 0.11128946
v 0.07436125 0.02369800 0.11128946
v 0.07436125 3.11139200 0.11128946
v 0.07436125 3.11139200 0.11128946
v 0.07436125 3.11139200 0.11128946
v 0.05122092 0.02369800 0.12365822
v 0.05122092 0.02369800 0.12365822
v 0.05122092 0.02369800 0.12365822
v 0.05122092 3.11139200 0.12365822
v 0.05122092 3.11139200 0.12365822
v 0.05122092 3.11139200 0.12365822
v 0.05122092 3.11139200 0.12365822
v 0.02611219 0.02369800 0.13127488
v 0.02611219 0.02369800 0.13127488
v 0.02611219 0.02369800 0.13127488
v 0.02611219 0.02369800 0.13127488
v 0.02611219 0.02369800 0.13127488
v 0.02611219 0.02369800 0.13127488
v 0.02611219 3.11139200 0.13127488
v 0.02611219 3.11139200 0.13127488
v 0.02611219 3.11139200 0.13127488
v 0.00000000 0.02369800 0.13384670
v 0.00000000 0.02369800 0.13384670
v 0.00000000 0.02369800 0.13384670
v 0.00000000 3.11139200 0.13384670
v 0.00000000 3.11139200 0.13384670
v 0.00000000 3.11139200 0.13384670
v -0.02611219 0.02369800 0.13127488
v -0.02611219 0.02369800 0.13127488
v -0.02611219 0.02369800 0.13127488
v -0.02611219 0.02369800 0.13127488
v -0.02611219 3.11139200 0.13127488
v -0.02611219 3.11139200 0.13127488
v -0.02611219 3.11139200 0.13127488
v -0.02611219 3.11139200 0.13127488
v -0.05122092 0.02369800 0.12365822
v -0.05122092 0.02369800 0.12365822
v -0.05122092 0.02369800 0.12365822
v -0.05122092 0.02369800 0.12365822
v -0.05122092 3.11139200 0.12365822
v -0.05122092 3.11139200 0.12365822
v -0.05122092 3.11139200 0.12365822
v -0.07436125 0.02369800 0.11128946
v -0.07436125 0.02369800 0.11128946
v -0.07436125 0.02369800 0.11128946
v -0.07436125 0.02369800 0.11128946
v -0.07436125 0.02369800 0.11128946
v -0.07436125 3.11139200 0.11128946
v -0.07436125 3.11139200 0.11128946
v -0.07436125 3.11139200 0.11128946
v -0.07436125 3.11139200 0.11128946
v -0.09464392 0.02369800 0.09464392
v -0.09464392 0.02369800 0.09464392
v -0.09464392 0.02369800 0.09464392
v -0.09464392 0.02369800 0.09464392
v -0.09464392 3.11139200 0.09464392
v -0.09464392 3.11139200 0.09464392
v -0.09464392 3.11139200 0.09464392
v -0.11128946 0.02369800 0.07436125
v -0.11128946 0.02369800 0.07436125
v -0.11128946 0.02369800 0.07436125
v -0.11128946 0.02369800 0.07436125
v -0.11128946 3.11139200 0.07436125
v -0.11128946 3.11139200 0.07436125
v -0.11128946 3.11139200 0.07436125
v -0.11128946 3.11139200 0.07436125
v -0.12365822 0.02369800 0.05122092
v -0.12365822 0.02369800 0.05122092
v -0.12365822 0.02369800 0.05122092
v -0.12365822 0.02369800 0.05122092
v -0.12365822 3.11139200 0.05122092
v -0.12365822 3.11139200 0.05122092
v -0.12365822 3.11139200 0.05122092
v -0.13127488 0.02369800 0.02611219
v -0.13127488 0.02369800 0.02611219
v -0.13127488 0.02369800 0.02611219
v -0.13127488 0.02369800 0.02611219
v -0.13127488 0.02369800 0.02611219
v -0.13127488 0.02369800 0.02611219
v -0.13127488 3.11139200 0.02611219
v -0.13127488 3.11139200 0.02611219
v -0.13127488 3.11139200 0.02611219
v -0.13384670 0.02369800 0.00000000
v -0.13384670 0.02369800 0.00000000
v -0.13384670 0.02369800 0.00000000
v -0.13384670 3.11139200 0.00000000
v -0.13384670 3.11139200 0.00000000
v -0.13384670 3.11139200 0.00000000
v -0.13127488 0.02369800 -0.02611219
v -0.13127488 0.02369800 -0.02611219
v -0.13127488 0.02369800 -0.02611219
v -0.13127488 0.02369800 -0.02611219
v -0.13127488 0.02369800 -0.02611219
v -0.13127488 3.11139200 -0.02611219
v -0.13127488 3.11139200 -0.02611219
v -0.13127488 3.11139200 -0.02611219
v -0.12365822 0.02369800 -0.05122092
v -0.12365822 0.02369800 -0.05122092
v -0.12365822 0.02369800 -0.05122092
v -0.12365822 3.11139200 -0.05122092
v -0.12365822 3.11139200 -0.05122092
v -0.12365822 3.11139200 -0.05122092
v -0.12365822 3.11139200 -0.05122092
v -0.11128946 0.02369800 -0.07436125
v -0.11128946 0.02369800 -0.07436125
v -0.11128946 0.02369800 -0.07436125
v -0.11128946 0.02369800 -0.07436125
v -0.11128946 0.02369800 -0.07436125
v -0.11128946 3.11139200 -0.07436125
v -0.11128946 3.11139200 -0.07436125
v -0.11128946 3.11139200 -0.07436125
v -0.09464392 0.02369800 -0.09464392
v -0.09464392 0.02369800 -0.09464392
v -0.09464392 0.02369800 -0.09464392
v -0.09464392 3.11139200 -0.09464392
v -0.09464392 3.11139200 -0.09464392
v -0.09464392 3.11139200 -0.09464392
v -0.09464392 3.11139200 -0.09464392
v -0.07436125 0.02369800 -0.11128946
v -0.07436125 0.02369800 -0.11128946
v -0.07436125 0.02369800 -0.11128946
v -0.07436125 0.02369800 -0.11128946
v -0.07436125 3.11139200 -0.11128946
v -0.07436125 3.11139200 -0.11128946
v -0.07436125 3.11139200 -0.11128946
v -0.05122092 0.02369800 -0.12365822
v -0.05122092 0.02369800 -0.12365822
v -0.05122092 0.02369800 -0.12365822
v -0.05122092 3.11139200 -0.12365822
v -0.05122092 3.11139200 -0.12365822
v -0.05122092 3.11139200 -0.12365822
v -0.05122092 3.11139200 -0.12365822
v -0.02611219 0.02369800 -0.13127488
v -0.02611219 0.02369800 -0.13127488
v -0.02611219 0.02369800 -0.13127488
v -0.02611219 0.02369800 -0.13127488
v -0.02611219 0.02369800 -0.13127488
v -0.02611219 0.02369800 -0.13127488
v -0.02611219 3.11139200 -0.13127488
v -0.02611219 3.11139200 -0.13127488
v -0.02611219 3.11139200 -0.13127488
vt 1.00000000 0.50000000
vt 0.00000000 0.50000000
vt 0.75000000 0.50999999
vt 1.00000000 0.00000000
vt 0.25000000 0.50999999
vt 0.00000000 0.00000000
vt 0.96875000 0.50000000
vt 0.96875000 0.50000000
vt 0.79682171 0.51461148
vt 0.79682171 0.51461148
vt 0.96875000 0.00000000
vt 0.96875000 0.00000000
vt 0.29682171 0.51461148
vt 0.96875000 0.00000000
vt 0.93750000 0.50000000
vt 0.93750000 0.50000000
vt 0.84184402 0.52826893
vt 0.93750000 0.50000000
vt 0.93750000 0.00000000
vt 0.34184399 0.52826893
vt 0.93750000 0.00000000
vt 0.90625000 0.50000000
vt 0.90625000 0.50000000
vt 0.88333690 0.55044729
vt 0.88333690 0.55044729
vt 0.88333690 0.55044729
vt 0.90625000 0.00000000
vt 0.90625000 0.00000000
vt 0.38333690 0.55044729
vt 0.90625000 0.00000000
vt 0.87500000 0.50000000
vt 0.87500000 0.50000000
vt 0.91970563 0.58029437
vt 0.87500000 0.50000000
vt 0.87500000 0.00000000
vt 0.41970560 0.58029437
vt 0.87500000 0.00000000
vt 0.84375000 0.50000000
vt 0.84375000 0.50000000
vt 0.94955271 0.61666310
vt 0.94955271 0.61666310
vt 0.84375000 0.00000000
vt 0.84375000 0.00000000
vt 0.44955271 0.61666310
vt 0.84375000 0.00000000
vt 0.81250000 0.50000000
vt 0.81250000 0.50000000
vt 0.97173113 0.65815604
vt 0.81250000 0.50000000
vt 0.81250000 0.00000000
vt 0.47173110 0.65815604
vt 0.81250000 0.00000000
vt 0.47173110 0.65815604
vt 0.78125000 0.50000000
vt 0.78125000 0.50000000
vt 0.98538852 0.70317829
vt 0.98538852 0.70317829
vt 0.98538852 0.70317829
vt 0.98538852 0.70317829
vt 0.78125000 0.00000000
vt 0.78125000 0.00000000
vt 0.48538849 0.70317829
vt 0.75000000 0.50000000
vt 0.75000000 0.50000000
vt 0.99000001 0.75000000
vt 0.75000000 0.00000000
vt 0.75000000 0.00000000
vt 0.49000001 0.75000000
vt 0.49000001 0.75000000
vt 0.71875000 0.50000000
vt 0.71875000 0.50000000
vt 0.98538852 0.79682171
vt 0.98538852 0.79682171
vt 0.98538852 0.79682171
vt 0.71875000 0.00000000
vt 0.71875000 0.00000000
vt 0.48538849 0.79682171
vt 0.48538849 0.79682171
vt 0.68750000 0.50000000
vt 0.68750000 0.50000000
vt 0.97173113 0.84184408
vt 0.68750000 0.00000000
vt 0.68750000 0.00000000
vt 0.47173110 0.84184408
vt 0.68750000 0.00000000
vt 0.65625000 0.50000000
vt 0.65625000 0.50000000
vt 0.94955271 0.88333690
vt 0.65625000 0.50000000
vt 0.94955271 0.88333690
vt 0.65625000 0.00000000
vt 0.44955271 0.88333690
vt 0.65625000 0.00000000
vt 0.62500000 0.50000000
vt 0.62500000 0.50000000
vt 0.91970563 0.91970563
vt 0.62500000 0.00000000
vt 0.62500000 0.00000000
vt 0.41970560 0.91970563
vt 0.62500000 0.00000000
vt 0.59375000 0.50000000
vt 0.59375000 0.50000000
vt 0.88333690 0.94955271
vt 0.59375000 0.50000000
vt 0.59375000 0.00000000
vt 0.38333690 0.94955271
vt 0.59375000 0.00000000
vt 0.56250000 0.50000000
vt 0.56250000 0.50000000
vt 0.84184402 0.97173113
vt 0.56250000 0.00000000
vt 0.56250000 0.00000000
vt 0.34184399 0.97173113
vt 0.56250000 0.00000000
vt 0.53125000 0.50000000
vt 0.53125000 0.50000000
vt 0.79682171 0.98538846
vt 0.53125000 0.50000000
vt 0.79682171 0.98538846
vt 0.79682171 0.98538846
vt 0.53125000 0.00000000
vt 0.29682171 0.98538846
vt 0.53125000 0.00000000
vt 0.50000000 0.50000000
vt 0.50000000 0.50000000
vt 0.75000000 0.99000001
vt 0.50000000 0.00000000
vt 0.50000000 0.00000000
vt 0.25000000 0.99000001
vt 0.46875000 0.50000000
vt 0.46875000 0.50000000
vt 0.70317841 0.98538846
vt 0.70317841 0.98538846
vt 0.46875000 0.00000000
vt 0.46875000 0.00000000
vt 0.20317830 0.98538846
vt 0.46875000 0.00000000
vt 0.43750000 0.50000000
vt 0.43750000 0.50000000
vt 0.65815598 0.97173113
vt 0.43750000 0.50000000
vt 0.43750000 0.00000000
vt 0.15815590 0.97173113
vt 0.43750000 0.00000000
vt 0.40625000 0.50000000
vt 0.40625000 0.50000000
vt 0.61666322 0.94955271
vt 0.61666322 0.94955271
vt 0.61666322 0.94955271
vt 0.40625000 0.00000000
vt 0.40625000 0.00000000
vt 0.11666310 0.94955271
vt 0.40625000 0.00000000
vt 0.37500000 0.50000000
vt 0.37500000 0.50000000
vt 0.58029437 0.91970563
vt 0.37500000 0.50000000
vt 0.37500000 0.00000000
vt 0.08029437 0.91970563
vt 0.37500000 0.00000000
vt 0.34375000 0.50000000
vt 0.34375000 0.50000000
vt 0.55044729 0.88333690
vt 0.55044729 0.88333690
vt 0.34375000 0.00000000
vt 0.34375000 0.00000000
vt 0.05044728 0.88333690
vt 0.34375000 0.00000000
vt 0.31250000 0.50000000
vt 0.31250000 0.50000000
vt 0.52826887 0.84184408
vt 0.31250000 0.50000000
vt 0.31250000 0.00000000
vt 0.02826887 0.84184408
vt 0.31250000 0.00000000
vt 0.28125000 0.50000000
vt 0.28125000 0.50000000
vt 0.51461160 0.79682171
vt 0.51461160 0.79682171
vt 0.51461160 0.79682171
vt 0.51461160 0.79682171
vt 0.28125000 0.00000000
vt 0.28125000 0.00000000
vt 0.01461154 0.79682171
vt 0.25000000 0.50000000
vt 0.25000000 0.50000000
vt 0.50999999 0.75000000
vt 0.25000000 0.00000000
vt 0.25000000 0.00000000
vt 0.00999999 0.75000000
vt 0.21875000 0.50000000
vt 0.21875000 0.50000000
vt 0.51461160 0.70317829
vt 0.51461160 0.70317829
vt 0.51461160 0.70317829
vt 0.21875000 0.00000000
vt 0.21875000 0.00000000
vt 0.01461154 0.70317829
vt 0.18750000 0.50000000
vt 0.18750000 0.50000000
vt 0.52826887 0.65815604
vt 0.18750000 0.00000000
vt 0.18750000 0.00000000
vt 0.02826887 0.65815604
vt 0.18750000 0.00000000
vt 0.15625000 0.50000000
vt 0.15625000 0.50000000
vt 0.55044729 0.61666310
vt 0.15625000 0.50000000
vt 0.55044729 0.61666310
vt 0.15625000 0.00000000
vt 0.05044728 0.61666310
vt 0.15625000 0.00000000
vt 0.12500000 0.50000000
vt 0.12500000 0.50000000
vt 0.58029437 0.58029437
vt 0.12500000 0.00000000
vt 0.12500000 0.00000000
vt 0.08029437 0.58029437
vt 0.12500000 0.00000000
vt 0.09375000 0.50000000
vt 0.09375000 0.50000000
vt 0.61666322 0.55044729
vt 0.09375000 0.50000000
vt 0.09375000 0.00000000
vt 0.11666310 0.55044729
vt 0.09375000 0.00000000
vt 0.06250000 0.50000000
vt 0.06250000 0.50000000
vt 0.65815598 0.52826893
vt 0.06250000 0.00000000
vt 0.15815590 0.52826893
vt 0.06250000 0.00000000
vt 0.06250000 0.00000000
vt 0.03125000 0.50000000
vt 0.03125000 0.50000000
vt 0.70317841 0.51461148
vt 0.03125000 0.50000000
vt 0.70317841 0.51461148
vt 0.70317841 0.51461148
vt 0.20317830 0.51461148
vt 0.03125000 0.00000000
vt 0.03125000 0.00000000
f 4352/4352 4355/4355 4349/4349
f 4360/4360 4363/4363 4356/4356
f 4367/4367 4370/4370 4364/4364
f 4376/4376 4379/4379 4371/4371
f 4383/4383 4386/4386 4380/4380
f 4391/4391 4394/4394 4387/4387
f 4398/4398 4402/4402 4395/4395
f 4409/4409 4411/4411 4403/4403
f 4415/4415 4418/4418 4412/4412
f 4424/4424 4427/4427 4419/4419
f 4431/4431 4434/4434 4428/4428
f 4439/4439 4442/4442 4435/4435
f 4446/4446 4449/4449 4443/4443
f 4453/4453 4456/4456 4450/4450
f 4460/4460 4463/4463 4457/4457
f 4469/4469 4472/4472 4464/4464
f 4476/4476 4478/4478 4473/4473
f 4483/4483 4486/4486 4479/4479
f 4490/4490 4493/4493 4487/4487
f 4499/4499 4502/4502 4494/4494
f 4506/4506 4509/4509 4503/4503
f 4514/4514 4517/4517 4510/4510
f 4521/4521 4524/4524 4518/4518
f 4531/4531 4533/4533 4525/4525
f 4537/4537 4539/4539 4534/4534
f 4545/4545 4547/4547 4540/4540
f 4551/4551 4554/4554 4548/4548
f 4559/4559 4562/4562 4555/4555
f 4566/4566 4569/4569 4563/4563
f 4573/4573 4576/4576 4570/4570
f 4491/4491 4432/4432 4368/4368
f 4581/4581 4583/4583 4577/4577
f 4590/4590 4350/4350 4584/4584
f 4465/4465 4526/4526 4585/4585
f 4352/4352 4359/4359 4355/4355
f 4362/4362 4369/4369 4366/4366
f 4367/4367 4375/4375 4370/4370
f 4378/4378 4385/4385 4382/4382
f 4383/4383 4390/4390 4386/4386
f 4393/4393 4400/4400 4397/4397
f 4398/4398 4408/4408 4402/4402
f 4409/4409 4414/4414 4411/4411
f 4415/4415 4423/4423 4418/4418
f 4424/4424 4430/4430 4427/4427
f 4433/4433 4441/4441 4437/4437
f 4439/4439 4445/4445 4442/4442
f 4448/4448 4455/4455 4452/4452
f 4453/4453 4459/4459 4456/4456
f 4462/4462 4471/4471 4466/4466
f 4469/4469 4475/4475 4472/4472
f 4476/4476 4482/4482 4478/4478
f 4485/4485 4492/4492 4489/4489
f 4490/4490 4498/4498 4493/4493
f 4501/4501 4508/4508 4505/4505
f 4506/4506 4513/4513 4509/4509
f 4516/4516 4523/4523 4520/4520
f 4521/4521 4530/4530 4524/4524
f 4531/4531 4536/4536 4533/4533
f 4537/4537 4544/4544 4539/4539
f 4545/4545 4550/4550 4547/4547
f 4553/4553 4561/4561 4557/4557
f 4559/4559 4565/4565 4562/4562
f 4568/4568 4575/4575 4572/4572
f 4573/4573 4579/4579 4576/4576
f 4368/4368 4361/4361 4353/4353
f 4353/4353 4589/4589 4368/4368
f 4589/4589 4580/4580 4368/4368
f 4580/4580 4574/4574 4567/4567
f 4567/4567 4560/4560 4552/4552
f 4552/4552 4546/4546 4538/4538
f 4538/4538 4532/4532 4552/4552
f 4532/4532 4522/4522 4552/4552
f 4522/4522 4515/4515 4507/4507
f 4507/4507 4500/4500 4491/4491
f 4491/4491 4484/4484 4461/4461
f 4484/4484 4477/4477 4461/4461
f 4477/4477 4470/4470 4461/4461
f 4461/4461 4454/4454 4447/4447
f 4447/4447 4440/4440 4432/4432
f 4432/4432 4425/4425 4399/4399
f 4426/4426 4417/4417 4401/4401
f 4416/4416 4410/4410 4399/4399
f 4399/4399 4392/4392 4384/4384
f 4384/4384 4377/4377 4368/4368
f 4580/4580 4567/4567 4368/4368
f 4567/4567 4552/4552 4368/4368
f 4522/4522 4507/4507 4552/4552
f 4507/4507 4491/4491 4552/4552
f 4461/4461 4447/4447 4491/4491
f 4447/4447 4432/4432 4491/4491
f 4399/4399 4384/4384 4432/4432
f 4384/4384 4368/4368 4432/4432
f 4368/4368 4552/4552 4491/4491
f 4582/4582 4591/4591 4586/4586
f 4590/4590 4354/4354 4350/4350
f 4585/4585 4351/4351 4357/4357
f 4357/4357 4365/4365 4372/4372
f 4372/4372 4381/4381 4388/4388
f 4388/4388 4396/4396 4404/4404
f 4404/4404 4413/4413 4420/4420
f 4420/4420 4429/4429 4436/4436
f 4436/4436 4444/4444 4451/4451
f 4451/4451 4458/4458 4465/4465
f 4465/4465 4474/4474 4480/4480
f 4480/4480 4488/4488 4495/4495
f 4495/4495 4504/4504 4511/4511
f 4511/4511 4519/4519 4526/4526
f 4526/4526 4535/4535 4541/4541
f 4541/4541 4549/4549 4556/4556
f 4556/4556 4564/4564 4571/4571
f 4571/4571 4578/4578 4585/4585
f 4585/4585 4357/4357 4404/4404
f 4358/4358 4373/4373 4405/4405
f 4374/4374 4389/4389 4406/4406
f 4407/4407 4421/4421 4467/4467
f 4422/4422 4438/4438 4468/4468
f 4436/4436 4451/4451 4465/4465
f 4465/4465 4480/4480 4526/4526
f 4481/4481 4496/4496 4527/4527
f 4497/4497 4512/4512 4528/4528
f 4529/4529 4542/4542 4587/4587
f 4543/4543 4558/4558 4588/4588
f 4556/4556 4571/4571 4585/4585
f 4585/4585 4404/4404 4465/4465

