# https://github.com/mikedh/trimesh
mtllib material.mtl

o BW.011_dark_0
usemtl dark
v -83.14801627 1.07858855 248.25048562
v -83.14801627 1.04398073 248.18573868
v -83.11185496 1.04398073 248.18573868
v -83.11185496 1.07858855 248.25048562
v -83.14801627 1.09989997 248.32074016
v -83.14801627 1.07858855 248.25048562
v -83.11185496 1.07858855 248.25048562
v -83.11185496 1.09989997 248.32074016
v -83.11185496 1.07858855 248.25048562
v -83.11185496 1.04398073 248.18573868
v -83.11185496 1.05754020 248.17667883
v -83.11185496 1.09365499 248.24424502
v -83.11185496 1.09989997 248.32074016
v -83.11185496 1.07858855 248.25048562
v -83.11185496 1.09365499 248.24424502
v -83.11185496 1.11589444 248.31755917
v -83.14801627 1.05754020 248.17667882
v -83.14801627 1.09365499 248.24424502
v -83.11185496 1.09365499 248.24424502
v -83.11185496 1.05754020 248.17667883
v -83.14801627 1.09365499 248.24424502
v -83.14801627 1.11589444 248.31755917
v -83.11185496 1.11589444 248.31755917
v -83.11185496 1.09365499 248.24424502
v -83.14801626 1.19759590 248.20119146
v -83.14801626 1.15108444 248.11417446
v -83.13176242 1.15108444 248.11417446
v -83.13176242 1.19759590 248.20119146
v -83.14801626 1.22623748 248.29561038
v -83.14801626 1.19759590 248.20119146
v -83.13176242 1.19759590 248.20119146
v -83.13176242 1.22623748 248.29561038
v -83.13176242 1.19759590 248.20119146
v -83.13176242 1.15108444 248.11417446
v -83.13176242 1.16174837 248.10704858
v -83.13176242 1.20944499 248.19628275
v -83.13176242 1.22623748 248.29561038
v -83.13176242 1.19759590 248.20119146
v -83.13176242 1.20944499 248.19628275
v -83.13176242 1.23881644 248.29310843
v -83.14801626 1.16174837 248.10704858
v -83.14801626 1.20944499 248.19628275
v -83.13176242 1.20944499 248.19628275
v -83.13176242 1.16174837 248.10704858
v -83.14801626 1.20944499 248.19628275
v -83.14801626 1.23881644 248.29310843
v -83.13176242 1.23881644 248.29310843
v -83.13176242 1.20944499 248.19628275
v -83.14801626 1.23881644 248.29310843
v -83.14801627 1.24873398 248.39380285
v -83.13176243 1.24873398 248.39380285
v -83.13176242 1.23881644 248.29310843
v -83.13176243 1.23590856 248.39380285
v -83.13176243 1.24873398 248.39380285
v -83.14801627 1.24873398 248.39380285
v -83.14801627 1.23881644 248.49449728
v -83.13176243 1.23881644 248.49449728
v -83.13176243 1.24873398 248.39380285
v -83.13176243 1.22623748 248.49199533
v -83.13176243 1.23881644 248.49449728
v -83.14801627 1.23590856 248.39380285
v -83.14801626 1.22623748 248.29561038
v -83.13176242 1.22623748 248.29561038
v -83.13176243 1.23590856 248.39380285
v -83.14801627 1.22623748 248.49199533
v -83.14801627 1.23590856 248.39380285
v -83.13176243 1.23590856 248.39380285
v -83.13176243 1.22623748 248.49199533
v -83.14801628 1.19759583 248.58641426
v -83.14801627 1.22623748 248.49199533
v -83.13176243 1.22623748 248.49199533
v -83.13176244 1.19759583 248.58641426
v -83.13176244 1.19759583 248.58641426
v -83.13176244 1.20944496 248.59132298
v -83.14801627 1.12340375 248.39380285
v -83.14801628 1.11589444 248.47004654
v -83.11185497 1.11589444 248.47004654
v -83.11185497 1.12340375 248.39380285
v -83.14801628 1.11589444 248.47004654
v -83.14801628 1.09365496 248.54336071
v -83.11185497 1.09365496 248.54336071
v -83.11185497 1.11589444 248.47004654
v -83.11185497 1.09989994 248.46686555
v -83.11185497 1.10709591 248.39380285
v -83.11185497 1.12340375 248.39380285
v -83.11185497 1.11589444 248.47004654
v -83.11185497 1.07858848 248.53712011
v -83.11185497 1.09365496 248.54336071
v -83.14801628 1.09989994 248.46686555
v -83.14801627 1.10709591 248.39380285
v -83.11185497 1.10709591 248.39380285
v -83.11185497 1.09989994 248.46686555
v -83.14801628 1.07858848 248.53712011
v -83.14801628 1.09989994 248.46686555
v -83.11185497 1.09989994 248.46686555
v -83.11185497 1.07858848 248.53712011
v -83.14801628 1.04398064 248.60186701
v -83.14801628 1.07858848 248.53712011
v -83.11185497 1.07858848 248.53712011
v -83.11185498 1.04398064 248.60186701
v -83.11185498 1.04398064 248.60186701
v -83.11185497 1.07858848 248.53712011
v -83.11185497 1.09365496 248.54336071
v -83.11185498 1.05754010 248.61092687
v -83.14801629 0.99740620 248.65861784
v -83.14801628 1.04398064 248.60186701
v -83.11185498 1.04398064 248.60186701
v -83.11185498 0.99740620 248.65861784
v -83.11185498 0.99740620 248.65861784
v -83.11185498 1.04398064 248.60186701
v -83.11185498 1.05754010 248.61092687
v -83.11185498 1.00893754 248.67014871
v -83.14801628 1.09365496 248.54336071
v -83.14801628 1.05754011 248.61092687
v -83.11185498 1.05754010 248.61092687
v -83.11185497 1.09365496 248.54336071
v -83.14801628 1.05754011 248.61092687
v -83.14801629 1.00893755 248.67014871
v -83.11185498 1.00893754 248.67014871
v -83.11185498 1.05754010 248.61092687
v -83.14801628 1.15108435 248.67343123
v -83.14801628 1.19759583 248.58641426
v -83.13176244 1.19759583 248.58641426
v -83.13176244 1.15108435 248.67343124
v -83.14801629 1.08849040 248.74970189
v -83.14801628 1.15108435 248.67343123
v -83.13176244 1.15108435 248.67343124
v -83.13176245 1.08849040 248.74970189
v -83.13176244 1.15108435 248.67343124
v -83.13176244 1.16174828 248.68055712
v -83.13176245 1.08849040 248.74970189
v -83.13176245 1.09755934 248.75877126
v -83.14801628 1.20944496 248.59132297
v -83.14801628 1.16174828 248.68055712
v -83.13176244 1.16174828 248.68055712
v -83.13176244 1.20944496 248.59132298
v -83.14801628 1.16174828 248.68055712
v -83.14801629 1.09755934 248.75877126
v -83.13176245 1.09755934 248.75877126
v -83.13176244 1.16174828 248.68055712
v -83.14801629 1.09755934 248.75877126
v -83.14801630 1.01934455 248.82296052
v -83.13176246 1.01934455 248.82296052
v -83.13176245 1.09755934 248.75877126
v -83.13176246 1.01221912 248.81229669
v -83.13176246 1.01934455 248.82296052
v -83.14801630 1.01934455 248.82296052
v -83.14801630 0.93011019 248.87065705
v -83.13176246 0.93011019 248.87065705
v -83.13176246 1.01934455 248.82296052
v -83.13176246 0.92520210 248.85880808
v -83.13176246 1.01221912 248.81229669
v -83.13176246 1.01934455 248.82296052
v -83.13176246 0.93011019 248.87065705
v -83.14801630 1.01221912 248.81229669
v -83.14801629 1.08849040 248.74970189
v -83.13176245 1.08849040 248.74970189
v -83.13176246 1.01221912 248.81229669
v -83.14801630 0.92520210 248.85880808
v -83.14801630 1.01221912 248.81229669
v -83.13176246 1.01221912 248.81229669
v -83.13176246 0.92520210 248.85880808
v -83.14801629 1.00893755 248.67014871
v -83.14801629 0.94971472 248.71875194
v -83.11185499 0.94971472 248.71875194
v -83.11185498 1.00893754 248.67014871
v -83.14801629 0.94971472 248.71875194
v -83.14801630 0.88214832 248.75486682
v -83.11185499 0.88214832 248.75486682
v -83.11185499 0.94971472 248.71875194
v -83.11185499 0.94065457 248.70519269
v -83.11185498 0.99740620 248.65861784
v -83.11185498 1.00893754 248.67014871
v -83.11185499 0.94971472 248.71875194
v -83.11185499 0.87590757 248.73980038
v -83.11185499 0.88214832 248.75486682
v -83.14801629 0.94065458 248.70519269
v -83.14801629 0.99740620 248.65861784
v -83.11185498 0.99740620 248.65861784
v -83.11185499 0.94065457 248.70519269
v -83.14801630 0.87590758 248.73980038
v -83.14801629 0.94065458 248.70519269
v -83.11185499 0.94065457 248.70519269
v -83.11185499 0.87590757 248.73980038
v -83.14801630 0.80565329 248.76111218
v -83.14801630 0.87590758 248.73980038
v -83.11185499 0.87590757 248.73980038
v -83.11185500 0.80565329 248.76111218
v -83.11185500 0.80565329 248.76111218
v -83.11185500 0.80883479 248.77710675
v -83.14801631 0.73259081 248.76830787
v -83.14801630 0.80565329 248.76111218
v -83.11185500 0.80565329 248.76111218
v -83.11185500 0.73259081 248.76830787
v -83.11185500 0.73259081 248.76830787
v -83.11185500 0.80565329 248.76111218
v -83.11185500 0.80883479 248.77710675
v -83.11185500 0.73259081 248.78461577
v -83.14801630 0.88214832 248.75486682
v -83.14801630 0.80883479 248.77710675
v -83.11185500 0.80883479 248.77710675
v -83.11185499 0.88214832 248.75486682
v -83.14801630 0.80883479 248.77710675
v -83.14801631 0.73259081 248.78461577
v -83.11185500 0.73259081 248.78461577
v -83.11185500 0.80883479 248.77710675
v -83.14801631 0.73259081 248.78461577
v -83.14801631 0.65634691 248.77710675
v -83.11185500 0.65634691 248.77710675
v -83.11185500 0.73259081 248.78461577
v -83.11185500 0.65952841 248.76111218
v -83.11185500 0.73259081 248.76830787
v -83.11185500 0.73259081 248.78461577
v -83.11185500 0.65634691 248.77710675
v -83.14801631 0.65634691 248.77710675
v -83.14801631 0.58303339 248.75486682
v -83.11185500 0.58303339 248.75486682
v -83.11185500 0.65634691 248.77710675
v -83.11185500 0.58927413 248.73980038
v -83.11185500 0.58303339 248.75486682
v -83.14801631 0.65952841 248.76111218
v -83.14801631 0.73259081 248.76830787
v -83.11185500 0.73259081 248.76830787
v -83.11185500 0.65952841 248.76111218
v -83.14801631 0.58927413 248.73980038
v -83.14801631 0.65952841 248.76111218
v -83.11185500 0.65952841 248.76111218
v -83.11185500 0.58927413 248.73980038
v -83.14801631 0.52452718 248.70519269
v -83.14801631 0.58927413 248.73980038
v -83.11185500 0.58927413 248.73980038
v -83.11185501 0.52452718 248.70519269
v -83.14801631 0.46777548 248.65861784
v -83.14801631 0.52452718 248.70519269
v -83.11185501 0.52452718 248.70519269
v -83.11185501 0.46777548 248.65861784
v -83.11185501 0.52452718 248.70519269
v -83.11185500 0.58927413 248.73980038
v -83.11185500 0.58303339 248.75486682
v -83.11185501 0.51546702 248.71875194
v -83.11185501 0.46777548 248.65861784
v -83.11185501 0.52452718 248.70519269
v -83.11185501 0.51546702 248.71875194
v -83.11185501 0.45624413 248.67014871
v -83.14801631 0.58303339 248.75486682
v -83.14801631 0.51546702 248.71875194
v -83.11185501 0.51546702 248.71875194
v -83.11185500 0.58303339 248.75486682
v -83.14801631 0.51546702 248.71875194
v -83.14801631 0.45624413 248.67014871
v -83.11185501 0.45624413 248.67014871
v -83.11185501 0.51546702 248.71875194
v -83.14801631 0.45624413 248.67014871
v -83.14801631 0.40764154 248.61092687
v -83.11185501 0.40764154 248.61092687
v -83.11185501 0.45624413 248.67014871
v -83.11185501 0.42120101 248.60186701
v -83.11185501 0.40764154 248.61092687
v -83.14801631 0.40764154 248.61092687
v -83.14801631 0.37152678 248.54336071
v -83.11185500 0.37152678 248.54336071
v -83.11185501 0.40764154 248.61092687
v -83.11185500 0.38659326 248.53712011
v -83.11185501 0.42120101 248.60186701
v -83.11185501 0.40764154 248.61092687
v -83.11185500 0.37152678 248.54336071
v -83.14801631 0.42120101 248.60186701
v -83.14801631 0.46777548 248.65861784
v -83.11185501 0.46777548 248.65861784
v -83.11185501 0.42120101 248.60186701
v -83.14801631 0.38659326 248.53712011
v -83.14801631 0.42120101 248.60186701
v -83.11185501 0.42120101 248.60186701
v -83.11185500 0.38659326 248.53712011
v -83.14801631 0.36528171 248.46686555
v -83.14801631 0.38659326 248.53712011
v -83.11185500 0.38659326 248.53712011
v -83.11185500 0.36528171 248.46686555
v -83.14801631 0.35808573 248.39380285
v -83.14801631 0.36528171 248.46686555
v -83.11185500 0.36528171 248.46686555
v -83.11185500 0.35808573 248.39380285
v -83.11185500 0.36528171 248.46686555
v -83.11185500 0.38659326 248.53712011
v -83.11185500 0.37152678 248.54336071
v -83.11185500 0.34928721 248.47004654
v -83.11185500 0.35808573 248.39380285
v -83.11185500 0.36528171 248.46686555
v -83.11185500 0.34928721 248.47004654
v -83.11185500 0.34177789 248.39380285
v -83.14801631 0.37152678 248.54336071
v -83.14801631 0.34928721 248.47004654
v -83.11185500 0.34928721 248.47004654
v -83.11185500 0.37152678 248.54336071
v -83.14801631 0.34928721 248.47004654
v -83.14801631 0.34177790 248.39380285
v -83.11185500 0.34177789 248.39380285
v -83.11185500 0.34928721 248.47004654
v -83.14801631 0.34177790 248.39380285
v -83.14801630 0.34928727 248.31755917
v -83.11185500 0.34928727 248.31755917
v -83.11185500 0.34177789 248.39380285
v -83.11185500 0.36528177 248.32074016
v -83.11185500 0.35808573 248.39380285
v -83.11185500 0.34177789 248.39380285
v -83.11185500 0.34928727 248.31755917
v -83.14801630 0.34928727 248.31755917
v -83.14801630 0.37152675 248.24424502
v -83.11185499 0.37152675 248.24424502
v -83.11185500 0.34928727 248.31755917
v -83.11185499 0.38659323 248.25048562
v -83.11185500 0.36528177 248.32074016
v -83.11185500 0.34928727 248.31755917
v -83.11185499 0.37152675 248.24424502
v -83.14801630 0.36528177 248.32074016
v -83.14801631 0.35808573 248.39380285
v -83.11185500 0.35808573 248.39380285
v -83.11185500 0.36528177 248.32074016
v -83.14801630 0.38659323 248.25048562
v -83.14801630 0.36528177 248.32074016
v -83.11185500 0.36528177 248.32074016
v -83.11185499 0.38659323 248.25048562
v -83.14801629 0.42120114 248.18573868
v -83.14801630 0.38659323 248.25048562
v -83.11185499 0.38659323 248.25048562
v -83.11185499 0.42120113 248.18573868
v -83.14801629 0.46777556 248.12898785
v -83.14801629 0.42120114 248.18573868
v -83.11185499 0.42120113 248.18573868
v -83.11185498 0.46777556 248.12898785
v -83.11185499 0.42120113 248.18573868
v -83.11185499 0.38659323 248.25048562
v -83.11185499 0.37152675 248.24424502
v -83.11185499 0.40764167 248.17667883
v -83.11185498 0.46777556 248.12898785
v -83.11185499 0.42120113 248.18573868
v -83.11185499 0.40764167 248.17667883
v -83.11185498 0.45624419 248.11745619
v -83.14801630 0.37152675 248.24424502
v -83.14801629 0.40764167 248.17667882
v -83.11185499 0.40764167 248.17667883
v -83.11185499 0.37152675 248.24424502
v -83.14801629 0.40764167 248.17667882
v -83.14801629 0.45624420 248.11745619
v -83.11185498 0.45624419 248.11745619
v -83.11185499 0.40764167 248.17667883
v -83.14801630 0.31409736 248.11417446
v -83.14801630 0.26758581 248.20119146
v -83.13176246 0.26758581 248.20119146
v -83.13176246 0.31409736 248.11417446
v -83.14801629 0.37669131 248.03790380
v -83.14801630 0.31409736 248.11417446
v -83.13176246 0.31409736 248.11417446
v -83.13176245 0.37669130 248.03790380
v -83.13176246 0.31409736 248.11417446
v -83.13176246 0.26758581 248.20119146
v -83.13176246 0.25573668 248.19628275
v -83.13176246 0.30343343 248.10704858
v -83.13176245 0.37669130 248.03790380
v -83.13176245 0.36762237 248.02883443
v -83.14801630 0.25573669 248.19628275
v -83.14801630 0.30343343 248.10704858
v -83.13176246 0.30343343 248.10704858
v -83.13176246 0.25573668 248.19628275
v -83.14801630 0.30343343 248.10704858
v -83.14801629 0.36762237 248.02883443
v -83.13176245 0.36762237 248.02883443
v -83.13176246 0.30343343 248.10704858
v -83.14801630 0.30343343 248.10704858
v -83.14801630 0.25573669 248.19628275
v -83.16890420 0.25573669 248.19628275
v -83.16890419 0.30343343 248.10704857
v -83.14801629 0.36762237 248.02883443
v -83.14801630 0.30343343 248.10704858
v -83.16890419 0.30343343 248.10704857
v -83.16890419 0.36762237 248.02883443
v -83.14801630 0.23341160 248.18703568
v -83.14801630 0.28334135 248.09362419
v -83.16890419 0.28334135 248.09362418
v -83.16890420 0.23341160 248.18703568
v -83.14801630 0.28334135 248.09362419
v -83.14801629 0.35053549 248.01174754
v -83.16890419 0.35053549 248.01174754
v -83.16890419 0.28334135 248.09362418
v -83.14801630 0.28334135 248.09362419
v -83.14801630 0.23341160 248.18703568
v -83.14801631 0.05576460 248.11345179
v -83.14801630 0.12346338 247.98679625
v -83.14801629 0.35053549 248.01174754
v -83.14801629 0.21457043 247.87578226
v -83.14801631 0.05576460 248.11345179
v -82.68208248 0.05576464 248.11345181
v -82.68208247 0.12346342 247.98679627
v -83.14801630 0.12346338 247.98679625
v -83.14801630 0.12346338 247.98679625
v -82.68208247 0.12346342 247.98679627
v -82.68208246 0.21457044 247.87578228
v -83.14801629 0.21457043 247.87578226
v -83.14801629 0.21457043 247.87578226
v -82.68208246 0.21457044 247.87578228
v -82.68208245 0.32558474 247.78467520
v -83.14801628 0.32558473 247.78467518
v -83.14801628 0.32558473 247.78467518
v -82.68208245 0.32558474 247.78467520
v -82.68208245 0.45224016 247.71697654
v -83.14801627 0.45224012 247.71697652
v -83.14801628 0.43241197 247.94455340
v -83.14801628 0.32558473 247.78467518
v -83.14801628 0.52582399 247.89462384
v -83.14801627 0.45224012 247.71697652
v -83.14801629 0.35053549 248.01174754
v -83.14801628 0.43241197 247.94455340
v -83.16890418 0.43241197 247.94455340
v -83.16890419 0.35053549 248.01174754
v -83.14801628 0.43241197 247.94455340
v -83.14801628 0.52582399 247.89462384
v -83.16890417 0.52582399 247.89462384
v -83.16890418 0.43241197 247.94455340
v -83.14801628 0.44583709 247.96464517
v -83.14801629 0.36762237 248.02883443
v -83.16890419 0.36762237 248.02883443
v -83.16890418 0.44583709 247.96464517
v -83.14801628 0.53507136 247.91694864
v -83.14801628 0.44583709 247.96464517
v -83.16890418 0.44583709 247.96464517
v -83.16890417 0.53507136 247.91694864
v -83.14801627 0.63189614 247.88757729
v -83.14801628 0.53507136 247.91694864
v -83.16890417 0.53507136 247.91694864
v -83.16890417 0.63189613 247.88757729
v -83.14801627 0.73259084 247.87765991
v -83.14801627 0.63189614 247.88757729
v -83.16890417 0.63189613 247.88757729
v -83.16890416 0.73259083 247.87765991
v -83.14801628 0.52582399 247.89462384
v -83.14801627 0.62718187 247.86387697
v -83.16890417 0.62718188 247.86387697
v -83.16890417 0.52582399 247.89462384
v -83.14801627 0.62718187 247.86387697
v -83.14801627 0.73259084 247.85349550
v -83.16890416 0.73259083 247.85349550
v -83.16890417 0.62718188 247.86387697
v -83.14801627 0.62718187 247.86387697
v -83.14801626 0.58966927 247.67528820
v -83.14801627 0.73259084 247.85349550
v -83.14801626 0.73259084 247.66121172
v -83.14801627 0.45224012 247.71697652
v -82.68208245 0.45224016 247.71697654
v -82.68208244 0.58966929 247.67528822
v -83.14801626 0.58966927 247.67528820
v -83.14801626 0.58966927 247.67528820
v -82.68208244 0.58966929 247.67528822
v -82.68208243 0.73259086 247.66121174
v -83.14801626 0.73259084 247.66121172
v -83.14801626 0.73259084 247.66121172
v -82.68208243 0.73259086 247.66121174
v -82.68208260 0.87551240 247.67528822
v -83.14801625 0.87551239 247.67528820
v -83.14801625 0.87551239 247.67528820
v -82.68208260 0.87551240 247.67528822
v -82.68208260 1.01294157 247.71697654
v -83.14801625 1.01294156 247.71697652
v -83.14801626 0.83799978 247.86387697
v -83.14801625 0.87551239 247.67528820
v -83.14801626 0.93935759 247.89462305
v -83.14801625 1.01294156 247.71697652
v -83.14801627 0.73259084 247.85349550
v -83.14801626 0.83799978 247.86387697
v -83.16890416 0.83799978 247.86387697
v -83.16890416 0.73259083 247.85349550
v -83.14801626 0.83799978 247.86387697
v -83.14801626 0.93935759 247.89462305
v -83.16890415 0.93935759 247.89462305
v -83.16890416 0.83799978 247.86387697
v -83.14801626 0.83328554 247.88757729
v -83.14801627 0.73259084 247.87765991
v -83.16890416 0.73259083 247.87765991
v -83.16890416 0.83328554 247.88757729
v -83.14801626 0.93011022 247.91694864
v -83.14801626 0.83328554 247.88757729
v -83.16890416 0.83328554 247.88757729
v -83.16890416 0.93011022 247.91694864
v -83.14801626 1.01934436 247.96464517
v -83.14801626 0.93011022 247.91694864
v -83.16890416 0.93011022 247.91694864
v -83.16890415 1.01934437 247.96464517
v -83.14801626 1.09755943 248.02883443
v -83.14801626 1.01934436 247.96464517
v -83.16890415 1.01934437 247.96464517
v -83.16890415 1.09755943 248.02883443
v -83.14801626 0.93011022 247.91694864
v -83.14801626 1.01934436 247.96464517
v -83.13176242 1.01934436 247.96464517
v -83.13176242 0.93011022 247.91694865
v -83.14801626 1.01934436 247.96464517
v -83.14801626 1.09755943 248.02883443
v -83.13176242 1.09755943 248.02883443
v -83.13176242 1.01934436 247.96464517
v -83.13176242 1.01221896 247.97530901
v -83.13176242 0.92520214 247.92879762
v -83.13176242 0.93011022 247.91694865
v -83.13176242 1.01934436 247.96464517
v -83.13176242 1.08849050 248.03790380
v -83.13176242 1.01221896 247.97530901
v -83.13176242 1.01934436 247.96464517
v -83.13176242 1.09755943 248.02883443
v -83.14801626 1.01221896 247.97530901
v -83.14801626 0.92520215 247.92879761
v -83.13176242 0.92520214 247.92879762
v -83.13176242 1.01221896 247.97530901
v -83.14801626 1.08849050 248.03790380
v -83.14801626 1.01221896 247.97530901
v -83.13176242 1.01221896 247.97530901
v -83.13176242 1.08849050 248.03790380
v -83.14801626 1.15108444 248.11417446
v -83.14801626 1.08849050 248.03790380
v -83.13176242 1.08849050 248.03790380
v -83.13176242 1.15108444 248.11417446
v -83.13176242 1.15108444 248.11417446
v -83.13176242 1.16174837 248.10704858
v -83.14801627 0.94971454 248.06885375
v -83.14801627 1.00893767 248.11745698
v -83.11185496 1.00893767 248.11745698
v -83.11185496 0.94971454 248.06885376
v -83.14801627 1.00893767 248.11745698
v -83.14801627 1.05754020 248.17667882
v -83.11185496 1.05754020 248.17667883
v -83.11185496 1.00893767 248.11745698
v -83.11185496 0.99740631 248.12898785
v -83.11185496 0.94065440 248.08241300
v -83.11185496 0.94971454 248.06885376
v -83.11185496 1.00893767 248.11745698
v -83.11185496 1.04398073 248.18573868
v -83.11185496 1.05754020 248.17667883
v -83.14801627 0.99740631 248.12898785
v -83.14801627 0.94065440 248.08241300
v -83.11185496 0.94065440 248.08241300
v -83.11185496 0.99740631 248.12898785
v -83.14801627 1.04398073 248.18573868
v -83.14801627 0.99740631 248.12898785
v -83.11185496 0.99740631 248.12898785
v -83.11185496 1.04398073 248.18573868
v -83.14801627 0.94065440 248.08241300
v -83.14801627 0.87590758 248.04780531
v -83.11185496 0.87590757 248.04780531
v -83.11185496 0.94065440 248.08241300
v -83.11185496 0.94065440 248.08241300
v -83.11185496 0.87590757 248.04780531
v -83.11185496 0.88214832 248.03273887
v -83.11185496 0.94971454 248.06885376
v -83.14801627 0.87590758 248.04780531
v -83.14801627 0.80565343 248.02649351
v -83.11185496 0.80565343 248.02649351
v -83.11185496 0.87590757 248.04780531
v -83.11185496 0.87590757 248.04780531
v -83.11185496 0.80565343 248.02649351
v -83.11185496 0.80883492 248.01049895
v -83.11185496 0.88214832 248.03273887
v -83.14801627 0.80883493 248.01049895
v -83.14801627 0.88214832 248.03273887
v -83.11185496 0.88214832 248.03273887
v -83.11185496 0.80883492 248.01049895
v -83.14801627 0.88214832 248.03273887
v -83.14801627 0.94971454 248.06885375
v -83.11185496 0.94971454 248.06885376
v -83.11185496 0.88214832 248.03273887
v -83.14801626 0.92520215 247.92879761
v -83.14801626 0.83078344 247.90015606
v -83.13176242 0.83078343 247.90015606
v -83.13176242 0.92520214 247.92879762
v -83.14801626 0.83078344 247.90015606
v -83.14801627 0.73259084 247.89048539
v -83.13176243 0.73259084 247.89048539
v -83.13176242 0.83078343 247.90015606
v -83.13176242 0.83078343 247.90015606
v -83.13176243 0.73259084 247.89048539
v -83.13176243 0.73259084 247.87765991
v -83.13176242 0.83328554 247.88757729
v -83.13176242 0.92520214 247.92879762
v -83.13176242 0.83078343 247.90015606
v -83.13176242 0.83328554 247.88757729
v -83.13176242 0.93011022 247.91694865
v -83.14801627 0.73259084 247.87765991
v -83.14801626 0.83328554 247.88757729
v -83.13176242 0.83328554 247.88757729
v -83.13176243 0.73259084 247.87765991
v -83.14801626 0.83328554 247.88757729
v -83.14801626 0.93011022 247.91694864
v -83.13176242 0.93011022 247.91694865
v -83.13176242 0.83328554 247.88757729
v -83.14801627 0.63189614 247.88757729
v -83.14801627 0.73259084 247.87765991
v -83.13176243 0.73259084 247.87765991
v -83.13176243 0.63189614 247.88757729
v -83.13176243 0.63439824 247.90015606
v -83.13176243 0.63189614 247.88757729
v -83.14801628 0.53507136 247.91694864
v -83.14801627 0.63189614 247.88757729
v -83.13176243 0.63189614 247.88757729
v -83.13176244 0.53507136 247.91694865
v -83.13176243 0.63439824 247.90015606
v -83.13176244 0.53997944 247.92879762
v -83.13176244 0.53507136 247.91694865
v -83.13176243 0.63189614 247.88757729
v -83.14801627 0.63439824 247.90015606
v -83.14801628 0.53997944 247.92879761
v -83.13176244 0.53997944 247.92879762
v -83.13176243 0.63439824 247.90015606
v -83.14801627 0.73259084 247.89048539
v -83.14801627 0.63439824 247.90015606
v -83.13176243 0.63439824 247.90015606
v -83.13176243 0.73259084 247.89048539
v -83.14801628 0.53997944 247.92879761
v -83.14801628 0.45296250 247.97530901
v -83.13176244 0.45296250 247.97530901
v -83.13176244 0.53997944 247.92879762
v -83.13176244 0.53997944 247.92879762
v -83.13176244 0.45296250 247.97530901
v -83.13176244 0.44583709 247.96464517
v -83.13176244 0.53507136 247.91694865
v -83.14801628 0.45296250 247.97530901
v -83.14801629 0.37669131 248.03790380
v -83.13176245 0.37669130 248.03790380
v -83.13176244 0.45296250 247.97530901
v -83.13176244 0.45296250 247.97530901
v -83.13176244 0.44583709 247.96464517
v -83.14801629 0.36762237 248.02883443
v -83.14801628 0.44583709 247.96464517
v -83.13176244 0.44583709 247.96464517
v -83.13176245 0.36762237 248.02883443
v -83.14801628 0.44583709 247.96464517
v -83.14801628 0.53507136 247.91694864
v -83.13176244 0.53507136 247.91694865
v -83.13176244 0.44583709 247.96464517
v -83.14801629 0.45624420 248.11745619
v -83.14801628 0.51546690 248.06885375
v -83.11185498 0.51546689 248.06885376
v -83.11185498 0.45624419 248.11745619
v -83.14801628 0.51546690 248.06885375
v -83.14801628 0.58303320 248.03273887
v -83.11185497 0.58303320 248.03273887
v -83.11185498 0.51546689 248.06885376
v -83.11185498 0.52452705 248.08241300
v -83.11185498 0.46777556 248.12898785
v -83.11185498 0.45624419 248.11745619
v -83.11185498 0.51546689 248.06885376
v -83.11185497 0.58927396 248.04780531
v -83.11185497 0.58303320 248.03273887
v -83.14801628 0.52452705 248.08241300
v -83.14801629 0.46777556 248.12898785
v -83.11185498 0.46777556 248.12898785
v -83.11185498 0.52452705 248.08241300
v -83.14801628 0.58927396 248.04780531
v -83.14801628 0.52452705 248.08241300
v -83.11185498 0.52452705 248.08241300
v -83.11185497 0.58927396 248.04780531
v -83.14801628 0.65952826 248.02649351
v -83.14801628 0.58927396 248.04780531
v -83.11185497 0.58927396 248.04780531
v -83.11185497 0.65952826 248.02649351
v -83.11185497 0.65952826 248.02649351
v -83.11185497 0.65634677 248.01049895
v -83.14801627 0.73259084 248.01929782
v -83.14801628 0.65952826 248.02649351
v -83.11185497 0.65952826 248.02649351
v -83.11185497 0.73259084 248.01929782
v -83.11185497 0.73259084 248.01929782
v -83.11185497 0.65952826 248.02649351
v -83.11185497 0.65634677 248.01049895
v -83.11185497 0.73259084 248.00298992
v -83.14801628 0.58303320 248.03273887
v -83.14801628 0.65634677 248.01049895
v -83.11185497 0.65634677 248.01049895
v -83.11185497 0.58303320 248.03273887
v -83.14801628 0.65634677 248.01049895
v -83.14801627 0.73259084 248.00298992
v -83.11185497 0.73259084 248.00298992
v -83.11185497 0.65634677 248.01049895
v -83.14801627 0.73259084 248.00298992
v -83.14801627 0.80883493 248.01049895
v -83.11185496 0.80883492 248.01049895
v -83.11185497 0.73259084 248.00298992
v -83.11185496 0.80565343 248.02649351
v -83.11185497 0.73259084 248.01929782
v -83.11185497 0.73259084 248.00298992
v -83.11185496 0.80883492 248.01049895
v -83.14801627 0.80565343 248.02649351
v -83.14801627 0.73259084 248.01929782
v -83.11185497 0.73259084 248.01929782
v -83.11185496 0.80565343 248.02649351
v -83.14801626 1.09755943 248.02883443
v -83.14801626 1.16174837 248.10704858
v -83.13176242 1.16174837 248.10704858
v -83.13176242 1.09755943 248.02883443
v -83.14801626 1.16174837 248.10704858
v -83.14801626 1.09755943 248.02883443
v -83.16890415 1.09755943 248.02883443
v -83.16890415 1.16174837 248.10704857
v -83.14801626 1.20944499 248.19628275
v -83.14801626 1.16174837 248.10704858
v -83.16890415 1.16174837 248.10704857
v -83.16890416 1.20944499 248.19628275
v -83.14801626 1.11464629 248.01174754
v -83.14801626 1.18184046 248.09362419
v -83.16890415 1.18184046 248.09362418
v -83.16890415 1.11464629 248.01174754
v -83.14801626 1.18184046 248.09362419
v -83.14801626 1.23177011 248.18703568
v -83.16890415 1.23177011 248.18703568
v -83.16890415 1.18184046 248.09362418
v -83.14801626 1.23177011 248.18703568
v -83.14801626 1.26251667 248.28839406
v -83.16890416 1.26251667 248.28839406
v -83.16890415 1.23177011 248.18703568
v -83.14801626 1.26251667 248.28839406
v -83.14801627 1.27289851 248.39380285
v -83.16890416 1.27289852 248.39380285
v -83.16890416 1.26251667 248.28839406
v -83.14801626 1.23881644 248.29310843
v -83.14801626 1.20944499 248.19628275
v -83.16890416 1.20944499 248.19628275
v -83.16890416 1.23881645 248.29310842
v -83.14801627 1.24873398 248.39380285
v -83.14801626 1.23881644 248.29310843
v -83.16890416 1.23881645 248.29310842
v -83.16890416 1.24873398 248.39380285
v -83.14801627 1.23881644 248.49449728
v -83.14801627 1.24873398 248.39380285
v -83.16890416 1.24873398 248.39380285
v -83.16890417 1.23881645 248.49449728
v -83.14801628 1.20944496 248.59132297
v -83.14801627 1.23881644 248.49449728
v -83.16890417 1.23881645 248.49449728
v -83.16890417 1.20944496 248.59132297
v -83.14801627 1.23881644 248.49449728
v -83.14801628 1.20944496 248.59132297
v -83.13176244 1.20944496 248.59132298
v -83.13176243 1.23881644 248.49449728
v -83.14801628 1.16174828 248.68055712
v -83.14801628 1.20944496 248.59132297
v -83.16890417 1.20944496 248.59132297
v -83.16890418 1.16174828 248.68055712
v -83.14801627 1.27289851 248.39380285
v -83.14801627 1.26251667 248.49921164
v -83.16890417 1.26251667 248.49921164
v -83.16890416 1.27289852 248.39380285
v -83.14801627 1.26251667 248.49921164
v -83.14801628 1.23177005 248.60057004
v -83.16890417 1.23177005 248.60057004
v -83.16890417 1.26251667 248.49921164
v -83.14801628 1.23177005 248.60057004
v -83.14801628 1.18184033 248.69398151
v -83.16890418 1.18184033 248.69398151
v -83.16890417 1.23177005 248.60057004
v -83.14801628 1.18184033 248.69398151
v -83.14801629 1.11464622 248.77585815
v -83.16890419 1.11464622 248.77585815
v -83.16890418 1.18184033 248.69398151
v -83.14801629 1.09755934 248.75877126
v -83.14801628 1.16174828 248.68055712
v -83.16890418 1.16174828 248.68055712
v -83.16890419 1.09755934 248.75877126
v -83.14801630 1.01934455 248.82296052
v -83.14801629 1.09755934 248.75877126
v -83.16890419 1.09755934 248.75877126
v -83.16890419 1.01934456 248.82296052
v -83.14801630 0.93011019 248.87065705
v -83.14801630 1.01934455 248.82296052
v -83.16890419 1.01934456 248.82296052
v -83.16890420 0.93011019 248.87065705
v -83.14801629 1.11464622 248.77585815
v -83.14801630 1.03276967 248.84305229
v -83.16890419 1.03276968 248.84305229
v -83.16890419 1.11464622 248.77585815
v -83.14801630 1.03276967 248.84305229
v -83.14801630 0.93935754 248.89298185
v -83.16890420 0.93935754 248.89298185
v -83.16890419 1.03276968 248.84305229
v -83.14801630 0.93935754 248.89298185
v -83.14801631 0.83799972 248.92372872
v -83.16890420 0.83799972 248.92372872
v -83.16890420 0.93935754 248.89298185
v -83.14801631 0.83799972 248.92372872
v -83.14801631 0.73259080 248.93411095
v -83.16890421 0.73259080 248.93411095
v -83.16890420 0.83799972 248.92372872
v -83.14801631 0.83328547 248.90002840
v -83.14801630 0.93011019 248.87065705
v -83.16890420 0.93011019 248.87065705
v -83.16890420 0.83328546 248.90002840
v -83.14801631 0.73259080 248.90994578
v -83.14801631 0.83328547 248.90002840
v -83.16890420 0.83328546 248.90002840
v -83.16890421 0.73259080 248.90994578
v -83.14801630 0.93011019 248.87065705
v -83.14801631 0.83328547 248.90002840
v -83.13176247 0.83328547 248.90002840
v -83.13176246 0.93011019 248.87065705
v -83.14801631 0.83328547 248.90002840
v -83.14801631 0.73259080 248.90994578
v -83.13176247 0.73259080 248.90994578
v -83.13176247 0.83328547 248.90002840
v -83.13176247 0.83078336 248.88744963
v -83.13176246 0.92520210 248.85880808
v -83.13176246 0.93011019 248.87065705
v -83.13176247 0.83328547 248.90002840
v -83.13176247 0.73259080 248.89712030
v -83.13176247 0.83078336 248.88744963
v -83.13176247 0.83328547 248.90002840
v -83.13176247 0.73259080 248.90994578
v -83.14801631 0.83078336 248.88744963
v -83.14801630 0.92520210 248.85880808
v -83.13176246 0.92520210 248.85880808
v -83.13176247 0.83078336 248.88744963
v -83.14801631 0.73259080 248.89712030
v -83.14801631 0.83078336 248.88744963
v -83.13176247 0.83078336 248.88744963
v -83.13176247 0.73259080 248.89712030
v -83.14801632 0.63439834 248.88744963
v -83.14801631 0.73259080 248.89712030
v -83.13176247 0.73259080 248.89712030
v -83.13176248 0.63439834 248.88744963
v -83.14801632 0.53997960 248.85880808
v -83.14801632 0.63439834 248.88744963
v -83.13176248 0.63439834 248.88744963
v -83.13176248 0.53997960 248.85880808
v -83.13176248 0.63439834 248.88744963
v -83.13176248 0.63189622 248.90002840
v -83.13176248 0.53997960 248.85880808
v -83.13176248 0.63439834 248.88744963
v -83.13176248 0.63189622 248.90002840
v -83.13176248 0.53507152 248.87065705
v -83.14801631 0.73259080 248.90994578
v -83.14801632 0.63189622 248.90002840
v -83.13176248 0.63189622 248.90002840
v -83.13176247 0.73259080 248.90994578
v -83.14801632 0.63189622 248.90002840
v -83.14801632 0.53507152 248.87065705
v -83.13176248 0.53507152 248.87065705
v -83.13176248 0.63189622 248.90002840
v -83.14801632 0.53507152 248.87065705
v -83.14801632 0.44583719 248.82296052
v -83.13176248 0.44583719 248.82296052
v -83.13176248 0.53507152 248.87065705
v -83.13176248 0.45296262 248.81229669
v -83.13176248 0.53997960 248.85880808
v -83.13176248 0.53507152 248.87065705
v -83.13176248 0.44583719 248.82296052
v -83.14801632 0.53507152 248.87065705
v -83.14801632 0.63189622 248.90002840
v -83.16890421 0.63189622 248.90002840
v -83.16890421 0.53507152 248.87065705
v -83.14801632 0.44583719 248.82296052
v -83.14801632 0.53507152 248.87065705
v -83.16890421 0.53507152 248.87065705
v -83.16890422 0.44583719 248.82296052
v -83.14801632 0.62718195 248.92372872
v -83.14801632 0.52582414 248.89298185
v -83.16890422 0.52582414 248.89298185
v -83.16890421 0.62718195 248.92372872
v -83.14801632 0.52582414 248.89298185
v -83.14801632 0.43241213 248.84305229
v -83.16890422 0.43241213 248.84305229
v -83.16890422 0.52582414 248.89298185
v -83.14801632 0.43241213 248.84305229
v -83.14801632 0.35053549 248.77585815
v -83.16890422 0.35053549 248.77585815
v -83.16890422 0.43241213 248.84305229
v -83.14801632 0.35053549 248.77585815
v -83.14801632 0.28334126 248.69398151
v -83.16890422 0.28334126 248.69398151
v -83.16890422 0.35053549 248.77585815
v -83.14801632 0.36762237 248.75877126
v -83.14801632 0.44583719 248.82296052
v -83.16890422 0.44583719 248.82296052
v -83.16890422 0.36762237 248.75877126
v -83.14801632 0.30343334 248.68055712
v -83.14801632 0.36762237 248.75877126
v -83.16890422 0.36762237 248.75877126
v -83.16890422 0.30343334 248.68055712
v -83.14801632 0.44583719 248.82296052
v -83.14801632 0.36762237 248.75877126
v -83.13176248 0.36762237 248.75877126
v -83.13176248 0.44583719 248.82296052
v -83.14801632 0.36762237 248.75877126
v -83.14801632 0.30343334 248.68055712
v -83.13176248 0.30343334 248.68055712
v -83.13176248 0.36762237 248.75877126
v -83.13176248 0.37669127 248.74970189
v -83.13176248 0.45296262 248.81229669
v -83.13176248 0.44583719 248.82296052
v -83.13176248 0.36762237 248.75877126
v -83.13176248 0.31409727 248.67343124
v -83.13176248 0.37669127 248.74970189
v -83.13176248 0.36762237 248.75877126
v -83.13176248 0.30343334 248.68055712
v -83.14801632 0.37669127 248.74970189
v -83.14801632 0.45296263 248.81229669
v -83.13176248 0.45296262 248.81229669
v -83.13176248 0.37669127 248.74970189
v -83.14801632 0.31409727 248.67343123
v -83.14801632 0.37669127 248.74970189
v -83.13176248 0.37669127 248.74970189
v -83.13176248 0.31409727 248.67343124
v -83.14801632 0.26758588 248.58641426
v -83.14801632 0.31409727 248.67343123
v -83.13176248 0.31409727 248.67343124
v -83.13176248 0.26758588 248.58641426
v -83.14801632 0.23894410 248.49199533
v -83.14801632 0.26758588 248.58641426
v -83.13176248 0.26758588 248.58641426
v -83.13176248 0.23894410 248.49199533
v -83.13176248 0.26758588 248.58641426
v -83.13176248 0.31409727 248.67343124
v -83.13176248 0.30343334 248.68055712
v -83.13176248 0.25573675 248.59132298
v -83.13176248 0.23894410 248.49199533
v -83.13176248 0.26758588 248.58641426
v -83.13176248 0.25573675 248.59132298
v -83.13176248 0.22636514 248.49449728
v -83.14801632 0.30343334 248.68055712
v -83.14801632 0.25573675 248.59132297
v -83.13176248 0.25573675 248.59132298
v -83.13176248 0.30343334 248.68055712
v -83.14801632 0.25573675 248.59132297
v -83.14801632 0.22636514 248.49449728
v -83.13176248 0.22636514 248.49449728
v -83.13176248 0.25573675 248.59132298
v -83.14801632 0.25573675 248.59132297
v -83.14801632 0.30343334 248.68055712
v -83.16890422 0.30343334 248.68055712
v -83.16890421 0.25573675 248.59132297
v -83.14801632 0.22636514 248.49449728
v -83.14801632 0.25573675 248.59132297
v -83.16890421 0.25573675 248.59132297
v -83.16890421 0.22636514 248.49449728
v -83.14801632 0.28334126 248.69398151
v -83.14801632 0.23341166 248.60057004
v -83.16890422 0.23341166 248.60057004
v -83.16890422 0.28334126 248.69398151
v -83.14801632 0.23341166 248.60057004
v -83.14801632 0.20266491 248.49921164
v -83.16890421 0.20266492 248.49921164
v -83.16890422 0.23341166 248.60057004
v -83.14801632 0.23341166 248.60057004
v -83.14801632 0.28334126 248.69398151
v -83.14801633 0.12346325 248.80080944
v -83.14801633 0.05576460 248.67415390
v -83.14801632 0.20266491 248.49921164
v -83.14801632 0.23341166 248.60057004
v -83.14801633 0.05576460 248.67415390
v -83.14801633 0.01407590 248.53672427
v -83.14801633 0.12346325 248.80080944
v -82.68208233 0.12346329 248.80080947
v -82.68208233 0.05576464 248.67415392
v -83.14801633 0.05576460 248.67415390
v -83.14801633 0.05576460 248.67415390
v -82.68208233 0.05576464 248.67415392
v -82.68208233 0.01407594 248.53672429
v -83.14801633 0.01407590 248.53672427
v -83.14801633 0.01407590 248.53672427
v -82.68208233 0.01407594 248.53672429
v -82.68208250 -0.00000055 248.39380287
v -83.14801632 -0.00000059 248.39380285
v -83.14801632 -0.00000059 248.39380285
v -82.68208250 -0.00000055 248.39380287
v -82.68208249 0.01407594 248.25088148
v -83.14801631 0.01407590 248.25088146
v -83.14801631 0.19228313 248.39380285
v -83.14801632 0.20266491 248.49921164
v -83.14801633 0.01407590 248.53672427
v -83.14801632 -0.00000059 248.39380285
v -83.14801631 0.20266498 248.28839406
v -83.14801631 0.01407590 248.25088146
v -83.14801632 0.20266491 248.49921164
v -83.14801631 0.19228313 248.39380285
v -83.16890421 0.19228313 248.39380285
v -83.16890421 0.20266492 248.49921164
v -83.14801631 0.19228313 248.39380285
v -83.14801631 0.20266498 248.28839406
v -83.16890420 0.20266498 248.28839406
v -83.16890421 0.19228313 248.39380285
v -83.14801631 0.21644767 248.39380285
v -83.14801632 0.22636514 248.49449728
v -83.16890421 0.22636514 248.49449728
v -83.16890421 0.21644767 248.39380285
v -83.14801631 0.22636520 248.29310843
v -83.14801631 0.21644767 248.39380285
v -83.16890421 0.21644767 248.39380285
v -83.16890420 0.22636520 248.29310842
v -83.14801630 0.25573669 248.19628275
v -83.14801631 0.22636520 248.29310843
v -83.16890420 0.22636520 248.29310842
v -83.16890420 0.25573669 248.19628275
v -83.14801631 0.21644767 248.39380285
v -83.14801631 0.22636520 248.29310843
v -83.13176247 0.22636520 248.29310843
v -83.13176247 0.21644767 248.39380285
v -83.14801631 0.22636520 248.29310843
v -83.14801630 0.25573669 248.19628275
v -83.13176246 0.25573668 248.19628275
v -83.13176247 0.22636520 248.29310843
v -83.13176247 0.23894416 248.29561038
v -83.13176247 0.22927311 248.39380285
v -83.13176247 0.21644767 248.39380285
v -83.13176247 0.22636520 248.29310843
v -83.14801631 0.23894416 248.29561038
v -83.14801631 0.22927311 248.39380285
v -83.13176247 0.22927311 248.39380285
v -83.13176247 0.23894416 248.29561038
v -83.14801630 0.26758581 248.20119146
v -83.14801631 0.23894416 248.29561038
v -83.13176247 0.23894416 248.29561038
v -83.13176246 0.26758581 248.20119146
v -83.14801631 0.22927311 248.39380285
v -83.14801632 0.23894410 248.49199533
v -83.13176248 0.23894410 248.49199533
v -83.13176247 0.22927311 248.39380285
v -83.14801632 0.22636514 248.49449728
v -83.14801631 0.21644767 248.39380285
v -83.13176247 0.21644767 248.39380285
v -83.13176248 0.22636514 248.49449728
v -83.14801631 0.20266498 248.28839406
v -83.14801630 0.23341160 248.18703568
v -83.16890420 0.23341160 248.18703568
v -83.16890420 0.20266498 248.28839406
v -83.14801630 0.23341160 248.18703568
v -83.14801631 0.20266498 248.28839406
v -83.14801631 0.01407590 248.25088146
v -83.14801631 0.05576460 248.11345179
v -83.14801631 0.01407590 248.25088146
v -82.68208249 0.01407594 248.25088148
v -82.68208248 0.05576464 248.11345181
v -83.14801631 0.05576460 248.11345179
v -83.14801633 0.21457046 248.91182343
v -82.68208233 0.21457050 248.91182345
v -82.68208233 0.12346329 248.80080947
v -83.14801633 0.12346325 248.80080944
v -83.14801633 0.32558489 249.00293045
v -82.68208233 0.32558493 249.00293047
v -82.68208233 0.21457050 248.91182345
v -83.14801633 0.21457046 248.91182343
v -83.14801632 0.35053549 248.77585815
v -83.14801632 0.43241213 248.84305229
v -83.14801633 0.32558489 249.00293045
v -83.14801633 0.21457046 248.91182343
v -83.14801632 0.28334126 248.69398151
v -83.14801632 0.35053549 248.77585815
v -83.14801633 0.21457046 248.91182343
v -83.14801633 0.12346325 248.80080944
v -83.14801632 0.52582414 248.89298185
v -83.14801633 0.45224025 249.07062910
v -83.14801633 0.45224025 249.07062910
v -82.68208233 0.45224029 249.07062912
v -82.68208233 0.32558493 249.00293047
v -83.14801633 0.32558489 249.00293045
v -83.14801632 0.52582414 248.89298185
v -83.14801632 0.62718195 248.92372872
v -83.14801633 0.58966931 249.11231749
v -83.14801633 0.45224025 249.07062910
v -83.14801633 0.58966931 249.11231749
v -82.68208233 0.58966933 249.11231751
v -82.68208233 0.45224029 249.07062912
v -83.14801633 0.45224025 249.07062910
v -83.14801632 0.73259079 249.12639391
v -82.68208250 0.73259082 249.12639393
v -82.68208233 0.58966933 249.11231751
v -83.14801633 0.58966931 249.11231749
v -83.14801631 0.87551234 249.11231749
v -82.68208249 0.87551237 249.11231751
v -82.68208250 0.73259082 249.12639393
v -83.14801632 0.73259079 249.12639391
v -83.14801631 0.73259080 248.93411095
v -83.14801631 0.83799972 248.92372872
v -83.14801631 0.87551234 249.11231749
v -83.14801632 0.73259079 249.12639391
v -83.14801632 0.62718195 248.92372872
v -83.14801631 0.73259080 248.93411095
v -83.14801632 0.73259079 249.12639391
v -83.14801633 0.58966931 249.11231749
v -83.14801631 0.73259080 248.93411095
v -83.14801632 0.62718195 248.92372872
v -83.16890421 0.62718195 248.92372872
v -83.16890421 0.73259080 248.93411095
v -83.14801631 0.83799972 248.92372872
v -83.14801630 0.93935754 248.89298185
v -83.14801631 1.01294143 249.07062910
v -83.14801631 0.87551234 249.11231749
v -83.14801631 1.01294143 249.07062910
v -82.68208248 1.01294147 249.07062912
v -82.68208249 0.87551237 249.11231751
v -83.14801631 0.87551234 249.11231749
v -83.14801630 0.93935754 248.89298185
v -83.14801630 1.03276967 248.84305229
v -83.14801630 1.13959688 249.00293045
v -83.14801631 1.01294143 249.07062910
v -83.14801630 1.13959688 249.00293045
v -82.68208247 1.13959689 249.00293047
v -82.68208248 1.01294147 249.07062912
v -83.14801631 1.01294143 249.07062910
v -83.14801629 1.25061119 248.91182343
v -82.68208246 1.25061123 248.91182345
v -82.68208247 1.13959689 249.00293047
v -83.14801630 1.13959688 249.00293045
v -83.14801628 1.34171840 248.80080944
v -82.68208245 1.34171844 248.80080947
v -82.68208246 1.25061123 248.91182345
v -83.14801629 1.25061119 248.91182343
v -83.14801629 1.11464622 248.77585815
v -83.14801628 1.18184033 248.69398151
v -83.14801628 1.34171840 248.80080944
v -83.14801629 1.25061119 248.91182343
v -83.14801628 1.23177005 248.60057004
v -83.14801627 1.40941705 248.67415390
v -83.14801627 1.40941705 248.67415390
v -82.68208245 1.40941709 248.67415392
v -82.68208245 1.34171844 248.80080947
v -83.14801628 1.34171840 248.80080944
v -83.14801628 1.23177005 248.60057004
v -83.14801627 1.26251667 248.49921164
v -83.14801626 1.45110575 248.53672427
v -83.14801627 1.40941705 248.67415390
v -83.14801626 1.45110575 248.53672427
v -82.68208244 1.45110579 248.53672429
v -82.68208245 1.40941709 248.67415392
v -83.14801627 1.40941705 248.67415390
v -83.14801626 1.46518223 248.39380285
v -82.68208243 1.46518228 248.39380287
v -82.68208244 1.45110579 248.53672429
v -83.14801626 1.45110575 248.53672427
v -83.14801625 1.45110581 248.25088146
v -82.68208260 1.45110579 248.25088148
v -82.68208243 1.46518228 248.39380287
v -83.14801626 1.46518223 248.39380285
v -83.14801627 1.26251667 248.49921164
v -83.14801627 1.27289851 248.39380285
v -83.14801626 1.46518223 248.39380285
v -83.14801626 1.45110575 248.53672427
v -83.14801626 1.26251667 248.28839406
v -83.14801625 1.45110581 248.25088146
v -83.14801626 1.26251667 248.28839406
v -83.14801626 1.23177011 248.18703568
v -83.14801625 1.40941711 248.11345179
v -83.14801625 1.45110581 248.25088146
v -83.14801625 1.40941711 248.11345179
v -82.68208260 1.40941716 248.11345181
v -82.68208260 1.45110579 248.25088148
v -83.14801625 1.45110581 248.25088146
v -83.14801626 1.23177011 248.18703568
v -83.14801626 1.18184046 248.09362419
v -83.14801624 1.34171840 247.98679625
v -83.14801625 1.40941711 248.11345179
v -83.14801624 1.34171840 247.98679625
v -82.68208259 1.34171844 247.98679627
v -82.68208260 1.40941716 248.11345181
v -83.14801625 1.40941711 248.11345179
v -83.14801624 1.25061119 247.87578226
v -82.68208259 1.25061123 247.87578228
v -82.68208259 1.34171844 247.98679627
v -83.14801624 1.34171840 247.98679625
v -83.14801624 1.13959672 247.78467518
v -82.68208259 1.13959677 247.78467520
v -82.68208259 1.25061123 247.87578228
v -83.14801624 1.25061119 247.87578226
v -83.14801626 1.11464629 248.01174754
v -83.14801626 1.03276948 247.94455340
v -83.14801624 1.13959672 247.78467518
v -83.14801624 1.25061119 247.87578226
v -83.14801626 1.18184046 248.09362419
v -83.14801626 1.11464629 248.01174754
v -83.14801624 1.25061119 247.87578226
v -83.14801624 1.34171840 247.98679625
v -83.14801626 1.03276948 247.94455340
v -83.14801626 1.11464629 248.01174754
v -83.16890415 1.11464629 248.01174754
v -83.16890415 1.03276948 247.94455340
v -83.14801626 0.93935759 247.89462305
v -83.14801626 1.03276948 247.94455340
v -83.16890415 1.03276948 247.94455340
v -83.16890415 0.93935759 247.89462305
v -83.14801625 1.01294156 247.71697652
v -82.68208260 1.01294157 247.71697654
v -82.68208259 1.13959677 247.78467520
v -83.14801624 1.13959672 247.78467518
v -83.14801632 0.45296263 248.81229669
v -83.14801632 0.53997960 248.85880808
v -83.13176248 0.53997960 248.85880808
v -83.13176248 0.45296262 248.81229669
v -83.14801632 0.63189622 248.90002840
v -83.14801631 0.73259080 248.90994578
v -83.16890421 0.73259080 248.90994578
v -83.16890421 0.63189622 248.90002840
v -83.14801627 1.10709591 248.39380285
v -83.14801627 1.09989997 248.32074016
v -83.11185496 1.09989997 248.32074016
v -83.11185497 1.10709591 248.39380285
v -83.11185496 1.09989997 248.32074016
v -83.11185496 1.11589444 248.31755917
v -83.14801627 1.11589444 248.31755917
v -83.14801627 1.12340375 248.39380285
v -83.11185497 1.12340375 248.39380285
v -83.11185496 1.11589444 248.31755917
v -82.68208244 1.45110579 248.53672429
v -82.68208243 1.46518228 248.39380287
v -82.68208260 1.45110579 248.25088148
v -82.68208260 1.40941716 248.11345181
v -82.68208259 1.34171844 247.98679627
v -82.68208259 1.25061123 247.87578228
v -82.68208259 1.13959677 247.78467520
v -82.68208260 1.01294157 247.71697654
v -82.68208260 0.87551240 247.67528822
v -82.68208243 0.73259086 247.66121174
v -82.68208244 0.58966929 247.67528822
v -82.68208245 0.45224016 247.71697654
v -82.68208245 0.32558474 247.78467520
v -82.68208246 0.21457044 247.87578228
v -82.68208247 0.12346342 247.98679627
v -82.68208248 0.05576464 248.11345181
v -82.68208249 0.01407594 248.25088148
v -82.68208250 -0.00000055 248.39380287
v -82.68208233 0.01407594 248.53672429
v -82.68208233 0.05576464 248.67415392
v -82.68208233 0.12346329 248.80080947
v -82.68208233 0.21457050 248.91182345
v -82.68208233 0.32558493 249.00293047
v -82.68208233 0.45224029 249.07062912
v -82.68208233 0.58966933 249.11231751
v -82.68208250 0.73259082 249.12639393
v -82.68208249 0.87551237 249.11231751
v -82.68208248 1.01294147 249.07062912
v -82.68208247 1.13959689 249.00293047
v -82.68208246 1.25061123 248.91182345
v -82.68208245 1.34171844 248.80080947
v -82.68208245 1.40941709 248.67415392
vt 0.00000000 1.00000000
vt 0.00000000 1.00000000
vt 0.00000000 1.00000000
vt 0.00000000 1.00000000
vt 0.00000000 1.00000000
vt 0.00000000 1.00000000
vt 0.00000000 1.00000000
vt 0.00000000 1.00000000
vt 0.00000000 1.00000000
vt 0.00000000 1.00000000
vt 0.00000000 1.00000000
vt 0.00000000 1.00000000
vt 0.00000000 1.00000000
vt 0.00000000 1.00000000
vt 0.00000000 1.00000000
vt 0.00000000 1.00000000
vt 0.00000000 1.00000000
vt 0.00000000 1.00000000
vt 0.00000000 1.00000000
vt 0.00000000 1.00000000
vt 0.00000000 1.00000000
vt 0.00000000 1.00000000
vt 0.00000000 1.00000000
vt 0.00000000 1.00000000
vt 0.00000000 1.00000000
vt 0.00000000 1.00000000
vt 0.00000000 1.00000000
vt 0.00000000 1.00000000
vt 0.00000000 1.00000000
vt 0.00000000 1.00000000
vt 0.00000000 1.00000000
vt 0.00000000 1.00000000
vt 0.00000000 1.00000000
vt 0.00000000 1.00000000
vt 0.00000000 1.00000000
vt 0.00000000 1.00000000
vt 0.00000000 1.00000000
vt 0.00000000 1.00000000
vt 0.00000000 1.00000000
vt 0.00000000 1.00000000
vt 0.00000000 1.00000000
vt 0.00000000 1.00000000
vt 0.00000000 1.00000000
vt 0.00000000 1.00000000
vt 0.00000000 1.00000000
vt 0.00000000 1.00000000
vt 0.00000000 1.00000000
vt 0.00000000 1.00000000
vt 0.00000000 1.00000000
vt 0.00000000 1.00000000
vt 0.00000000 1.00000000
vt 0.00000000 1.00000000
vt 0.00000000 1.00000000
vt 0.00000000 1.00000000
vt 0.00000000 1.00000000
vt 0.00000000 1.00000000
vt 0.00000000 1.00000000
vt 0.00000000 1.00000000
vt 0.00000000 1.00000000
vt 0.00000000 1.00000000
vt 0.00000000 1.00000000
vt 0.00000000 1.00000000
vt 0.00000000 1.00000000
vt 0.00000000 1.00000000
vt 0.00000000 1.00000000
vt 0.00000000 1.00000000
vt 0.00000000 1.00000000
vt 0.00000000 1.00000000
vt 0.00000000 1.00000000
vt 0.00000000 1.00000000
vt 0.00000000 1.00000000
vt 0.00000000 1.00000000
vt 0.00000000 1.00000000
vt 0.00000000 1.00000000
vt 0.00000000 1.00000000
vt 0.00000000 1.00000000
vt 0.00000000 1.00000000
vt 0.00000000 1.00000000
vt 0.00000000 1.00000000
vt 0.00000000 1.00000000
vt 0.00000000 1.00000000
vt 0.00000000 1.00000000
vt 0.00000000 1.00000000
vt 0.00000000 1.00000000
vt 0.00000000 1.00000000
vt 0.00000000 1.00000000
vt 0.00000000 1.00000000
vt 0.00000000 1.00000000
vt 0.00000000 1.00000000
vt 0.00000000 1.00000000
vt 0.00000000 1.00000000
vt 0.00000000 1.00000000
vt 0.00000000 1.00000000
vt 0.00000000 1.00000000
vt 0.00000000 1.00000000
vt 0.00000000 1.00000000
vt 0.00000000 1.00000000
vt 0.00000000 1.00000000
vt 0.00000000 1.00000000
vt 0.00000000 1.00000000
vt 0.00000000 1.00000000
vt 0.00000000 1.00000000
vt 0.00000000 1.00000000
vt 0.00000000 1.00000000
vt 0.00000000 1.00000000
vt 0.00000000 1.00000000
vt 0.00000000 1.00000000
vt 0.00000000 1.00000000
vt 0.00000000 1.00000000
vt 0.00000000 1.00000000
vt 0.00000000 1.00000000
vt 0.00000000 1.00000000
vt 0.00000000 1.00000000
vt 0.00000000 1.00000000
vt 0.00000000 1.00000000
vt 0.00000000 1.00000000
vt 0.00000000 1.00000000
vt 0.00000000 1.00000000
vt 0.00000000 1.00000000
vt 0.00000000 1.00000000
vt 0.00000000 1.00000000
vt 0.00000000 1.00000000
vt 0.00000000 1.00000000
vt 0.00000000 1.00000000
vt 0.00000000 1.00000000
vt 0.00000000 1.00000000
vt 0.00000000 1.00000000
vt 0.00000000 1.00000000
vt 0.00000000 1.00000000
vt 0.00000000 1.00000000
vt 0.00000000 1.00000000
vt 0.00000000 1.00000000
vt 0.00000000 1.00000000
vt 0.00000000 1.00000000
vt 0.00000000 1.00000000
vt 0.00000000 1.00000000
vt 0.00000000 1.00000000
vt 0.00000000 1.00000000
vt 0.00000000 1.00000000
vt 0.00000000 1.00000000
vt 0.00000000 1.00000000
vt 0.00000000 1.00000000
vt 0.00000000 1.00000000
vt 0.00000000 1.00000000
vt 0.00000000 1.00000000
vt 0.00000000 1.00000000
vt 0.00000000 1.00000000
vt 0.00000000 1.00000000
vt 0.00000000 1.00000000
vt 0.00000000 1.00000000
vt 0.00000000 1.00000000
vt 0.00000000 1.00000000
vt 0.00000000 1.00000000
vt 0.00000000 1.00000000
vt 0.00000000 1.00000000
vt 0.00000000 1.00000000
vt 0.00000000 1.00000000
vt 0.00000000 1.00000000
vt 0.00000000 1.00000000
vt 0.00000000 1.00000000
vt 0.00000000 1.00000000
vt 0.00000000 1.00000000
vt 0.00000000 1.00000000
vt 0.00000000 1.00000000
vt 0.00000000 1.00000000
vt 0.00000000 1.00000000
vt 0.00000000 1.00000000
vt 0.00000000 1.00000000
vt 0.00000000 1.00000000
vt 0.00000000 1.00000000
vt 0.00000000 1.00000000
vt 0.00000000 1.00000000
vt 0.00000000 1.00000000
vt 0.00000000 1.00000000
vt 0.00000000 1.00000000
vt 0.00000000 1.00000000
vt 0.00000000 1.00000000
vt 0.00000000 1.00000000
vt 0.00000000 1.00000000
vt 0.00000000 1.00000000
vt 0.00000000 1.00000000
vt 0.00000000 1.00000000
vt 0.00000000 1.00000000
vt 0.00000000 1.00000000
vt 0.00000000 1.00000000
vt 0.00000000 1.00000000
vt 0.00000000 1.00000000
vt 0.00000000 1.00000000
vt 0.00000000 1.00000000
vt 0.00000000 1.00000000
vt 0.00000000 1.00000000
vt 0.00000000 1.00000000
vt 0.00000000 1.00000000
vt 0.00000000 1.00000000
vt 0.00000000 1.00000000
vt 0.00000000 1.00000000
vt 0.00000000 1.00000000
vt 0.00000000 1.00000000
vt 0.00000000 1.00000000
vt 0.00000000 1.00000000
vt 0.00000000 1.00000000
vt 0.00000000 1.00000000
vt 0.00000000 1.00000000
vt 0.00000000 1.00000000
vt 0.00000000 1.00000000
vt 0.00000000 1.00000000
vt 0.00000000 1.00000000
vt 0.00000000 1.00000000
vt 0.00000000 1.00000000
vt 0.00000000 1.00000000
vt 0.00000000 1.00000000
vt 0.00000000 1.00000000
vt 0.00000000 1.00000000
vt 0.00000000 1.00000000
vt 0.00000000 1.00000000
vt 0.00000000 1.00000000
vt 0.00000000 1.00000000
vt 0.00000000 1.00000000
vt 0.00000000 1.00000000
vt 0.00000000 1.00000000
vt 0.00000000 1.00000000
vt 0.00000000 1.00000000
vt 0.00000000 1.00000000
vt 0.00000000 1.00000000
vt 0.00000000 1.00000000
vt 0.00000000 1.00000000
vt 0.00000000 1.00000000
vt 0.00000000 1.00000000
vt 0.00000000 1.00000000
vt 0.00000000 1.00000000
vt 0.00000000 1.00000000
vt 0.00000000 1.00000000
vt 0.00000000 1.00000000
vt 0.00000000 1.00000000
vt 0.00000000 1.00000000
vt 0.00000000 1.00000000
vt 0.00000000 1.00000000
vt 0.00000000 1.00000000
vt 0.00000000 1.00000000
vt 0.00000000 1.00000000
vt 0.00000000 1.00000000
vt 0.00000000 1.00000000
vt 0.00000000 1.00000000
vt 0.00000000 1.00000000
vt 0.00000000 1.00000000
vt 0.00000000 1.00000000
vt 0.00000000 1.00000000
vt 0.00000000 1.00000000
vt 0.00000000 1.00000000
vt 0.00000000 1.00000000
vt 0.00000000 1.00000000
vt 0.00000000 1.00000000
vt 0.00000000 1.00000000
vt 0.00000000 1.00000000
vt 0.00000000 1.00000000
vt 0.00000000 1.00000000
vt 0.00000000 1.00000000
vt 0.00000000 1.00000000
vt 0.00000000 1.00000000
vt 0.00000000 1.00000000
vt 0.00000000 1.00000000
vt 0.00000000 1.00000000
vt 0.00000000 1.00000000
vt 0.00000000 1.00000000
vt 0.00000000 1.00000000
vt 0.00000000 1.00000000
vt 0.00000000 1.00000000
vt 0.00000000 1.00000000
vt 0.00000000 1.00000000
vt 0.00000000 1.00000000
vt 0.00000000 1.00000000
vt 0.00000000 1.00000000
vt 0.00000000 1.00000000
vt 0.00000000 1.00000000
vt 0.00000000 1.00000000
vt 0.00000000 1.00000000
vt 0.00000000 1.00000000
vt 0.00000000 1.00000000
vt 0.00000000 1.00000000
vt 0.00000000 1.00000000
vt 0.00000000 1.00000000
vt 0.00000000 1.00000000
vt 0.00000000 1.00000000
vt 0.00000000 1.00000000
vt 0.00000000 1.00000000
vt 0.00000000 1.00000000
vt 0.00000000 1.00000000
vt 0.00000000 1.00000000
vt 0.00000000 1.00000000
vt 0.00000000 1.00000000
vt 0.00000000 1.00000000
vt 0.00000000 1.00000000
vt 0.00000000 1.00000000
vt 0.00000000 1.00000000
vt 0.00000000 1.00000000
vt 0.00000000 1.00000000
vt 0.00000000 1.00000000
vt 0.00000000 1.00000000
vt 0.00000000 1.00000000
vt 0.00000000 1.00000000
vt 0.00000000 1.00000000
vt 0.00000000 1.00000000
vt 0.00000000 1.00000000
vt 0.00000000 1.00000000
vt 0.00000000 1.00000000
vt 0.00000000 1.00000000
vt 0.00000000 1.00000000
vt 0.00000000 1.00000000
vt 0.00000000 1.00000000
vt 0.00000000 1.00000000
vt 0.00000000 1.00000000
vt 0.00000000 1.00000000
vt 0.00000000 1.00000000
vt 0.00000000 1.00000000
vt 0.00000000 1.00000000
vt 0.00000000 1.00000000
vt 0.00000000 1.00000000
vt 0.00000000 1.00000000
vt 0.00000000 1.00000000
vt 0.00000000 1.00000000
vt 0.00000000 1.00000000
vt 0.00000000 1.00000000
vt 0.00000000 1.00000000
vt 0.00000000 1.00000000
vt 0.00000000 1.00000000
vt 0.00000000 1.00000000
vt 0.00000000 1.00000000
vt 0.00000000 1.00000000
vt 0.00000000 1.00000000
vt 0.00000000 1.00000000
vt 0.00000000 1.00000000
vt 0.00000000 1.00000000
vt 0.00000000 1.00000000
vt 0.00000000 1.00000000
vt 0.00000000 1.00000000
vt 0.00000000 1.00000000
vt 0.00000000 1.00000000
vt 0.00000000 1.00000000
vt 0.00000000 1.00000000
vt 0.00000000 1.00000000
vt 0.00000000 1.00000000
vt 0.00000000 1.00000000
vt 0.00000000 1.00000000
vt 0.00000000 1.00000000
vt 0.00000000 1.00000000
vt 0.00000000 1.00000000
vt 0.00000000 1.00000000
vt 0.00000000 1.00000000
vt 0.00000000 1.00000000
vt 0.00000000 1.00000000
vt 0.00000000 1.00000000
vt 0.00000000 1.00000000
vt 0.00000000 1.00000000
vt 0.00000000 1.00000000
vt 0.00000000 1.00000000
vt 0.00000000 1.00000000
vt 0.00000000 1.00000000
vt 0.00000000 1.00000000
vt 0.00000000 1.00000000
vt 0.00000000 1.00000000
vt 0.00000000 1.00000000
vt 0.00000000 1.00000000
vt 0.00000000 1.00000000
vt 0.00000000 1.00000000
vt 0.00000000 1.00000000
vt 0.00000000 1.00000000
vt 0.00000000 1.00000000
vt 0.00000000 1.00000000
vt 0.00000000 1.00000000
vt 0.00000000 1.00000000
vt 0.00000000 1.00000000
vt 0.00000000 1.00000000
vt 0.00000000 1.00000000
vt 0.00000000 1.00000000
vt 0.00000000 1.00000000
vt 0.00000000 1.00000000
vt 0.00000000 1.00000000
vt 0.00000000 1.00000000
vt 0.00000000 1.00000000
vt 0.00000000 1.00000000
vt 0.00000000 1.00000000
vt 0.00000000 1.00000000
vt 0.00000000 1.00000000
vt 0.00000000 1.00000000
vt 0.00000000 1.00000000
vt 0.00000000 1.00000000
vt 0.00000000 1.00000000
vt 0.00000000 1.00000000
vt 0.00000000 1.00000000
vt 0.00000000 1.00000000
vt 0.00000000 1.00000000
vt 0.00000000 1.00000000
vt 0.00000000 1.00000000
vt 0.00000000 1.00000000
vt 0.00000000 1.00000000
vt 0.00000000 1.00000000
vt 0.00000000 1.00000000
vt 0.00000000 1.00000000
vt 0.00000000 1.00000000
vt 0.00000000 1.00000000
vt 0.00000000 1.00000000
vt 0.00000000 1.00000000
vt 0.00000000 1.00000000
vt 0.00000000 1.00000000
vt 0.00000000 1.00000000
vt 0.00000000 1.00000000
vt 0.00000000 1.00000000
vt 0.00000000 1.00000000
vt 0.00000000 1.00000000
vt 0.00000000 1.00000000
vt 0.00000000 1.00000000
vt 0.00000000 1.00000000
vt 0.00000000 1.00000000
vt 0.00000000 1.00000000
vt 0.00000000 1.00000000
vt 0.00000000 1.00000000
vt 0.00000000 1.00000000
vt 0.00000000 1.00000000
vt 0.00000000 1.00000000
vt 0.00000000 1.00000000
vt 0.00000000 1.00000000
vt 0.00000000 1.00000000
vt 0.00000000 1.00000000
vt 0.00000000 1.00000000
vt 0.00000000 1.00000000
vt 0.00000000 1.00000000
vt 0.00000000 1.00000000
vt 0.00000000 1.00000000
vt 0.00000000 1.00000000
vt 0.00000000 1.00000000
vt 0.00000000 1.00000000
vt 0.00000000 1.00000000
vt 0.00000000 1.00000000
vt 0.00000000 1.00000000
vt 0.00000000 1.00000000
vt 0.00000000 1.00000000
vt 0.00000000 1.00000000
vt 0.00000000 1.00000000
vt 0.00000000 1.00000000
vt 0.00000000 1.00000000
vt 0.00000000 1.00000000
vt 0.00000000 1.00000000
vt 0.00000000 1.00000000
vt 0.00000000 1.00000000
vt 0.00000000 1.00000000
vt 0.00000000 1.00000000
vt 0.00000000 1.00000000
vt 0.00000000 1.00000000
vt 0.00000000 1.00000000
vt 0.00000000 1.00000000
vt 0.00000000 1.00000000
vt 0.00000000 1.00000000
vt 0.00000000 1.00000000
vt 0.00000000 1.00000000
vt 0.00000000 1.00000000
vt 0.00000000 1.00000000
vt 0.00000000 1.00000000
vt 0.00000000 1.00000000
vt 0.00000000 1.00000000
vt 0.00000000 1.00000000
vt 0.00000000 1.00000000
vt 0.00000000 1.00000000
vt 0.00000000 1.00000000
vt 0.00000000 1.00000000
vt 0.00000000 1.00000000
vt 0.00000000 1.00000000
vt 0.00000000 1.00000000
vt 0.00000000 1.00000000
vt 0.00000000 1.00000000
vt 0.00000000 1.00000000
vt 0.00000000 1.00000000
vt 0.00000000 1.00000000
vt 0.00000000 1.00000000
vt 0.00000000 1.00000000
vt 0.00000000 1.00000000
vt 0.00000000 1.00000000
vt 0.00000000 1.00000000
vt 0.00000000 1.00000000
vt 0.00000000 1.00000000
vt 0.00000000 1.00000000
vt 0.00000000 1.00000000
vt 0.00000000 1.00000000
vt 0.00000000 1.00000000
vt 0.00000000 1.00000000
vt 0.00000000 1.00000000
vt 0.00000000 1.00000000
vt 0.00000000 1.00000000
vt 0.00000000 1.00000000
vt 0.00000000 1.00000000
vt 0.00000000 1.00000000
vt 0.00000000 1.00000000
vt 0.00000000 1.00000000
vt 0.00000000 1.00000000
vt 0.00000000 1.00000000
vt 0.00000000 1.00000000
vt 0.00000000 1.00000000
vt 0.00000000 1.00000000
vt 0.00000000 1.00000000
vt 0.00000000 1.00000000
vt 0.00000000 1.00000000
vt 0.00000000 1.00000000
vt 0.00000000 1.00000000
vt 0.00000000 1.00000000
vt 0.00000000 1.00000000
vt 0.00000000 1.00000000
vt 0.00000000 1.00000000
vt 0.00000000 1.00000000
vt 0.00000000 1.00000000
vt 0.00000000 1.00000000
vt 0.00000000 1.00000000
vt 0.00000000 1.00000000
vt 0.00000000 1.00000000
vt 0.00000000 1.00000000
vt 0.00000000 1.00000000
vt 0.00000000 1.00000000
vt 0.00000000 1.00000000
vt 0.00000000 1.00000000
vt 0.00000000 1.00000000
vt 0.00000000 1.00000000
vt 0.00000000 1.00000000
vt 0.00000000 1.00000000
vt 0.00000000 1.00000000
vt 0.00000000 1.00000000
vt 0.00000000 1.00000000
vt 0.00000000 1.00000000
vt 0.00000000 1.00000000
vt 0.00000000 1.00000000
vt 0.00000000 1.00000000
vt 0.00000000 1.00000000
vt 0.00000000 1.00000000
vt 0.00000000 1.00000000
vt 0.00000000 1.00000000
vt 0.00000000 1.00000000
vt 0.00000000 1.00000000
vt 0.00000000 1.00000000
vt 0.00000000 1.00000000
vt 0.00000000 1.00000000
vt 0.00000000 1.00000000
vt 0.00000000 1.00000000
vt 0.00000000 1.00000000
vt 0.00000000 1.00000000
vt 0.00000000 1.00000000
vt 0.00000000 1.00000000
vt 0.00000000 1.00000000
vt 0.00000000 1.00000000
vt 0.00000000 1.00000000
vt 0.00000000 1.00000000
vt 0.00000000 1.00000000
vt 0.00000000 1.00000000
vt 0.00000000 1.00000000
vt 0.00000000 1.00000000
vt 0.00000000 1.00000000
vt 0.00000000 1.00000000
vt 0.00000000 1.00000000
vt 0.00000000 1.00000000
vt 0.00000000 1.00000000
vt 0.00000000 1.00000000
vt 0.00000000 1.00000000
vt 0.00000000 1.00000000
vt 0.00000000 1.00000000
vt 0.00000000 1.00000000
vt 0.00000000 1.00000000
vt 0.00000000 1.00000000
vt 0.00000000 1.00000000
vt 0.00000000 1.00000000
vt 0.00000000 1.00000000
vt 0.00000000 1.00000000
vt 0.00000000 1.00000000
vt 0.00000000 1.00000000
vt 0.00000000 1.00000000
vt 0.00000000 1.00000000
vt 0.00000000 1.00000000
vt 0.00000000 1.00000000
vt 0.00000000 1.00000000
vt 0.00000000 1.00000000
vt 0.00000000 1.00000000
vt 0.00000000 1.00000000
vt 0.00000000 1.00000000
vt 0.00000000 1.00000000
vt 0.00000000 1.00000000
vt 0.00000000 1.00000000
vt 0.00000000 1.00000000
vt 0.00000000 1.00000000
vt 0.00000000 1.00000000
vt 0.00000000 1.00000000
vt 0.00000000 1.00000000
vt 0.00000000 1.00000000
vt 0.00000000 1.00000000
vt 0.00000000 1.00000000
vt 0.00000000 1.00000000
vt 0.00000000 1.00000000
vt 0.00000000 1.00000000
vt 0.00000000 1.00000000
vt 0.00000000 1.00000000
vt 0.00000000 1.00000000
vt 0.00000000 1.00000000
vt 0.00000000 1.00000000
vt 0.00000000 1.00000000
vt 0.00000000 1.00000000
vt 0.00000000 1.00000000
vt 0.00000000 1.00000000
vt 0.00000000 1.00000000
vt 0.00000000 1.00000000
vt 0.00000000 1.00000000
vt 0.00000000 1.00000000
vt 0.00000000 1.00000000
vt 0.00000000 1.00000000
vt 0.00000000 1.00000000
vt 0.00000000 1.00000000
vt 0.00000000 1.00000000
vt 0.00000000 1.00000000
vt 0.00000000 1.00000000
vt 0.00000000 1.00000000
vt 0.00000000 1.00000000
vt 0.00000000 1.00000000
vt 0.00000000 1.00000000
vt 0.00000000 1.00000000
vt 0.00000000 1.00000000
vt 0.00000000 1.00000000
vt 0.00000000 1.00000000
vt 0.00000000 1.00000000
vt 0.00000000 1.00000000
vt 0.00000000 1.00000000
vt 0.00000000 1.00000000
vt 0.00000000 1.00000000
vt 0.00000000 1.00000000
vt 0.00000000 1.00000000
vt 0.00000000 1.00000000
vt 0.00000000 1.00000000
vt 0.00000000 1.00000000
vt 0.00000000 1.00000000
vt 0.00000000 1.00000000
vt 0.00000000 1.00000000
vt 0.00000000 1.00000000
vt 0.00000000 1.00000000
vt 0.00000000 1.00000000
vt 0.00000000 1.00000000
vt 0.00000000 1.00000000
vt 0.00000000 1.00000000
vt 0.00000000 1.00000000
vt 0.00000000 1.00000000
vt 0.00000000 1.00000000
vt 0.00000000 1.00000000
vt 0.00000000 1.00000000
vt 0.00000000 1.00000000
vt 0.00000000 1.00000000
vt 0.00000000 1.00000000
vt 0.00000000 1.00000000
vt 0.00000000 1.00000000
vt 0.00000000 1.00000000
vt 0.00000000 1.00000000
vt 0.00000000 1.00000000
vt 0.00000000 1.00000000
vt 0.00000000 1.00000000
vt 0.00000000 1.00000000
vt 0.00000000 1.00000000
vt 0.00000000 1.00000000
vt 0.00000000 1.00000000
vt 0.00000000 1.00000000
vt 0.00000000 1.00000000
vt 0.00000000 1.00000000
vt 0.00000000 1.00000000
vt 0.00000000 1.00000000
vt 0.00000000 1.00000000
vt 0.00000000 1.00000000
vt 0.00000000 1.00000000
vt 0.00000000 1.00000000
vt 0.00000000 1.00000000
vt 0.00000000 1.00000000
vt 0.00000000 1.00000000
vt 0.00000000 1.00000000
vt 0.00000000 1.00000000
vt 0.00000000 1.00000000
vt 0.00000000 1.00000000
vt 0.00000000 1.00000000
vt 0.00000000 1.00000000
vt 0.00000000 1.00000000
vt 0.00000000 1.00000000
vt 0.00000000 1.00000000
vt 0.00000000 1.00000000
vt 0.00000000 1.00000000
vt 0.00000000 1.00000000
vt 0.00000000 1.00000000
vt 0.00000000 1.00000000
vt 0.00000000 1.00000000
vt 0.00000000 1.00000000
vt 0.00000000 1.00000000
vt 0.00000000 1.00000000
vt 0.00000000 1.00000000
vt 0.00000000 1.00000000
vt 0.00000000 1.00000000
vt 0.00000000 1.00000000
vt 0.00000000 1.00000000
vt 0.00000000 1.00000000
vt 0.00000000 1.00000000
vt 0.00000000 1.00000000
vt 0.00000000 1.00000000
vt 0.00000000 1.00000000
vt 0.00000000 1.00000000
vt 0.00000000 1.00000000
vt 0.00000000 1.00000000
vt 0.00000000 1.00000000
vt 0.00000000 1.00000000
vt 0.00000000 1.00000000
vt 0.00000000 1.00000000
vt 0.00000000 1.00000000
vt 0.00000000 1.00000000
vt 0.00000000 1.00000000
vt 0.00000000 1.00000000
vt 0.00000000 1.00000000
vt 0.00000000 1.00000000
vt 0.00000000 1.00000000
vt 0.00000000 1.00000000
vt 0.00000000 1.00000000
vt 0.00000000 1.00000000
vt 0.00000000 1.00000000
vt 0.00000000 1.00000000
vt 0.00000000 1.00000000
vt 0.00000000 1.00000000
vt 0.00000000 1.00000000
vt 0.00000000 1.00000000
vt 0.00000000 1.00000000
vt 0.00000000 1.00000000
vt 0.00000000 1.00000000
vt 0.00000000 1.00000000
vt 0.00000000 1.00000000
vt 0.00000000 1.00000000
vt 0.00000000 1.00000000
vt 0.00000000 1.00000000
vt 0.00000000 1.00000000
vt 0.00000000 1.00000000
vt 0.00000000 1.00000000
vt 0.00000000 1.00000000
vt 0.00000000 1.00000000
vt 0.00000000 1.00000000
vt 0.00000000 1.00000000
vt 0.00000000 1.00000000
vt 0.00000000 1.00000000
vt 0.00000000 1.00000000
vt 0.00000000 1.00000000
vt 0.00000000 1.00000000
vt 0.00000000 1.00000000
vt 0.00000000 1.00000000
vt 0.00000000 1.00000000
vt 0.00000000 1.00000000
vt 0.00000000 1.00000000
vt 0.00000000 1.00000000
vt 0.00000000 1.00000000
vt 0.00000000 1.00000000
vt 0.00000000 1.00000000
vt 0.00000000 1.00000000
vt 0.00000000 1.00000000
vt 0.00000000 1.00000000
vt 0.00000000 1.00000000
vt 0.00000000 1.00000000
vt 0.00000000 1.00000000
vt 0.00000000 1.00000000
vt 0.00000000 1.00000000
vt 0.00000000 1.00000000
vt 0.00000000 1.00000000
vt 0.00000000 1.00000000
vt 0.00000000 1.00000000
vt 0.00000000 1.00000000
vt 0.00000000 1.00000000
vt 0.00000000 1.00000000
vt 0.00000000 1.00000000
vt 0.00000000 1.00000000
vt 0.00000000 1.00000000
vt 0.00000000 1.00000000
vt 0.00000000 1.00000000
vt 0.00000000 1.00000000
vt 0.00000000 1.00000000
vt 0.00000000 1.00000000
vt 0.00000000 1.00000000
vt 0.00000000 1.00000000
vt 0.00000000 1.00000000
vt 0.00000000 1.00000000
vt 0.00000000 1.00000000
vt 0.00000000 1.00000000
vt 0.00000000 1.00000000
vt 0.00000000 1.00000000
vt 0.00000000 1.00000000
vt 0.00000000 1.00000000
vt 0.00000000 1.00000000
vt 0.00000000 1.00000000
vt 0.00000000 1.00000000
vt 0.00000000 1.00000000
vt 0.00000000 1.00000000
vt 0.00000000 1.00000000
vt 0.00000000 1.00000000
vt 0.00000000 1.00000000
vt 0.00000000 1.00000000
vt 0.00000000 1.00000000
vt 0.00000000 1.00000000
vt 0.00000000 1.00000000
vt 0.00000000 1.00000000
vt 0.00000000 1.00000000
vt 0.00000000 1.00000000
vt 0.00000000 1.00000000
vt 0.00000000 1.00000000
vt 0.00000000 1.00000000
vt 0.00000000 1.00000000
vt 0.00000000 1.00000000
vt 0.00000000 1.00000000
vt 0.00000000 1.00000000
vt 0.00000000 1.00000000
vt 0.00000000 1.00000000
vt 0.00000000 1.00000000
vt 0.00000000 1.00000000
vt 0.00000000 1.00000000
vt 0.00000000 1.00000000
vt 0.00000000 1.00000000
vt 0.00000000 1.00000000
vt 0.00000000 1.00000000
vt 0.00000000 1.00000000
vt 0.00000000 1.00000000
vt 0.00000000 1.00000000
vt 0.00000000 1.00000000
vt 0.00000000 1.00000000
vt 0.00000000 1.00000000
vt 0.00000000 1.00000000
vt 0.00000000 1.00000000
vt 0.00000000 1.00000000
vt 0.00000000 1.00000000
vt 0.00000000 1.00000000
vt 0.00000000 1.00000000
vt 0.00000000 1.00000000
vt 0.00000000 1.00000000
vt 0.00000000 1.00000000
vt 0.00000000 1.00000000
vt 0.00000000 1.00000000
vt 0.00000000 1.00000000
vt 0.00000000 1.00000000
vt 0.00000000 1.00000000
vt 0.00000000 1.00000000
vt 0.00000000 1.00000000
vt 0.00000000 1.00000000
vt 0.00000000 1.00000000
vt 0.00000000 1.00000000
vt 0.00000000 1.00000000
vt 0.00000000 1.00000000
vt 0.00000000 1.00000000
vt 0.00000000 1.00000000
vt 0.00000000 1.00000000
vt 0.00000000 1.00000000
vt 0.00000000 1.00000000
vt 0.00000000 1.00000000
vt 0.00000000 1.00000000
vt 0.00000000 1.00000000
vt 0.00000000 1.00000000
vt 0.00000000 1.00000000
vt 0.00000000 1.00000000
vt 0.00000000 1.00000000
vt 0.00000000 1.00000000
vt 0.00000000 1.00000000
vt 0.00000000 1.00000000
vt 0.00000000 1.00000000
vt 0.00000000 1.00000000
vt 0.00000000 1.00000000
vt 0.00000000 1.00000000
vt 0.00000000 1.00000000
vt 0.00000000 1.00000000
vt 0.00000000 1.00000000
vt 0.00000000 1.00000000
vt 0.00000000 1.00000000
vt 0.00000000 1.00000000
vt 0.00000000 1.00000000
vt 0.00000000 1.00000000
vt 0.00000000 1.00000000
vt 0.00000000 1.00000000
vt 0.00000000 1.00000000
vt 0.00000000 1.00000000
vt 0.00000000 1.00000000
vt 0.00000000 1.00000000
vt 0.00000000 1.00000000
vt 0.00000000 1.00000000
vt 0.00000000 1.00000000
vt 0.00000000 1.00000000
vt 0.00000000 1.00000000
vt 0.00000000 1.00000000
vt 0.00000000 1.00000000
vt 0.00000000 1.00000000
vt 0.00000000 1.00000000
vt 0.00000000 1.00000000
vt 0.00000000 1.00000000
vt 0.00000000 1.00000000
vt 0.00000000 1.00000000
vt 0.00000000 1.00000000
vt 0.00000000 1.00000000
vt 0.00000000 1.00000000
vt 0.00000000 1.00000000
vt 0.00000000 1.00000000
vt 0.00000000 1.00000000
vt 0.00000000 1.00000000
vt 0.00000000 1.00000000
vt 0.00000000 1.00000000
vt 0.00000000 1.00000000
vt 0.00000000 1.00000000
vt 0.00000000 1.00000000
vt 0.00000000 1.00000000
vt 0.00000000 1.00000000
vt 0.00000000 1.00000000
vt 0.00000000 1.00000000
vt 0.00000000 1.00000000
vt 0.00000000 1.00000000
vt 0.00000000 1.00000000
vt 0.00000000 1.00000000
vt 0.00000000 1.00000000
vt 0.00000000 1.00000000
vt 0.00000000 1.00000000
vt 0.00000000 1.00000000
vt 0.00000000 1.00000000
vt 0.00000000 1.00000000
vt 0.00000000 1.00000000
vt 0.00000000 1.00000000
vt 0.00000000 1.00000000
vt 0.00000000 1.00000000
vt 0.00000000 1.00000000
vt 0.00000000 1.00000000
vt 0.00000000 1.00000000
vt 0.00000000 1.00000000
vt 0.00000000 1.00000000
vt 0.00000000 1.00000000
vt 0.00000000 1.00000000
vt 0.00000000 1.00000000
vt 0.00000000 1.00000000
vt 0.00000000 1.00000000
vt 0.00000000 1.00000000
vt 0.00000000 1.00000000
vt 0.00000000 1.00000000
vt 0.00000000 1.00000000
vt 0.00000000 1.00000000
vt 0.00000000 1.00000000
vt 0.00000000 1.00000000
vt 0.00000000 1.00000000
vt 0.00000000 1.00000000
vt 0.00000000 1.00000000
vt 0.00000000 1.00000000
vt 0.00000000 1.00000000
vt 0.00000000 1.00000000
vt 0.00000000 1.00000000
vt 0.00000000 1.00000000
vt 0.00000000 1.00000000
vt 0.00000000 1.00000000
vt 0.00000000 1.00000000
vt 0.00000000 1.00000000
vt 0.00000000 1.00000000
vt 0.00000000 1.00000000
vt 0.00000000 1.00000000
vt 0.00000000 1.00000000
vt 0.00000000 1.00000000
vt 0.00000000 1.00000000
vt 0.00000000 1.00000000
vt 0.00000000 1.00000000
vt 0.00000000 1.00000000
vt 0.00000000 1.00000000
vt 0.00000000 1.00000000
vt 0.00000000 1.00000000
vt 0.00000000 1.00000000
vt 0.00000000 1.00000000
vt 0.00000000 1.00000000
vt 0.00000000 1.00000000
vt 0.00000000 1.00000000
vt 0.00000000 1.00000000
vt 0.00000000 1.00000000
vt 0.00000000 1.00000000
vt 0.00000000 1.00000000
vt 0.00000000 1.00000000
vt 0.00000000 1.00000000
vt 0.00000000 1.00000000
vt 0.00000000 1.00000000
vt 0.00000000 1.00000000
vt 0.00000000 1.00000000
vt 0.00000000 1.00000000
vt 0.00000000 1.00000000
vt 0.00000000 1.00000000
vt 0.00000000 1.00000000
vt 0.00000000 1.00000000
vt 0.00000000 1.00000000
vt 0.00000000 1.00000000
vt 0.00000000 1.00000000
vt 0.00000000 1.00000000
vt 0.00000000 1.00000000
vt 0.00000000 1.00000000
vt 0.00000000 1.00000000
vt 0.00000000 1.00000000
vt 0.00000000 1.00000000
vt 0.00000000 1.00000000
vt 0.00000000 1.00000000
vt 0.00000000 1.00000000
vt 0.00000000 1.00000000
vt 0.00000000 1.00000000
vt 0.00000000 1.00000000
vt 0.00000000 1.00000000
vt 0.00000000 1.00000000
vt 0.00000000 1.00000000
vt 0.00000000 1.00000000
vt 0.00000000 1.00000000
vt 0.00000000 1.00000000
vt 0.00000000 1.00000000
vt 0.00000000 1.00000000
vt 0.00000000 1.00000000
vt 0.00000000 1.00000000
vt 0.00000000 1.00000000
vt 0.00000000 1.00000000
vt 0.00000000 1.00000000
vt 0.00000000 1.00000000
vt 0.00000000 1.00000000
vt 0.00000000 1.00000000
vt 0.00000000 1.00000000
vt 0.00000000 1.00000000
vt 0.00000000 1.00000000
vt 0.00000000 1.00000000
vt 0.00000000 1.00000000
vt 0.00000000 1.00000000
vt 0.00000000 1.00000000
vt 0.00000000 1.00000000
vt 0.00000000 1.00000000
vt 0.00000000 1.00000000
vt 0.00000000 1.00000000
vt 0.00000000 1.00000000
vt 0.00000000 1.00000000
vt 0.00000000 1.00000000
vt 0.00000000 1.00000000
vt 0.00000000 1.00000000
vt 0.00000000 1.00000000
vt 0.00000000 1.00000000
vt 0.00000000 1.00000000
vt 0.00000000 1.00000000
vt 0.00000000 1.00000000
vt 0.00000000 1.00000000
vt 0.00000000 1.00000000
vt 0.00000000 1.00000000
vt 0.00000000 1.00000000
vt 0.00000000 1.00000000
vt 0.00000000 1.00000000
vt 0.00000000 1.00000000
vt 0.00000000 1.00000000
vt 0.00000000 1.00000000
vt 0.00000000 1.00000000
vt 0.00000000 1.00000000
vt 0.00000000 1.00000000
vt 0.00000000 1.00000000
vt 0.00000000 1.00000000
vt 0.00000000 1.00000000
vt 0.00000000 1.00000000
vt 0.00000000 1.00000000
vt 0.00000000 1.00000000
vt 0.00000000 1.00000000
vt 0.00000000 1.00000000
vt 0.00000000 1.00000000
vt 0.00000000 1.00000000
vt 0.00000000 1.00000000
vt 0.00000000 1.00000000
vt 0.00000000 1.00000000
vt 0.00000000 1.00000000
vt 0.00000000 1.00000000
vt 0.00000000 1.00000000
vt 0.00000000 1.00000000
vt 0.00000000 1.00000000
vt 0.00000000 1.00000000
vt 0.00000000 1.00000000
vt 0.00000000 1.00000000
vt 0.00000000 1.00000000
vt 0.00000000 1.00000000
vt 0.00000000 1.00000000
vt 0.00000000 1.00000000
vt 0.00000000 1.00000000
vt 0.00000000 1.00000000
vt 0.00000000 1.00000000
vt 0.00000000 1.00000000
vt 0.00000000 1.00000000
vt 0.00000000 1.00000000
vt 0.00000000 1.00000000
vt 0.00000000 1.00000000
vt 0.00000000 1.00000000
vt 0.00000000 1.00000000
vt 0.00000000 1.00000000
vt 0.00000000 1.00000000
vt 0.00000000 1.00000000
vt 0.00000000 1.00000000
vt 0.00000000 1.00000000
vt 0.00000000 1.00000000
vt 0.00000000 1.00000000
vt 0.00000000 1.00000000
vt 0.00000000 1.00000000
vt 0.00000000 1.00000000
vt 0.00000000 1.00000000
vt 0.00000000 1.00000000
vt 0.00000000 1.00000000
vt 0.00000000 1.00000000
vt 0.00000000 1.00000000
vt 0.00000000 1.00000000
vt 0.00000000 1.00000000
vt 0.00000000 1.00000000
vt 0.00000000 1.00000000
vt 0.00000000 1.00000000
vt 0.00000000 1.00000000
vt 0.00000000 1.00000000
vt 0.00000000 1.00000000
vt 0.00000000 1.00000000
vt 0.00000000 1.00000000
vt 0.00000000 1.00000000
vt 0.00000000 1.00000000
vt 0.00000000 1.00000000
vt 0.00000000 1.00000000
vt 0.00000000 1.00000000
vt 0.00000000 1.00000000
vt 0.00000000 1.00000000
vt 0.00000000 1.00000000
vt 0.00000000 1.00000000
vt 0.00000000 1.00000000
vt 0.00000000 1.00000000
vt 0.00000000 1.00000000
vt 0.00000000 1.00000000
vt 0.00000000 1.00000000
vt 0.00000000 1.00000000
vt 0.00000000 1.00000000
vt 0.00000000 1.00000000
vt 0.00000000 1.00000000
vt 0.00000000 1.00000000
vt 0.00000000 1.00000000
vt 0.00000000 1.00000000
vt 0.00000000 1.00000000
vt 0.00000000 1.00000000
vt 0.00000000 1.00000000
vt 0.00000000 1.00000000
vt 0.00000000 1.00000000
vt 0.00000000 1.00000000
vt 0.00000000 1.00000000
vt 0.00000000 1.00000000
vt 0.00000000 1.00000000
vt 0.00000000 1.00000000
vt 0.00000000 1.00000000
vt 0.00000000 1.00000000
vt 0.00000000 1.00000000
vt 0.00000000 1.00000000
vt 0.00000000 1.00000000
vt 0.00000000 1.00000000
vt 0.00000000 1.00000000
vt 0.00000000 1.00000000
vt 0.00000000 1.00000000
vt 0.00000000 1.00000000
vt 0.00000000 1.00000000
vt 0.00000000 1.00000000
vt 0.00000000 1.00000000
vt 0.00000000 1.00000000
vt 0.00000000 1.00000000
vt 0.00000000 1.00000000
vt 0.00000000 1.00000000
vt 0.00000000 1.00000000
vt 0.00000000 1.00000000
vt 0.00000000 1.00000000
vt 0.00000000 1.00000000
vt 0.00000000 1.00000000
vt 0.00000000 1.00000000
vt 0.00000000 1.00000000
vt 0.00000000 1.00000000
vt 0.00000000 1.00000000
vt 0.00000000 1.00000000
vt 0.00000000 1.00000000
vt 0.00000000 1.00000000
vt 0.00000000 1.00000000
vt 0.00000000 1.00000000
vt 0.00000000 1.00000000
vt 0.00000000 1.00000000
vt 0.00000000 1.00000000
vt 0.00000000 1.00000000
vt 0.00000000 1.00000000
vt 0.00000000 1.00000000
vt 0.00000000 1.00000000
vt 0.00000000 1.00000000
vt 0.00000000 1.00000000
vt 0.00000000 1.00000000
vt 0.00000000 1.00000000
vt 0.00000000 1.00000000
vt 0.00000000 1.00000000
vt 0.00000000 1.00000000
vt 0.00000000 1.00000000
vt 0.00000000 1.00000000
vt 0.00000000 1.00000000
vt 0.00000000 1.00000000
vt 0.00000000 1.00000000
vt 0.00000000 1.00000000
vt 0.00000000 1.00000000
vt 0.00000000 1.00000000
vt 0.00000000 1.00000000
vt 0.00000000 1.00000000
vt 0.00000000 1.00000000
vt 0.00000000 1.00000000
vt 0.00000000 1.00000000
vt 0.00000000 1.00000000
vt 0.00000000 1.00000000
vt 0.00000000 1.00000000
vt 0.00000000 1.00000000
vt 0.00000000 1.00000000
vt 0.00000000 1.00000000
vt 0.00000000 1.00000000
vt 0.00000000 1.00000000
vt 0.00000000 1.00000000
vt 0.00000000 1.00000000
vt 0.00000000 1.00000000
vt 0.00000000 1.00000000
vt 0.00000000 1.00000000
vt 0.00000000 1.00000000
vt 0.00000000 1.00000000
vt 0.00000000 1.00000000
vt 0.00000000 1.00000000
vt 0.00000000 1.00000000
vt 0.00000000 1.00000000
vt 0.00000000 1.00000000
vt 0.00000000 1.00000000
vt 0.00000000 1.00000000
vt 0.00000000 1.00000000
vt 0.00000000 1.00000000
vt 0.00000000 1.00000000
vt 0.00000000 1.00000000
vt 0.00000000 1.00000000
vt 0.00000000 1.00000000
vt 0.00000000 1.00000000
vt 0.00000000 1.00000000
vt 0.00000000 1.00000000
vt 0.00000000 1.00000000
vt 0.00000000 1.00000000
vt 0.00000000 1.00000000
vt 0.00000000 1.00000000
vt 0.00000000 1.00000000
vt 0.00000000 1.00000000
vt 0.00000000 1.00000000
vt 0.00000000 1.00000000
vt 0.00000000 1.00000000
vt 0.00000000 1.00000000
vt 0.00000000 1.00000000
vt 0.00000000 1.00000000
f 1/1 2/2 3/3
f 1/1 3/3 4/4
f 5/5 6/6 7/7
f 5/5 7/7 8/8
f 9/9 10/10 11/11
f 9/9 11/11 12/12
f 13/13 14/14 15/15
f 13/13 15/15 16/16
f 17/17 18/18 19/19
f 17/17 19/19 20/20
f 21/21 22/22 23/23
f 21/21 23/23 24/24
f 25/25 26/26 27/27
f 25/25 27/27 28/28
f 29/29 30/30 31/31
f 29/29 31/31 32/32
f 33/33 34/34 35/35
f 33/33 35/35 36/36
f 37/37 38/38 39/39
f 37/37 39/39 40/40
f 41/41 42/42 43/43
f 41/41 43/43 44/44
f 45/45 46/46 47/47
f 45/45 47/47 48/48
f 49/49 50/50 51/51
f 49/49 51/51 52/52
f 53/53 37/37 40/40
f 53/53 40/40 54/54
f 55/55 56/56 57/57
f 55/55 57/57 58/58
f 59/59 53/53 54/54
f 59/59 54/54 60/60
f 61/61 62/62 63/63
f 61/61 63/63 64/64
f 65/65 66/66 67/67
f 65/65 67/67 68/68
f 69/69 70/70 71/71
f 69/69 71/71 72/72
f 73/73 59/59 60/60
f 73/73 60/60 74/74
f 75/75 76/76 77/77
f 75/75 77/77 78/78
f 79/79 80/80 81/81
f 79/79 81/81 82/82
f 83/83 84/84 85/85
f 83/83 85/85 86/86
f 87/87 83/83 86/86
f 87/87 86/86 88/88
f 89/89 90/90 91/91
f 89/89 91/91 92/92
f 93/93 94/94 95/95
f 93/93 95/95 96/96
f 97/97 98/98 99/99
f 97/97 99/99 100/100
f 101/101 102/102 103/103
f 101/101 103/103 104/104
f 105/105 106/106 107/107
f 105/105 107/107 108/108
f 109/109 110/110 111/111
f 109/109 111/111 112/112
f 113/113 114/114 115/115
f 113/113 115/115 116/116
f 117/117 118/118 119/119
f 117/117 119/119 120/120
f 121/121 122/122 123/123
f 121/121 123/123 124/124
f 125/125 126/126 127/127
f 125/125 127/127 128/128
f 129/129 73/73 74/74
f 129/129 74/74 130/130
f 131/131 129/129 130/130
f 131/131 130/130 132/132
f 133/133 134/134 135/135
f 133/133 135/135 136/136
f 137/137 138/138 139/139
f 137/137 139/139 140/140
f 141/141 142/142 143/143
f 141/141 143/143 144/144
f 145/145 131/131 132/132
f 145/145 132/132 146/146
f 147/147 148/148 149/149
f 147/147 149/149 150/150
f 151/151 152/152 153/153
f 151/151 153/153 154/154
f 155/155 156/156 157/157
f 155/155 157/157 158/158
f 159/159 160/160 161/161
f 159/159 161/161 162/162
f 163/163 164/164 165/165
f 163/163 165/165 166/166
f 167/167 168/168 169/169
f 167/167 169/169 170/170
f 171/171 172/172 173/173
f 171/171 173/173 174/174
f 175/175 171/171 174/174
f 175/175 174/174 176/176
f 177/177 178/178 179/179
f 177/177 179/179 180/180
f 181/181 182/182 183/183
f 181/181 183/183 184/184
f 185/185 186/186 187/187
f 185/185 187/187 188/188
f 189/189 175/175 176/176
f 189/189 176/176 190/190
f 191/191 192/192 193/193
f 191/191 193/193 194/194
f 195/195 196/196 197/197
f 195/195 197/197 198/198
f 199/199 200/200 201/201
f 199/199 201/201 202/202
f 203/203 204/204 205/205
f 203/203 205/205 206/206
f 207/207 208/208 209/209
f 207/207 209/209 210/210
f 211/211 212/212 213/213
f 211/211 213/213 214/214
f 215/215 216/216 217/217
f 215/215 217/217 218/218
f 219/219 211/211 214/214
f 219/219 214/214 220/220
f 221/221 222/222 223/223
f 221/221 223/223 224/224
f 225/225 226/226 227/227
f 225/225 227/227 228/228
f 229/229 230/230 231/231
f 229/229 231/231 232/232
f 233/233 234/234 235/235
f 233/233 235/235 236/236
f 237/237 238/238 239/239
f 237/237 239/239 240/240
f 241/241 242/242 243/243
f 241/241 243/243 244/244
f 245/245 246/246 247/247
f 245/245 247/247 248/248
f 249/249 250/250 251/251
f 249/249 251/251 252/252
f 253/253 254/254 255/255
f 253/253 255/255 256/256
f 257/257 241/241 244/244
f 257/257 244/244 258/258
f 259/259 260/260 261/261
f 259/259 261/261 262/262
f 263/263 264/264 265/265
f 263/263 265/265 266/266
f 267/267 268/268 269/269
f 267/267 269/269 270/270
f 271/271 272/272 273/273
f 271/271 273/273 274/274
f 275/275 276/276 277/277
f 275/275 277/277 278/278
f 279/279 280/280 281/281
f 279/279 281/281 282/282
f 283/283 284/284 285/285
f 283/283 285/285 286/286
f 287/287 288/288 289/289
f 287/287 289/289 290/290
f 291/291 292/292 293/293
f 291/291 293/293 294/294
f 295/295 296/296 297/297
f 295/295 297/297 298/298
f 299/299 300/300 301/301
f 299/299 301/301 302/302
f 303/303 304/304 305/305
f 303/303 305/305 306/306
f 307/307 308/308 309/309
f 307/307 309/309 310/310
f 311/311 312/312 313/313
f 311/311 313/313 314/314
f 315/315 316/316 317/317
f 315/315 317/317 318/318
f 319/319 320/320 321/321
f 319/319 321/321 322/322
f 323/323 324/324 325/325
f 323/323 325/325 326/326
f 327/327 328/328 329/329
f 327/327 329/329 330/330
f 331/331 332/332 333/333
f 331/331 333/333 334/334
f 335/335 336/336 337/337
f 335/335 337/337 338/338
f 339/339 340/340 341/341
f 339/339 341/341 342/342
f 343/343 344/344 345/345
f 343/343 345/345 346/346
f 347/347 348/348 349/349
f 347/347 349/349 350/350
f 351/351 352/352 353/353
f 351/351 353/353 354/354
f 355/355 356/356 357/357
f 355/355 357/357 358/358
f 359/359 355/355 358/358
f 359/359 358/358 360/360
f 361/361 362/362 363/363
f 361/361 363/363 364/364
f 365/365 366/366 367/367
f 365/365 367/367 368/368
f 369/369 370/370 371/371
f 369/369 371/371 372/372
f 373/373 374/374 375/375
f 373/373 375/375 376/376
f 377/377 378/378 379/379
f 377/377 379/379 380/380
f 381/381 382/382 383/383
f 381/381 383/383 384/384
f 385/385 386/386 387/387
f 385/385 387/387 388/388
f 389/389 385/385 388/388
f 389/389 388/388 390/390
f 391/391 392/392 393/393
f 391/391 393/393 394/394
f 395/395 396/396 397/397
f 395/395 397/397 398/398
f 399/399 400/400 401/401
f 399/399 401/401 402/402
f 403/403 404/404 405/405
f 403/403 405/405 406/406
f 407/407 389/389 390/390
f 407/407 390/390 408/408
f 409/409 407/407 408/408
f 409/409 408/408 410/410
f 411/411 412/412 413/413
f 411/411 413/413 414/414
f 415/415 416/416 417/417
f 415/415 417/417 418/418
f 419/419 420/420 421/421
f 419/419 421/421 422/422
f 423/423 424/424 425/425
f 423/423 425/425 426/426
f 427/427 428/428 429/429
f 427/427 429/429 430/430
f 431/431 432/432 433/433
f 431/431 433/433 434/434
f 435/435 436/436 437/437
f 435/435 437/437 438/438
f 439/439 440/440 441/441
f 439/439 441/441 442/442
f 443/443 409/409 410/410
f 443/443 410/410 444/444
f 445/445 443/443 444/444
f 445/445 444/444 446/446
f 447/447 448/448 449/449
f 447/447 449/449 450/450
f 451/451 452/452 453/453
f 451/451 453/453 454/454
f 455/455 456/456 457/457
f 455/455 457/457 458/458
f 459/459 460/460 461/461
f 459/459 461/461 462/462
f 463/463 445/445 446/446
f 463/463 446/446 464/464
f 465/465 463/463 464/464
f 465/465 464/464 466/466
f 467/467 468/468 469/469
f 467/467 469/469 470/470
f 471/471 472/472 473/473
f 471/471 473/473 474/474
f 475/475 476/476 477/477
f 475/475 477/477 478/478
f 479/479 480/480 481/481
f 479/479 481/481 482/482
f 483/483 484/484 485/485
f 483/483 485/485 486/486
f 487/487 488/488 489/489
f 487/487 489/489 490/490
f 491/491 492/492 493/493
f 491/491 493/493 494/494
f 495/495 496/496 497/497
f 495/495 497/497 498/498
f 499/499 500/500 501/501
f 499/499 501/501 502/502
f 503/503 504/504 505/505
f 503/503 505/505 506/506
f 507/507 508/508 509/509
f 507/507 509/509 510/510
f 511/511 512/512 513/513
f 511/511 513/513 514/514
f 515/515 516/516 517/517
f 515/515 517/517 518/518
f 519/519 503/503 506/506
f 519/519 506/506 520/520
f 521/521 522/522 523/523
f 521/521 523/523 524/524
f 525/525 526/526 527/527
f 525/525 527/527 528/528
f 529/529 530/530 531/531
f 529/529 531/531 532/532
f 533/533 529/529 532/532
f 533/533 532/532 534/534
f 535/535 536/536 537/537
f 535/535 537/537 538/538
f 539/539 540/540 541/541
f 539/539 541/541 542/542
f 543/543 544/544 545/545
f 543/543 545/545 546/546
f 547/547 548/548 549/549
f 547/547 549/549 550/550
f 551/551 552/552 553/553
f 551/551 553/553 554/554
f 555/555 556/556 557/557
f 555/555 557/557 558/558
f 559/559 560/560 561/561
f 559/559 561/561 562/562
f 563/563 564/564 565/565
f 563/563 565/565 566/566
f 567/567 568/568 569/569
f 567/567 569/569 570/570
f 571/571 572/572 573/573
f 571/571 573/573 574/574
f 575/575 576/576 577/577
f 575/575 577/577 578/578
f 579/579 580/580 581/581
f 579/579 581/581 582/582
f 583/583 584/584 585/585
f 583/583 585/585 586/586
f 587/587 588/588 589/589
f 587/587 589/589 590/590
f 591/591 592/592 593/593
f 591/591 593/593 594/594
f 576/576 595/595 596/596
f 576/576 596/596 577/577
f 597/597 598/598 599/599
f 597/597 599/599 600/600
f 601/601 602/602 603/603
f 601/601 603/603 604/604
f 605/605 606/606 607/607
f 605/605 607/607 608/608
f 609/609 610/610 611/611
f 609/609 611/611 612/612
f 613/613 614/614 615/615
f 613/613 615/615 616/616
f 617/617 618/618 619/619
f 617/617 619/619 620/620
f 621/621 622/622 623/623
f 621/621 623/623 624/624
f 625/625 359/359 360/360
f 625/625 360/360 626/626
f 627/627 628/628 629/629
f 627/627 629/629 630/630
f 631/631 632/632 633/633
f 631/631 633/633 634/634
f 635/635 636/636 637/637
f 635/635 637/637 638/638
f 639/639 640/640 641/641
f 639/639 641/641 642/642
f 643/643 644/644 645/645
f 643/643 645/645 646/646
f 647/647 643/643 646/646
f 647/647 646/646 648/648
f 649/649 650/650 651/651
f 649/649 651/651 652/652
f 653/653 654/654 655/655
f 653/653 655/655 656/656
f 657/657 658/658 659/659
f 657/657 659/659 660/660
f 661/661 647/647 648/648
f 661/661 648/648 662/662
f 663/663 664/664 665/665
f 663/663 665/665 666/666
f 667/667 668/668 669/669
f 667/667 669/669 670/670
f 671/671 672/672 673/673
f 671/671 673/673 674/674
f 675/675 676/676 677/677
f 675/675 677/677 678/678
f 679/679 680/680 681/681
f 679/679 681/681 682/682
f 683/683 684/684 685/685
f 683/683 685/685 686/686
f 687/687 688/688 689/689
f 687/687 689/689 690/690
f 691/691 692/692 693/693
f 691/691 693/693 694/694
f 695/695 696/696 697/697
f 695/695 697/697 698/698
f 699/699 700/700 701/701
f 699/699 701/701 702/702
f 703/703 704/704 705/705
f 703/703 705/705 706/706
f 707/707 708/708 709/709
f 707/707 709/709 710/710
f 711/711 712/712 713/713
f 711/711 713/713 714/714
f 715/715 716/716 717/717
f 715/715 717/717 718/718
f 719/719 720/720 721/721
f 719/719 721/721 722/722
f 723/723 724/724 725/725
f 723/723 725/725 726/726
f 727/727 728/728 729/729
f 727/727 729/729 730/730
f 731/731 732/732 733/733
f 731/731 733/733 734/734
f 735/735 736/736 737/737
f 735/735 737/737 738/738
f 739/739 740/740 741/741
f 739/739 741/741 742/742
f 743/743 744/744 745/745
f 743/743 745/745 746/746
f 747/747 748/748 749/749
f 747/747 749/749 750/750
f 751/751 752/752 753/753
f 751/751 753/753 754/754
f 755/755 756/756 757/757
f 755/755 757/757 758/758
f 759/759 760/760 761/761
f 759/759 761/761 762/762
f 763/763 764/764 765/765
f 763/763 765/765 766/766
f 767/767 768/768 769/769
f 767/767 769/769 770/770
f 771/771 772/772 773/773
f 771/771 773/773 774/774
f 775/775 776/776 777/777
f 775/775 777/777 778/778
f 779/779 780/780 781/781
f 779/779 781/781 782/782
f 783/783 784/784 785/785
f 783/783 785/785 786/786
f 787/787 788/788 789/789
f 787/787 789/789 790/790
f 791/791 792/792 793/793
f 791/791 793/793 794/794
f 795/795 796/796 797/797
f 795/795 797/797 798/798
f 799/799 800/800 801/801
f 799/799 801/801 802/802
f 803/803 804/804 805/805
f 803/803 805/805 806/806
f 807/807 808/808 809/809
f 807/807 809/809 810/810
f 811/811 812/812 813/813
f 811/811 813/813 814/814
f 815/815 816/816 817/817
f 815/815 817/817 818/818
f 819/819 820/820 821/821
f 819/819 821/821 822/822
f 823/823 824/824 825/825
f 823/823 825/825 826/826
f 827/827 807/807 810/810
f 827/827 810/810 828/828
f 829/829 830/830 831/831
f 829/829 831/831 832/832
f 833/833 834/834 835/835
f 833/833 835/835 836/836
f 837/837 838/838 839/839
f 837/837 839/839 840/840
f 841/841 842/842 843/843
f 841/841 843/843 844/844
f 845/845 846/846 847/847
f 845/845 847/847 848/848
f 849/849 850/850 851/851
f 849/849 851/851 852/852
f 853/853 854/854 855/855
f 853/853 855/855 856/856
f 857/857 858/858 859/859
f 857/857 859/859 860/860
f 861/861 862/862 863/863
f 861/861 863/863 864/864
f 865/865 866/866 867/867
f 865/865 867/867 868/868
f 869/869 870/870 871/871
f 869/869 871/871 872/872
f 873/873 874/874 875/875
f 873/873 875/875 876/876
f 877/877 878/878 879/879
f 877/877 879/879 880/880
f 881/881 882/882 883/883
f 881/881 883/883 884/884
f 885/885 886/886 887/887
f 885/885 887/887 888/888
f 889/889 890/890 891/891
f 889/889 891/891 892/892
f 893/893 894/894 895/895
f 893/893 895/895 896/896
f 897/897 898/898 899/899
f 897/897 899/899 900/900
f 901/901 902/902 903/903
f 901/901 903/903 904/904
f 905/905 906/906 907/907
f 905/905 907/907 908/908
f 909/909 910/910 911/911
f 909/909 911/911 912/912
f 913/913 914/914 915/915
f 913/913 915/915 916/916
f 917/917 918/918 919/919
f 917/917 919/919 920/920
f 921/921 922/922 923/923
f 921/921 923/923 924/924
f 925/925 926/926 927/927
f 925/925 927/927 928/928
f 929/929 930/930 931/931
f 929/929 931/931 932/932
f 933/933 934/934 935/935
f 933/933 935/935 936/936
f 937/937 938/938 939/939
f 937/937 939/939 940/940
f 941/941 942/942 943/943
f 941/941 943/943 944/944
f 945/945 946/946 947/947
f 945/945 947/947 948/948
f 949/949 950/950 951/951
f 949/949 951/951 952/952
f 953/953 954/954 955/955
f 953/953 955/955 956/956
f 957/957 958/958 959/959
f 957/957 959/959 960/960
f 961/961 962/962 963/963
f 961/961 963/963 964/964
f 965/965 966/966 967/967
f 965/965 967/967 968/968
f 969/969 970/970 971/971
f 969/969 971/971 972/972
f 973/973 969/969 972/972
f 973/973 972/972 974/974
f 975/975 976/976 977/977
f 975/975 977/977 978/978
f 979/979 980/980 981/981
f 979/979 981/981 982/982
f 983/983 984/984 985/985
f 983/983 985/985 986/986
f 987/987 988/988 989/989
f 987/987 989/989 990/990
f 991/991 992/992 993/993
f 991/991 993/993 994/994
f 995/995 996/996 997/997
f 995/995 997/997 998/998
f 999/999 1000/1000 1001/1001
f 999/999 1001/1001 1002/1002
f 1003/1003 1004/1004 1005/1005
f 1003/1003 1005/1005 1006/1006
f 356/356 1003/1003 1006/1006
f 356/356 1006/1006 357/357
f 1007/1007 1008/1008 1009/1009
f 1007/1007 1009/1009 1010/1010
f 1011/1011 1012/1012 1013/1013
f 1011/1011 1013/1013 1014/1014
f 1015/1015 1016/1016 1017/1017
f 1015/1015 1017/1017 1018/1018
f 1004/1004 917/917 920/920
f 1004/1004 920/920 1005/1005
f 1019/1019 1020/1020 1021/1021
f 1019/1019 1021/1021 1022/1022
f 1023/1023 1024/1024 1025/1025
f 1023/1023 1025/1025 1026/1026
f 1027/1027 1028/1028 1029/1029
f 1027/1027 1029/1029 1030/1030
f 1031/1031 1032/1032 1033/1033
f 1031/1031 1033/1033 1034/1034
f 1035/1035 1036/1036 1037/1037
f 1035/1035 1037/1037 1038/1038
f 1039/1039 1040/1040 1041/1041
f 1039/1039 1041/1041 1042/1042
f 1043/1043 1044/1044 1045/1045
f 1043/1043 1045/1045 1046/1046
f 1047/1047 1048/1048 1049/1049
f 1047/1047 1049/1049 1050/1050
f 1044/1044 1051/1051 1052/1052
f 1044/1044 1052/1052 1045/1045
f 1053/1053 1054/1054 1055/1055
f 1053/1053 1055/1055 1056/1056
f 1057/1057 1058/1058 1059/1059
f 1057/1057 1059/1059 1060/1060
f 1061/1061 1062/1062 1063/1063
f 1061/1061 1063/1063 1064/1064
f 1065/1065 1066/1066 1067/1067
f 1065/1065 1067/1067 1068/1068
f 1069/1069 1070/1070 1071/1071
f 1069/1069 1071/1071 1072/1072
f 1073/1073 1074/1074 1075/1075
f 1073/1073 1075/1075 1076/1076
f 1077/1077 1078/1078 1079/1079
f 1077/1077 1079/1079 1080/1080
f 1081/1081 1082/1082 1083/1083
f 1081/1081 1083/1083 1084/1084
f 1085/1085 1086/1086 1087/1087
f 1085/1085 1087/1087 1088/1088
f 1089/1089 1090/1090 1091/1091
f 1089/1089 1091/1091 1092/1092
f 1093/1093 1094/1094 1095/1095
f 1093/1093 1095/1095 1096/1096
f 1097/1097 1098/1098 1099/1099
f 1097/1097 1099/1099 1100/1100
f 1101/1101 1102/1102 1103/1103
f 1101/1101 1103/1103 1104/1104
f 1105/1105 1106/1106 1107/1107
f 1105/1105 1107/1107 1108/1108
f 1109/1109 1110/1110 1111/1111
f 1109/1109 1111/1111 1112/1112
f 1094/1094 1109/1109 1112/1112
f 1094/1094 1112/1112 1095/1095
f 1110/1110 1113/1113 1114/1114
f 1110/1110 1114/1114 1111/1111
f 1115/1115 1116/1116 1117/1117
f 1115/1115 1117/1117 1118/1118
f 1119/1119 1120/1120 1121/1121
f 1119/1119 1121/1121 1122/1122
f 1123/1123 1124/1124 1125/1125
f 1123/1123 1125/1125 1126/1126
f 1127/1127 1128/1128 1129/1129
f 1127/1127 1129/1129 1130/1130
f 1131/1131 1132/1132 1133/1133
f 1131/1131 1133/1133 1134/1134
f 1135/1135 1136/1136 1137/1137
f 1135/1135 1137/1137 1138/1138
f 1136/1136 1139/1139 1140/1140
f 1136/1136 1140/1140 1137/1137
f 1141/1141 1142/1142 1143/1143
f 1141/1141 1143/1143 1144/1144
f 1145/1145 1146/1146 1147/1147
f 1145/1145 1147/1147 1148/1148
f 1149/1149 1150/1150 1151/1151
f 1149/1149 1151/1151 1152/1152
f 1153/1153 1154/1154 1155/1155
f 1153/1153 1155/1155 1156/1156
f 1157/1157 1158/1158 1159/1159
f 1157/1157 1159/1159 1160/1160
f 1161/1161 1162/1162 1163/1163
f 1161/1161 1163/1163 1164/1164
f 1165/1165 1166/1166 1167/1167
f 1165/1165 1167/1167 1168/1168
f 1169/1169 1170/1170 1171/1171
f 1169/1169 1171/1171 1172/1172
f 1173/1173 1174/1174 1175/1175
f 1173/1173 1175/1175 1176/1176
f 1177/1177 1178/1178 1179/1179
f 1177/1177 1179/1179 1180/1180
f 1166/1166 465/465 466/466
f 1166/1166 466/466 1167/1167
f 1181/1181 1182/1182 1183/1183
f 1181/1181 1183/1183 1184/1184
f 1185/1185 1186/1186 1187/1187
f 1185/1185 1187/1187 1188/1188
f 1189/1189 1190/1190 1191/1191
f 1189/1189 1191/1191 1192/1192
f 1193/1193 1194/1194 1195/1195
f 1193/1193 1195/1195 1196/1196
f 84/84 1197/1197 1198/1198
f 84/84 1198/1198 85/85
f 1199/1199 1200/1200 1201/1201
f 1199/1199 1201/1201 1202/1202
f 1205/1205 1203/1203 1204/1204
f 1203/1203 1205/1205 1206/1206
f 1203/1203 1206/1206 1234/1234
f 1234/1234 1206/1206 1207/1207
f 1234/1234 1207/1207 1233/1233
f 1233/1233 1207/1207 1208/1208
f 1233/1233 1208/1208 1232/1232
f 1232/1232 1208/1208 1209/1209
f 1232/1232 1209/1209 1231/1231
f 1231/1231 1209/1209 1230/1230
f 1230/1230 1209/1209 1210/1210
f 1230/1230 1210/1210 1211/1211
f 1230/1230 1211/1211 1229/1229
f 1229/1229 1211/1211 1212/1212
f 1229/1229 1212/1212 1228/1228
f 1228/1228 1212/1212 1213/1213
f 1228/1228 1213/1213 1227/1227
f 1227/1227 1213/1213 1226/1226
f 1226/1226 1213/1213 1214/1214
f 1226/1226 1214/1214 1225/1225
f 1225/1225 1214/1214 1215/1215
f 1225/1225 1215/1215 1224/1224
f 1224/1224 1215/1215 1216/1216
f 1224/1224 1216/1216 1223/1223
f 1223/1223 1216/1216 1217/1217
f 1223/1223 1217/1217 1218/1218
f 1223/1223 1218/1218 1222/1222
f 1222/1222 1218/1218 1219/1219
f 1222/1222 1219/1219 1221/1221
f 1221/1221 1219/1219 1220/1220

o BW.011_gray_0
usemtl gray
v -83.14801628 0.92555878 248.39380285
v -83.14801628 0.92185096 248.43144953
v -83.21510496 0.83708053 248.41458713
v -83.21510496 0.83912761 248.39380285
v -83.14801628 0.92185096 248.43144953
v -83.14801628 0.92555878 248.39380285
v -83.14801627 1.10709591 248.39380285
v -83.14801628 1.09989994 248.46686555
v -83.14801628 0.92185096 248.35615617
v -83.14801628 0.92555878 248.39380285
v -83.21510496 0.83912761 248.39380285
v -83.21510496 0.83708053 248.37301856
v -83.14801628 0.92555878 248.39380285
v -83.14801628 0.92185096 248.35615617
v -83.14801627 1.09989997 248.32074016
v -83.14801627 1.10709591 248.39380285
v -83.14801628 0.91087002 248.31995641
v -83.14801628 0.92185096 248.35615617
v -83.21510496 0.83708053 248.37301856
v -83.21510496 0.83101802 248.35303309
v -83.14801628 0.89303823 248.28659574
v -83.14801628 0.91087002 248.31995641
v -83.21510496 0.83101802 248.35303309
v -83.21510495 0.82117316 248.33461432
v -83.14801628 0.91087002 248.31995641
v -83.14801628 0.89303823 248.28659574
v -83.14801627 1.04398073 248.18573868
v -83.14801627 1.07858855 248.25048562
v -83.14801628 0.92185096 248.35615617
v -83.14801628 0.91087002 248.31995641
v -83.14801627 1.07858855 248.25048562
v -83.14801627 1.09989997 248.32074016
v -83.14801627 1.09365499 248.24424502
v -83.14801627 1.05754020 248.17667882
v -83.14801626 1.15108444 248.11417446
v -83.14801626 1.19759590 248.20119146
v -83.14801627 1.11589444 248.31755917
v -83.14801627 1.09365499 248.24424502
v -83.14801626 1.19759590 248.20119146
v -83.14801626 1.22623748 248.29561038
v -83.14801628 1.11589444 248.47004654
v -83.14801627 1.12340375 248.39380285
v -83.14801627 1.23590856 248.39380285
v -83.14801627 1.22623748 248.49199533
v -83.14801628 1.09365496 248.54336071
v -83.14801628 1.11589444 248.47004654
v -83.14801627 1.22623748 248.49199533
v -83.14801628 1.19759583 248.58641426
v -83.14801628 1.05754011 248.61092687
v -83.14801628 1.09365496 248.54336071
v -83.14801628 1.19759583 248.58641426
v -83.14801628 1.15108435 248.67343123
v -83.14801629 1.00893755 248.67014871
v -83.14801628 1.05754011 248.61092687
v -83.14801628 1.15108435 248.67343123
v -83.14801629 1.08849040 248.74970189
v -83.14801629 0.94971472 248.71875194
v -83.14801630 1.01221912 248.81229669
v -83.14801630 0.88214832 248.75486682
v -83.14801630 0.92520210 248.85880808
v -83.14801630 0.69494452 248.58306273
v -83.14801630 0.73259082 248.58677123
v -83.14801631 0.73259081 248.76830787
v -83.14801631 0.65952841 248.76111218
v -83.14801630 0.65874552 248.57208238
v -83.14801630 0.69494452 248.58306273
v -83.14801631 0.65952841 248.76111218
v -83.14801631 0.58927413 248.73980038
v -83.14801630 0.73259082 248.58677123
v -83.14801630 0.69494452 248.58306273
v -83.21510497 0.71180647 248.49829225
v -83.21510497 0.73259083 248.50033966
v -83.14801630 0.69494452 248.58306273
v -83.14801630 0.65874552 248.57208238
v -83.21510497 0.69182116 248.49223013
v -83.21510497 0.71180647 248.49829225
v -83.14801630 0.65874552 248.57208238
v -83.14801630 0.62538392 248.55424983
v -83.21510497 0.67340238 248.48238495
v -83.21510497 0.69182116 248.49223013
v -83.14801630 0.62538392 248.55424983
v -83.14801630 0.59614148 248.53025124
v -83.21510497 0.65725775 248.46913507
v -83.21510497 0.67340238 248.48238495
v -83.14801630 0.62538392 248.55424983
v -83.14801630 0.65874552 248.57208238
v -83.14801631 0.58927413 248.73980038
v -83.14801631 0.52452718 248.70519269
v -83.14801630 0.59614148 248.53025124
v -83.14801630 0.62538392 248.55424983
v -83.14801631 0.52452718 248.70519269
v -83.14801631 0.46777548 248.65861784
v -83.14801630 0.57214351 248.50100997
v -83.14801630 0.59614148 248.53025124
v -83.14801631 0.46777548 248.65861784
v -83.14801631 0.42120101 248.60186701
v -83.14801630 0.55431172 248.46764930
v -83.14801630 0.57214351 248.50100997
v -83.14801631 0.42120101 248.60186701
v -83.14801631 0.38659326 248.53712011
v -83.14801630 0.59614148 248.53025124
v -83.14801630 0.57214351 248.50100997
v -83.21510497 0.64400859 248.45299138
v -83.21510497 0.65725775 248.46913507
v -83.14801630 0.57214351 248.50100997
v -83.14801630 0.55431172 248.46764930
v -83.21510497 0.63416373 248.43457260
v -83.21510497 0.64400859 248.45299138
v -83.14801630 0.55431172 248.46764930
v -83.14801630 0.54333067 248.43144953
v -83.21510497 0.62810113 248.41458713
v -83.21510497 0.63416373 248.43457260
v -83.14801630 0.54333067 248.43144953
v -83.14801630 0.53962283 248.39380285
v -83.21510497 0.62605405 248.39380285
v -83.21510497 0.62810113 248.41458713
v -83.14801630 0.54333067 248.43144953
v -83.14801630 0.55431172 248.46764930
v -83.14801631 0.38659326 248.53712011
v -83.14801631 0.36528171 248.46686555
v -83.14801630 0.53962283 248.39380285
v -83.14801630 0.54333067 248.43144953
v -83.14801631 0.36528171 248.46686555
v -83.14801631 0.35808573 248.39380285
v -83.14801630 0.54333072 248.35615617
v -83.14801630 0.53962283 248.39380285
v -83.14801631 0.35808573 248.39380285
v -83.14801630 0.36528177 248.32074016
v -83.14801629 0.55431170 248.31995721
v -83.14801630 0.54333072 248.35615617
v -83.14801630 0.36528177 248.32074016
v -83.14801630 0.38659323 248.25048562
v -83.14801630 0.53962283 248.39380285
v -83.14801630 0.54333072 248.35615617
v -83.21510496 0.62810116 248.37301856
v -83.21510497 0.62605405 248.39380285
v -83.14801630 0.54333072 248.35615617
v -83.14801629 0.55431170 248.31995721
v -83.21510496 0.63416372 248.35303309
v -83.21510496 0.62810116 248.37301856
v -83.14801629 0.55431170 248.31995721
v -83.14801629 0.57214364 248.28659574
v -83.21510496 0.64400865 248.33461432
v -83.21510496 0.63416372 248.35303309
v -83.14801629 0.57214364 248.28659574
v -83.14801629 0.59614165 248.25735369
v -83.21510496 0.65725785 248.31846983
v -83.21510496 0.64400865 248.33461432
v -83.14801629 0.57214364 248.28659574
v -83.14801629 0.55431170 248.31995721
v -83.14801630 0.38659323 248.25048562
v -83.14801629 0.42120114 248.18573868
v -83.14801629 0.59614165 248.25735369
v -83.14801629 0.57214364 248.28659574
v -83.14801629 0.42120114 248.18573868
v -83.14801629 0.46777556 248.12898785
v -83.14801629 0.40764167 248.17667882
v -83.14801630 0.37152675 248.24424502
v -83.14801630 0.26758581 248.20119146
v -83.14801630 0.31409736 248.11417446
v -83.14801629 0.45624420 248.11745619
v -83.14801629 0.40764167 248.17667882
v -83.14801630 0.31409736 248.11417446
v -83.14801629 0.37669131 248.03790380
v -83.16890419 0.30343343 248.10704857
v -83.16890420 0.25573669 248.19628275
v -83.16890420 0.23341160 248.18703568
v -83.16890419 0.28334135 248.09362418
v -83.16890419 0.36762237 248.02883443
v -83.16890419 0.30343343 248.10704857
v -83.16890419 0.28334135 248.09362418
v -83.16890419 0.35053549 248.01174754
v -83.16890418 0.44583709 247.96464517
v -83.16890418 0.43241197 247.94455340
v -83.16890417 0.53507136 247.91694864
v -83.16890417 0.52582399 247.89462384
v -83.16890417 0.63189613 247.88757729
v -83.16890417 0.62718188 247.86387697
v -83.16890416 0.73259083 247.87765991
v -83.16890416 0.73259083 247.85349550
v -83.16890416 0.83328554 247.88757729
v -83.16890416 0.73259083 247.87765991
v -83.16890416 0.73259083 247.85349550
v -83.16890416 0.83799978 247.86387697
v -83.16890416 0.93011022 247.91694864
v -83.16890416 0.83328554 247.88757729
v -83.16890416 0.83799978 247.86387697
v -83.16890415 0.93935759 247.89462305
v -83.16890415 1.01934437 247.96464517
v -83.16890416 0.93011022 247.91694864
v -83.16890415 0.93935759 247.89462305
v -83.16890415 1.03276948 247.94455340
v -83.16890415 1.09755943 248.02883443
v -83.16890415 1.11464629 248.01174754
v -83.14801627 1.00893767 248.11745698
v -83.14801627 0.94971454 248.06885375
v -83.14801626 1.01221896 247.97530901
v -83.14801626 1.08849050 248.03790380
v -83.14801627 1.05754020 248.17667882
v -83.14801627 1.00893767 248.11745698
v -83.14801626 1.08849050 248.03790380
v -83.14801626 1.15108444 248.11417446
v -83.14801627 0.88214832 248.03273887
v -83.14801627 0.80883493 248.01049895
v -83.14801626 0.83078344 247.90015606
v -83.14801626 0.92520215 247.92879761
v -83.14801627 0.94971454 248.06885375
v -83.14801627 0.88214832 248.03273887
v -83.14801626 0.92520215 247.92879761
v -83.14801626 1.01221896 247.97530901
v -83.14801627 0.80883493 248.01049895
v -83.14801627 0.73259084 248.00298992
v -83.14801627 0.73259084 247.89048539
v -83.14801626 0.83078344 247.90015606
v -83.14801628 0.51546690 248.06885375
v -83.14801628 0.45296250 247.97530901
v -83.14801628 0.58303320 248.03273887
v -83.14801628 0.53997944 247.92879761
v -83.14801628 0.65634677 248.01049895
v -83.14801627 0.63439824 247.90015606
v -83.14801628 0.73259084 248.20083449
v -83.14801628 0.69494431 248.20454300
v -83.14801628 0.65952826 248.02649351
v -83.14801627 0.73259084 248.01929782
v -83.14801628 0.77023742 248.20454300
v -83.14801628 0.73259084 248.20083449
v -83.14801627 0.73259084 248.01929782
v -83.14801627 0.80565343 248.02649351
v -83.14801628 0.69494431 248.20454300
v -83.14801628 0.73259084 248.20083449
v -83.21510496 0.73259084 248.28726604
v -83.21510496 0.71180635 248.28931345
v -83.14801628 0.73259084 248.20083449
v -83.14801628 0.77023742 248.20454300
v -83.21510496 0.75337536 248.28931345
v -83.21510496 0.73259084 248.28726604
v -83.14801628 0.77023742 248.20454300
v -83.14801628 0.80643619 248.21552334
v -83.21510496 0.77336054 248.29537557
v -83.21510496 0.75337536 248.28931345
v -83.14801628 0.80643619 248.21552334
v -83.14801628 0.83979761 248.23335590
v -83.21510495 0.79177925 248.30522076
v -83.21510496 0.77336054 248.29537557
v -83.14801628 0.80643619 248.21552334
v -83.14801628 0.77023742 248.20454300
v -83.14801627 0.80565343 248.02649351
v -83.14801627 0.87590758 248.04780531
v -83.14801628 0.83979761 248.23335590
v -83.14801628 0.80643619 248.21552334
v -83.14801627 0.87590758 248.04780531
v -83.14801627 0.94065440 248.08241300
v -83.14801628 0.83979761 248.23335590
v -83.14801628 0.86904035 248.25735448
v -83.21510495 0.80792403 248.31847063
v -83.21510495 0.79177925 248.30522076
v -83.14801628 0.86904035 248.25735448
v -83.14801628 0.83979761 248.23335590
v -83.14801627 0.94065440 248.08241300
v -83.14801627 0.99740631 248.12898785
v -83.14801628 0.86904035 248.25735448
v -83.14801628 0.89303823 248.28659574
v -83.21510495 0.82117316 248.33461432
v -83.21510495 0.80792403 248.31847063
v -83.14801628 0.89303823 248.28659574
v -83.14801628 0.86904035 248.25735448
v -83.14801627 0.99740631 248.12898785
v -83.14801627 1.04398073 248.18573868
v -83.14801628 0.65874529 248.21552334
v -83.14801628 0.69494431 248.20454300
v -83.21510496 0.71180635 248.28931345
v -83.21510496 0.69182103 248.29537557
v -83.14801629 0.62538378 248.23335590
v -83.14801628 0.65874529 248.21552334
v -83.21510496 0.69182103 248.29537557
v -83.21510496 0.67340230 248.30522076
v -83.14801628 0.65874529 248.21552334
v -83.14801629 0.62538378 248.23335590
v -83.14801628 0.52452705 248.08241300
v -83.14801628 0.58927396 248.04780531
v -83.14801628 0.69494431 248.20454300
v -83.14801628 0.65874529 248.21552334
v -83.14801628 0.58927396 248.04780531
v -83.14801628 0.65952826 248.02649351
v -83.14801629 0.59614165 248.25735369
v -83.14801629 0.62538378 248.23335590
v -83.21510496 0.67340230 248.30522076
v -83.21510496 0.65725785 248.31846983
v -83.14801629 0.62538378 248.23335590
v -83.14801629 0.59614165 248.25735369
v -83.14801629 0.46777556 248.12898785
v -83.14801628 0.52452705 248.08241300
v -83.16890415 1.16174837 248.10704857
v -83.16890415 1.18184046 248.09362418
v -83.16890416 1.20944499 248.19628275
v -83.16890415 1.23177011 248.18703568
v -83.16890416 1.23881645 248.29310842
v -83.16890416 1.20944499 248.19628275
v -83.16890415 1.23177011 248.18703568
v -83.16890416 1.26251667 248.28839406
v -83.16890416 1.24873398 248.39380285
v -83.16890416 1.23881645 248.29310842
v -83.16890416 1.26251667 248.28839406
v -83.16890416 1.27289852 248.39380285
v -83.16890417 1.23881645 248.49449728
v -83.16890416 1.24873398 248.39380285
v -83.16890416 1.27289852 248.39380285
v -83.16890417 1.26251667 248.49921164
v -83.16890417 1.20944496 248.59132297
v -83.16890417 1.23881645 248.49449728
v -83.16890417 1.26251667 248.49921164
v -83.16890417 1.23177005 248.60057004
v -83.16890418 1.16174828 248.68055712
v -83.16890417 1.20944496 248.59132297
v -83.16890417 1.23177005 248.60057004
v -83.16890418 1.18184033 248.69398151
v -83.16890419 1.09755934 248.75877126
v -83.16890418 1.16174828 248.68055712
v -83.16890418 1.18184033 248.69398151
v -83.16890419 1.11464622 248.77585815
v -83.16890419 1.01934456 248.82296052
v -83.16890419 1.03276968 248.84305229
v -83.16890420 0.93011019 248.87065705
v -83.16890420 0.93935754 248.89298185
v -83.16890420 0.83328546 248.90002840
v -83.16890420 0.93011019 248.87065705
v -83.16890420 0.93935754 248.89298185
v -83.16890420 0.83799972 248.92372872
v -83.16890421 0.73259080 248.90994578
v -83.16890420 0.83328546 248.90002840
v -83.16890420 0.83799972 248.92372872
v -83.16890421 0.73259080 248.93411095
v -83.14801630 0.80883479 248.77710675
v -83.14801630 0.88214832 248.75486682
v -83.14801630 0.92520210 248.85880808
v -83.14801631 0.83078336 248.88744963
v -83.14801631 0.73259081 248.78461577
v -83.14801630 0.80883479 248.77710675
v -83.14801631 0.83078336 248.88744963
v -83.14801631 0.73259080 248.89712030
v -83.14801631 0.65634691 248.77710675
v -83.14801632 0.63439834 248.88744963
v -83.14801631 0.58303339 248.75486682
v -83.14801632 0.53997960 248.85880808
v -83.16890421 0.53507152 248.87065705
v -83.16890421 0.63189622 248.90002840
v -83.16890421 0.62718195 248.92372872
v -83.16890422 0.52582414 248.89298185
v -83.16890422 0.44583719 248.82296052
v -83.16890421 0.53507152 248.87065705
v -83.16890422 0.52582414 248.89298185
v -83.16890422 0.43241213 248.84305229
v -83.16890422 0.36762237 248.75877126
v -83.16890422 0.44583719 248.82296052
v -83.16890422 0.43241213 248.84305229
v -83.16890422 0.35053549 248.77585815
v -83.16890422 0.30343334 248.68055712
v -83.16890422 0.28334126 248.69398151
v -83.14801631 0.45624413 248.67014871
v -83.14801631 0.51546702 248.71875194
v -83.14801632 0.45296263 248.81229669
v -83.14801632 0.37669127 248.74970189
v -83.14801631 0.40764154 248.61092687
v -83.14801632 0.31409727 248.67343123
v -83.14801631 0.37152678 248.54336071
v -83.14801631 0.40764154 248.61092687
v -83.14801632 0.31409727 248.67343123
v -83.14801632 0.26758588 248.58641426
v -83.14801631 0.34928721 248.47004654
v -83.14801631 0.37152678 248.54336071
v -83.14801632 0.26758588 248.58641426
v -83.14801632 0.23894410 248.49199533
v -83.16890421 0.25573675 248.59132297
v -83.16890422 0.23341166 248.60057004
v -83.16890421 0.22636514 248.49449728
v -83.16890421 0.20266492 248.49921164
v -83.16890421 0.21644767 248.39380285
v -83.16890421 0.19228313 248.39380285
v -83.16890420 0.22636520 248.29310842
v -83.16890421 0.21644767 248.39380285
v -83.16890421 0.19228313 248.39380285
v -83.16890420 0.20266498 248.28839406
v -83.16890420 0.25573669 248.19628275
v -83.16890420 0.22636520 248.29310842
v -83.16890420 0.20266498 248.28839406
v -83.16890420 0.23341160 248.18703568
v -83.14801631 0.34177790 248.39380285
v -83.14801631 0.34928721 248.47004654
v -83.14801632 0.23894410 248.49199533
v -83.14801631 0.22927311 248.39380285
v -83.14801630 0.34928727 248.31755917
v -83.14801631 0.34177790 248.39380285
v -83.14801631 0.22927311 248.39380285
v -83.14801631 0.23894416 248.29561038
v -83.14801630 0.37152675 248.24424502
v -83.14801630 0.34928727 248.31755917
v -83.14801631 0.23894416 248.29561038
v -83.14801630 0.26758581 248.20119146
v -83.14801630 0.77023720 248.58306273
v -83.14801630 0.73259082 248.58677123
v -83.21510497 0.73259083 248.50033966
v -83.21510496 0.75337524 248.49829225
v -83.14801629 0.80643626 248.57208238
v -83.14801630 0.77023720 248.58306273
v -83.21510496 0.75337524 248.49829225
v -83.21510496 0.77336058 248.49223013
v -83.14801630 0.77023720 248.58306273
v -83.14801629 0.80643626 248.57208238
v -83.14801630 0.87590758 248.73980038
v -83.14801630 0.80565329 248.76111218
v -83.14801630 0.73259082 248.58677123
v -83.14801630 0.77023720 248.58306273
v -83.14801630 0.80565329 248.76111218
v -83.14801631 0.73259081 248.76830787
v -83.14801629 0.83979781 248.55424983
v -83.14801629 0.80643626 248.57208238
v -83.21510496 0.77336058 248.49223013
v -83.21510496 0.79177936 248.48238495
v -83.14801629 0.80643626 248.57208238
v -83.14801629 0.83979781 248.55424983
v -83.14801629 0.94065458 248.70519269
v -83.14801630 0.87590758 248.73980038
v -83.14801629 0.86904015 248.53025124
v -83.14801629 0.83979781 248.55424983
v -83.21510496 0.79177936 248.48238495
v -83.21510496 0.80792393 248.46913587
v -83.14801629 0.83979781 248.55424983
v -83.14801629 0.86904015 248.53025124
v -83.14801629 0.99740620 248.65861784
v -83.14801629 0.94065458 248.70519269
v -83.14801629 0.89303811 248.50100997
v -83.14801629 0.86904015 248.53025124
v -83.21510496 0.80792393 248.46913587
v -83.21510496 0.82117310 248.45299138
v -83.14801628 0.91086998 248.46764930
v -83.14801629 0.89303811 248.50100997
v -83.21510496 0.82117310 248.45299138
v -83.21510496 0.83101799 248.43457260
v -83.14801629 0.89303811 248.50100997
v -83.14801628 0.91086998 248.46764930
v -83.14801628 1.07858848 248.53712011
v -83.14801628 1.04398064 248.60186701
v -83.14801629 0.86904015 248.53025124
v -83.14801629 0.89303811 248.50100997
v -83.14801628 1.04398064 248.60186701
v -83.14801629 0.99740620 248.65861784
v -83.14801628 0.92185096 248.43144953
v -83.14801628 0.91086998 248.46764930
v -83.21510496 0.83101799 248.43457260
v -83.21510496 0.83708053 248.41458713
v -83.14801628 0.91086998 248.46764930
v -83.14801628 0.92185096 248.43144953
v -83.14801628 1.09989994 248.46686555
v -83.14801628 1.07858848 248.53712011
v -83.14801627 1.12340375 248.39380285
v -83.14801627 1.11589444 248.31755917
v -83.14801626 1.22623748 248.29561038
v -83.14801627 1.23590856 248.39380285
v -83.21510496 0.83708053 248.41458713
v -83.21510496 0.83101799 248.43457260
v -83.21510496 0.82117310 248.45299138
v -83.21510496 0.80792393 248.46913587
v -83.21510496 0.79177936 248.48238495
v -83.21510496 0.77336058 248.49223013
v -83.21510496 0.75337524 248.49829225
v -83.21510497 0.73259083 248.50033966
v -83.21510497 0.71180647 248.49829225
v -83.21510497 0.69182116 248.49223013
v -83.21510497 0.67340238 248.48238495
v -83.21510497 0.65725775 248.46913507
v -83.21510497 0.64400859 248.45299138
v -83.21510497 0.63416373 248.43457260
v -83.21510497 0.62810113 248.41458713
v -83.21510497 0.62605405 248.39380285
v -83.21510496 0.62810116 248.37301856
v -83.21510496 0.63416372 248.35303309
v -83.21510496 0.64400865 248.33461432
v -83.21510496 0.65725785 248.31846983
v -83.21510496 0.67340230 248.30522076
v -83.21510496 0.69182103 248.29537557
v -83.21510496 0.71180635 248.28931345
v -83.21510496 0.73259084 248.28726604
v -83.21510496 0.75337536 248.28931345
v -83.21510496 0.77336054 248.29537557
v -83.21510495 0.79177925 248.30522076
v -83.21510495 0.80792403 248.31847063
v -83.21510495 0.82117316 248.33461432
v -83.21510496 0.83101802 248.35303309
v -83.21510496 0.83708053 248.37301856
v -83.21510496 0.83912761 248.39380285
vt 0.00000000 1.00000000
vt 0.00000000 1.00000000
vt 0.00000000 1.00000000
vt 0.00000000 1.00000000
vt 0.00000000 1.00000000
vt 0.00000000 1.00000000
vt 0.00000000 1.00000000
vt 0.00000000 1.00000000
vt 0.00000000 1.00000000
vt 0.00000000 1.00000000
vt 0.00000000 1.00000000
vt 0.00000000 1.00000000
vt 0.00000000 1.00000000
vt 0.00000000 1.00000000
vt 0.00000000 1.00000000
vt 0.00000000 1.00000000
vt 0.00000000 1.00000000
vt 0.00000000 1.00000000
vt 0.00000000 1.00000000
vt 0.00000000 1.00000000
vt 0.00000000 1.00000000
vt 0.00000000 1.00000000
vt 0.00000000 1.00000000
vt 0.00000000 1.00000000
vt 0.00000000 1.00000000
vt 0.00000000 1.00000000
vt 0.00000000 1.00000000
vt 0.00000000 1.00000000
vt 0.00000000 1.00000000
vt 0.00000000 1.00000000
vt 0.00000000 1.00000000
vt 0.00000000 1.00000000
vt 0.00000000 1.00000000
vt 0.00000000 1.00000000
vt 0.00000000 1.00000000
vt 0.00000000 1.00000000
vt 0.00000000 1.00000000
vt 0.00000000 1.00000000
vt 0.00000000 1.00000000
vt 0.00000000 1.00000000
vt 0.00000000 1.00000000
vt 0.00000000 1.00000000
vt 0.00000000 1.00000000
vt 0.00000000 1.00000000
vt 0.00000000 1.00000000
vt 0.00000000 1.00000000
vt 0.00000000 1.00000000
vt 0.00000000 1.00000000
vt 0.00000000 1.00000000
vt 0.00000000 1.00000000
vt 0.00000000 1.00000000
vt 0.00000000 1.00000000
vt 0.00000000 1.00000000
vt 0.00000000 1.00000000
vt 0.00000000 1.00000000
vt 0.00000000 1.00000000
vt 0.00000000 1.00000000
vt 0.00000000 1.00000000
vt 0.00000000 1.00000000
vt 0.00000000 1.00000000
vt 0.00000000 1.00000000
vt 0.00000000 1.00000000
vt 0.00000000 1.00000000
vt 0.00000000 1.00000000
vt 0.00000000 1.00000000
vt 0.00000000 1.00000000
vt 0.00000000 1.00000000
vt 0.00000000 1.00000000
vt 0.00000000 1.00000000
vt 0.00000000 1.00000000
vt 0.00000000 1.00000000
vt 0.00000000 1.00000000
vt 0.00000000 1.00000000
vt 0.00000000 1.00000000
vt 0.00000000 1.00000000
vt 0.00000000 1.00000000
vt 0.00000000 1.00000000
vt 0.00000000 1.00000000
vt 0.00000000 1.00000000
vt 0.00000000 1.00000000
vt 0.00000000 1.00000000
vt 0.00000000 1.00000000
vt 0.00000000 1.00000000
vt 0.00000000 1.00000000
vt 0.00000000 1.00000000
vt 0.00000000 1.00000000
vt 0.00000000 1.00000000
vt 0.00000000 1.00000000
vt 0.00000000 1.00000000
vt 0.00000000 1.00000000
vt 0.00000000 1.00000000
vt 0.00000000 1.00000000
vt 0.00000000 1.00000000
vt 0.00000000 1.00000000
vt 0.00000000 1.00000000
vt 0.00000000 1.00000000
vt 0.00000000 1.00000000
vt 0.00000000 1.00000000
vt 0.00000000 1.00000000
vt 0.00000000 1.00000000
vt 0.00000000 1.00000000
vt 0.00000000 1.00000000
vt 0.00000000 1.00000000
vt 0.00000000 1.00000000
vt 0.00000000 1.00000000
vt 0.00000000 1.00000000
vt 0.00000000 1.00000000
vt 0.00000000 1.00000000
vt 0.00000000 1.00000000
vt 0.00000000 1.00000000
vt 0.00000000 1.00000000
vt 0.00000000 1.00000000
vt 0.00000000 1.00000000
vt 0.00000000 1.00000000
vt 0.00000000 1.00000000
vt 0.00000000 1.00000000
vt 0.00000000 1.00000000
vt 0.00000000 1.00000000
vt 0.00000000 1.00000000
vt 0.00000000 1.00000000
vt 0.00000000 1.00000000
vt 0.00000000 1.00000000
vt 0.00000000 1.00000000
vt 0.00000000 1.00000000
vt 0.00000000 1.00000000
vt 0.00000000 1.00000000
vt 0.00000000 1.00000000
vt 0.00000000 1.00000000
vt 0.00000000 1.00000000
vt 0.00000000 1.00000000
vt 0.00000000 1.00000000
vt 0.00000000 1.00000000
vt 0.00000000 1.00000000
vt 0.00000000 1.00000000
vt 0.00000000 1.00000000
vt 0.00000000 1.00000000
vt 0.00000000 1.00000000
vt 0.00000000 1.00000000
vt 0.00000000 1.00000000
vt 0.00000000 1.00000000
vt 0.00000000 1.00000000
vt 0.00000000 1.00000000
vt 0.00000000 1.00000000
vt 0.00000000 1.00000000
vt 0.00000000 1.00000000
vt 0.00000000 1.00000000
vt 0.00000000 1.00000000
vt 0.00000000 1.00000000
vt 0.00000000 1.00000000
vt 0.00000000 1.00000000
vt 0.00000000 1.00000000
vt 0.00000000 1.00000000
vt 0.00000000 1.00000000
vt 0.00000000 1.00000000
vt 0.00000000 1.00000000
vt 0.00000000 1.00000000
vt 0.00000000 1.00000000
vt 0.00000000 1.00000000
vt 0.00000000 1.00000000
vt 0.00000000 1.00000000
vt 0.00000000 1.00000000
vt 0.00000000 1.00000000
vt 0.00000000 1.00000000
vt 0.00000000 1.00000000
vt 0.00000000 1.00000000
vt 0.00000000 1.00000000
vt 0.00000000 1.00000000
vt 0.00000000 1.00000000
vt 0.00000000 1.00000000
vt 0.00000000 1.00000000
vt 0.00000000 1.00000000
vt 0.00000000 1.00000000
vt 0.00000000 1.00000000
vt 0.00000000 1.00000000
vt 0.00000000 1.00000000
vt 0.00000000 1.00000000
vt 0.00000000 1.00000000
vt 0.00000000 1.00000000
vt 0.00000000 1.00000000
vt 0.00000000 1.00000000
vt 0.00000000 1.00000000
vt 0.00000000 1.00000000
vt 0.00000000 1.00000000
vt 0.00000000 1.00000000
vt 0.00000000 1.00000000
vt 0.00000000 1.00000000
vt 0.00000000 1.00000000
vt 0.00000000 1.00000000
vt 0.00000000 1.00000000
vt 0.00000000 1.00000000
vt 0.00000000 1.00000000
vt 0.00000000 1.00000000
vt 0.00000000 1.00000000
vt 0.00000000 1.00000000
vt 0.00000000 1.00000000
vt 0.00000000 1.00000000
vt 0.00000000 1.00000000
vt 0.00000000 1.00000000
vt 0.00000000 1.00000000
vt 0.00000000 1.00000000
vt 0.00000000 1.00000000
vt 0.00000000 1.00000000
vt 0.00000000 1.00000000
vt 0.00000000 1.00000000
vt 0.00000000 1.00000000
vt 0.00000000 1.00000000
vt 0.00000000 1.00000000
vt 0.00000000 1.00000000
vt 0.00000000 1.00000000
vt 0.00000000 1.00000000
vt 0.00000000 1.00000000
vt 0.00000000 1.00000000
vt 0.00000000 1.00000000
vt 0.00000000 1.00000000
vt 0.00000000 1.00000000
vt 0.00000000 1.00000000
vt 0.00000000 1.00000000
vt 0.00000000 1.00000000
vt 0.00000000 1.00000000
vt 0.00000000 1.00000000
vt 0.00000000 1.00000000
vt 0.00000000 1.00000000
vt 0.00000000 1.00000000
vt 0.00000000 1.00000000
vt 0.00000000 1.00000000
vt 0.00000000 1.00000000
vt 0.00000000 1.00000000
vt 0.00000000 1.00000000
vt 0.00000000 1.00000000
vt 0.00000000 1.00000000
vt 0.00000000 1.00000000
vt 0.00000000 1.00000000
vt 0.00000000 1.00000000
vt 0.00000000 1.00000000
vt 0.00000000 1.00000000
vt 0.00000000 1.00000000
vt 0.00000000 1.00000000
vt 0.00000000 1.00000000
vt 0.00000000 1.00000000
vt 0.00000000 1.00000000
vt 0.00000000 1.00000000
vt 0.00000000 1.00000000
vt 0.00000000 1.00000000
vt 0.00000000 1.00000000
vt 0.00000000 1.00000000
vt 0.00000000 1.00000000
vt 0.00000000 1.00000000
vt 0.00000000 1.00000000
vt 0.00000000 1.00000000
vt 0.00000000 1.00000000
vt 0.00000000 1.00000000
vt 0.00000000 1.00000000
vt 0.00000000 1.00000000
vt 0.00000000 1.00000000
vt 0.00000000 1.00000000
vt 0.00000000 1.00000000
vt 0.00000000 1.00000000
vt 0.00000000 1.00000000
vt 0.00000000 1.00000000
vt 0.00000000 1.00000000
vt 0.00000000 1.00000000
vt 0.00000000 1.00000000
vt 0.00000000 1.00000000
vt 0.00000000 1.00000000
vt 0.00000000 1.00000000
vt 0.00000000 1.00000000
vt 0.00000000 1.00000000
vt 0.00000000 1.00000000
vt 0.00000000 1.00000000
vt 0.00000000 1.00000000
vt 0.00000000 1.00000000
vt 0.00000000 1.00000000
vt 0.00000000 1.00000000
vt 0.00000000 1.00000000
vt 0.00000000 1.00000000
vt 0.00000000 1.00000000
vt 0.00000000 1.00000000
vt 0.00000000 1.00000000
vt 0.00000000 1.00000000
vt 0.00000000 1.00000000
vt 0.00000000 1.00000000
vt 0.00000000 1.00000000
vt 0.00000000 1.00000000
vt 0.00000000 1.00000000
vt 0.00000000 1.00000000
vt 0.00000000 1.00000000
vt 0.00000000 1.00000000
vt 0.00000000 1.00000000
vt 0.00000000 1.00000000
vt 0.00000000 1.00000000
vt 0.00000000 1.00000000
vt 0.00000000 1.00000000
vt 0.00000000 1.00000000
vt 0.00000000 1.00000000
vt 0.00000000 1.00000000
vt 0.00000000 1.00000000
vt 0.00000000 1.00000000
vt 0.00000000 1.00000000
vt 0.00000000 1.00000000
vt 0.00000000 1.00000000
vt 0.00000000 1.00000000
vt 0.00000000 1.00000000
vt 0.00000000 1.00000000
vt 0.00000000 1.00000000
vt 0.00000000 1.00000000
vt 0.00000000 1.00000000
vt 0.00000000 1.00000000
vt 0.00000000 1.00000000
vt 0.00000000 1.00000000
vt 0.00000000 1.00000000
vt 0.00000000 1.00000000
vt 0.00000000 1.00000000
vt 0.00000000 1.00000000
vt 0.00000000 1.00000000
vt 0.00000000 1.00000000
vt 0.00000000 1.00000000
vt 0.00000000 1.00000000
vt 0.00000000 1.00000000
vt 0.00000000 1.00000000
vt 0.00000000 1.00000000
vt 0.00000000 1.00000000
vt 0.00000000 1.00000000
vt 0.00000000 1.00000000
vt 0.00000000 1.00000000
vt 0.00000000 1.00000000
vt 0.00000000 1.00000000
vt 0.00000000 1.00000000
vt 0.00000000 1.00000000
vt 0.00000000 1.00000000
vt 0.00000000 1.00000000
vt 0.00000000 1.00000000
vt 0.00000000 1.00000000
vt 0.00000000 1.00000000
vt 0.00000000 1.00000000
vt 0.00000000 1.00000000
vt 0.00000000 1.00000000
vt 0.00000000 1.00000000
vt 0.00000000 1.00000000
vt 0.00000000 1.00000000
vt 0.00000000 1.00000000
vt 0.00000000 1.00000000
vt 0.00000000 1.00000000
vt 0.00000000 1.00000000
vt 0.00000000 1.00000000
vt 0.00000000 1.00000000
vt 0.00000000 1.00000000
vt 0.00000000 1.00000000
vt 0.00000000 1.00000000
vt 0.00000000 1.00000000
vt 0.00000000 1.00000000
vt 0.00000000 1.00000000
vt 0.00000000 1.00000000
vt 0.00000000 1.00000000
vt 0.00000000 1.00000000
vt 0.00000000 1.00000000
vt 0.00000000 1.00000000
vt 0.00000000 1.00000000
vt 0.00000000 1.00000000
vt 0.00000000 1.00000000
vt 0.00000000 1.00000000
vt 0.00000000 1.00000000
vt 0.00000000 1.00000000
vt 0.00000000 1.00000000
vt 0.00000000 1.00000000
vt 0.00000000 1.00000000
vt 0.00000000 1.00000000
vt 0.00000000 1.00000000
vt 0.00000000 1.00000000
vt 0.00000000 1.00000000
vt 0.00000000 1.00000000
vt 0.00000000 1.00000000
vt 0.00000000 1.00000000
vt 0.00000000 1.00000000
vt 0.00000000 1.00000000
vt 0.00000000 1.00000000
vt 0.00000000 1.00000000
vt 0.00000000 1.00000000
vt 0.00000000 1.00000000
vt 0.00000000 1.00000000
vt 0.00000000 1.00000000
vt 0.00000000 1.00000000
vt 0.00000000 1.00000000
vt 0.00000000 1.00000000
vt 0.00000000 1.00000000
vt 0.00000000 1.00000000
vt 0.00000000 1.00000000
vt 0.00000000 1.00000000
vt 0.00000000 1.00000000
vt 0.00000000 1.00000000
vt 0.00000000 1.00000000
vt 0.00000000 1.00000000
vt 0.00000000 1.00000000
vt 0.00000000 1.00000000
vt 0.00000000 1.00000000
vt 0.00000000 1.00000000
vt 0.00000000 1.00000000
vt 0.00000000 1.00000000
vt 0.00000000 1.00000000
vt 0.00000000 1.00000000
vt 0.00000000 1.00000000
vt 0.00000000 1.00000000
vt 0.00000000 1.00000000
vt 0.00000000 1.00000000
vt 0.00000000 1.00000000
vt 0.00000000 1.00000000
vt 0.00000000 1.00000000
vt 0.00000000 1.00000000
vt 0.00000000 1.00000000
vt 0.00000000 1.00000000
vt 0.00000000 1.00000000
vt 0.00000000 1.00000000
vt 0.00000000 1.00000000
vt 0.00000000 1.00000000
vt 0.00000000 1.00000000
vt 0.00000000 1.00000000
vt 0.00000000 1.00000000
vt 0.00000000 1.00000000
vt 0.00000000 1.00000000
vt 0.00000000 1.00000000
vt 0.00000000 1.00000000
vt 0.00000000 1.00000000
vt 0.00000000 1.00000000
vt 0.00000000 1.00000000
vt 0.00000000 1.00000000
vt 0.00000000 1.00000000
vt 0.00000000 1.00000000
vt 0.00000000 1.00000000
vt 0.00000000 1.00000000
vt 0.00000000 1.00000000
vt 0.00000000 1.00000000
vt 0.00000000 1.00000000
vt 0.00000000 1.00000000
vt 0.00000000 1.00000000
vt 0.00000000 1.00000000
vt 0.00000000 1.00000000
vt 0.00000000 1.00000000
vt 0.00000000 1.00000000
vt 0.00000000 1.00000000
vt 0.00000000 1.00000000
vt 0.00000000 1.00000000
vt 0.00000000 1.00000000
vt 0.00000000 1.00000000
vt 0.00000000 1.00000000
vt 0.00000000 1.00000000
vt 0.00000000 1.00000000
vt 0.00000000 1.00000000
vt 0.00000000 1.00000000
vt 0.00000000 1.00000000
vt 0.00000000 1.00000000
vt 0.00000000 1.00000000
vt 0.00000000 1.00000000
vt 0.00000000 1.00000000
vt 0.00000000 1.00000000
vt 0.00000000 1.00000000
vt 0.00000000 1.00000000
vt 0.00000000 1.00000000
vt 0.00000000 1.00000000
vt 0.00000000 1.00000000
vt 0.00000000 1.00000000
vt 0.00000000 1.00000000
vt 0.00000000 1.00000000
vt 0.00000000 1.00000000
vt 0.00000000 1.00000000
vt 0.00000000 1.00000000
vt 0.00000000 1.00000000
vt 0.00000000 1.00000000
vt 0.00000000 1.00000000
vt 0.00000000 1.00000000
vt 0.00000000 1.00000000
vt 0.00000000 1.00000000
vt 0.00000000 1.00000000
vt 0.00000000 1.00000000
vt 0.00000000 1.00000000
vt 0.00000000 1.00000000
vt 0.00000000 1.00000000
vt 0.00000000 1.00000000
vt 0.00000000 1.00000000
vt 0.00000000 1.00000000
vt 0.00000000 1.00000000
vt 0.00000000 1.00000000
vt 0.00000000 1.00000000
vt 0.00000000 1.00000000
vt 0.00000000 1.00000000
vt 0.00000000 1.00000000
vt 0.00000000 1.00000000
vt 0.00000000 1.00000000
vt 0.00000000 1.00000000
vt 0.00000000 1.00000000
vt 0.00000000 1.00000000
vt 0.00000000 1.00000000
f 1235/1235 1236/1236 1237/1237
f 1235/1235 1237/1237 1238/1238
f 1239/1239 1240/1240 1241/1241
f 1239/1239 1241/1241 1242/1242
f 1243/1243 1244/1244 1245/1245
f 1243/1243 1245/1245 1246/1246
f 1247/1247 1248/1248 1249/1249
f 1247/1247 1249/1249 1250/1250
f 1251/1251 1252/1252 1253/1253
f 1251/1251 1253/1253 1254/1254
f 1255/1255 1256/1256 1257/1257
f 1255/1255 1257/1257 1258/1258
f 1259/1259 1260/1260 1261/1261
f 1259/1259 1261/1261 1262/1262
f 1263/1263 1264/1264 1265/1265
f 1263/1263 1265/1265 1266/1266
f 1267/1267 1268/1268 1269/1269
f 1267/1267 1269/1269 1270/1270
f 1271/1271 1272/1272 1273/1273
f 1271/1271 1273/1273 1274/1274
f 1275/1275 1276/1276 1277/1277
f 1275/1275 1277/1277 1278/1278
f 1279/1279 1280/1280 1281/1281
f 1279/1279 1281/1281 1282/1282
f 1283/1283 1284/1284 1285/1285
f 1283/1283 1285/1285 1286/1286
f 1287/1287 1288/1288 1289/1289
f 1287/1287 1289/1289 1290/1290
f 1291/1291 1287/1287 1290/1290
f 1291/1291 1290/1290 1292/1292
f 1293/1293 1291/1291 1292/1292
f 1293/1293 1292/1292 1294/1294
f 1295/1295 1296/1296 1297/1297
f 1295/1295 1297/1297 1298/1298
f 1299/1299 1300/1300 1301/1301
f 1299/1299 1301/1301 1302/1302
f 1303/1303 1304/1304 1305/1305
f 1303/1303 1305/1305 1306/1306
f 1307/1307 1308/1308 1309/1309
f 1307/1307 1309/1309 1310/1310
f 1311/1311 1312/1312 1313/1313
f 1311/1311 1313/1313 1314/1314
f 1315/1315 1316/1316 1317/1317
f 1315/1315 1317/1317 1318/1318
f 1319/1319 1320/1320 1321/1321
f 1319/1319 1321/1321 1322/1322
f 1323/1323 1324/1324 1325/1325
f 1323/1323 1325/1325 1326/1326
f 1327/1327 1328/1328 1329/1329
f 1327/1327 1329/1329 1330/1330
f 1331/1331 1332/1332 1333/1333
f 1331/1331 1333/1333 1334/1334
f 1335/1335 1336/1336 1337/1337
f 1335/1335 1337/1337 1338/1338
f 1339/1339 1340/1340 1341/1341
f 1339/1339 1341/1341 1342/1342
f 1343/1343 1344/1344 1345/1345
f 1343/1343 1345/1345 1346/1346
f 1347/1347 1348/1348 1349/1349
f 1347/1347 1349/1349 1350/1350
f 1351/1351 1352/1352 1353/1353
f 1351/1351 1353/1353 1354/1354
f 1355/1355 1356/1356 1357/1357
f 1355/1355 1357/1357 1358/1358
f 1359/1359 1360/1360 1361/1361
f 1359/1359 1361/1361 1362/1362
f 1363/1363 1364/1364 1365/1365
f 1363/1363 1365/1365 1366/1366
f 1367/1367 1368/1368 1369/1369
f 1367/1367 1369/1369 1370/1370
f 1371/1371 1372/1372 1373/1373
f 1371/1371 1373/1373 1374/1374
f 1375/1375 1376/1376 1377/1377
f 1375/1375 1377/1377 1378/1378
f 1379/1379 1380/1380 1381/1381
f 1379/1379 1381/1381 1382/1382
f 1383/1383 1384/1384 1385/1385
f 1383/1383 1385/1385 1386/1386
f 1387/1387 1388/1388 1389/1389
f 1387/1387 1389/1389 1390/1390
f 1391/1391 1392/1392 1393/1393
f 1391/1391 1393/1393 1394/1394
f 1395/1395 1396/1396 1397/1397
f 1395/1395 1397/1397 1398/1398
f 1399/1399 1400/1400 1401/1401
f 1399/1399 1401/1401 1402/1402
f 1403/1403 1404/1404 1405/1405
f 1403/1403 1405/1405 1406/1406
f 1407/1407 1403/1403 1406/1406
f 1407/1407 1406/1406 1408/1408
f 1409/1409 1407/1407 1408/1408
f 1409/1409 1408/1408 1410/1410
f 1411/1411 1409/1409 1410/1410
f 1411/1411 1410/1410 1412/1412
f 1413/1413 1411/1411 1412/1412
f 1413/1413 1412/1412 1414/1414
f 1415/1415 1416/1416 1417/1417
f 1415/1415 1417/1417 1418/1418
f 1419/1419 1420/1420 1421/1421
f 1419/1419 1421/1421 1422/1422
f 1423/1423 1424/1424 1425/1425
f 1423/1423 1425/1425 1426/1426
f 1427/1427 1423/1423 1426/1426
f 1427/1427 1426/1426 1428/1428
f 1429/1429 1430/1430 1431/1431
f 1429/1429 1431/1431 1432/1432
f 1433/1433 1434/1434 1435/1435
f 1433/1433 1435/1435 1436/1436
f 1437/1437 1438/1438 1439/1439
f 1437/1437 1439/1439 1440/1440
f 1441/1441 1442/1442 1443/1443
f 1441/1441 1443/1443 1444/1444
f 1445/1445 1446/1446 1447/1447
f 1445/1445 1447/1447 1448/1448
f 1449/1449 1395/1395 1398/1398
f 1449/1449 1398/1398 1450/1450
f 1451/1451 1449/1449 1450/1450
f 1451/1451 1450/1450 1452/1452
f 1453/1453 1451/1451 1452/1452
f 1453/1453 1452/1452 1454/1454
f 1446/1446 1453/1453 1454/1454
f 1446/1446 1454/1454 1447/1447
f 1455/1455 1456/1456 1457/1457
f 1455/1455 1457/1457 1458/1458
f 1459/1459 1460/1460 1461/1461
f 1459/1459 1461/1461 1462/1462
f 1463/1463 1464/1464 1465/1465
f 1463/1463 1465/1465 1466/1466
f 1467/1467 1468/1468 1469/1469
f 1467/1467 1469/1469 1470/1470
f 1471/1471 1472/1472 1473/1473
f 1471/1471 1473/1473 1474/1474
f 1475/1475 1476/1476 1477/1477
f 1475/1475 1477/1477 1478/1478
f 1479/1479 1480/1480 1481/1481
f 1479/1479 1481/1481 1482/1482
f 1483/1483 1484/1484 1485/1485
f 1483/1483 1485/1485 1486/1486
f 1487/1487 1488/1488 1489/1489
f 1487/1487 1489/1489 1490/1490
f 1491/1491 1492/1492 1493/1493
f 1491/1491 1493/1493 1494/1494
f 1495/1495 1496/1496 1497/1497
f 1495/1495 1497/1497 1498/1498
f 1499/1499 1500/1500 1501/1501
f 1499/1499 1501/1501 1502/1502
f 1503/1503 1504/1504 1505/1505
f 1503/1503 1505/1505 1506/1506
f 1507/1507 1508/1508 1509/1509
f 1507/1507 1509/1509 1510/1510
f 1511/1511 1512/1512 1513/1513
f 1511/1511 1513/1513 1514/1514
f 1515/1515 1516/1516 1517/1517
f 1515/1515 1517/1517 1518/1518
f 1519/1519 1520/1520 1521/1521
f 1519/1519 1521/1521 1522/1522
f 1523/1523 1524/1524 1525/1525
f 1523/1523 1525/1525 1526/1526
f 1527/1527 1427/1427 1428/1428
f 1527/1527 1428/1428 1528/1528
f 1529/1529 1527/1527 1528/1528
f 1529/1529 1528/1528 1530/1530
f 1531/1531 1532/1532 1533/1533
f 1531/1531 1533/1533 1534/1534
f 1535/1535 1536/1536 1537/1537
f 1535/1535 1537/1537 1538/1538
f 1539/1539 1540/1540 1541/1541
f 1539/1539 1541/1541 1542/1542
f 1543/1543 1544/1544 1545/1545
f 1543/1543 1545/1545 1546/1546
f 1547/1547 1548/1548 1549/1549
f 1547/1547 1549/1549 1550/1550
f 1551/1551 1552/1552 1553/1553
f 1551/1551 1553/1553 1554/1554
f 1555/1555 1551/1551 1554/1554
f 1555/1555 1554/1554 1556/1556
f 1557/1557 1555/1555 1556/1556
f 1557/1557 1556/1556 1558/1558
f 1559/1559 1560/1560 1561/1561
f 1559/1559 1561/1561 1562/1562
f 1563/1563 1564/1564 1565/1565
f 1563/1563 1565/1565 1566/1566
f 1567/1567 1568/1568 1569/1569
f 1567/1567 1569/1569 1570/1570
f 1571/1571 1572/1572 1573/1573
f 1571/1571 1573/1573 1574/1574
f 1575/1575 1571/1571 1574/1574
f 1575/1575 1574/1574 1576/1576
f 1577/1577 1575/1575 1576/1576
f 1577/1577 1576/1576 1578/1578
f 1579/1579 1580/1580 1581/1581
f 1579/1579 1581/1581 1582/1582
f 1583/1583 1584/1584 1585/1585
f 1583/1583 1585/1585 1586/1586
f 1587/1587 1588/1588 1589/1589
f 1587/1587 1589/1589 1590/1590
f 1591/1591 1587/1587 1590/1590
f 1591/1591 1590/1590 1592/1592
f 1593/1593 1594/1594 1595/1595
f 1593/1593 1595/1595 1596/1596
f 1597/1597 1593/1593 1596/1596
f 1597/1597 1596/1596 1598/1598
f 1599/1599 1600/1600 1601/1601
f 1599/1599 1601/1601 1602/1602
f 1603/1603 1604/1604 1605/1605
f 1603/1603 1605/1605 1606/1606
f 1607/1607 1591/1591 1592/1592
f 1607/1607 1592/1592 1608/1608
f 1609/1609 1607/1607 1608/1608
f 1609/1609 1608/1608 1610/1610
f 1611/1611 1609/1609 1610/1610
f 1611/1611 1610/1610 1612/1612
f 1613/1613 1614/1614 1615/1615
f 1613/1613 1615/1615 1616/1616
f 1617/1617 1618/1618 1619/1619
f 1617/1617 1619/1619 1620/1620
f 1621/1621 1622/1622 1623/1623
f 1621/1621 1623/1623 1624/1624
f 1625/1625 1626/1626 1627/1627
f 1625/1625 1627/1627 1628/1628
f 1629/1629 1630/1630 1631/1631
f 1629/1629 1631/1631 1632/1632
f 1594/1594 1577/1577 1578/1578
f 1594/1594 1578/1578 1595/1595
f 1580/1580 1563/1563 1566/1566
f 1580/1580 1566/1566 1581/1581
f 1633/1633 1634/1634 1635/1635
f 1633/1633 1635/1635 1636/1636
f 1637/1637 1638/1638 1639/1639
f 1637/1637 1639/1639 1640/1640
f 1641/1641 1642/1642 1643/1643
f 1641/1641 1643/1643 1644/1644
f 1645/1645 1646/1646 1647/1647
f 1645/1645 1647/1647 1648/1648
f 1649/1649 1650/1650 1651/1651
f 1649/1649 1651/1651 1652/1652
f 1653/1653 1654/1654 1655/1655
f 1653/1653 1655/1655 1656/1656
f 1657/1657 1658/1658 1659/1659
f 1657/1657 1659/1659 1660/1660
f 1661/1661 1662/1662 1663/1663
f 1661/1661 1663/1663 1664/1664
f 1665/1665 1666/1666 1667/1667
f 1665/1665 1667/1667 1668/1668
f 1669/1669 1670/1670 1671/1671
f 1669/1669 1671/1671 1672/1672
f 1673/1673 1674/1674 1675/1675
f 1673/1673 1675/1675 1676/1676
f 1677/1677 1678/1678 1679/1679
f 1677/1677 1679/1679 1680/1680
f 1681/1681 1682/1682 1683/1683
f 1681/1681 1683/1683 1684/1684
f 1685/1685 1686/1686 1687/1687
f 1685/1685 1687/1687 1688/1688
f 1689/1689 1690/1690 1691/1691
f 1689/1689 1691/1691 1692/1692
f 1693/1693 1723/1723 1724/1724
f 1723/1723 1693/1693 1722/1722
f 1722/1722 1693/1693 1694/1694
f 1722/1722 1694/1694 1721/1721
f 1721/1721 1694/1694 1695/1695
f 1721/1721 1695/1695 1720/1720
f 1720/1720 1695/1695 1696/1696
f 1720/1720 1696/1696 1719/1719
f 1719/1719 1696/1696 1697/1697
f 1719/1719 1697/1697 1698/1698
f 1719/1719 1698/1698 1718/1718
f 1718/1718 1698/1698 1699/1699
f 1718/1718 1699/1699 1717/1717
f 1717/1717 1699/1699 1716/1716
f 1716/1716 1699/1699 1700/1700
f 1716/1716 1700/1700 1715/1715
f 1715/1715 1700/1700 1701/1701
f 1715/1715 1701/1701 1702/1702
f 1715/1715 1702/1702 1714/1714
f 1714/1714 1702/1702 1703/1703
f 1714/1714 1703/1703 1713/1713
f 1713/1713 1703/1703 1704/1704
f 1713/1713 1704/1704 1712/1712
f 1712/1712 1704/1704 1711/1711
f 1711/1711 1704/1704 1705/1705
f 1711/1711 1705/1705 1710/1710
f 1710/1710 1705/1705 1706/1706
f 1710/1710 1706/1706 1707/1707
f 1710/1710 1707/1707 1709/1709
f 1709/1709 1707/1707 1708/1708

o FW.011_dark_0
usemtl dark
v -83.14801715 1.07858855 240.62296014
v -83.11185584 1.07858855 240.62296014
v -83.11185585 1.04398073 240.68770673
v -83.14801716 1.04398073 240.68770673
v -83.14801715 1.09989997 240.55270542
v -83.11185584 1.09989997 240.55270542
v -83.11185584 1.07858855 240.62296014
v -83.14801715 1.07858855 240.62296014
v -83.11185584 1.07858855 240.62296014
v -83.11185584 1.09365499 240.62920089
v -83.11185585 1.05754020 240.69676689
v -83.11185585 1.04398073 240.68770673
v -83.11185584 1.09989997 240.55270542
v -83.11185584 1.11589444 240.55588691
v -83.11185584 1.09365499 240.62920089
v -83.11185584 1.07858855 240.62296014
v -83.14801716 1.05754020 240.69676689
v -83.11185585 1.05754020 240.69676689
v -83.11185584 1.09365499 240.62920089
v -83.14801715 1.09365499 240.62920089
v -83.14801715 1.09365499 240.62920089
v -83.11185584 1.09365499 240.62920089
v -83.11185584 1.11589444 240.55588691
v -83.14801715 1.11589444 240.55588691
v -83.14801715 1.19759593 240.67225454
v -83.13176331 1.19759593 240.67225454
v -83.13176331 1.15108450 240.75927132
v -83.14801715 1.15108451 240.75927132
v -83.14801714 1.22623755 240.57783540
v -83.13176330 1.22623755 240.57783540
v -83.13176331 1.19759593 240.67225454
v -83.14801715 1.19759593 240.67225454
v -83.13176331 1.19759593 240.67225454
v -83.13176331 1.20944506 240.67716260
v -83.13176331 1.16174843 240.76639676
v -83.13176331 1.15108450 240.75927132
v -83.13176330 1.22623755 240.57783540
v -83.13176330 1.23881651 240.58033751
v -83.13176331 1.20944506 240.67716260
v -83.13176331 1.19759593 240.67225454
v -83.14801715 1.16174844 240.76639676
v -83.13176331 1.16174843 240.76639676
v -83.13176331 1.20944506 240.67716260
v -83.14801715 1.20944506 240.67716260
v -83.14801715 1.20944506 240.67716260
v -83.13176331 1.20944506 240.67716260
v -83.13176330 1.23881651 240.58033751
v -83.14801714 1.23881651 240.58033751
v -83.14801714 1.23881651 240.58033751
v -83.13176330 1.23881651 240.58033751
v -83.13176330 1.24873404 240.47964289
v -83.14801714 1.24873404 240.47964288
v -83.13176330 1.23590860 240.47964289
v -83.13176330 1.24873404 240.47964289
v -83.13176330 1.23881651 240.58033751
v -83.13176330 1.22623755 240.57783540
v -83.14801714 1.24873404 240.47964288
v -83.13176330 1.24873404 240.47964289
v -83.13176329 1.23881651 240.37894826
v -83.14801713 1.23881651 240.37894826
v -83.13176329 1.22623755 240.38145036
v -83.13176329 1.23881651 240.37894826
v -83.14801714 1.23590860 240.47964288
v -83.13176330 1.23590860 240.47964289
v -83.13176330 1.22623755 240.57783540
v -83.14801714 1.22623755 240.57783540
v -83.14801713 1.22623755 240.38145036
v -83.13176329 1.22623755 240.38145036
v -83.13176330 1.23590860 240.47964289
v -83.14801714 1.23590860 240.47964288
v -83.14801713 1.19759590 240.28703113
v -83.13176329 1.19759590 240.28703113
v -83.13176329 1.22623755 240.38145036
v -83.14801713 1.22623755 240.38145036
v -83.13176329 1.19759590 240.28703113
v -83.13176329 1.20944499 240.28212307
v -83.14801714 1.12340375 240.47964288
v -83.11185584 1.12340375 240.47964289
v -83.11185583 1.11589444 240.40339888
v -83.14801714 1.11589444 240.40339887
v -83.14801714 1.11589444 240.40339887
v -83.11185583 1.11589444 240.40339888
v -83.11185583 1.09365496 240.33008485
v -83.14801714 1.09365496 240.33008485
v -83.11185583 1.09989994 240.40658036
v -83.11185583 1.11589444 240.40339888
v -83.11185584 1.12340375 240.47964289
v -83.11185584 1.10709591 240.47964289
v -83.11185583 1.07858848 240.33632558
v -83.11185583 1.09365496 240.33008485
v -83.14801714 1.09989994 240.40658036
v -83.11185583 1.09989994 240.40658036
v -83.11185584 1.10709591 240.47964289
v -83.14801714 1.10709591 240.47964289
v -83.14801714 1.07858848 240.33632558
v -83.11185583 1.07858848 240.33632558
v -83.11185583 1.09989994 240.40658036
v -83.14801714 1.09989994 240.40658036
v -83.14801714 1.04398064 240.27157897
v -83.11185583 1.04398064 240.27157897
v -83.11185583 1.07858848 240.33632558
v -83.14801714 1.07858848 240.33632558
v -83.11185583 1.04398064 240.27157897
v -83.11185583 1.05754010 240.26251881
v -83.11185583 1.09365496 240.33008485
v -83.11185583 1.07858848 240.33632558
v -83.14801714 0.99740620 240.21482805
v -83.11185583 0.99740620 240.21482805
v -83.11185583 1.04398064 240.27157897
v -83.14801714 1.04398064 240.27157897
v -83.11185583 0.99740620 240.21482805
v -83.11185583 1.00893754 240.20329665
v -83.11185583 1.05754010 240.26251881
v -83.11185583 1.04398064 240.27157897
v -83.14801714 1.09365496 240.33008485
v -83.11185583 1.09365496 240.33008485
v -83.11185583 1.05754010 240.26251881
v -83.14801714 1.05754011 240.26251881
v -83.14801714 1.05754011 240.26251881
v -83.11185583 1.05754010 240.26251881
v -83.11185583 1.00893754 240.20329665
v -83.14801714 1.00893755 240.20329665
v -83.14801713 1.15108441 240.20001441
v -83.13176329 1.15108441 240.20001442
v -83.13176329 1.19759590 240.28703113
v -83.14801713 1.19759590 240.28703113
v -83.14801713 1.08849040 240.12374370
v -83.13176329 1.08849040 240.12374370
v -83.13176329 1.15108441 240.20001442
v -83.14801713 1.15108441 240.20001441
v -83.13176329 1.15108441 240.20001442
v -83.13176329 1.16174834 240.19288898
v -83.13176329 1.20944499 240.28212307
v -83.13176329 1.19759590 240.28703113
v -83.13176329 1.08849040 240.12374370
v -83.13176329 1.09755934 240.11467473
v -83.13176329 1.16174834 240.19288898
v -83.13176329 1.15108441 240.20001442
v -83.14801713 1.20944499 240.28212307
v -83.13176329 1.20944499 240.28212307
v -83.13176329 1.16174834 240.19288898
v -83.14801713 1.16174834 240.19288898
v -83.14801713 1.16174834 240.19288898
v -83.13176329 1.16174834 240.19288898
v -83.13176329 1.09755934 240.11467473
v -83.14801713 1.09755934 240.11467473
v -83.14801713 1.09755934 240.11467473
v -83.13176329 1.09755934 240.11467473
v -83.13176329 1.01934455 240.05048548
v -83.14801713 1.01934455 240.05048548
v -83.13176329 1.01221912 240.06114941
v -83.13176329 1.01934455 240.05048548
v -83.13176329 1.09755934 240.11467473
v -83.13176329 1.08849040 240.12374370
v -83.14801713 1.01934455 240.05048548
v -83.13176329 1.01934455 240.05048548
v -83.13176329 0.93011017 240.00278860
v -83.14801713 0.93011017 240.00278860
v -83.13176329 0.92520210 240.01463773
v -83.13176329 0.93011017 240.00278860
v -83.13176329 1.01934455 240.05048548
v -83.13176329 1.01221912 240.06114941
v -83.14801713 1.01221912 240.06114941
v -83.13176329 1.01221912 240.06114941
v -83.13176329 1.08849040 240.12374370
v -83.14801713 1.08849040 240.12374370
v -83.14801713 0.92520210 240.01463773
v -83.13176329 0.92520210 240.01463773
v -83.13176329 1.01221912 240.06114941
v -83.14801713 1.01221912 240.06114941
v -83.14801714 1.00893755 240.20329665
v -83.11185583 1.00893754 240.20329665
v -83.11185583 0.94971472 240.15469368
v -83.14801714 0.94971472 240.15469368
v -83.14801714 0.94971472 240.15469368
v -83.11185583 0.94971472 240.15469368
v -83.11185583 0.88214832 240.11857857
v -83.14801714 0.88214832 240.11857857
v -83.11185583 0.94065457 240.16825315
v -83.11185583 0.94971472 240.15469368
v -83.11185583 1.00893754 240.20329665
v -83.11185583 0.99740620 240.21482805
v -83.11185583 0.87590756 240.13364505
v -83.11185583 0.88214832 240.11857857
v -83.11185583 0.94971472 240.15469368
v -83.11185583 0.94065457 240.16825315
v -83.14801714 0.94065458 240.16825315
v -83.11185583 0.94065457 240.16825315
v -83.11185583 0.99740620 240.21482805
v -83.14801714 0.99740620 240.21482805
v -83.14801714 0.87590756 240.13364505
v -83.11185583 0.87590756 240.13364505
v -83.11185583 0.94065457 240.16825315
v -83.14801714 0.94065458 240.16825315
v -83.14801714 0.80565327 240.11233369
v -83.11185583 0.80565327 240.11233369
v -83.11185583 0.87590756 240.13364505
v -83.14801714 0.87590756 240.13364505
v -83.11185583 0.80565327 240.11233369
v -83.11185583 0.80883477 240.09633919
v -83.11185583 0.88214832 240.11857857
v -83.11185583 0.87590756 240.13364505
v -83.14801714 0.73259079 240.10513765
v -83.11185584 0.73259079 240.10513765
v -83.11185583 0.80565327 240.11233369
v -83.14801714 0.80565327 240.11233369
v -83.11185584 0.73259079 240.10513765
v -83.11185584 0.73259079 240.08882985
v -83.11185583 0.80883477 240.09633919
v -83.11185583 0.80565327 240.11233369
v -83.14801714 0.88214832 240.11857857
v -83.11185583 0.88214832 240.11857857
v -83.11185583 0.80883477 240.09633919
v -83.14801714 0.80883478 240.09633919
v -83.14801714 0.80883478 240.09633919
v -83.11185583 0.80883477 240.09633919
v -83.11185584 0.73259079 240.08882985
v -83.14801714 0.73259079 240.08882984
v -83.14801714 0.73259079 240.08882984
v -83.11185584 0.73259079 240.08882985
v -83.11185584 0.65634689 240.09633919
v -83.14801715 0.65634689 240.09633919
v -83.11185584 0.65952839 240.11233369
v -83.11185584 0.65634689 240.09633919
v -83.11185584 0.73259079 240.08882985
v -83.11185584 0.73259079 240.10513765
v -83.14801715 0.65634689 240.09633919
v -83.11185584 0.65634689 240.09633919
v -83.11185584 0.58303337 240.11857857
v -83.14801715 0.58303338 240.11857857
v -83.11185584 0.58927413 240.13364505
v -83.11185584 0.58303337 240.11857857
v -83.11185584 0.65634689 240.09633919
v -83.11185584 0.65952839 240.11233369
v -83.14801715 0.65952839 240.11233369
v -83.11185584 0.65952839 240.11233369
v -83.11185584 0.73259079 240.10513765
v -83.14801714 0.73259079 240.10513765
v -83.14801715 0.58927413 240.13364505
v -83.11185584 0.58927413 240.13364505
v -83.11185584 0.65952839 240.11233369
v -83.14801715 0.65952839 240.11233369
v -83.14801716 0.52452718 240.16825315
v -83.11185585 0.52452718 240.16825315
v -83.11185584 0.58927413 240.13364505
v -83.14801715 0.58927413 240.13364505
v -83.14801716 0.46777548 240.21482809
v -83.11185585 0.46777548 240.21482810
v -83.11185585 0.52452718 240.16825315
v -83.14801716 0.52452718 240.16825315
v -83.11185585 0.52452718 240.16825315
v -83.11185585 0.51546702 240.15469368
v -83.11185584 0.58303337 240.11857857
v -83.11185584 0.58927413 240.13364505
v -83.11185585 0.46777548 240.21482810
v -83.11185585 0.45624413 240.20329672
v -83.11185585 0.51546702 240.15469368
v -83.11185585 0.52452718 240.16825315
v -83.14801715 0.58303338 240.11857857
v -83.11185584 0.58303337 240.11857857
v -83.11185585 0.51546702 240.15469368
v -83.14801716 0.51546702 240.15469368
v -83.14801716 0.51546702 240.15469368
v -83.11185585 0.51546702 240.15469368
v -83.11185585 0.45624413 240.20329672
v -83.14801716 0.45624413 240.20329671
v -83.14801716 0.45624413 240.20329671
v -83.11185585 0.45624413 240.20329672
v -83.11185586 0.40764154 240.26251881
v -83.14801716 0.40764154 240.26251881
v -83.11185586 0.42120101 240.27157897
v -83.11185586 0.40764154 240.26251881
v -83.11185585 0.45624413 240.20329672
v -83.11185585 0.46777548 240.21482810
v -83.14801716 0.40764154 240.26251881
v -83.11185586 0.40764154 240.26251881
v -83.11185586 0.37152678 240.33008485
v -83.14801717 0.37152678 240.33008485
v -83.11185586 0.38659326 240.33632558
v -83.11185586 0.37152678 240.33008485
v -83.11185586 0.40764154 240.26251881
v -83.11185586 0.42120101 240.27157897
v -83.14801716 0.42120101 240.27157897
v -83.11185586 0.42120101 240.27157897
v -83.11185585 0.46777548 240.21482810
v -83.14801716 0.46777548 240.21482809
v -83.14801717 0.38659326 240.33632558
v -83.11185586 0.38659326 240.33632558
v -83.11185586 0.42120101 240.27157897
v -83.14801716 0.42120101 240.27157897
v -83.14801717 0.36528171 240.40658041
v -83.11185587 0.36528171 240.40658041
v -83.11185586 0.38659326 240.33632558
v -83.14801717 0.38659326 240.33632558
v -83.14801718 0.35808573 240.47964281
v -83.11185587 0.35808573 240.47964281
v -83.11185587 0.36528171 240.40658041
v -83.14801717 0.36528171 240.40658041
v -83.11185587 0.36528171 240.40658041
v -83.11185587 0.34928721 240.40339892
v -83.11185586 0.37152678 240.33008485
v -83.11185586 0.38659326 240.33632558
v -83.11185587 0.35808573 240.47964281
v -83.11185587 0.34177789 240.47964282
v -83.11185587 0.34928721 240.40339892
v -83.11185587 0.36528171 240.40658041
v -83.14801717 0.37152678 240.33008485
v -83.11185586 0.37152678 240.33008485
v -83.11185587 0.34928721 240.40339892
v -83.14801717 0.34928721 240.40339891
v -83.14801717 0.34928721 240.40339891
v -83.11185587 0.34928721 240.40339892
v -83.11185587 0.34177789 240.47964282
v -83.14801718 0.34177790 240.47964281
v -83.14801718 0.34177790 240.47964281
v -83.11185587 0.34177789 240.47964282
v -83.11185587 0.34928727 240.55588680
v -83.14801718 0.34928727 240.55588680
v -83.11185587 0.36528177 240.55270531
v -83.11185587 0.34928727 240.55588680
v -83.14801718 0.34928727 240.55588680
v -83.11185587 0.34928727 240.55588680
v -83.11185588 0.37152675 240.62920081
v -83.14801718 0.37152675 240.62920081
v -83.11185587 0.38659323 240.62296006
v -83.11185588 0.37152675 240.62920081
v -83.14801718 0.36528177 240.55270531
v -83.11185587 0.36528177 240.55270531
v -83.11185587 0.35808573 240.47964281
v -83.14801718 0.35808573 240.47964281
v -83.14801718 0.38659323 240.62296006
v -83.11185587 0.38659323 240.62296006
v -83.11185587 0.36528177 240.55270531
v -83.14801718 0.36528177 240.55270531
v -83.14801718 0.42120114 240.68770683
v -83.11185588 0.42120113 240.68770683
v -83.11185587 0.38659323 240.62296006
v -83.14801718 0.38659323 240.62296006
v -83.14801718 0.46777556 240.74445783
v -83.11185588 0.46777556 240.74445783
v -83.11185588 0.42120113 240.68770683
v -83.14801718 0.42120114 240.68770683
v -83.11185588 0.42120113 240.68770683
v -83.11185588 0.40764167 240.69676699
v -83.11185588 0.37152675 240.62920081
v -83.11185587 0.38659323 240.62296006
v -83.11185588 0.46777556 240.74445783
v -83.11185588 0.45624419 240.75598921
v -83.11185588 0.40764167 240.69676699
v -83.11185588 0.42120113 240.68770683
v -83.14801718 0.37152675 240.62920081
v -83.11185588 0.37152675 240.62920081
v -83.11185588 0.40764167 240.69676699
v -83.14801718 0.40764167 240.69676698
v -83.14801718 0.40764167 240.69676698
v -83.11185588 0.40764167 240.69676699
v -83.11185588 0.45624419 240.75598921
v -83.14801718 0.45624420 240.75598921
v -83.14801719 0.31409740 240.75927138
v -83.13176335 0.31409739 240.75927138
v -83.13176335 0.26758588 240.67225451
v -83.14801719 0.26758588 240.67225451
v -83.14801719 0.37669131 240.83554216
v -83.13176335 0.37669130 240.83554216
v -83.13176335 0.31409739 240.75927138
v -83.14801719 0.31409740 240.75927138
v -83.13176335 0.31409739 240.75927138
v -83.13176335 0.30343346 240.76639682
v -83.13176335 0.25573675 240.67716258
v -83.13176335 0.26758588 240.67225451
v -83.13176335 0.37669130 240.83554216
v -83.13176335 0.36762237 240.84461109
v -83.13176335 0.30343346 240.76639682
v -83.13176335 0.31409739 240.75927138
v -83.14801719 0.25573675 240.67716258
v -83.13176335 0.25573675 240.67716258
v -83.13176335 0.30343346 240.76639682
v -83.14801719 0.30343347 240.76639682
v -83.14801719 0.30343347 240.76639682
v -83.13176335 0.30343346 240.76639682
v -83.13176335 0.36762237 240.84461109
v -83.14801719 0.36762237 240.84461109
v -83.14801719 0.30343347 240.76639682
v -83.16890509 0.30343347 240.76639682
v -83.16890509 0.25573675 240.67716258
v -83.14801719 0.25573675 240.67716258
v -83.14801719 0.36762237 240.84461109
v -83.16890509 0.36762237 240.84461109
v -83.16890509 0.30343347 240.76639682
v -83.14801719 0.30343347 240.76639682
v -83.14801719 0.23341166 240.68640994
v -83.16890509 0.23341166 240.68640993
v -83.16890509 0.28334141 240.77982191
v -83.14801719 0.28334141 240.77982191
v -83.14801719 0.28334141 240.77982191
v -83.16890509 0.28334141 240.77982191
v -83.16890509 0.35053549 240.86169798
v -83.14801719 0.35053549 240.86169798
v -83.14801719 0.28334141 240.77982191
v -83.14801720 0.12346344 240.88664915
v -83.14801720 0.05576466 240.75999373
v -83.14801719 0.23341166 240.68640994
v -83.14801719 0.35053549 240.86169798
v -83.14801721 0.21457046 240.99766310
v -83.14801720 0.12346344 240.88664915
v -83.14801719 0.28334141 240.77982191
v -83.14801720 0.05576466 240.75999373
v -83.14801720 0.12346344 240.88664915
v -82.68208338 0.12346342 240.88664923
v -82.68208338 0.05576470 240.75999378
v -83.14801720 0.12346344 240.88664915
v -83.14801721 0.21457046 240.99766310
v -82.68208338 0.21457050 240.99766316
v -82.68208338 0.12346342 240.88664923
v -83.14801721 0.21457046 240.99766310
v -83.14801720 0.32558473 241.08877028
v -82.68208338 0.32558474 241.08877037
v -82.68208338 0.21457050 240.99766316
v -83.14801720 0.32558473 241.08877028
v -83.14801720 0.45224012 241.15646919
v -82.68208338 0.45224016 241.15646927
v -82.68208338 0.32558474 241.08877037
v -83.14801719 0.43241197 240.92889234
v -83.14801720 0.32558473 241.08877028
v -83.14801721 0.21457046 240.99766310
v -83.14801719 0.35053549 240.86169798
v -83.14801719 0.52582398 240.97882222
v -83.14801720 0.45224012 241.15646919
v -83.14801720 0.32558473 241.08877028
v -83.14801719 0.43241197 240.92889234
v -83.14801719 0.35053549 240.86169798
v -83.16890509 0.35053549 240.86169798
v -83.16890509 0.43241197 240.92889234
v -83.14801719 0.43241197 240.92889234
v -83.14801719 0.43241197 240.92889234
v -83.16890509 0.43241197 240.92889234
v -83.16890509 0.52582398 240.97882222
v -83.14801719 0.52582398 240.97882222
v -83.14801719 0.44583709 240.90880029
v -83.16890509 0.44583709 240.90880029
v -83.16890509 0.36762237 240.84461109
v -83.14801719 0.36762237 240.84461109
v -83.14801719 0.53507134 240.95649710
v -83.16890509 0.53507135 240.95649710
v -83.16890509 0.44583709 240.90880029
v -83.14801719 0.44583709 240.90880029
v -83.14801719 0.63189612 240.98586858
v -83.16890508 0.63189611 240.98586858
v -83.16890509 0.53507135 240.95649710
v -83.14801719 0.53507134 240.95649710
v -83.14801718 0.73259082 240.99578605
v -83.16890508 0.73259082 240.99578605
v -83.16890508 0.63189611 240.98586858
v -83.14801719 0.63189612 240.98586858
v -83.14801719 0.52582398 240.97882222
v -83.16890509 0.52582398 240.97882222
v -83.16890508 0.62718186 241.00956877
v -83.14801719 0.62718186 241.00956878
v -83.14801719 0.62718186 241.00956878
v -83.16890508 0.62718186 241.00956877
v -83.16890508 0.73259082 241.01995059
v -83.14801718 0.73259082 241.01995059
v -83.14801719 0.62718186 241.00956878
v -83.14801720 0.58966926 241.19815783
v -83.14801720 0.45224012 241.15646919
v -83.14801719 0.52582398 240.97882222
v -83.14801718 0.73259082 241.01995059
v -83.14801719 0.73259082 241.21223431
v -83.14801720 0.58966926 241.19815783
v -83.14801719 0.62718186 241.00956878
v -83.14801720 0.45224012 241.15646919
v -83.14801720 0.58966926 241.19815783
v -82.68208337 0.58966927 241.19815791
v -82.68208338 0.45224016 241.15646927
v -83.14801720 0.58966926 241.19815783
v -83.14801719 0.73259082 241.21223431
v -82.68208337 0.73259084 241.21223439
v -82.68208337 0.58966927 241.19815791
v -83.14801719 0.73259082 241.21223431
v -83.14801718 0.87551237 241.19815783
v -82.68208353 0.87551238 241.19815791
v -82.68208337 0.73259084 241.21223439
v -83.14801718 0.87551237 241.19815783
v -83.14801718 1.01294156 241.15646919
v -82.68208353 1.01294157 241.15646927
v -82.68208353 0.87551238 241.19815791
v -83.14801718 0.83799976 241.00956878
v -83.14801718 0.87551237 241.19815783
v -83.14801719 0.73259082 241.21223431
v -83.14801718 0.73259082 241.01995059
v -83.14801717 0.93935759 240.97882225
v -83.14801718 1.01294156 241.15646919
v -83.14801718 0.87551237 241.19815783
v -83.14801718 0.83799976 241.00956878
v -83.14801718 0.73259082 241.01995059
v -83.16890508 0.73259082 241.01995059
v -83.16890507 0.83799977 241.00956877
v -83.14801718 0.83799976 241.00956878
v -83.14801718 0.83799976 241.00956878
v -83.16890507 0.83799977 241.00956877
v -83.16890507 0.93935759 240.97882225
v -83.14801717 0.93935759 240.97882225
v -83.14801718 0.83328552 240.98586858
v -83.16890507 0.83328551 240.98586858
v -83.16890508 0.73259082 240.99578605
v -83.14801718 0.73259082 240.99578605
v -83.14801717 0.93011021 240.95649716
v -83.16890507 0.93011021 240.95649716
v -83.16890507 0.83328551 240.98586858
v -83.14801718 0.83328552 240.98586858
v -83.14801717 1.01934436 240.90880029
v -83.16890506 1.01934437 240.90880029
v -83.16890507 0.93011021 240.95649716
v -83.14801717 0.93011021 240.95649716
v -83.14801716 1.09755943 240.84461090
v -83.16890506 1.09755943 240.84461090
v -83.16890506 1.01934437 240.90880029
v -83.14801717 1.01934436 240.90880029
v -83.14801717 0.93011021 240.95649716
v -83.13176333 0.93011021 240.95649716
v -83.13176333 1.01934436 240.90880029
v -83.14801717 1.01934436 240.90880029
v -83.14801717 1.01934436 240.90880029
v -83.13176333 1.01934436 240.90880029
v -83.13176332 1.09755943 240.84461090
v -83.14801716 1.09755943 240.84461090
v -83.13176333 1.01221896 240.89813636
v -83.13176333 1.01934436 240.90880029
v -83.13176333 0.93011021 240.95649716
v -83.13176333 0.92520213 240.94464804
v -83.13176332 1.08849050 240.83554194
v -83.13176332 1.09755943 240.84461090
v -83.13176333 1.01934436 240.90880029
v -83.13176333 1.01221896 240.89813636
v -83.14801717 1.01221896 240.89813636
v -83.13176333 1.01221896 240.89813636
v -83.13176333 0.92520213 240.94464804
v -83.14801717 0.92520213 240.94464803
v -83.14801716 1.08849050 240.83554194
v -83.13176332 1.08849050 240.83554194
v -83.13176333 1.01221896 240.89813636
v -83.14801717 1.01221896 240.89813636
v -83.14801715 1.15108451 240.75927132
v -83.13176331 1.15108450 240.75927132
v -83.13176332 1.08849050 240.83554194
v -83.14801716 1.08849050 240.83554194
v -83.13176331 1.15108450 240.75927132
v -83.13176331 1.16174843 240.76639676
v -83.13176332 1.09755943 240.84461090
v -83.13176332 1.08849050 240.83554194
v -83.14801716 0.94971454 240.80459212
v -83.11185586 0.94971454 240.80459212
v -83.11185585 1.00893767 240.75598896
v -83.14801716 1.00893767 240.75598896
v -83.14801716 1.00893767 240.75598896
v -83.11185585 1.00893767 240.75598896
v -83.11185585 1.05754020 240.69676689
v -83.14801716 1.05754020 240.69676689
v -83.11185585 0.99740631 240.74445756
v -83.11185585 1.00893767 240.75598896
v -83.11185586 0.94971454 240.80459212
v -83.11185586 0.94065440 240.79103265
v -83.11185585 1.04398073 240.68770673
v -83.11185585 1.05754020 240.69676689
v -83.11185585 1.00893767 240.75598896
v -83.11185585 0.99740631 240.74445756
v -83.14801716 0.99740631 240.74445756
v -83.11185585 0.99740631 240.74445756
v -83.11185586 0.94065440 240.79103265
v -83.14801716 0.94065440 240.79103265
v -83.14801716 1.04398073 240.68770673
v -83.11185585 1.04398073 240.68770673
v -83.11185585 0.99740631 240.74445756
v -83.14801716 0.99740631 240.74445756
v -83.14801716 0.94065440 240.79103265
v -83.11185586 0.94065440 240.79103265
v -83.11185586 0.87590756 240.82564072
v -83.14801717 0.87590756 240.82564072
v -83.11185586 0.94065440 240.79103265
v -83.11185586 0.94971454 240.80459212
v -83.11185586 0.88214832 240.84070719
v -83.11185586 0.87590756 240.82564072
v -83.14801717 0.87590756 240.82564072
v -83.11185586 0.87590756 240.82564072
v -83.11185587 0.80565342 240.84695202
v -83.14801717 0.80565342 240.84695201
v -83.11185586 0.87590756 240.82564072
v -83.11185586 0.88214832 240.84070719
v -83.11185587 0.80883490 240.86294651
v -83.11185587 0.80565342 240.84695202
v -83.14801717 0.80883490 240.86294651
v -83.11185587 0.80883490 240.86294651
v -83.11185586 0.88214832 240.84070719
v -83.14801717 0.88214832 240.84070719
v -83.14801717 0.88214832 240.84070719
v -83.11185586 0.88214832 240.84070719
v -83.11185586 0.94971454 240.80459212
v -83.14801716 0.94971454 240.80459212
v -83.14801717 0.92520213 240.94464803
v -83.13176333 0.92520213 240.94464804
v -83.13176334 0.83078341 240.97328959
v -83.14801718 0.83078341 240.97328959
v -83.14801718 0.83078341 240.97328959
v -83.13176334 0.83078341 240.97328959
v -83.13176334 0.73259082 240.98296061
v -83.14801718 0.73259082 240.98296061
v -83.13176334 0.83078341 240.97328959
v -83.13176334 0.83328552 240.98586858
v -83.13176334 0.73259082 240.99578605
v -83.13176334 0.73259082 240.98296061
v -83.13176333 0.92520213 240.94464804
v -83.13176333 0.93011021 240.95649716
v -83.13176334 0.83328552 240.98586858
v -83.13176334 0.83078341 240.97328959
v -83.14801718 0.73259082 240.99578605
v -83.13176334 0.73259082 240.99578605
v -83.13176334 0.83328552 240.98586858
v -83.14801718 0.83328552 240.98586858
v -83.14801718 0.83328552 240.98586858
v -83.13176334 0.83328552 240.98586858
v -83.13176333 0.93011021 240.95649716
v -83.14801717 0.93011021 240.95649716
v -83.14801719 0.63189612 240.98586858
v -83.13176335 0.63189612 240.98586858
v -83.13176334 0.73259082 240.99578605
v -83.14801718 0.73259082 240.99578605
v -83.13176334 0.73259082 240.98296061
v -83.13176334 0.73259082 240.99578605
v -83.13176335 0.63189612 240.98586858
v -83.13176335 0.63439823 240.97328959
v -83.14801719 0.53507134 240.95649710
v -83.13176335 0.53507134 240.95649710
v -83.13176335 0.63189612 240.98586858
v -83.14801719 0.63189612 240.98586858
v -83.13176335 0.63439823 240.97328959
v -83.13176335 0.63189612 240.98586858
v -83.13176335 0.53507134 240.95649710
v -83.13176335 0.53997942 240.94464800
v -83.14801719 0.63439823 240.97328959
v -83.13176335 0.63439823 240.97328959
v -83.13176335 0.53997942 240.94464800
v -83.14801719 0.53997942 240.94464800
v -83.14801718 0.73259082 240.98296061
v -83.13176334 0.73259082 240.98296061
v -83.13176335 0.63439823 240.97328959
v -83.14801719 0.63439823 240.97328959
v -83.14801719 0.53997942 240.94464800
v -83.13176335 0.53997942 240.94464800
v -83.13176335 0.45296250 240.89813636
v -83.14801719 0.45296250 240.89813636
v -83.13176335 0.53997942 240.94464800
v -83.13176335 0.53507134 240.95649710
v -83.13176335 0.44583709 240.90880029
v -83.13176335 0.45296250 240.89813636
v -83.14801719 0.45296250 240.89813636
v -83.13176335 0.45296250 240.89813636
v -83.13176335 0.37669130 240.83554216
v -83.14801719 0.37669131 240.83554216
v -83.13176335 0.45296250 240.89813636
v -83.13176335 0.44583709 240.90880029
v -83.13176335 0.36762237 240.84461109
v -83.13176335 0.37669130 240.83554216
v -83.14801719 0.36762237 240.84461109
v -83.13176335 0.36762237 240.84461109
v -83.13176335 0.44583709 240.90880029
v -83.14801719 0.44583709 240.90880029
v -83.14801719 0.44583709 240.90880029
v -83.13176335 0.44583709 240.90880029
v -83.13176335 0.53507134 240.95649710
v -83.14801719 0.53507134 240.95649710
v -83.14801718 0.45624420 240.75598921
v -83.11185588 0.45624419 240.75598921
v -83.11185588 0.51546689 240.80459209
v -83.14801718 0.51546690 240.80459209
v -83.14801718 0.51546690 240.80459209
v -83.11185588 0.51546689 240.80459209
v -83.11185588 0.58303318 240.84070710
v -83.14801718 0.58303319 240.84070710
v -83.11185588 0.52452705 240.79103262
v -83.11185588 0.51546689 240.80459209
v -83.11185588 0.45624419 240.75598921
v -83.11185588 0.46777556 240.74445783
v -83.11185587 0.58927394 240.82564065
v -83.11185588 0.58303318 240.84070710
v -83.11185588 0.51546689 240.80459209
v -83.11185588 0.52452705 240.79103262
v -83.14801718 0.52452705 240.79103262
v -83.11185588 0.52452705 240.79103262
v -83.11185588 0.46777556 240.74445783
v -83.14801718 0.46777556 240.74445783
v -83.14801718 0.58927394 240.82564065
v -83.11185587 0.58927394 240.82564065
v -83.11185588 0.52452705 240.79103262
v -83.14801718 0.52452705 240.79103262
v -83.14801718 0.65952824 240.84695201
v -83.11185587 0.65952824 240.84695202
v -83.11185587 0.58927394 240.82564065
v -83.14801718 0.58927394 240.82564065
v -83.11185587 0.65952824 240.84695202
v -83.11185587 0.65634674 240.86294651
v -83.11185588 0.58303318 240.84070710
v -83.11185587 0.58927394 240.82564065
v -83.14801718 0.73259082 240.85414802
v -83.11185587 0.73259082 240.85414802
v -83.11185587 0.65952824 240.84695202
v -83.14801718 0.65952824 240.84695201
v -83.11185587 0.73259082 240.85414802
v -83.11185587 0.73259082 240.87045583
v -83.11185587 0.65634674 240.86294651
v -83.11185587 0.65952824 240.84695202
v -83.14801718 0.58303319 240.84070710
v -83.11185588 0.58303318 240.84070710
v -83.11185587 0.65634674 240.86294651
v -83.14801718 0.65634674 240.86294651
v -83.14801718 0.65634674 240.86294651
v -83.11185587 0.65634674 240.86294651
v -83.11185587 0.73259082 240.87045583
v -83.14801718 0.73259082 240.87045583
v -83.14801718 0.73259082 240.87045583
v -83.11185587 0.73259082 240.87045583
v -83.11185587 0.80883490 240.86294651
v -83.14801717 0.80883490 240.86294651
v -83.11185587 0.80565342 240.84695202
v -83.11185587 0.80883490 240.86294651
v -83.11185587 0.73259082 240.87045583
v -83.11185587 0.73259082 240.85414802
v -83.14801717 0.80565342 240.84695201
v -83.11185587 0.80565342 240.84695202
v -83.11185587 0.73259082 240.85414802
v -83.14801718 0.73259082 240.85414802
v -83.14801716 1.09755943 240.84461090
v -83.13176332 1.09755943 240.84461090
v -83.13176331 1.16174843 240.76639676
v -83.14801715 1.16174844 240.76639676
v -83.14801715 1.16174844 240.76639676
v -83.16890505 1.16174844 240.76639676
v -83.16890506 1.09755943 240.84461090
v -83.14801716 1.09755943 240.84461090
v -83.14801715 1.20944506 240.67716260
v -83.16890504 1.20944506 240.67716260
v -83.16890505 1.16174844 240.76639676
v -83.14801715 1.16174844 240.76639676
v -83.14801716 1.11464629 240.86169782
v -83.16890506 1.11464629 240.86169782
v -83.16890505 1.18184049 240.77982188
v -83.14801715 1.18184049 240.77982188
v -83.14801715 1.18184049 240.77982188
v -83.16890505 1.18184049 240.77982188
v -83.16890504 1.23177014 240.68640995
v -83.14801715 1.23177014 240.68640995
v -83.14801715 1.23177014 240.68640995
v -83.16890504 1.23177014 240.68640995
v -83.16890504 1.26251673 240.58505177
v -83.14801714 1.26251673 240.58505177
v -83.14801714 1.26251673 240.58505177
v -83.16890504 1.26251673 240.58505177
v -83.16890503 1.27289858 240.47964288
v -83.14801714 1.27289858 240.47964288
v -83.14801714 1.23881651 240.58033751
v -83.16890504 1.23881651 240.58033750
v -83.16890504 1.20944506 240.67716260
v -83.14801715 1.20944506 240.67716260
v -83.14801714 1.24873404 240.47964288
v -83.16890503 1.24873404 240.47964288
v -83.16890504 1.23881651 240.58033750
v -83.14801714 1.23881651 240.58033751
v -83.14801713 1.23881651 240.37894826
v -83.16890503 1.23881651 240.37894825
v -83.16890503 1.24873404 240.47964288
v -83.14801714 1.24873404 240.47964288
v -83.14801713 1.20944499 240.28212307
v -83.16890503 1.20944499 240.28212307
v -83.16890503 1.23881651 240.37894825
v -83.14801713 1.23881651 240.37894826
v -83.14801713 1.23881651 240.37894826
v -83.13176329 1.23881651 240.37894826
v -83.13176329 1.20944499 240.28212307
v -83.14801713 1.20944499 240.28212307
v -83.14801713 1.16174834 240.19288898
v -83.16890502 1.16174834 240.19288898
v -83.16890503 1.20944499 240.28212307
v -83.14801713 1.20944499 240.28212307
v -83.14801714 1.27289858 240.47964288
v -83.16890503 1.27289858 240.47964288
v -83.16890503 1.26251673 240.37423401
v -83.14801713 1.26251673 240.37423401
v -83.14801713 1.26251673 240.37423401
v -83.16890503 1.26251673 240.37423401
v -83.16890502 1.23177011 240.27287572
v -83.14801713 1.23177011 240.27287572
v -83.14801713 1.23177011 240.27287572
v -83.16890502 1.23177011 240.27287572
v -83.16890502 1.18184039 240.17946386
v -83.14801713 1.18184039 240.17946386
v -83.14801713 1.18184039 240.17946386
v -83.16890502 1.18184039 240.17946386
v -83.16890502 1.11464622 240.09758782
v -83.14801713 1.11464622 240.09758782
v -83.14801713 1.09755934 240.11467473
v -83.16890502 1.09755934 240.11467473
v -83.16890502 1.16174834 240.19288898
v -83.14801713 1.16174834 240.19288898
v -83.14801713 1.01934455 240.05048548
v -83.16890502 1.01934456 240.05048548
v -83.16890502 1.09755934 240.11467473
v -83.14801713 1.09755934 240.11467473
v -83.14801713 0.93011017 240.00278860
v -83.16890503 0.93011018 240.00278860
v -83.16890502 1.01934456 240.05048548
v -83.14801713 1.01934455 240.05048548
v -83.14801713 1.11464622 240.09758782
v -83.16890502 1.11464622 240.09758782
v -83.16890502 1.03276968 240.03039342
v -83.14801713 1.03276967 240.03039343
v -83.14801713 1.03276967 240.03039343
v -83.16890502 1.03276968 240.03039342
v -83.16890502 0.93935753 239.98046351
v -83.14801713 0.93935753 239.98046352
v -83.14801713 0.93935753 239.98046352
v -83.16890502 0.93935753 239.98046351
v -83.16890503 0.83799970 239.94971692
v -83.14801713 0.83799970 239.94971693
v -83.14801713 0.83799970 239.94971693
v -83.16890503 0.83799970 239.94971692
v -83.16890503 0.73259078 239.93933508
v -83.14801714 0.73259078 239.93933508
v -83.14801713 0.83328545 239.97341715
v -83.16890503 0.83328544 239.97341715
v -83.16890503 0.93011018 240.00278860
v -83.14801713 0.93011017 240.00278860
v -83.14801714 0.73259078 239.96349965
v -83.16890503 0.73259078 239.96349965
v -83.16890503 0.83328544 239.97341715
v -83.14801713 0.83328545 239.97341715
v -83.14801713 0.93011017 240.00278860
v -83.13176329 0.93011017 240.00278860
v -83.13176329 0.83328545 239.97341715
v -83.14801713 0.83328545 239.97341715
v -83.14801713 0.83328545 239.97341715
v -83.13176329 0.83328545 239.97341715
v -83.13176330 0.73259078 239.96349965
v -83.14801714 0.73259078 239.96349965
v -83.13176329 0.83078333 239.98599611
v -83.13176329 0.83328545 239.97341715
v -83.13176329 0.93011017 240.00278860
v -83.13176329 0.92520210 240.01463773
v -83.13176330 0.73259078 239.97632506
v -83.13176330 0.73259078 239.96349965
v -83.13176329 0.83328545 239.97341715
v -83.13176329 0.83078333 239.98599611
v -83.14801713 0.83078333 239.98599611
v -83.13176329 0.83078333 239.98599611
v -83.13176329 0.92520210 240.01463773
v -83.14801713 0.92520210 240.01463773
v -83.14801714 0.73259078 239.97632506
v -83.13176330 0.73259078 239.97632506
v -83.13176329 0.83078333 239.98599611
v -83.14801713 0.83078333 239.98599611
v -83.14801714 0.63439831 239.98599611
v -83.13176330 0.63439831 239.98599611
v -83.13176330 0.73259078 239.97632506
v -83.14801714 0.73259078 239.97632506
v -83.14801715 0.53997958 240.01463773
v -83.13176331 0.53997958 240.01463773
v -83.13176330 0.63439831 239.98599611
v -83.14801714 0.63439831 239.98599611
v -83.13176330 0.63439831 239.98599611
v -83.13176330 0.63189620 239.97341715
v -83.13176330 0.73259078 239.96349965
v -83.13176330 0.73259078 239.97632506
v -83.13176331 0.53997958 240.01463773
v -83.13176331 0.53507150 240.00278860
v -83.13176330 0.63189620 239.97341715
v -83.13176330 0.63439831 239.98599611
v -83.14801714 0.73259078 239.96349965
v -83.13176330 0.73259078 239.96349965
v -83.13176330 0.63189620 239.97341715
v -83.14801714 0.63189620 239.97341715
v -83.14801714 0.63189620 239.97341715
v -83.13176330 0.63189620 239.97341715
v -83.13176331 0.53507150 240.00278860
v -83.14801715 0.53507150 240.00278860
v -83.14801715 0.53507150 240.00278860
v -83.13176331 0.53507150 240.00278860
v -83.13176331 0.44583719 240.05048548
v -83.14801715 0.44583719 240.05048548
v -83.13176331 0.45296262 240.06114941
v -83.13176331 0.44583719 240.05048548
v -83.13176331 0.53507150 240.00278860
v -83.13176331 0.53997958 240.01463773
v -83.14801715 0.53507150 240.00278860
v -83.16890504 0.53507150 240.00278860
v -83.16890504 0.63189620 239.97341715
v -83.14801714 0.63189620 239.97341715
v -83.14801715 0.44583719 240.05048548
v -83.16890505 0.44583719 240.05048548
v -83.16890504 0.53507150 240.00278860
v -83.14801715 0.53507150 240.00278860
v -83.14801714 0.62718194 239.94971693
v -83.16890504 0.62718194 239.94971692
v -83.16890504 0.52582414 239.98046351
v -83.14801715 0.52582414 239.98046352
v -83.14801715 0.52582414 239.98046352
v -83.16890504 0.52582414 239.98046351
v -83.16890505 0.43241213 240.03039342
v -83.14801715 0.43241213 240.03039343
v -83.14801715 0.43241213 240.03039343
v -83.16890505 0.43241213 240.03039342
v -83.16890506 0.35053549 240.09758785
v -83.14801716 0.35053549 240.09758785
v -83.14801716 0.35053549 240.09758785
v -83.16890506 0.35053549 240.09758785
v -83.16890506 0.28334132 240.17946386
v -83.14801717 0.28334132 240.17946386
v -83.14801716 0.36762237 240.11467477
v -83.16890506 0.36762237 240.11467476
v -83.16890505 0.44583719 240.05048548
v -83.14801715 0.44583719 240.05048548
v -83.14801717 0.30343337 240.19288898
v -83.16890506 0.30343337 240.19288898
v -83.16890506 0.36762237 240.11467476
v -83.14801716 0.36762237 240.11467477
v -83.14801715 0.44583719 240.05048548
v -83.13176331 0.44583719 240.05048548
v -83.13176332 0.36762237 240.11467477
v -83.14801716 0.36762237 240.11467477
v -83.14801716 0.36762237 240.11467477
v -83.13176332 0.36762237 240.11467477
v -83.13176333 0.30343337 240.19288898
v -83.14801717 0.30343337 240.19288898
v -83.13176332 0.37669127 240.12374373
v -83.13176332 0.36762237 240.11467477
v -83.13176331 0.44583719 240.05048548
v -83.13176331 0.45296262 240.06114941
v -83.13176333 0.31409730 240.20001442
v -83.13176333 0.30343337 240.19288898
v -83.13176332 0.36762237 240.11467477
v -83.13176332 0.37669127 240.12374373
v -83.14801716 0.37669127 240.12374373
v -83.13176332 0.37669127 240.12374373
v -83.13176331 0.45296262 240.06114941
v -83.14801715 0.45296263 240.06114941
v -83.14801717 0.31409730 240.20001441
v -83.13176333 0.31409730 240.20001442
v -83.13176332 0.37669127 240.12374373
v -83.14801716 0.37669127 240.12374373
v -83.14801717 0.26758591 240.28703113
v -83.13176333 0.26758591 240.28703113
v -83.13176333 0.31409730 240.20001442
v -83.14801717 0.31409730 240.20001441
v -83.14801718 0.23894416 240.38145037
v -83.13176334 0.23894416 240.38145037
v -83.13176333 0.26758591 240.28703113
v -83.14801717 0.26758591 240.28703113
v -83.13176333 0.26758591 240.28703113
v -83.13176333 0.25573681 240.28212307
v -83.13176333 0.30343337 240.19288898
v -83.13176333 0.31409730 240.20001442
v -83.13176334 0.23894416 240.38145037
v -83.13176334 0.22636520 240.37894826
v -83.13176333 0.25573681 240.28212307
v -83.13176333 0.26758591 240.28703113
v -83.14801717 0.30343337 240.19288898
v -83.13176333 0.30343337 240.19288898
v -83.13176333 0.25573681 240.28212307
v -83.14801717 0.25573681 240.28212307
v -83.14801717 0.25573681 240.28212307
v -83.13176333 0.25573681 240.28212307
v -83.13176334 0.22636520 240.37894826
v -83.14801718 0.22636520 240.37894826
v -83.14801717 0.25573681 240.28212307
v -83.16890507 0.25573681 240.28212307
v -83.16890506 0.30343337 240.19288898
v -83.14801717 0.30343337 240.19288898
v -83.14801718 0.22636520 240.37894826
v -83.16890507 0.22636520 240.37894825
v -83.16890507 0.25573681 240.28212307
v -83.14801717 0.25573681 240.28212307
v -83.14801717 0.28334132 240.17946386
v -83.16890506 0.28334132 240.17946386
v -83.16890507 0.23341169 240.27287572
v -83.14801717 0.23341169 240.27287572
v -83.14801717 0.23341169 240.27287572
v -83.16890507 0.23341169 240.27287572
v -83.16890507 0.20266498 240.37423401
v -83.14801718 0.20266498 240.37423401
v -83.14801717 0.23341169 240.27287572
v -83.14801718 0.05576466 240.19929201
v -83.14801717 0.12346331 240.07263662
v -83.14801717 0.28334132 240.17946386
v -83.14801718 0.20266498 240.37423401
v -83.14801718 0.01407596 240.33672137
v -83.14801718 0.05576466 240.19929201
v -83.14801717 0.23341169 240.27287572
v -83.14801717 0.12346331 240.07263662
v -83.14801718 0.05576466 240.19929201
v -82.68208318 0.05576470 240.19929209
v -82.68208317 0.12346336 240.07263667
v -83.14801718 0.05576466 240.19929201
v -83.14801718 0.01407596 240.33672137
v -82.68208319 0.01407600 240.33672143
v -82.68208318 0.05576470 240.19929209
v -83.14801718 0.01407596 240.33672137
v -83.14801719 -0.00000052 240.47964285
v -82.68208337 -0.00000048 240.47964291
v -82.68208319 0.01407600 240.33672143
v -83.14801719 -0.00000052 240.47964285
v -83.14801720 0.01407596 240.62256434
v -82.68208337 0.01407600 240.62256440
v -82.68208337 -0.00000048 240.47964291
v -83.14801718 0.19228320 240.47964285
v -83.14801719 -0.00000052 240.47964285
v -83.14801718 0.01407596 240.33672137
v -83.14801718 0.20266498 240.37423401
v -83.14801719 0.20266501 240.58505169
v -83.14801720 0.01407596 240.62256434
v -83.14801719 -0.00000052 240.47964285
v -83.14801718 0.19228320 240.47964285
v -83.14801718 0.20266498 240.37423401
v -83.16890507 0.20266498 240.37423401
v -83.16890508 0.19228320 240.47964285
v -83.14801718 0.19228320 240.47964285
v -83.14801718 0.19228320 240.47964285
v -83.16890508 0.19228320 240.47964285
v -83.16890508 0.20266501 240.58505169
v -83.14801719 0.20266501 240.58505169
v -83.14801718 0.21644773 240.47964284
v -83.16890508 0.21644773 240.47964284
v -83.16890507 0.22636520 240.37894825
v -83.14801718 0.22636520 240.37894826
v -83.14801719 0.22636523 240.58033743
v -83.16890508 0.22636523 240.58033743
v -83.16890508 0.21644773 240.47964284
v -83.14801718 0.21644773 240.47964284
v -83.14801719 0.25573675 240.67716258
v -83.16890509 0.25573675 240.67716258
v -83.16890508 0.22636523 240.58033743
v -83.14801719 0.22636523 240.58033743
v -83.14801718 0.21644773 240.47964284
v -83.13176334 0.21644773 240.47964285
v -83.13176335 0.22636523 240.58033743
v -83.14801719 0.22636523 240.58033743
v -83.14801719 0.22636523 240.58033743
v -83.13176335 0.22636523 240.58033743
v -83.13176335 0.25573675 240.67716258
v -83.14801719 0.25573675 240.67716258
v -83.13176335 0.23894423 240.57783533
v -83.13176335 0.22636523 240.58033743
v -83.13176334 0.21644773 240.47964285
v -83.13176334 0.22927314 240.47964284
v -83.13176335 0.26758588 240.67225451
v -83.13176335 0.25573675 240.67716258
v -83.14801719 0.23894423 240.57783533
v -83.13176335 0.23894423 240.57783533
v -83.13176334 0.22927314 240.47964284
v -83.14801718 0.22927315 240.47964284
v -83.14801719 0.26758588 240.67225451
v -83.13176335 0.26758588 240.67225451
v -83.13176335 0.23894423 240.57783533
v -83.14801719 0.23894423 240.57783533
v -83.14801718 0.22927315 240.47964284
v -83.13176334 0.22927314 240.47964284
v -83.13176334 0.23894416 240.38145037
v -83.14801718 0.23894416 240.38145037
v -83.13176334 0.22636520 240.37894826
v -83.13176334 0.23894416 240.38145037
v -83.14801718 0.22636520 240.37894826
v -83.13176334 0.22636520 240.37894826
v -83.13176334 0.21644773 240.47964285
v -83.14801718 0.21644773 240.47964284
v -83.14801719 0.20266501 240.58505169
v -83.16890508 0.20266501 240.58505169
v -83.16890509 0.23341166 240.68640993
v -83.14801719 0.23341166 240.68640994
v -83.14801720 0.01407596 240.62256434
v -83.14801719 0.20266501 240.58505169
v -83.14801720 0.01407596 240.62256434
v -83.14801720 0.05576466 240.75999373
v -82.68208338 0.05576470 240.75999378
v -82.68208337 0.01407600 240.62256440
v -83.14801716 0.21457052 239.96162263
v -83.14801717 0.12346331 240.07263662
v -82.68208317 0.12346336 240.07263667
v -82.68208316 0.21457053 239.96162268
v -83.14801715 0.32558489 239.87051545
v -83.14801716 0.21457052 239.96162263
v -82.68208316 0.21457053 239.96162268
v -82.68208315 0.32558493 239.87051547
v -83.14801716 0.35053549 240.09758785
v -83.14801716 0.21457052 239.96162263
v -83.14801715 0.32558489 239.87051545
v -83.14801715 0.43241213 240.03039343
v -83.14801717 0.28334132 240.17946386
v -83.14801717 0.12346331 240.07263662
v -83.14801716 0.21457052 239.96162263
v -83.14801716 0.35053549 240.09758785
v -83.14801715 0.43241213 240.03039343
v -83.14801715 0.32558489 239.87051545
v -83.14801714 0.45224025 239.80281654
v -83.14801715 0.52582414 239.98046352
v -83.14801714 0.45224025 239.80281654
v -83.14801715 0.32558489 239.87051545
v -82.68208315 0.32558493 239.87051547
v -82.68208314 0.45224029 239.80281656
v -83.14801715 0.52582414 239.98046352
v -83.14801714 0.45224025 239.80281654
v -83.14801713 0.58966929 239.76112784
v -83.14801714 0.62718194 239.94971693
v -83.14801713 0.58966929 239.76112784
v -83.14801714 0.45224025 239.80281654
v -82.68208314 0.45224029 239.80281656
v -82.68208313 0.58966932 239.76112793
v -83.14801713 0.73259078 239.74705142
v -83.14801713 0.58966929 239.76112784
v -82.68208313 0.58966932 239.76112793
v -82.68208330 0.73259080 239.74705151
v -83.14801712 0.87551232 239.76112784
v -83.14801713 0.73259078 239.74705142
v -82.68208330 0.73259080 239.74705151
v -82.68208330 0.87551235 239.76112793
v -83.14801714 0.73259078 239.93933508
v -83.14801713 0.73259078 239.74705142
v -83.14801712 0.87551232 239.76112784
v -83.14801713 0.83799970 239.94971693
v -83.14801714 0.62718194 239.94971693
v -83.14801713 0.58966929 239.76112784
v -83.14801713 0.73259078 239.74705142
v -83.14801714 0.73259078 239.93933508
v -83.14801714 0.73259078 239.93933508
v -83.16890503 0.73259078 239.93933508
v -83.16890504 0.62718194 239.94971692
v -83.14801714 0.62718194 239.94971693
v -83.14801713 0.83799970 239.94971693
v -83.14801712 0.87551232 239.76112784
v -83.14801712 1.01294143 239.80281654
v -83.14801713 0.93935753 239.98046352
v -83.14801712 1.01294143 239.80281654
v -83.14801712 0.87551232 239.76112784
v -82.68208330 0.87551235 239.76112793
v -82.68208329 1.01294147 239.80281656
v -83.14801713 0.93935753 239.98046352
v -83.14801712 1.01294143 239.80281654
v -83.14801712 1.13959688 239.87051545
v -83.14801713 1.03276967 240.03039343
v -83.14801712 1.13959688 239.87051545
v -83.14801712 1.01294143 239.80281654
v -82.68208329 1.01294147 239.80281656
v -82.68208329 1.13959689 239.87051547
v -83.14801711 1.25061125 239.96162263
v -83.14801712 1.13959688 239.87051545
v -82.68208329 1.13959689 239.87051547
v -82.68208329 1.25061126 239.96162268
v -83.14801712 1.34171846 240.07263662
v -83.14801711 1.25061125 239.96162263
v -82.68208329 1.25061126 239.96162268
v -82.68208329 1.34171844 240.07263667
v -83.14801713 1.11464622 240.09758782
v -83.14801711 1.25061125 239.96162263
v -83.14801712 1.34171846 240.07263662
v -83.14801713 1.18184039 240.17946386
v -83.14801713 1.03276967 240.03039343
v -83.14801712 1.13959688 239.87051545
v -83.14801711 1.25061125 239.96162263
v -83.14801713 1.11464622 240.09758782
v -83.14801713 1.18184039 240.17946386
v -83.14801712 1.34171846 240.07263662
v -83.14801712 1.40941711 240.19929201
v -83.14801713 1.23177011 240.27287572
v -83.14801712 1.40941711 240.19929201
v -83.14801712 1.34171846 240.07263662
v -82.68208329 1.34171844 240.07263667
v -82.68208329 1.40941709 240.19929209
v -83.14801712 1.45110581 240.33672137
v -83.14801713 1.26251673 240.37423401
v -83.14801712 1.45110581 240.33672137
v -83.14801712 1.40941711 240.19929201
v -82.68208329 1.40941709 240.19929209
v -82.68208330 1.45110579 240.33672143
v -83.14801713 1.46518230 240.47964285
v -83.14801712 1.45110581 240.33672137
v -82.68208330 1.45110579 240.33672143
v -82.68208330 1.46518234 240.47964291
v -83.14801713 1.45110581 240.62256434
v -83.14801713 1.46518230 240.47964285
v -82.68208330 1.46518234 240.47964291
v -82.68208348 1.45110586 240.62256440
v -83.14801713 1.26251673 240.37423401
v -83.14801712 1.45110581 240.33672137
v -83.14801713 1.46518230 240.47964285
v -83.14801714 1.27289858 240.47964288
v -83.14801714 1.27289858 240.47964288
v -83.14801713 1.46518230 240.47964285
v -83.14801713 1.45110581 240.62256434
v -83.14801714 1.26251673 240.58505177
v -83.14801714 1.26251673 240.58505177
v -83.14801713 1.45110581 240.62256434
v -83.14801714 1.40941718 240.75999373
v -83.14801715 1.23177014 240.68640995
v -83.14801714 1.40941718 240.75999373
v -83.14801713 1.45110581 240.62256434
v -82.68208348 1.45110586 240.62256440
v -82.68208349 1.40941722 240.75999378
v -83.14801715 1.23177014 240.68640995
v -83.14801714 1.40941718 240.75999373
v -83.14801715 1.34171846 240.88664915
v -83.14801715 1.18184049 240.77982188
v -83.14801715 1.34171846 240.88664915
v -83.14801714 1.40941718 240.75999373
v -82.68208349 1.40941722 240.75999378
v -82.68208350 1.34171844 240.88664923
v -83.14801716 1.25061125 240.99766310
v -83.14801715 1.34171846 240.88664915
v -82.68208350 1.34171844 240.88664923
v -82.68208351 1.25061126 240.99766316
v -83.14801717 1.13959672 241.08877028
v -83.14801716 1.25061125 240.99766310
v -82.68208351 1.25061126 240.99766316
v -82.68208352 1.13959677 241.08877037
v -83.14801716 1.11464629 240.86169782
v -83.14801716 1.25061125 240.99766310
v -83.14801717 1.13959672 241.08877028
v -83.14801717 1.03276948 240.92889234
v -83.14801715 1.18184049 240.77982188
v -83.14801715 1.34171846 240.88664915
v -83.14801716 1.25061125 240.99766310
v -83.14801716 1.11464629 240.86169782
v -83.14801717 1.03276948 240.92889234
v -83.16890506 1.03276948 240.92889234
v -83.16890506 1.11464629 240.86169782
v -83.14801716 1.11464629 240.86169782
v -83.14801717 0.93935759 240.97882225
v -83.16890507 0.93935759 240.97882225
v -83.16890506 1.03276948 240.92889234
v -83.14801717 1.03276948 240.92889234
v -83.14801717 1.03276948 240.92889234
v -83.14801717 1.13959672 241.08877028
v -83.14801718 1.01294156 241.15646919
v -83.14801717 0.93935759 240.97882225
v -83.14801718 1.01294156 241.15646919
v -83.14801717 1.13959672 241.08877028
v -82.68208352 1.13959677 241.08877037
v -82.68208353 1.01294157 241.15646927
v -83.14801715 0.45296263 240.06114941
v -83.13176331 0.45296262 240.06114941
v -83.13176331 0.53997958 240.01463773
v -83.14801715 0.53997958 240.01463773
v -83.14801714 0.63189620 239.97341715
v -83.16890504 0.63189620 239.97341715
v -83.16890503 0.73259078 239.96349965
v -83.14801714 0.73259078 239.96349965
v -83.14801714 1.10709591 240.47964289
v -83.11185584 1.10709591 240.47964289
v -83.11185584 1.09989997 240.55270542
v -83.14801715 1.09989997 240.55270542
v -83.14801715 1.11589444 240.55588691
v -83.11185584 1.11589444 240.55588691
v -83.11185584 1.12340375 240.47964289
v -83.14801714 1.12340375 240.47964288
v -82.68208330 1.45110579 240.33672143
v -82.68208329 1.40941709 240.19929209
v -82.68208329 1.34171844 240.07263667
v -82.68208329 1.25061126 239.96162268
v -82.68208329 1.13959689 239.87051547
v -82.68208329 1.01294147 239.80281656
v -82.68208330 0.87551235 239.76112793
v -82.68208330 0.73259080 239.74705151
v -82.68208313 0.58966932 239.76112793
v -82.68208314 0.45224029 239.80281656
v -82.68208315 0.32558493 239.87051547
v -82.68208316 0.21457053 239.96162268
v -82.68208317 0.12346336 240.07263667
v -82.68208318 0.05576470 240.19929209
v -82.68208319 0.01407600 240.33672143
v -82.68208337 -0.00000048 240.47964291
v -82.68208337 0.01407600 240.62256440
v -82.68208338 0.05576470 240.75999378
v -82.68208338 0.12346342 240.88664923
v -82.68208338 0.21457050 240.99766316
v -82.68208338 0.32558474 241.08877037
v -82.68208338 0.45224016 241.15646927
v -82.68208337 0.58966927 241.19815791
v -82.68208337 0.73259084 241.21223439
v -82.68208353 0.87551238 241.19815791
v -82.68208353 1.01294157 241.15646927
v -82.68208352 1.13959677 241.08877037
v -82.68208351 1.25061126 240.99766316
v -82.68208350 1.34171844 240.88664923
v -82.68208349 1.40941722 240.75999378
v -82.68208348 1.45110586 240.62256440
v -82.68208330 1.46518234 240.47964291
vt 0.00000000 1.00000000
vt 0.00000000 1.00000000
vt 0.00000000 1.00000000
vt 0.00000000 1.00000000
vt 0.00000000 1.00000000
vt 0.00000000 1.00000000
vt 0.00000000 1.00000000
vt 0.00000000 1.00000000
vt 0.00000000 1.00000000
vt 0.00000000 1.00000000
vt 0.00000000 1.00000000
vt 0.00000000 1.00000000
vt 0.00000000 1.00000000
vt 0.00000000 1.00000000
vt 0.00000000 1.00000000
vt 0.00000000 1.00000000
vt 0.00000000 1.00000000
vt 0.00000000 1.00000000
vt 0.00000000 1.00000000
vt 0.00000000 1.00000000
vt 0.00000000 1.00000000
vt 0.00000000 1.00000000
vt 0.00000000 1.00000000
vt 0.00000000 1.00000000
vt 0.00000000 1.00000000
vt 0.00000000 1.00000000
vt 0.00000000 1.00000000
vt 0.00000000 1.00000000
vt 0.00000000 1.00000000
vt 0.00000000 1.00000000
vt 0.00000000 1.00000000
vt 0.00000000 1.00000000
vt 0.00000000 1.00000000
vt 0.00000000 1.00000000
vt 0.00000000 1.00000000
vt 0.00000000 1.00000000
vt 0.00000000 1.00000000
vt 0.00000000 1.00000000
vt 0.00000000 1.00000000
vt 0.00000000 1.00000000
vt 0.00000000 1.00000000
vt 0.00000000 1.00000000
vt 0.00000000 1.00000000
vt 0.00000000 1.00000000
vt 0.00000000 1.00000000
vt 0.00000000 1.00000000
vt 0.00000000 1.00000000
vt 0.00000000 1.00000000
vt 0.00000000 1.00000000
vt 0.00000000 1.00000000
vt 0.00000000 1.00000000
vt 0.00000000 1.00000000
vt 0.00000000 1.00000000
vt 0.00000000 1.00000000
vt 0.00000000 1.00000000
vt 0.00000000 1.00000000
vt 0.00000000 1.00000000
vt 0.00000000 1.00000000
vt 0.00000000 1.00000000
vt 0.00000000 1.00000000
vt 0.00000000 1.00000000
vt 0.00000000 1.00000000
vt 0.00000000 1.00000000
vt 0.00000000 1.00000000
vt 0.00000000 1.00000000
vt 0.00000000 1.00000000
vt 0.00000000 1.00000000
vt 0.00000000 1.00000000
vt 0.00000000 1.00000000
vt 0.00000000 1.00000000
vt 0.00000000 1.00000000
vt 0.00000000 1.00000000
vt 0.00000000 1.00000000
vt 0.00000000 1.00000000
vt 0.00000000 1.00000000
vt 0.00000000 1.00000000
vt 0.00000000 1.00000000
vt 0.00000000 1.00000000
vt 0.00000000 1.00000000
vt 0.00000000 1.00000000
vt 0.00000000 1.00000000
vt 0.00000000 1.00000000
vt 0.00000000 1.00000000
vt 0.00000000 1.00000000
vt 0.00000000 1.00000000
vt 0.00000000 1.00000000
vt 0.00000000 1.00000000
vt 0.00000000 1.00000000
vt 0.00000000 1.00000000
vt 0.00000000 1.00000000
vt 0.00000000 1.00000000
vt 0.00000000 1.00000000
vt 0.00000000 1.00000000
vt 0.00000000 1.00000000
vt 0.00000000 1.00000000
vt 0.00000000 1.00000000
vt 0.00000000 1.00000000
vt 0.00000000 1.00000000
vt 0.00000000 1.00000000
vt 0.00000000 1.00000000
vt 0.00000000 1.00000000
vt 0.00000000 1.00000000
vt 0.00000000 1.00000000
vt 0.00000000 1.00000000
vt 0.00000000 1.00000000
vt 0.00000000 1.00000000
vt 0.00000000 1.00000000
vt 0.00000000 1.00000000
vt 0.00000000 1.00000000
vt 0.00000000 1.00000000
vt 0.00000000 1.00000000
vt 0.00000000 1.00000000
vt 0.00000000 1.00000000
vt 0.00000000 1.00000000
vt 0.00000000 1.00000000
vt 0.00000000 1.00000000
vt 0.00000000 1.00000000
vt 0.00000000 1.00000000
vt 0.00000000 1.00000000
vt 0.00000000 1.00000000
vt 0.00000000 1.00000000
vt 0.00000000 1.00000000
vt 0.00000000 1.00000000
vt 0.00000000 1.00000000
vt 0.00000000 1.00000000
vt 0.00000000 1.00000000
vt 0.00000000 1.00000000
vt 0.00000000 1.00000000
vt 0.00000000 1.00000000
vt 0.00000000 1.00000000
vt 0.00000000 1.00000000
vt 0.00000000 1.00000000
vt 0.00000000 1.00000000
vt 0.00000000 1.00000000
vt 0.00000000 1.00000000
vt 0.00000000 1.00000000
vt 0.00000000 1.00000000
vt 0.00000000 1.00000000
vt 0.00000000 1.00000000
vt 0.00000000 1.00000000
vt 0.00000000 1.00000000
vt 0.00000000 1.00000000
vt 0.00000000 1.00000000
vt 0.00000000 1.00000000
vt 0.00000000 1.00000000
vt 0.00000000 1.00000000
vt 0.00000000 1.00000000
vt 0.00000000 1.00000000
vt 0.00000000 1.00000000
vt 0.00000000 1.00000000
vt 0.00000000 1.00000000
vt 0.00000000 1.00000000
vt 0.00000000 1.00000000
vt 0.00000000 1.00000000
vt 0.00000000 1.00000000
vt 0.00000000 1.00000000
vt 0.00000000 1.00000000
vt 0.00000000 1.00000000
vt 0.00000000 1.00000000
vt 0.00000000 1.00000000
vt 0.00000000 1.00000000
vt 0.00000000 1.00000000
vt 0.00000000 1.00000000
vt 0.00000000 1.00000000
vt 0.00000000 1.00000000
vt 0.00000000 1.00000000
vt 0.00000000 1.00000000
vt 0.00000000 1.00000000
vt 0.00000000 1.00000000
vt 0.00000000 1.00000000
vt 0.00000000 1.00000000
vt 0.00000000 1.00000000
vt 0.00000000 1.00000000
vt 0.00000000 1.00000000
vt 0.00000000 1.00000000
vt 0.00000000 1.00000000
vt 0.00000000 1.00000000
vt 0.00000000 1.00000000
vt 0.00000000 1.00000000
vt 0.00000000 1.00000000
vt 0.00000000 1.00000000
vt 0.00000000 1.00000000
vt 0.00000000 1.00000000
vt 0.00000000 1.00000000
vt 0.00000000 1.00000000
vt 0.00000000 1.00000000
vt 0.00000000 1.00000000
vt 0.00000000 1.00000000
vt 0.00000000 1.00000000
vt 0.00000000 1.00000000
vt 0.00000000 1.00000000
vt 0.00000000 1.00000000
vt 0.00000000 1.00000000
vt 0.00000000 1.00000000
vt 0.00000000 1.00000000
vt 0.00000000 1.00000000
vt 0.00000000 1.00000000
vt 0.00000000 1.00000000
vt 0.00000000 1.00000000
vt 0.00000000 1.00000000
vt 0.00000000 1.00000000
vt 0.00000000 1.00000000
vt 0.00000000 1.00000000
vt 0.00000000 1.00000000
vt 0.00000000 1.00000000
vt 0.00000000 1.00000000
vt 0.00000000 1.00000000
vt 0.00000000 1.00000000
vt 0.00000000 1.00000000
vt 0.00000000 1.00000000
vt 0.00000000 1.00000000
vt 0.00000000 1.00000000
vt 0.00000000 1.00000000
vt 0.00000000 1.00000000
vt 0.00000000 1.00000000
vt 0.00000000 1.00000000
vt 0.00000000 1.00000000
vt 0.00000000 1.00000000
vt 0.00000000 1.00000000
vt 0.00000000 1.00000000
vt 0.00000000 1.00000000
vt 0.00000000 1.00000000
vt 0.00000000 1.00000000
vt 0.00000000 1.00000000
vt 0.00000000 1.00000000
vt 0.00000000 1.00000000
vt 0.00000000 1.00000000
vt 0.00000000 1.00000000
vt 0.00000000 1.00000000
vt 0.00000000 1.00000000
vt 0.00000000 1.00000000
vt 0.00000000 1.00000000
vt 0.00000000 1.00000000
vt 0.00000000 1.00000000
vt 0.00000000 1.00000000
vt 0.00000000 1.00000000
vt 0.00000000 1.00000000
vt 0.00000000 1.00000000
vt 0.00000000 1.00000000
vt 0.00000000 1.00000000
vt 0.00000000 1.00000000
vt 0.00000000 1.00000000
vt 0.00000000 1.00000000
vt 0.00000000 1.00000000
vt 0.00000000 1.00000000
vt 0.00000000 1.00000000
vt 0.00000000 1.00000000
vt 0.00000000 1.00000000
vt 0.00000000 1.00000000
vt 0.00000000 1.00000000
vt 0.00000000 1.00000000
vt 0.00000000 1.00000000
vt 0.00000000 1.00000000
vt 0.00000000 1.00000000
vt 0.00000000 1.00000000
vt 0.00000000 1.00000000
vt 0.00000000 1.00000000
vt 0.00000000 1.00000000
vt 0.00000000 1.00000000
vt 0.00000000 1.00000000
vt 0.00000000 1.00000000
vt 0.00000000 1.00000000
vt 0.00000000 1.00000000
vt 0.00000000 1.00000000
vt 0.00000000 1.00000000
vt 0.00000000 1.00000000
vt 0.00000000 1.00000000
vt 0.00000000 1.00000000
vt 0.00000000 1.00000000
vt 0.00000000 1.00000000
vt 0.00000000 1.00000000
vt 0.00000000 1.00000000
vt 0.00000000 1.00000000
vt 0.00000000 1.00000000
vt 0.00000000 1.00000000
vt 0.00000000 1.00000000
vt 0.00000000 1.00000000
vt 0.00000000 1.00000000
vt 0.00000000 1.00000000
vt 0.00000000 1.00000000
vt 0.00000000 1.00000000
vt 0.00000000 1.00000000
vt 0.00000000 1.00000000
vt 0.00000000 1.00000000
vt 0.00000000 1.00000000
vt 0.00000000 1.00000000
vt 0.00000000 1.00000000
vt 0.00000000 1.00000000
vt 0.00000000 1.00000000
vt 0.00000000 1.00000000
vt 0.00000000 1.00000000
vt 0.00000000 1.00000000
vt 0.00000000 1.00000000
vt 0.00000000 1.00000000
vt 0.00000000 1.00000000
vt 0.00000000 1.00000000
vt 0.00000000 1.00000000
vt 0.00000000 1.00000000
vt 0.00000000 1.00000000
vt 0.00000000 1.00000000
vt 0.00000000 1.00000000
vt 0.00000000 1.00000000
vt 0.00000000 1.00000000
vt 0.00000000 1.00000000
vt 0.00000000 1.00000000
vt 0.00000000 1.00000000
vt 0.00000000 1.00000000
vt 0.00000000 1.00000000
vt 0.00000000 1.00000000
vt 0.00000000 1.00000000
vt 0.00000000 1.00000000
vt 0.00000000 1.00000000
vt 0.00000000 1.00000000
vt 0.00000000 1.00000000
vt 0.00000000 1.00000000
vt 0.00000000 1.00000000
vt 0.00000000 1.00000000
vt 0.00000000 1.00000000
vt 0.00000000 1.00000000
vt 0.00000000 1.00000000
vt 0.00000000 1.00000000
vt 0.00000000 1.00000000
vt 0.00000000 1.00000000
vt 0.00000000 1.00000000
vt 0.00000000 1.00000000
vt 0.00000000 1.00000000
vt 0.00000000 1.00000000
vt 0.00000000 1.00000000
vt 0.00000000 1.00000000
vt 0.00000000 1.00000000
vt 0.00000000 1.00000000
vt 0.00000000 1.00000000
vt 0.00000000 1.00000000
vt 0.00000000 1.00000000
vt 0.00000000 1.00000000
vt 0.00000000 1.00000000
vt 0.00000000 1.00000000
vt 0.00000000 1.00000000
vt 0.00000000 1.00000000
vt 0.00000000 1.00000000
vt 0.00000000 1.00000000
vt 0.00000000 1.00000000
vt 0.00000000 1.00000000
vt 0.00000000 1.00000000
vt 0.00000000 1.00000000
vt 0.00000000 1.00000000
vt 0.00000000 1.00000000
vt 0.00000000 1.00000000
vt 0.00000000 1.00000000
vt 0.00000000 1.00000000
vt 0.00000000 1.00000000
vt 0.00000000 1.00000000
vt 0.00000000 1.00000000
vt 0.00000000 1.00000000
vt 0.00000000 1.00000000
vt 0.00000000 1.00000000
vt 0.00000000 1.00000000
vt 0.00000000 1.00000000
vt 0.00000000 1.00000000
vt 0.00000000 1.00000000
vt 0.00000000 1.00000000
vt 0.00000000 1.00000000
vt 0.00000000 1.00000000
vt 0.00000000 1.00000000
vt 0.00000000 1.00000000
vt 0.00000000 1.00000000
vt 0.00000000 1.00000000
vt 0.00000000 1.00000000
vt 0.00000000 1.00000000
vt 0.00000000 1.00000000
vt 0.00000000 1.00000000
vt 0.00000000 1.00000000
vt 0.00000000 1.00000000
vt 0.00000000 1.00000000
vt 0.00000000 1.00000000
vt 0.00000000 1.00000000
vt 0.00000000 1.00000000
vt 0.00000000 1.00000000
vt 0.00000000 1.00000000
vt 0.00000000 1.00000000
vt 0.00000000 1.00000000
vt 0.00000000 1.00000000
vt 0.00000000 1.00000000
vt 0.00000000 1.00000000
vt 0.00000000 1.00000000
vt 0.00000000 1.00000000
vt 0.00000000 1.00000000
vt 0.00000000 1.00000000
vt 0.00000000 1.00000000
vt 0.00000000 1.00000000
vt 0.00000000 1.00000000
vt 0.00000000 1.00000000
vt 0.00000000 1.00000000
vt 0.00000000 1.00000000
vt 0.00000000 1.00000000
vt 0.00000000 1.00000000
vt 0.00000000 1.00000000
vt 0.00000000 1.00000000
vt 0.00000000 1.00000000
vt 0.00000000 1.00000000
vt 0.00000000 1.00000000
vt 0.00000000 1.00000000
vt 0.00000000 1.00000000
vt 0.00000000 1.00000000
vt 0.00000000 1.00000000
vt 0.00000000 1.00000000
vt 0.00000000 1.00000000
vt 0.00000000 1.00000000
vt 0.00000000 1.00000000
vt 0.00000000 1.00000000
vt 0.00000000 1.00000000
vt 0.00000000 1.00000000
vt 0.00000000 1.00000000
vt 0.00000000 1.00000000
vt 0.00000000 1.00000000
vt 0.00000000 1.00000000
vt 0.00000000 1.00000000
vt 0.00000000 1.00000000
vt 0.00000000 1.00000000
vt 0.00000000 1.00000000
vt 0.00000000 1.00000000
vt 0.00000000 1.00000000
vt 0.00000000 1.00000000
vt 0.00000000 1.00000000
vt 0.00000000 1.00000000
vt 0.00000000 1.00000000
vt 0.00000000 1.00000000
vt 0.00000000 1.00000000
vt 0.00000000 1.00000000
vt 0.00000000 1.00000000
vt 0.00000000 1.00000000
vt 0.00000000 1.00000000
vt 0.00000000 1.00000000
vt 0.00000000 1.00000000
vt 0.00000000 1.00000000
vt 0.00000000 1.00000000
vt 0.00000000 1.00000000
vt 0.00000000 1.00000000
vt 0.00000000 1.00000000
vt 0.00000000 1.00000000
vt 0.00000000 1.00000000
vt 0.00000000 1.00000000
vt 0.00000000 1.00000000
vt 0.00000000 1.00000000
vt 0.00000000 1.00000000
vt 0.00000000 1.00000000
vt 0.00000000 1.00000000
vt 0.00000000 1.00000000
vt 0.00000000 1.00000000
vt 0.00000000 1.00000000
vt 0.00000000 1.00000000
vt 0.00000000 1.00000000
vt 0.00000000 1.00000000
vt 0.00000000 1.00000000
vt 0.00000000 1.00000000
vt 0.00000000 1.00000000
vt 0.00000000 1.00000000
vt 0.00000000 1.00000000
vt 0.00000000 1.00000000
vt 0.00000000 1.00000000
vt 0.00000000 1.00000000
vt 0.00000000 1.00000000
vt 0.00000000 1.00000000
vt 0.00000000 1.00000000
vt 0.00000000 1.00000000
vt 0.00000000 1.00000000
vt 0.00000000 1.00000000
vt 0.00000000 1.00000000
vt 0.00000000 1.00000000
vt 0.00000000 1.00000000
vt 0.00000000 1.00000000
vt 0.00000000 1.00000000
vt 0.00000000 1.00000000
vt 0.00000000 1.00000000
vt 0.00000000 1.00000000
vt 0.00000000 1.00000000
vt 0.00000000 1.00000000
vt 0.00000000 1.00000000
vt 0.00000000 1.00000000
vt 0.00000000 1.00000000
vt 0.00000000 1.00000000
vt 0.00000000 1.00000000
vt 0.00000000 1.00000000
vt 0.00000000 1.00000000
vt 0.00000000 1.00000000
vt 0.00000000 1.00000000
vt 0.00000000 1.00000000
vt 0.00000000 1.00000000
vt 0.00000000 1.00000000
vt 0.00000000 1.00000000
vt 0.00000000 1.00000000
vt 0.00000000 1.00000000
vt 0.00000000 1.00000000
vt 0.00000000 1.00000000
vt 0.00000000 1.00000000
vt 0.00000000 1.00000000
vt 0.00000000 1.00000000
vt 0.00000000 1.00000000
vt 0.00000000 1.00000000
vt 0.00000000 1.00000000
vt 0.00000000 1.00000000
vt 0.00000000 1.00000000
vt 0.00000000 1.00000000
vt 0.00000000 1.00000000
vt 0.00000000 1.00000000
vt 0.00000000 1.00000000
vt 0.00000000 1.00000000
vt 0.00000000 1.00000000
vt 0.00000000 1.00000000
vt 0.00000000 1.00000000
vt 0.00000000 1.00000000
vt 0.00000000 1.00000000
vt 0.00000000 1.00000000
vt 0.00000000 1.00000000
vt 0.00000000 1.00000000
vt 0.00000000 1.00000000
vt 0.00000000 1.00000000
vt 0.00000000 1.00000000
vt 0.00000000 1.00000000
vt 0.00000000 1.00000000
vt 0.00000000 1.00000000
vt 0.00000000 1.00000000
vt 0.00000000 1.00000000
vt 0.00000000 1.00000000
vt 0.00000000 1.00000000
vt 0.00000000 1.00000000
vt 0.00000000 1.00000000
vt 0.00000000 1.00000000
vt 0.00000000 1.00000000
vt 0.00000000 1.00000000
vt 0.00000000 1.00000000
vt 0.00000000 1.00000000
vt 0.00000000 1.00000000
vt 0.00000000 1.00000000
vt 0.00000000 1.00000000
vt 0.00000000 1.00000000
vt 0.00000000 1.00000000
vt 0.00000000 1.00000000
vt 0.00000000 1.00000000
vt 0.00000000 1.00000000
vt 0.00000000 1.00000000
vt 0.00000000 1.00000000
vt 0.00000000 1.00000000
vt 0.00000000 1.00000000
vt 0.00000000 1.00000000
vt 0.00000000 1.00000000
vt 0.00000000 1.00000000
vt 0.00000000 1.00000000
vt 0.00000000 1.00000000
vt 0.00000000 1.00000000
vt 0.00000000 1.00000000
vt 0.00000000 1.00000000
vt 0.00000000 1.00000000
vt 0.00000000 1.00000000
vt 0.00000000 1.00000000
vt 0.00000000 1.00000000
vt 0.00000000 1.00000000
vt 0.00000000 1.00000000
vt 0.00000000 1.00000000
vt 0.00000000 1.00000000
vt 0.00000000 1.00000000
vt 0.00000000 1.00000000
vt 0.00000000 1.00000000
vt 0.00000000 1.00000000
vt 0.00000000 1.00000000
vt 0.00000000 1.00000000
vt 0.00000000 1.00000000
vt 0.00000000 1.00000000
vt 0.00000000 1.00000000
vt 0.00000000 1.00000000
vt 0.00000000 1.00000000
vt 0.00000000 1.00000000
vt 0.00000000 1.00000000
vt 0.00000000 1.00000000
vt 0.00000000 1.00000000
vt 0.00000000 1.00000000
vt 0.00000000 1.00000000
vt 0.00000000 1.00000000
vt 0.00000000 1.00000000
vt 0.00000000 1.00000000
vt 0.00000000 1.00000000
vt 0.00000000 1.00000000
vt 0.00000000 1.00000000
vt 0.00000000 1.00000000
vt 0.00000000 1.00000000
vt 0.00000000 1.00000000
vt 0.00000000 1.00000000
vt 0.00000000 1.00000000
vt 0.00000000 1.00000000
vt 0.00000000 1.00000000
vt 0.00000000 1.00000000
vt 0.00000000 1.00000000
vt 0.00000000 1.00000000
vt 0.00000000 1.00000000
vt 0.00000000 1.00000000
vt 0.00000000 1.00000000
vt 0.00000000 1.00000000
vt 0.00000000 1.00000000
vt 0.00000000 1.00000000
vt 0.00000000 1.00000000
vt 0.00000000 1.00000000
vt 0.00000000 1.00000000
vt 0.00000000 1.00000000
vt 0.00000000 1.00000000
vt 0.00000000 1.00000000
vt 0.00000000 1.00000000
vt 0.00000000 1.00000000
vt 0.00000000 1.00000000
vt 0.00000000 1.00000000
vt 0.00000000 1.00000000
vt 0.00000000 1.00000000
vt 0.00000000 1.00000000
vt 0.00000000 1.00000000
vt 0.00000000 1.00000000
vt 0.00000000 1.00000000
vt 0.00000000 1.00000000
vt 0.00000000 1.00000000
vt 0.00000000 1.00000000
vt 0.00000000 1.00000000
vt 0.00000000 1.00000000
vt 0.00000000 1.00000000
vt 0.00000000 1.00000000
vt 0.00000000 1.00000000
vt 0.00000000 1.00000000
vt 0.00000000 1.00000000
vt 0.00000000 1.00000000
vt 0.00000000 1.00000000
vt 0.00000000 1.00000000
vt 0.00000000 1.00000000
vt 0.00000000 1.00000000
vt 0.00000000 1.00000000
vt 0.00000000 1.00000000
vt 0.00000000 1.00000000
vt 0.00000000 1.00000000
vt 0.00000000 1.00000000
vt 0.00000000 1.00000000
vt 0.00000000 1.00000000
vt 0.00000000 1.00000000
vt 0.00000000 1.00000000
vt 0.00000000 1.00000000
vt 0.00000000 1.00000000
vt 0.00000000 1.00000000
vt 0.00000000 1.00000000
vt 0.00000000 1.00000000
vt 0.00000000 1.00000000
vt 0.00000000 1.00000000
vt 0.00000000 1.00000000
vt 0.00000000 1.00000000
vt 0.00000000 1.00000000
vt 0.00000000 1.00000000
vt 0.00000000 1.00000000
vt 0.00000000 1.00000000
vt 0.00000000 1.00000000
vt 0.00000000 1.00000000
vt 0.00000000 1.00000000
vt 0.00000000 1.00000000
vt 0.00000000 1.00000000
vt 0.00000000 1.00000000
vt 0.00000000 1.00000000
vt 0.00000000 1.00000000
vt 0.00000000 1.00000000
vt 0.00000000 1.00000000
vt 0.00000000 1.00000000
vt 0.00000000 1.00000000
vt 0.00000000 1.00000000
vt 0.00000000 1.00000000
vt 0.00000000 1.00000000
vt 0.00000000 1.00000000
vt 0.00000000 1.00000000
vt 0.00000000 1.00000000
vt 0.00000000 1.00000000
vt 0.00000000 1.00000000
vt 0.00000000 1.00000000
vt 0.00000000 1.00000000
vt 0.00000000 1.00000000
vt 0.00000000 1.00000000
vt 0.00000000 1.00000000
vt 0.00000000 1.00000000
vt 0.00000000 1.00000000
vt 0.00000000 1.00000000
vt 0.00000000 1.00000000
vt 0.00000000 1.00000000
vt 0.00000000 1.00000000
vt 0.00000000 1.00000000
vt 0.00000000 1.00000000
vt 0.00000000 1.00000000
vt 0.00000000 1.00000000
vt 0.00000000 1.00000000
vt 0.00000000 1.00000000
vt 0.00000000 1.00000000
vt 0.00000000 1.00000000
vt 0.00000000 1.00000000
vt 0.00000000 1.00000000
vt 0.00000000 1.00000000
vt 0.00000000 1.00000000
vt 0.00000000 1.00000000
vt 0.00000000 1.00000000
vt 0.00000000 1.00000000
vt 0.00000000 1.00000000
vt 0.00000000 1.00000000
vt 0.00000000 1.00000000
vt 0.00000000 1.00000000
vt 0.00000000 1.00000000
vt 0.00000000 1.00000000
vt 0.00000000 1.00000000
vt 0.00000000 1.00000000
vt 0.00000000 1.00000000
vt 0.00000000 1.00000000
vt 0.00000000 1.00000000
vt 0.00000000 1.00000000
vt 0.00000000 1.00000000
vt 0.00000000 1.00000000
vt 0.00000000 1.00000000
vt 0.00000000 1.00000000
vt 0.00000000 1.00000000
vt 0.00000000 1.00000000
vt 0.00000000 1.00000000
vt 0.00000000 1.00000000
vt 0.00000000 1.00000000
vt 0.00000000 1.00000000
vt 0.00000000 1.00000000
vt 0.00000000 1.00000000
vt 0.00000000 1.00000000
vt 0.00000000 1.00000000
vt 0.00000000 1.00000000
vt 0.00000000 1.00000000
vt 0.00000000 1.00000000
vt 0.00000000 1.00000000
vt 0.00000000 1.00000000
vt 0.00000000 1.00000000
vt 0.00000000 1.00000000
vt 0.00000000 1.00000000
vt 0.00000000 1.00000000
vt 0.00000000 1.00000000
vt 0.00000000 1.00000000
vt 0.00000000 1.00000000
vt 0.00000000 1.00000000
vt 0.00000000 1.00000000
vt 0.00000000 1.00000000
vt 0.00000000 1.00000000
vt 0.00000000 1.00000000
vt 0.00000000 1.00000000
vt 0.00000000 1.00000000
vt 0.00000000 1.00000000
vt 0.00000000 1.00000000
vt 0.00000000 1.00000000
vt 0.00000000 1.00000000
vt 0.00000000 1.00000000
vt 0.00000000 1.00000000
vt 0.00000000 1.00000000
vt 0.00000000 1.00000000
vt 0.00000000 1.00000000
vt 0.00000000 1.00000000
vt 0.00000000 1.00000000
vt 0.00000000 1.00000000
vt 0.00000000 1.00000000
vt 0.00000000 1.00000000
vt 0.00000000 1.00000000
vt 0.00000000 1.00000000
vt 0.00000000 1.00000000
vt 0.00000000 1.00000000
vt 0.00000000 1.00000000
vt 0.00000000 1.00000000
vt 0.00000000 1.00000000
vt 0.00000000 1.00000000
vt 0.00000000 1.00000000
vt 0.00000000 1.00000000
vt 0.00000000 1.00000000
vt 0.00000000 1.00000000
vt 0.00000000 1.00000000
vt 0.00000000 1.00000000
vt 0.00000000 1.00000000
vt 0.00000000 1.00000000
vt 0.00000000 1.00000000
vt 0.00000000 1.00000000
vt 0.00000000 1.00000000
vt 0.00000000 1.00000000
vt 0.00000000 1.00000000
vt 0.00000000 1.00000000
vt 0.00000000 1.00000000
vt 0.00000000 1.00000000
vt 0.00000000 1.00000000
vt 0.00000000 1.00000000
vt 0.00000000 1.00000000
vt 0.00000000 1.00000000
vt 0.00000000 1.00000000
vt 0.00000000 1.00000000
vt 0.00000000 1.00000000
vt 0.00000000 1.00000000
vt 0.00000000 1.00000000
vt 0.00000000 1.00000000
vt 0.00000000 1.00000000
vt 0.00000000 1.00000000
vt 0.00000000 1.00000000
vt 0.00000000 1.00000000
vt 0.00000000 1.00000000
vt 0.00000000 1.00000000
vt 0.00000000 1.00000000
vt 0.00000000 1.00000000
vt 0.00000000 1.00000000
vt 0.00000000 1.00000000
vt 0.00000000 1.00000000
vt 0.00000000 1.00000000
vt 0.00000000 1.00000000
vt 0.00000000 1.00000000
vt 0.00000000 1.00000000
vt 0.00000000 1.00000000
vt 0.00000000 1.00000000
vt 0.00000000 1.00000000
vt 0.00000000 1.00000000
vt 0.00000000 1.00000000
vt 0.00000000 1.00000000
vt 0.00000000 1.00000000
vt 0.00000000 1.00000000
vt 0.00000000 1.00000000
vt 0.00000000 1.00000000
vt 0.00000000 1.00000000
vt 0.00000000 1.00000000
vt 0.00000000 1.00000000
vt 0.00000000 1.00000000
vt 0.00000000 1.00000000
vt 0.00000000 1.00000000
vt 0.00000000 1.00000000
vt 0.00000000 1.00000000
vt 0.00000000 1.00000000
vt 0.00000000 1.00000000
vt 0.00000000 1.00000000
vt 0.00000000 1.00000000
vt 0.00000000 1.00000000
vt 0.00000000 1.00000000
vt 0.00000000 1.00000000
vt 0.00000000 1.00000000
vt 0.00000000 1.00000000
vt 0.00000000 1.00000000
vt 0.00000000 1.00000000
vt 0.00000000 1.00000000
vt 0.00000000 1.00000000
vt 0.00000000 1.00000000
vt 0.00000000 1.00000000
vt 0.00000000 1.00000000
vt 0.00000000 1.00000000
vt 0.00000000 1.00000000
vt 0.00000000 1.00000000
vt 0.00000000 1.00000000
vt 0.00000000 1.00000000
vt 0.00000000 1.00000000
vt 0.00000000 1.00000000
vt 0.00000000 1.00000000
vt 0.00000000 1.00000000
vt 0.00000000 1.00000000
vt 0.00000000 1.00000000
vt 0.00000000 1.00000000
vt 0.00000000 1.00000000
vt 0.00000000 1.00000000
vt 0.00000000 1.00000000
vt 0.00000000 1.00000000
vt 0.00000000 1.00000000
vt 0.00000000 1.00000000
vt 0.00000000 1.00000000
vt 0.00000000 1.00000000
vt 0.00000000 1.00000000
vt 0.00000000 1.00000000
vt 0.00000000 1.00000000
vt 0.00000000 1.00000000
vt 0.00000000 1.00000000
vt 0.00000000 1.00000000
vt 0.00000000 1.00000000
vt 0.00000000 1.00000000
vt 0.00000000 1.00000000
vt 0.00000000 1.00000000
vt 0.00000000 1.00000000
vt 0.00000000 1.00000000
vt 0.00000000 1.00000000
vt 0.00000000 1.00000000
vt 0.00000000 1.00000000
vt 0.00000000 1.00000000
vt 0.00000000 1.00000000
vt 0.00000000 1.00000000
vt 0.00000000 1.00000000
vt 0.00000000 1.00000000
vt 0.00000000 1.00000000
vt 0.00000000 1.00000000
vt 0.00000000 1.00000000
vt 0.00000000 1.00000000
vt 0.00000000 1.00000000
vt 0.00000000 1.00000000
vt 0.00000000 1.00000000
vt 0.00000000 1.00000000
vt 0.00000000 1.00000000
vt 0.00000000 1.00000000
vt 0.00000000 1.00000000
vt 0.00000000 1.00000000
vt 0.00000000 1.00000000
vt 0.00000000 1.00000000
vt 0.00000000 1.00000000
vt 0.00000000 1.00000000
vt 0.00000000 1.00000000
vt 0.00000000 1.00000000
vt 0.00000000 1.00000000
vt 0.00000000 1.00000000
vt 0.00000000 1.00000000
vt 0.00000000 1.00000000
vt 0.00000000 1.00000000
vt 0.00000000 1.00000000
vt 0.00000000 1.00000000
vt 0.00000000 1.00000000
vt 0.00000000 1.00000000
vt 0.00000000 1.00000000
vt 0.00000000 1.00000000
vt 0.00000000 1.00000000
vt 0.00000000 1.00000000
vt 0.00000000 1.00000000
vt 0.00000000 1.00000000
vt 0.00000000 1.00000000
vt 0.00000000 1.00000000
vt 0.00000000 1.00000000
vt 0.00000000 1.00000000
vt 0.00000000 1.00000000
vt 0.00000000 1.00000000
vt 0.00000000 1.00000000
vt 0.00000000 1.00000000
vt 0.00000000 1.00000000
vt 0.00000000 1.00000000
vt 0.00000000 1.00000000
vt 0.00000000 1.00000000
vt 0.00000000 1.00000000
vt 0.00000000 1.00000000
vt 0.00000000 1.00000000
vt 0.00000000 1.00000000
vt 0.00000000 1.00000000
vt 0.00000000 1.00000000
vt 0.00000000 1.00000000
vt 0.00000000 1.00000000
vt 0.00000000 1.00000000
vt 0.00000000 1.00000000
vt 0.00000000 1.00000000
vt 0.00000000 1.00000000
vt 0.00000000 1.00000000
vt 0.00000000 1.00000000
vt 0.00000000 1.00000000
vt 0.00000000 1.00000000
vt 0.00000000 1.00000000
vt 0.00000000 1.00000000
vt 0.00000000 1.00000000
vt 0.00000000 1.00000000
vt 0.00000000 1.00000000
vt 0.00000000 1.00000000
vt 0.00000000 1.00000000
vt 0.00000000 1.00000000
vt 0.00000000 1.00000000
vt 0.00000000 1.00000000
vt 0.00000000 1.00000000
vt 0.00000000 1.00000000
vt 0.00000000 1.00000000
vt 0.00000000 1.00000000
vt 0.00000000 1.00000000
vt 0.00000000 1.00000000
vt 0.00000000 1.00000000
vt 0.00000000 1.00000000
vt 0.00000000 1.00000000
vt 0.00000000 1.00000000
vt 0.00000000 1.00000000
vt 0.00000000 1.00000000
vt 0.00000000 1.00000000
vt 0.00000000 1.00000000
vt 0.00000000 1.00000000
vt 0.00000000 1.00000000
vt 0.00000000 1.00000000
vt 0.00000000 1.00000000
vt 0.00000000 1.00000000
vt 0.00000000 1.00000000
vt 0.00000000 1.00000000
vt 0.00000000 1.00000000
vt 0.00000000 1.00000000
vt 0.00000000 1.00000000
vt 0.00000000 1.00000000
vt 0.00000000 1.00000000
vt 0.00000000 1.00000000
vt 0.00000000 1.00000000
vt 0.00000000 1.00000000
vt 0.00000000 1.00000000
vt 0.00000000 1.00000000
vt 0.00000000 1.00000000
vt 0.00000000 1.00000000
vt 0.00000000 1.00000000
vt 0.00000000 1.00000000
vt 0.00000000 1.00000000
vt 0.00000000 1.00000000
vt 0.00000000 1.00000000
vt 0.00000000 1.00000000
vt 0.00000000 1.00000000
vt 0.00000000 1.00000000
vt 0.00000000 1.00000000
vt 0.00000000 1.00000000
vt 0.00000000 1.00000000
vt 0.00000000 1.00000000
vt 0.00000000 1.00000000
vt 0.00000000 1.00000000
vt 0.00000000 1.00000000
vt 0.00000000 1.00000000
vt 0.00000000 1.00000000
vt 0.00000000 1.00000000
vt 0.00000000 1.00000000
vt 0.00000000 1.00000000
vt 0.00000000 1.00000000
vt 0.00000000 1.00000000
vt 0.00000000 1.00000000
vt 0.00000000 1.00000000
vt 0.00000000 1.00000000
vt 0.00000000 1.00000000
vt 0.00000000 1.00000000
vt 0.00000000 1.00000000
vt 0.00000000 1.00000000
vt 0.00000000 1.00000000
vt 0.00000000 1.00000000
vt 0.00000000 1.00000000
vt 0.00000000 1.00000000
vt 0.00000000 1.00000000
vt 0.00000000 1.00000000
vt 0.00000000 1.00000000
vt 0.00000000 1.00000000
vt 0.00000000 1.00000000
vt 0.00000000 1.00000000
vt 0.00000000 1.00000000
vt 0.00000000 1.00000000
vt 0.00000000 1.00000000
vt 0.00000000 1.00000000
vt 0.00000000 1.00000000
vt 0.00000000 1.00000000
vt 0.00000000 1.00000000
vt 0.00000000 1.00000000
vt 0.00000000 1.00000000
vt 0.00000000 1.00000000
vt 0.00000000 1.00000000
vt 0.00000000 1.00000000
vt 0.00000000 1.00000000
vt 0.00000000 1.00000000
vt 0.00000000 1.00000000
vt 0.00000000 1.00000000
vt 0.00000000 1.00000000
vt 0.00000000 1.00000000
vt 0.00000000 1.00000000
vt 0.00000000 1.00000000
vt 0.00000000 1.00000000
vt 0.00000000 1.00000000
vt 0.00000000 1.00000000
vt 0.00000000 1.00000000
vt 0.00000000 1.00000000
vt 0.00000000 1.00000000
vt 0.00000000 1.00000000
vt 0.00000000 1.00000000
vt 0.00000000 1.00000000
vt 0.00000000 1.00000000
vt 0.00000000 1.00000000
vt 0.00000000 1.00000000
vt 0.00000000 1.00000000
vt 0.00000000 1.00000000
vt 0.00000000 1.00000000
vt 0.00000000 1.00000000
vt 0.00000000 1.00000000
vt 0.00000000 1.00000000
vt 0.00000000 1.00000000
vt 0.00000000 1.00000000
vt 0.00000000 1.00000000
vt 0.00000000 1.00000000
vt 0.00000000 1.00000000
vt 0.00000000 1.00000000
vt 0.00000000 1.00000000
vt 0.00000000 1.00000000
vt 0.00000000 1.00000000
vt 0.00000000 1.00000000
vt 0.00000000 1.00000000
vt 0.00000000 1.00000000
vt 0.00000000 1.00000000
vt 0.00000000 1.00000000
vt 0.00000000 1.00000000
vt 0.00000000 1.00000000
vt 0.00000000 1.00000000
vt 0.00000000 1.00000000
vt 0.00000000 1.00000000
vt 0.00000000 1.00000000
vt 0.00000000 1.00000000
vt 0.00000000 1.00000000
vt 0.00000000 1.00000000
vt 0.00000000 1.00000000
vt 0.00000000 1.00000000
vt 0.00000000 1.00000000
vt 0.00000000 1.00000000
vt 0.00000000 1.00000000
vt 0.00000000 1.00000000
vt 0.00000000 1.00000000
vt 0.00000000 1.00000000
vt 0.00000000 1.00000000
vt 0.00000000 1.00000000
vt 0.00000000 1.00000000
vt 0.00000000 1.00000000
vt 0.00000000 1.00000000
vt 0.00000000 1.00000000
vt 0.00000000 1.00000000
vt 0.00000000 1.00000000
vt 0.00000000 1.00000000
vt 0.00000000 1.00000000
vt 0.00000000 1.00000000
vt 0.00000000 1.00000000
vt 0.00000000 1.00000000
vt 0.00000000 1.00000000
vt 0.00000000 1.00000000
vt 0.00000000 1.00000000
vt 0.00000000 1.00000000
vt 0.00000000 1.00000000
vt 0.00000000 1.00000000
vt 0.00000000 1.00000000
vt 0.00000000 1.00000000
vt 0.00000000 1.00000000
vt 0.00000000 1.00000000
vt 0.00000000 1.00000000
vt 0.00000000 1.00000000
vt 0.00000000 1.00000000
vt 0.00000000 1.00000000
vt 0.00000000 1.00000000
vt 0.00000000 1.00000000
vt 0.00000000 1.00000000
vt 0.00000000 1.00000000
vt 0.00000000 1.00000000
vt 0.00000000 1.00000000
vt 0.00000000 1.00000000
vt 0.00000000 1.00000000
vt 0.00000000 1.00000000
vt 0.00000000 1.00000000
vt 0.00000000 1.00000000
vt 0.00000000 1.00000000
vt 0.00000000 1.00000000
vt 0.00000000 1.00000000
vt 0.00000000 1.00000000
vt 0.00000000 1.00000000
vt 0.00000000 1.00000000
vt 0.00000000 1.00000000
vt 0.00000000 1.00000000
vt 0.00000000 1.00000000
vt 0.00000000 1.00000000
vt 0.00000000 1.00000000
vt 0.00000000 1.00000000
vt 0.00000000 1.00000000
vt 0.00000000 1.00000000
vt 0.00000000 1.00000000
vt 0.00000000 1.00000000
vt 0.00000000 1.00000000
vt 0.00000000 1.00000000
vt 0.00000000 1.00000000
vt 0.00000000 1.00000000
vt 0.00000000 1.00000000
vt 0.00000000 1.00000000
vt 0.00000000 1.00000000
vt 0.00000000 1.00000000
vt 0.00000000 1.00000000
vt 0.00000000 1.00000000
vt 0.00000000 1.00000000
vt 0.00000000 1.00000000
vt 0.00000000 1.00000000
vt 0.00000000 1.00000000
vt 0.00000000 1.00000000
vt 0.00000000 1.00000000
vt 0.00000000 1.00000000
vt 0.00000000 1.00000000
vt 0.00000000 1.00000000
vt 0.00000000 1.00000000
vt 0.00000000 1.00000000
vt 0.00000000 1.00000000
vt 0.00000000 1.00000000
vt 0.00000000 1.00000000
vt 0.00000000 1.00000000
vt 0.00000000 1.00000000
vt 0.00000000 1.00000000
vt 0.00000000 1.00000000
vt 0.00000000 1.00000000
vt 0.00000000 1.00000000
vt 0.00000000 1.00000000
vt 0.00000000 1.00000000
vt 0.00000000 1.00000000
vt 0.00000000 1.00000000
vt 0.00000000 1.00000000
vt 0.00000000 1.00000000
vt 0.00000000 1.00000000
vt 0.00000000 1.00000000
vt 0.00000000 1.00000000
vt 0.00000000 1.00000000
vt 0.00000000 1.00000000
vt 0.00000000 1.00000000
vt 0.00000000 1.00000000
vt 0.00000000 1.00000000
vt 0.00000000 1.00000000
vt 0.00000000 1.00000000
vt 0.00000000 1.00000000
vt 0.00000000 1.00000000
vt 0.00000000 1.00000000
vt 0.00000000 1.00000000
vt 0.00000000 1.00000000
vt 0.00000000 1.00000000
vt 0.00000000 1.00000000
vt 0.00000000 1.00000000
vt 0.00000000 1.00000000
vt 0.00000000 1.00000000
vt 0.00000000 1.00000000
vt 0.00000000 1.00000000
vt 0.00000000 1.00000000
vt 0.00000000 1.00000000
vt 0.00000000 1.00000000
vt 0.00000000 1.00000000
vt 0.00000000 1.00000000
vt 0.00000000 1.00000000
vt 0.00000000 1.00000000
vt 0.00000000 1.00000000
vt 0.00000000 1.00000000
vt 0.00000000 1.00000000
vt 0.00000000 1.00000000
vt 0.00000000 1.00000000
vt 0.00000000 1.00000000
vt 0.00000000 1.00000000
vt 0.00000000 1.00000000
vt 0.00000000 1.00000000
vt 0.00000000 1.00000000
vt 0.00000000 1.00000000
vt 0.00000000 1.00000000
vt 0.00000000 1.00000000
vt 0.00000000 1.00000000
vt 0.00000000 1.00000000
vt 0.00000000 1.00000000
vt 0.00000000 1.00000000
vt 0.00000000 1.00000000
vt 0.00000000 1.00000000
vt 0.00000000 1.00000000
vt 0.00000000 1.00000000
vt 0.00000000 1.00000000
vt 0.00000000 1.00000000
vt 0.00000000 1.00000000
vt 0.00000000 1.00000000
vt 0.00000000 1.00000000
vt 0.00000000 1.00000000
vt 0.00000000 1.00000000
vt 0.00000000 1.00000000
vt 0.00000000 1.00000000
vt 0.00000000 1.00000000
vt 0.00000000 1.00000000
vt 0.00000000 1.00000000
vt 0.00000000 1.00000000
vt 0.00000000 1.00000000
vt 0.00000000 1.00000000
vt 0.00000000 1.00000000
vt 0.00000000 1.00000000
vt 0.00000000 1.00000000
vt 0.00000000 1.00000000
vt 0.00000000 1.00000000
vt 0.00000000 1.00000000
vt 0.00000000 1.00000000
vt 0.00000000 1.00000000
vt 0.00000000 1.00000000
vt 0.00000000 1.00000000
vt 0.00000000 1.00000000
vt 0.00000000 1.00000000
vt 0.00000000 1.00000000
vt 0.00000000 1.00000000
vt 0.00000000 1.00000000
vt 0.00000000 1.00000000
vt 0.00000000 1.00000000
vt 0.00000000 1.00000000
vt 0.00000000 1.00000000
vt 0.00000000 1.00000000
vt 0.00000000 1.00000000
vt 0.00000000 1.00000000
vt 0.00000000 1.00000000
vt 0.00000000 1.00000000
vt 0.00000000 1.00000000
vt 0.00000000 1.00000000
vt 0.00000000 1.00000000
vt 0.00000000 1.00000000
vt 0.00000000 1.00000000
vt 0.00000000 1.00000000
vt 0.00000000 1.00000000
vt 0.00000000 1.00000000
vt 0.00000000 1.00000000
vt 0.00000000 1.00000000
vt 0.00000000 1.00000000
vt 0.00000000 1.00000000
vt 0.00000000 1.00000000
vt 0.00000000 1.00000000
vt 0.00000000 1.00000000
vt 0.00000000 1.00000000
vt 0.00000000 1.00000000
vt 0.00000000 1.00000000
vt 0.00000000 1.00000000
f 1725/1725 1726/1726 1727/1727
f 1725/1725 1727/1727 1728/1728
f 1729/1729 1730/1730 1731/1731
f 1729/1729 1731/1731 1732/1732
f 1733/1733 1734/1734 1735/1735
f 1733/1733 1735/1735 1736/1736
f 1737/1737 1738/1738 1739/1739
f 1737/1737 1739/1739 1740/1740
f 1741/1741 1742/1742 1743/1743
f 1741/1741 1743/1743 1744/1744
f 1745/1745 1746/1746 1747/1747
f 1745/1745 1747/1747 1748/1748
f 1749/1749 1750/1750 1751/1751
f 1749/1749 1751/1751 1752/1752
f 1753/1753 1754/1754 1755/1755
f 1753/1753 1755/1755 1756/1756
f 1757/1757 1758/1758 1759/1759
f 1757/1757 1759/1759 1760/1760
f 1761/1761 1762/1762 1763/1763
f 1761/1761 1763/1763 1764/1764
f 1765/1765 1766/1766 1767/1767
f 1765/1765 1767/1767 1768/1768
f 1769/1769 1770/1770 1771/1771
f 1769/1769 1771/1771 1772/1772
f 1773/1773 1774/1774 1775/1775
f 1773/1773 1775/1775 1776/1776
f 1777/1777 1778/1778 1779/1779
f 1777/1777 1779/1779 1780/1780
f 1781/1781 1782/1782 1783/1783
f 1781/1781 1783/1783 1784/1784
f 1785/1785 1786/1786 1778/1778
f 1785/1785 1778/1778 1777/1777
f 1787/1787 1788/1788 1789/1789
f 1787/1787 1789/1789 1790/1790
f 1791/1791 1792/1792 1793/1793
f 1791/1791 1793/1793 1794/1794
f 1795/1795 1796/1796 1797/1797
f 1795/1795 1797/1797 1798/1798
f 1799/1799 1800/1800 1786/1786
f 1799/1799 1786/1786 1785/1785
f 1801/1801 1802/1802 1803/1803
f 1801/1801 1803/1803 1804/1804
f 1805/1805 1806/1806 1807/1807
f 1805/1805 1807/1807 1808/1808
f 1809/1809 1810/1810 1811/1811
f 1809/1809 1811/1811 1812/1812
f 1813/1813 1814/1814 1810/1810
f 1813/1813 1810/1810 1809/1809
f 1815/1815 1816/1816 1817/1817
f 1815/1815 1817/1817 1818/1818
f 1819/1819 1820/1820 1821/1821
f 1819/1819 1821/1821 1822/1822
f 1823/1823 1824/1824 1825/1825
f 1823/1823 1825/1825 1826/1826
f 1827/1827 1828/1828 1829/1829
f 1827/1827 1829/1829 1830/1830
f 1831/1831 1832/1832 1833/1833
f 1831/1831 1833/1833 1834/1834
f 1835/1835 1836/1836 1837/1837
f 1835/1835 1837/1837 1838/1838
f 1839/1839 1840/1840 1841/1841
f 1839/1839 1841/1841 1842/1842
f 1843/1843 1844/1844 1845/1845
f 1843/1843 1845/1845 1846/1846
f 1847/1847 1848/1848 1849/1849
f 1847/1847 1849/1849 1850/1850
f 1851/1851 1852/1852 1853/1853
f 1851/1851 1853/1853 1854/1854
f 1855/1855 1856/1856 1857/1857
f 1855/1855 1857/1857 1858/1858
f 1859/1859 1860/1860 1861/1861
f 1859/1859 1861/1861 1862/1862
f 1863/1863 1864/1864 1865/1865
f 1863/1863 1865/1865 1866/1866
f 1867/1867 1868/1868 1869/1869
f 1867/1867 1869/1869 1870/1870
f 1871/1871 1872/1872 1873/1873
f 1871/1871 1873/1873 1874/1874
f 1875/1875 1876/1876 1877/1877
f 1875/1875 1877/1877 1878/1878
f 1879/1879 1880/1880 1881/1881
f 1879/1879 1881/1881 1882/1882
f 1883/1883 1884/1884 1885/1885
f 1883/1883 1885/1885 1886/1886
f 1887/1887 1888/1888 1889/1889
f 1887/1887 1889/1889 1890/1890
f 1891/1891 1892/1892 1893/1893
f 1891/1891 1893/1893 1894/1894
f 1895/1895 1896/1896 1897/1897
f 1895/1895 1897/1897 1898/1898
f 1899/1899 1900/1900 1901/1901
f 1899/1899 1901/1901 1902/1902
f 1903/1903 1904/1904 1905/1905
f 1903/1903 1905/1905 1906/1906
f 1907/1907 1908/1908 1909/1909
f 1907/1907 1909/1909 1910/1910
f 1911/1911 1912/1912 1913/1913
f 1911/1911 1913/1913 1914/1914
f 1915/1915 1916/1916 1917/1917
f 1915/1915 1917/1917 1918/1918
f 1919/1919 1920/1920 1921/1921
f 1919/1919 1921/1921 1922/1922
f 1923/1923 1924/1924 1925/1925
f 1923/1923 1925/1925 1926/1926
f 1927/1927 1928/1928 1929/1929
f 1927/1927 1929/1929 1930/1930
f 1931/1931 1932/1932 1933/1933
f 1931/1931 1933/1933 1934/1934
f 1935/1935 1936/1936 1937/1937
f 1935/1935 1937/1937 1938/1938
f 1939/1939 1940/1940 1941/1941
f 1939/1939 1941/1941 1942/1942
f 1943/1943 1944/1944 1945/1945
f 1943/1943 1945/1945 1946/1946
f 1947/1947 1948/1948 1949/1949
f 1947/1947 1949/1949 1950/1950
f 1951/1951 1952/1952 1953/1953
f 1951/1951 1953/1953 1954/1954
f 1955/1955 1956/1956 1957/1957
f 1955/1955 1957/1957 1958/1958
f 1959/1959 1960/1960 1961/1961
f 1959/1959 1961/1961 1962/1962
f 1963/1963 1964/1964 1965/1965
f 1963/1963 1965/1965 1966/1966
f 1967/1967 1968/1968 1969/1969
f 1967/1967 1969/1969 1970/1970
f 1971/1971 1972/1972 1973/1973
f 1971/1971 1973/1973 1974/1974
f 1975/1975 1976/1976 1977/1977
f 1975/1975 1977/1977 1978/1978
f 1979/1979 1980/1980 1981/1981
f 1979/1979 1981/1981 1982/1982
f 1983/1983 1984/1984 1985/1985
f 1983/1983 1985/1985 1986/1986
f 1987/1987 1988/1988 1989/1989
f 1987/1987 1989/1989 1990/1990
f 1991/1991 1992/1992 1993/1993
f 1991/1991 1993/1993 1994/1994
f 1995/1995 1996/1996 1997/1997
f 1995/1995 1997/1997 1998/1998
f 1999/1999 2000/2000 2001/2001
f 1999/1999 2001/2001 2002/2002
f 2003/2003 2004/2004 2005/2005
f 2003/2003 2005/2005 2006/2006
f 2007/2007 2008/2008 2009/2009
f 2007/2007 2009/2009 2010/2010
f 2011/2011 2012/2012 2013/2013
f 2011/2011 2013/2013 2014/2014
f 2015/2015 2016/2016 2017/2017
f 2015/2015 2017/2017 2018/2018
f 2019/2019 2020/2020 2021/2021
f 2019/2019 2021/2021 2022/2022
f 2023/2023 2024/2024 2025/2025
f 2023/2023 2025/2025 2026/2026
f 2027/2027 2028/2028 2029/2029
f 2027/2027 2029/2029 2030/2030
f 2031/2031 2032/2032 2033/2033
f 2031/2031 2033/2033 2034/2034
f 2035/2035 2036/2036 2037/2037
f 2035/2035 2037/2037 2038/2038
f 2039/2039 2040/2040 2041/2041
f 2039/2039 2041/2041 2042/2042
f 2043/2043 2044/2044 2028/2028
f 2043/2043 2028/2028 2027/2027
f 2045/2045 2046/2046 2047/2047
f 2045/2045 2047/2047 2048/2048
f 2049/2049 2050/2050 2044/2044
f 2049/2049 2044/2044 2043/2043
f 2051/2051 2052/2052 2053/2053
f 2051/2051 2053/2053 2054/2054
f 2055/2055 2056/2056 2057/2057
f 2055/2055 2057/2057 2058/2058
f 2059/2059 2060/2060 2061/2061
f 2059/2059 2061/2061 2062/2062
f 2063/2063 2064/2064 2065/2065
f 2063/2063 2065/2065 2066/2066
f 2067/2067 2068/2068 2069/2069
f 2067/2067 2069/2069 2070/2070
f 2071/2071 2072/2072 2073/2073
f 2071/2071 2073/2073 2074/2074
f 2075/2075 2076/2076 2077/2077
f 2075/2075 2077/2077 2078/2078
f 2079/2079 2080/2080 2081/2081
f 2079/2079 2081/2081 2082/2082
f 2083/2083 2084/2084 2085/2085
f 2083/2083 2085/2085 2086/2086
f 2087/2087 2088/2088 2089/2089
f 2087/2087 2089/2089 2090/2090
f 2091/2091 2092/2092 2093/2093
f 2091/2091 2093/2093 2094/2094
f 2095/2095 2096/2096 2097/2097
f 2095/2095 2097/2097 2098/2098
f 2099/2099 2100/2100 2101/2101
f 2099/2099 2101/2101 2102/2102
f 2103/2103 2104/2104 2105/2105
f 2103/2103 2105/2105 2106/2106
f 2107/2107 2108/2108 2109/2109
f 2107/2107 2109/2109 2110/2110
f 2111/2111 2112/2112 2113/2113
f 2111/2111 2113/2113 2114/2114
f 2115/2115 2116/2116 2117/2117
f 2115/2115 2117/2117 2118/2118
f 2119/2119 2120/2120 2121/2121
f 2119/2119 2121/2121 2122/2122
f 2123/2123 2124/2124 2125/2125
f 2123/2123 2125/2125 2126/2126
f 2127/2127 2128/2128 2129/2129
f 2127/2127 2129/2129 2130/2130
f 2131/2131 2132/2132 2133/2133
f 2131/2131 2133/2133 2134/2134
f 2135/2135 2136/2136 2137/2137
f 2135/2135 2137/2137 2138/2138
f 2139/2139 2140/2140 2141/2141
f 2139/2139 2141/2141 2142/2142
f 2143/2143 2144/2144 2145/2145
f 2143/2143 2145/2145 2146/2146
f 2147/2147 2148/2148 2149/2149
f 2147/2147 2149/2149 2150/2150
f 2151/2151 2152/2152 2153/2153
f 2151/2151 2153/2153 2154/2154
f 2155/2155 2156/2156 2157/2157
f 2155/2155 2157/2157 2158/2158
f 2159/2159 2160/2160 2161/2161
f 2159/2159 2161/2161 2162/2162
f 2163/2163 2164/2164 2165/2165
f 2163/2163 2165/2165 2166/2166
f 2167/2167 2168/2168 2169/2169
f 2167/2167 2169/2169 2170/2170
f 2171/2171 2172/2172 2173/2173
f 2171/2171 2173/2173 2174/2174
f 2175/2175 2176/2176 2177/2177
f 2175/2175 2177/2177 2178/2178
f 2179/2179 2180/2180 2181/2181
f 2179/2179 2181/2181 2182/2182
f 2183/2183 2184/2184 2185/2185
f 2183/2183 2185/2185 2186/2186
f 2187/2187 2188/2188 2189/2189
f 2187/2187 2189/2189 2190/2190
f 2191/2191 2192/2192 2193/2193
f 2191/2191 2193/2193 2194/2194
f 2195/2195 2196/2196 2197/2197
f 2195/2195 2197/2197 2198/2198
f 2199/2199 2200/2200 2201/2201
f 2199/2199 2201/2201 2202/2202
f 2203/2203 2204/2204 2205/2205
f 2203/2203 2205/2205 2206/2206
f 2207/2207 2208/2208 2209/2209
f 2207/2207 2209/2209 2210/2210
f 2211/2211 2212/2212 2213/2213
f 2211/2211 2213/2213 2214/2214
f 2215/2215 2216/2216 2217/2217
f 2215/2215 2217/2217 2218/2218
f 2219/2219 2220/2220 2221/2221
f 2219/2219 2221/2221 2222/2222
f 2223/2223 2224/2224 2225/2225
f 2223/2223 2225/2225 2226/2226
f 2227/2227 2228/2228 2229/2229
f 2227/2227 2229/2229 2230/2230
f 2231/2231 2232/2232 2233/2233
f 2231/2231 2233/2233 2234/2234
f 2235/2235 2236/2236 2237/2237
f 2235/2235 2237/2237 2238/2238
f 2239/2239 2240/2240 2241/2241
f 2239/2239 2241/2241 2242/2242
f 2243/2243 2244/2244 2245/2245
f 2243/2243 2245/2245 2246/2246
f 2247/2247 2248/2248 2249/2249
f 2247/2247 2249/2249 2250/2250
f 2251/2251 2252/2252 2253/2253
f 2251/2251 2253/2253 2254/2254
f 2255/2255 2256/2256 2257/2257
f 2255/2255 2257/2257 2258/2258
f 2259/2259 2260/2260 2261/2261
f 2259/2259 2261/2261 2262/2262
f 2263/2263 2264/2264 2265/2265
f 2263/2263 2265/2265 2266/2266
f 2267/2267 2268/2268 2269/2269
f 2267/2267 2269/2269 2270/2270
f 2271/2271 2272/2272 2273/2273
f 2271/2271 2273/2273 2274/2274
f 2275/2275 2276/2276 2277/2277
f 2275/2275 2277/2277 2278/2278
f 2279/2279 2280/2280 2281/2281
f 2279/2279 2281/2281 2282/2282
f 2283/2283 2284/2284 2285/2285
f 2283/2283 2285/2285 2286/2286
f 2287/2287 2288/2288 2289/2289
f 2287/2287 2289/2289 2290/2290
f 2291/2291 2292/2292 2293/2293
f 2291/2291 2293/2293 2294/2294
f 2295/2295 2296/2296 2297/2297
f 2295/2295 2297/2297 2298/2298
f 2299/2299 2300/2300 2301/2301
f 2299/2299 2301/2301 2302/2302
f 2303/2303 2304/2304 2305/2305
f 2303/2303 2305/2305 2306/2306
f 2307/2307 2308/2308 2309/2309
f 2307/2307 2309/2309 2310/2310
f 2311/2311 2312/2312 2313/2313
f 2311/2311 2313/2313 2314/2314
f 2315/2315 2316/2316 2317/2317
f 2315/2315 2317/2317 2318/2318
f 2319/2319 2320/2320 2321/2321
f 2319/2319 2321/2321 2322/2322
f 2323/2323 2324/2324 2325/2325
f 2323/2323 2325/2325 2326/2326
f 2327/2327 2328/2328 2329/2329
f 2327/2327 2329/2329 2330/2330
f 2331/2331 2332/2332 2333/2333
f 2331/2331 2333/2333 2334/2334
f 2335/2335 2336/2336 2337/2337
f 2335/2335 2337/2337 2338/2338
f 2339/2339 2340/2340 2341/2341
f 2339/2339 2341/2341 2342/2342
f 2343/2343 2344/2344 2345/2345
f 2343/2343 2345/2345 2346/2346
f 2347/2347 2348/2348 2349/2349
f 2347/2347 2349/2349 2350/2350
f 2351/2351 2352/2352 2353/2353
f 2351/2351 2353/2353 2354/2354
f 2355/2355 2356/2356 2357/2357
f 2355/2355 2357/2357 2358/2358
f 2359/2359 2360/2360 2361/2361
f 2359/2359 2361/2361 2362/2362
f 2363/2363 2364/2364 2365/2365
f 2363/2363 2365/2365 2366/2366
f 2367/2367 2368/2368 2369/2369
f 2367/2367 2369/2369 2370/2370
f 2371/2371 2372/2372 2373/2373
f 2371/2371 2373/2373 2374/2374
f 2375/2375 2376/2376 2377/2377
f 2375/2375 2377/2377 2378/2378
f 2379/2379 2380/2380 2381/2381
f 2379/2379 2381/2381 2382/2382
f 2383/2383 2384/2384 2385/2385
f 2383/2383 2385/2385 2386/2386
f 2387/2387 2388/2388 2389/2389
f 2387/2387 2389/2389 2390/2390
f 2391/2391 2392/2392 2393/2393
f 2391/2391 2393/2393 2394/2394
f 2395/2395 2396/2396 2397/2397
f 2395/2395 2397/2397 2398/2398
f 2399/2399 2400/2400 2401/2401
f 2399/2399 2401/2401 2402/2402
f 2403/2403 2404/2404 2405/2405
f 2403/2403 2405/2405 2406/2406
f 2407/2407 2408/2408 2409/2409
f 2407/2407 2409/2409 2410/2410
f 2411/2411 2412/2412 2413/2413
f 2411/2411 2413/2413 2414/2414
f 2415/2415 2416/2416 2417/2417
f 2415/2415 2417/2417 2418/2418
f 2419/2419 2420/2420 2421/2421
f 2419/2419 2421/2421 2422/2422
f 2423/2423 2424/2424 2425/2425
f 2423/2423 2425/2425 2426/2426
f 2427/2427 2428/2428 2429/2429
f 2427/2427 2429/2429 2430/2430
f 2431/2431 2432/2432 2433/2433
f 2431/2431 2433/2433 2434/2434
f 2435/2435 2436/2436 2437/2437
f 2435/2435 2437/2437 2438/2438
f 2439/2439 2440/2440 2441/2441
f 2439/2439 2441/2441 2442/2442
f 2443/2443 2444/2444 2445/2445
f 2443/2443 2445/2445 2446/2446
f 2447/2447 2448/2448 2449/2449
f 2447/2447 2449/2449 2450/2450
f 2451/2451 2452/2452 2453/2453
f 2451/2451 2453/2453 2454/2454
f 2455/2455 2456/2456 2457/2457
f 2455/2455 2457/2457 2458/2458
f 2459/2459 2460/2460 2461/2461
f 2459/2459 2461/2461 2462/2462
f 2463/2463 2464/2464 2465/2465
f 2463/2463 2465/2465 2466/2466
f 2467/2467 2468/2468 2469/2469
f 2467/2467 2469/2469 2470/2470
f 2471/2471 2472/2472 2473/2473
f 2471/2471 2473/2473 2474/2474
f 2475/2475 2476/2476 2477/2477
f 2475/2475 2477/2477 2478/2478
f 2479/2479 2480/2480 2481/2481
f 2479/2479 2481/2481 2482/2482
f 2483/2483 2484/2484 2485/2485
f 2483/2483 2485/2485 2486/2486
f 2487/2487 2488/2488 2489/2489
f 2487/2487 2489/2489 2490/2490
f 2491/2491 2492/2492 2493/2493
f 2491/2491 2493/2493 2494/2494
f 2495/2495 2496/2496 2497/2497
f 2495/2495 2497/2497 2498/2498
f 2499/2499 2500/2500 2501/2501
f 2499/2499 2501/2501 2502/2502
f 2503/2503 2504/2504 2505/2505
f 2503/2503 2505/2505 2506/2506
f 2507/2507 2508/2508 2509/2509
f 2507/2507 2509/2509 2510/2510
f 2511/2511 2512/2512 2513/2513
f 2511/2511 2513/2513 2514/2514
f 2515/2515 2516/2516 2517/2517
f 2515/2515 2517/2517 2518/2518
f 2519/2519 2520/2520 2521/2521
f 2519/2519 2521/2521 2522/2522
f 2523/2523 2524/2524 2525/2525
f 2523/2523 2525/2525 2526/2526
f 2527/2527 2528/2528 2529/2529
f 2527/2527 2529/2529 2530/2530
f 2531/2531 2532/2532 2533/2533
f 2531/2531 2533/2533 2534/2534
f 2535/2535 2536/2536 2537/2537
f 2535/2535 2537/2537 2538/2538
f 2539/2539 2540/2540 2541/2541
f 2539/2539 2541/2541 2542/2542
f 2543/2543 2544/2544 2545/2545
f 2543/2543 2545/2545 2546/2546
f 2547/2547 2548/2548 2549/2549
f 2547/2547 2549/2549 2550/2550
f 2551/2551 2552/2552 2553/2553
f 2551/2551 2553/2553 2554/2554
f 2555/2555 2556/2556 2557/2557
f 2555/2555 2557/2557 2558/2558
f 2559/2559 2560/2560 2561/2561
f 2559/2559 2561/2561 2562/2562
f 2563/2563 2564/2564 2565/2565
f 2563/2563 2565/2565 2566/2566
f 2567/2567 2568/2568 2569/2569
f 2567/2567 2569/2569 2570/2570
f 2571/2571 2572/2572 2573/2573
f 2571/2571 2573/2573 2574/2574
f 2575/2575 2576/2576 2577/2577
f 2575/2575 2577/2577 2578/2578
f 2579/2579 2580/2580 2581/2581
f 2579/2579 2581/2581 2582/2582
f 2583/2583 2584/2584 2585/2585
f 2583/2583 2585/2585 2586/2586
f 2587/2587 2588/2588 2589/2589
f 2587/2587 2589/2589 2590/2590
f 2591/2591 2592/2592 2593/2593
f 2591/2591 2593/2593 2594/2594
f 2595/2595 2596/2596 2597/2597
f 2595/2595 2597/2597 2598/2598
f 2599/2599 2600/2600 2601/2601
f 2599/2599 2601/2601 2602/2602
f 2603/2603 2604/2604 2605/2605
f 2603/2603 2605/2605 2606/2606
f 2607/2607 2608/2608 2609/2609
f 2607/2607 2609/2609 2610/2610
f 2611/2611 2612/2612 2613/2613
f 2611/2611 2613/2613 2614/2614
f 2615/2615 2616/2616 2617/2617
f 2615/2615 2617/2617 2618/2618
f 2619/2619 2620/2620 2621/2621
f 2619/2619 2621/2621 2622/2622
f 2623/2623 2624/2624 2625/2625
f 2623/2623 2625/2625 2626/2626
f 2627/2627 2628/2628 2629/2629
f 2627/2627 2629/2629 2630/2630
f 2631/2631 2632/2632 2633/2633
f 2631/2631 2633/2633 2634/2634
f 2635/2635 2636/2636 2637/2637
f 2635/2635 2637/2637 2638/2638
f 2639/2639 2640/2640 2641/2641
f 2639/2639 2641/2641 2642/2642
f 2643/2643 2644/2644 2645/2645
f 2643/2643 2645/2645 2646/2646
f 2647/2647 2648/2648 2649/2649
f 2647/2647 2649/2649 2650/2650
f 2651/2651 2652/2652 2653/2653
f 2651/2651 2653/2653 2654/2654
f 2655/2655 2656/2656 2657/2657
f 2655/2655 2657/2657 2658/2658
f 2659/2659 2660/2660 2661/2661
f 2659/2659 2661/2661 2662/2662
f 2663/2663 2664/2664 2665/2665
f 2663/2663 2665/2665 2666/2666
f 2667/2667 2668/2668 2669/2669
f 2667/2667 2669/2669 2670/2670
f 2671/2671 2672/2672 2673/2673
f 2671/2671 2673/2673 2674/2674
f 2675/2675 2676/2676 2677/2677
f 2675/2675 2677/2677 2678/2678
f 2679/2679 2680/2680 2681/2681
f 2679/2679 2681/2681 2682/2682
f 2683/2683 2684/2684 2685/2685
f 2683/2683 2685/2685 2686/2686
f 2687/2687 2688/2688 2689/2689
f 2687/2687 2689/2689 2690/2690
f 2691/2691 2692/2692 2693/2693
f 2691/2691 2693/2693 2694/2694
f 2695/2695 2696/2696 2697/2697
f 2695/2695 2697/2697 2698/2698
f 2699/2699 2700/2700 2701/2701
f 2699/2699 2701/2701 2702/2702
f 2703/2703 2704/2704 2705/2705
f 2703/2703 2705/2705 2706/2706
f 2707/2707 2708/2708 2709/2709
f 2707/2707 2709/2709 2710/2710
f 2711/2711 2712/2712 2713/2713
f 2711/2711 2713/2713 2714/2714
f 2715/2715 2716/2716 2717/2717
f 2715/2715 2717/2717 2718/2718
f 2719/2719 2720/2720 2721/2721
f 2719/2719 2721/2721 2722/2722
f 2723/2723 2724/2724 2725/2725
f 2723/2723 2725/2725 2726/2726
f 2727/2727 2728/2728 2729/2729
f 2727/2727 2729/2729 2730/2730
f 2731/2731 2732/2732 2733/2733
f 2731/2731 2733/2733 2734/2734
f 2735/2735 2736/2736 2737/2737
f 2735/2735 2737/2737 2738/2738
f 2739/2739 2740/2740 2741/2741
f 2739/2739 2741/2741 2742/2742
f 2743/2743 2744/2744 2745/2745
f 2743/2743 2745/2745 2746/2746
f 2747/2747 2748/2748 2749/2749
f 2747/2747 2749/2749 2750/2750
f 2751/2751 2752/2752 2753/2753
f 2751/2751 2753/2753 2754/2754
f 2755/2755 2756/2756 2757/2757
f 2755/2755 2757/2757 2758/2758
f 2759/2759 2760/2760 2761/2761
f 2759/2759 2761/2761 2762/2762
f 2763/2763 2764/2764 2765/2765
f 2763/2763 2765/2765 2766/2766
f 2767/2767 2768/2768 2769/2769
f 2767/2767 2769/2769 2770/2770
f 2771/2771 2772/2772 2773/2773
f 2771/2771 2773/2773 2774/2774
f 2775/2775 2776/2776 2772/2772
f 2775/2775 2772/2772 2771/2771
f 2777/2777 2778/2778 2779/2779
f 2777/2777 2779/2779 2780/2780
f 2781/2781 2782/2782 2783/2783
f 2781/2781 2783/2783 2784/2784
f 2785/2785 2786/2786 2787/2787
f 2785/2785 2787/2787 2788/2788
f 2774/2774 2773/2773 2789/2789
f 2774/2774 2789/2789 2790/2790
f 2791/2791 2792/2792 2793/2793
f 2791/2791 2793/2793 2794/2794
f 2795/2795 2796/2796 2797/2797
f 2795/2795 2797/2797 2798/2798
f 2126/2126 2125/2125 2799/2799
f 2126/2126 2799/2799 2800/2800
f 2801/2801 2802/2802 2803/2803
f 2801/2801 2803/2803 2804/2804
f 2805/2805 2806/2806 2807/2807
f 2805/2805 2807/2807 2808/2808
f 2809/2809 2810/2810 2811/2811
f 2809/2809 2811/2811 2812/2812
f 2813/2813 2814/2814 2815/2815
f 2813/2813 2815/2815 2816/2816
f 2817/2817 2818/2818 2819/2819
f 2817/2817 2819/2819 2820/2820
f 2821/2821 2822/2822 2823/2823
f 2821/2821 2823/2823 2824/2824
f 2825/2825 2826/2826 2827/2827
f 2825/2825 2827/2827 2828/2828
f 2829/2829 2830/2830 2831/2831
f 2829/2829 2831/2831 2832/2832
f 2833/2833 2834/2834 2835/2835
f 2833/2833 2835/2835 2836/2836
f 2837/2837 2838/2838 2839/2839
f 2837/2837 2839/2839 2840/2840
f 2841/2841 2842/2842 2843/2843
f 2841/2841 2843/2843 2844/2844
f 2845/2845 2846/2846 2847/2847
f 2845/2845 2847/2847 2848/2848
f 2849/2849 2850/2850 2851/2851
f 2849/2849 2851/2851 2852/2852
f 2853/2853 2854/2854 2855/2855
f 2853/2853 2855/2855 2856/2856
f 2857/2857 2858/2858 2859/2859
f 2857/2857 2859/2859 2860/2860
f 2861/2861 2862/2862 2863/2863
f 2861/2861 2863/2863 2864/2864
f 2865/2865 2866/2866 2867/2867
f 2865/2865 2867/2867 2868/2868
f 2869/2869 2870/2870 2871/2871
f 2869/2869 2871/2871 2872/2872
f 2873/2873 2874/2874 2875/2875
f 2873/2873 2875/2875 2876/2876
f 2877/2877 2878/2878 2879/2879
f 2877/2877 2879/2879 2880/2880
f 2881/2881 2882/2882 2883/2883
f 2881/2881 2883/2883 2884/2884
f 2885/2885 2886/2886 2887/2887
f 2885/2885 2887/2887 2888/2888
f 2889/2889 2890/2890 2891/2891
f 2889/2889 2891/2891 2892/2892
f 2893/2893 2894/2894 2895/2895
f 2893/2893 2895/2895 2896/2896
f 2892/2892 2891/2891 2897/2897
f 2892/2892 2897/2897 2898/2898
f 2899/2899 2900/2900 2901/2901
f 2899/2899 2901/2901 2902/2902
f 2903/2903 2904/2904 2905/2905
f 2903/2903 2905/2905 2906/2906
f 2907/2907 2908/2908 2909/2909
f 2907/2907 2909/2909 2910/2910
f 2911/2911 2912/2912 2913/2913
f 2911/2911 2913/2913 2914/2914
f 2915/2915 2916/2916 2917/2917
f 2915/2915 2917/2917 2918/2918
f 2919/2919 2920/2920 2921/2921
f 2919/2919 2921/2921 2922/2922
f 2923/2923 2924/2924 2925/2925
f 2923/2923 2925/2925 2926/2926
f 2927/2927 2928/2928 2929/2929
f 2927/2927 2929/2929 2930/2930
f 2931/2931 2932/2932 2933/2933
f 2931/2931 2933/2933 2934/2934
f 2935/2935 2936/2936 2937/2937
f 2935/2935 2937/2937 2938/2938
f 2939/2939 2940/2940 2941/2941
f 2939/2939 2941/2941 2942/2942
f 2943/2943 2944/2944 2945/2945
f 2943/2943 2945/2945 2946/2946
f 2947/2947 2948/2948 2949/2949
f 2947/2947 2949/2949 2950/2950
f 2951/2951 2952/2952 2953/2953
f 2951/2951 2953/2953 2954/2954
f 2955/2955 2956/2956 2957/2957
f 2955/2955 2957/2957 2958/2958
f 2959/2959 2960/2960 2961/2961
f 2959/2959 2961/2961 2962/2962
f 2963/2963 2964/2964 2965/2965
f 2963/2963 2965/2965 2966/2966
f 2967/2967 2968/2968 2969/2969
f 2967/2967 2969/2969 2970/2970
f 2971/2971 2972/2972 2973/2973
f 2971/2971 2973/2973 2974/2974
f 2975/2975 2976/2976 2977/2977
f 2975/2975 2977/2977 2978/2978
f 1812/1812 1811/1811 1738/1738
f 1812/1812 1738/1738 1737/1737
f 2979/2979 2980/2980 2981/2981
f 2979/2979 2981/2981 2982/2982
f 2983/2983 3013/3013 3014/3014
f 3013/3013 2983/2983 3012/3012
f 3012/3012 2983/2983 2984/2984
f 3012/3012 2984/2984 3011/3011
f 3011/3011 2984/2984 2985/2985
f 3011/3011 2985/2985 2986/2986
f 3011/3011 2986/2986 3010/3010
f 3010/3010 2986/2986 2987/2987
f 3010/3010 2987/2987 3009/3009
f 3009/3009 2987/2987 2988/2988
f 3009/3009 2988/2988 3008/3008
f 3008/3008 2988/2988 3007/3007
f 3007/3007 2988/2988 2989/2989
f 3007/3007 2989/2989 3006/3006
f 3006/3006 2989/2989 2990/2990
f 3006/3006 2990/2990 3005/3005
f 3005/3005 2990/2990 2991/2991
f 3005/3005 2991/2991 2992/2992
f 3005/3005 2992/2992 3004/3004
f 3004/3004 2992/2992 2993/2993
f 3004/3004 2993/2993 3003/3003
f 3003/3003 2993/2993 2994/2994
f 3003/3003 2994/2994 3002/3002
f 3002/3002 2994/2994 2995/2995
f 3002/3002 2995/2995 3001/3001
f 3001/3001 2995/2995 3000/3000
f 3000/3000 2995/2995 2996/2996
f 3000/3000 2996/2996 2997/2997
f 3000/3000 2997/2997 2999/2999
f 2999/2999 2997/2997 2998/2998

o FW.011_gray_0
usemtl gray
v -83.14801715 0.92555878 240.47964292
v -83.21510583 0.83912759 240.47964289
v -83.21510583 0.83708051 240.45885837
v -83.14801715 0.92185094 240.44199633
v -83.14801715 0.92185094 240.44199633
v -83.14801714 1.09989994 240.40658036
v -83.14801714 1.10709591 240.47964289
v -83.14801715 0.92555878 240.47964292
v -83.14801715 0.92185096 240.51728949
v -83.21510583 0.83708053 240.50042739
v -83.21510583 0.83912759 240.47964289
v -83.14801715 0.92555878 240.47964292
v -83.14801715 1.09989997 240.55270542
v -83.14801715 0.92185096 240.51728949
v -83.14801716 0.91087001 240.55348897
v -83.21510583 0.83101800 240.52041297
v -83.21510583 0.83708053 240.50042739
v -83.14801715 0.92185096 240.51728949
v -83.14801716 0.89303822 240.58684987
v -83.21510583 0.82117314 240.53883137
v -83.21510583 0.83101800 240.52041297
v -83.14801716 0.91087001 240.55348897
v -83.14801716 0.91087001 240.55348897
v -83.14801715 1.07858855 240.62296014
v -83.14801716 1.04398073 240.68770673
v -83.14801716 0.89303822 240.58684987
v -83.14801715 1.09365499 240.62920089
v -83.14801715 1.19759593 240.67225454
v -83.14801715 1.15108451 240.75927132
v -83.14801716 1.05754020 240.69676689
v -83.14801715 1.11589444 240.55588691
v -83.14801714 1.22623755 240.57783540
v -83.14801715 1.19759593 240.67225454
v -83.14801715 1.09365499 240.62920089
v -83.14801714 1.11589444 240.40339887
v -83.14801713 1.22623755 240.38145036
v -83.14801714 1.23590860 240.47964288
v -83.14801714 1.12340375 240.47964288
v -83.14801714 1.09365496 240.33008485
v -83.14801713 1.19759590 240.28703113
v -83.14801713 1.22623755 240.38145036
v -83.14801714 1.11589444 240.40339887
v -83.14801714 1.05754011 240.26251881
v -83.14801713 1.15108441 240.20001441
v -83.14801713 1.19759590 240.28703113
v -83.14801714 1.09365496 240.33008485
v -83.14801714 1.00893755 240.20329665
v -83.14801713 1.08849040 240.12374370
v -83.14801713 1.15108441 240.20001441
v -83.14801714 1.05754011 240.26251881
v -83.14801714 0.94971472 240.15469368
v -83.14801713 1.01221912 240.06114941
v -83.14801714 0.88214832 240.11857857
v -83.14801713 0.92520210 240.01463773
v -83.14801715 0.69494450 240.29038262
v -83.14801715 0.65952839 240.11233369
v -83.14801714 0.73259079 240.10513765
v -83.14801715 0.73259080 240.28667478
v -83.14801716 0.65874550 240.30136349
v -83.14801715 0.58927413 240.13364505
v -83.14801715 0.65952839 240.11233369
v -83.14801715 0.69494450 240.29038262
v -83.14801715 0.73259080 240.28667478
v -83.21510583 0.73259081 240.37310602
v -83.21510583 0.71180645 240.37515310
v -83.14801715 0.69494450 240.29038262
v -83.14801715 0.69494450 240.29038262
v -83.21510583 0.71180645 240.37515310
v -83.21510583 0.69182114 240.38121559
v -83.14801716 0.65874550 240.30136349
v -83.14801716 0.65874550 240.30136349
v -83.21510583 0.69182114 240.38121559
v -83.21510583 0.67340236 240.39106065
v -83.14801716 0.62538390 240.31919565
v -83.14801716 0.62538390 240.31919565
v -83.21510583 0.67340236 240.39106065
v -83.21510583 0.65725774 240.40431022
v -83.14801716 0.59614146 240.34319434
v -83.14801716 0.62538390 240.31919565
v -83.14801716 0.52452718 240.16825315
v -83.14801715 0.58927413 240.13364505
v -83.14801716 0.65874550 240.30136349
v -83.14801716 0.59614146 240.34319434
v -83.14801716 0.46777548 240.21482809
v -83.14801716 0.52452718 240.16825315
v -83.14801716 0.62538390 240.31919565
v -83.14801716 0.57214351 240.37243576
v -83.14801716 0.42120101 240.27157897
v -83.14801716 0.46777548 240.21482809
v -83.14801716 0.59614146 240.34319434
v -83.14801716 0.55431170 240.40579676
v -83.14801717 0.38659326 240.33632558
v -83.14801716 0.42120101 240.27157897
v -83.14801716 0.57214351 240.37243576
v -83.14801716 0.59614146 240.34319434
v -83.21510583 0.65725774 240.40431022
v -83.21510583 0.64400856 240.42045428
v -83.14801716 0.57214351 240.37243576
v -83.14801716 0.57214351 240.37243576
v -83.21510583 0.64400856 240.42045428
v -83.21510583 0.63416371 240.43887274
v -83.14801716 0.55431170 240.40579676
v -83.14801716 0.55431170 240.40579676
v -83.21510583 0.63416371 240.43887274
v -83.21510584 0.62810112 240.45885844
v -83.14801717 0.54333066 240.44199646
v -83.14801717 0.54333066 240.44199646
v -83.21510584 0.62810112 240.45885844
v -83.21510584 0.62605403 240.47964280
v -83.14801717 0.53962283 240.47964276
v -83.14801717 0.54333066 240.44199646
v -83.14801717 0.36528171 240.40658041
v -83.14801717 0.38659326 240.33632558
v -83.14801716 0.55431170 240.40579676
v -83.14801717 0.53962283 240.47964276
v -83.14801718 0.35808573 240.47964281
v -83.14801717 0.36528171 240.40658041
v -83.14801717 0.54333066 240.44199646
v -83.14801717 0.54333072 240.51728927
v -83.14801718 0.36528177 240.55270531
v -83.14801718 0.35808573 240.47964281
v -83.14801717 0.53962283 240.47964276
v -83.14801717 0.55431169 240.55348885
v -83.14801718 0.38659323 240.62296006
v -83.14801718 0.36528177 240.55270531
v -83.14801717 0.54333072 240.51728927
v -83.14801717 0.53962283 240.47964276
v -83.21510584 0.62605403 240.47964280
v -83.21510584 0.62810114 240.50042727
v -83.14801717 0.54333072 240.51728927
v -83.14801717 0.54333072 240.51728927
v -83.21510584 0.62810114 240.50042727
v -83.21510584 0.63416370 240.52041290
v -83.14801717 0.55431169 240.55348885
v -83.14801717 0.55431169 240.55348885
v -83.21510584 0.63416370 240.52041290
v -83.21510584 0.64400864 240.53883149
v -83.14801717 0.57214362 240.58685006
v -83.14801717 0.57214362 240.58685006
v -83.21510584 0.64400864 240.53883149
v -83.21510584 0.65725783 240.55497563
v -83.14801717 0.59614163 240.61609164
v -83.14801717 0.57214362 240.58685006
v -83.14801718 0.42120114 240.68770683
v -83.14801717 0.59614163 240.61609164
v -83.14801718 0.46777556 240.74445783
v -83.14801718 0.42120114 240.68770683
v -83.14801717 0.57214362 240.58685006
v -83.14801718 0.40764167 240.69676698
v -83.14801719 0.31409740 240.75927138
v -83.14801719 0.26758588 240.67225451
v -83.14801718 0.37152675 240.62920081
v -83.14801718 0.45624420 240.75598921
v -83.14801719 0.37669131 240.83554216
v -83.14801719 0.31409740 240.75927138
v -83.14801718 0.40764167 240.69676698
v -83.16890509 0.30343347 240.76639682
v -83.16890509 0.28334141 240.77982191
v -83.16890509 0.23341166 240.68640993
v -83.16890509 0.25573675 240.67716258
v -83.16890509 0.36762237 240.84461109
v -83.16890509 0.35053549 240.86169798
v -83.16890509 0.28334141 240.77982191
v -83.16890509 0.30343347 240.76639682
v -83.16890509 0.44583709 240.90880029
v -83.16890509 0.43241197 240.92889234
v -83.16890509 0.53507135 240.95649710
v -83.16890509 0.52582398 240.97882222
v -83.16890508 0.63189611 240.98586858
v -83.16890508 0.62718186 241.00956877
v -83.16890509 0.52582398 240.97882222
v -83.16890509 0.53507135 240.95649710
v -83.16890508 0.73259082 240.99578605
v -83.16890508 0.73259082 241.01995059
v -83.16890508 0.62718186 241.00956877
v -83.16890508 0.63189611 240.98586858
v -83.16890507 0.83328551 240.98586858
v -83.16890507 0.83799977 241.00956877
v -83.16890508 0.73259082 241.01995059
v -83.16890508 0.73259082 240.99578605
v -83.16890507 0.93011021 240.95649716
v -83.16890507 0.93935759 240.97882225
v -83.16890507 0.83799977 241.00956877
v -83.16890507 0.83328551 240.98586858
v -83.16890506 1.01934437 240.90880029
v -83.16890506 1.03276948 240.92889234
v -83.16890507 0.93935759 240.97882225
v -83.16890507 0.93011021 240.95649716
v -83.16890506 1.09755943 240.84461090
v -83.16890506 1.11464629 240.86169782
v -83.14801716 1.00893767 240.75598896
v -83.14801716 1.08849050 240.83554194
v -83.14801717 1.01221896 240.89813636
v -83.14801716 0.94971454 240.80459212
v -83.14801716 1.05754020 240.69676689
v -83.14801715 1.15108451 240.75927132
v -83.14801717 0.88214832 240.84070719
v -83.14801717 0.92520213 240.94464803
v -83.14801718 0.83078341 240.97328959
v -83.14801717 0.80883490 240.86294651
v -83.14801716 0.94971454 240.80459212
v -83.14801717 1.01221896 240.89813636
v -83.14801717 0.92520213 240.94464803
v -83.14801717 0.88214832 240.84070719
v -83.14801718 0.73259082 240.98296061
v -83.14801718 0.73259082 240.87045583
v -83.14801718 0.51546690 240.80459209
v -83.14801719 0.45296250 240.89813636
v -83.14801719 0.37669131 240.83554216
v -83.14801718 0.45624420 240.75598921
v -83.14801718 0.58303319 240.84070710
v -83.14801719 0.53997942 240.94464800
v -83.14801718 0.65634674 240.86294651
v -83.14801719 0.63439823 240.97328959
v -83.14801718 0.73259082 240.87045583
v -83.14801718 0.73259082 240.98296061
v -83.14801719 0.63439823 240.97328959
v -83.14801718 0.65634674 240.86294651
v -83.14801717 0.73259082 240.67261087
v -83.14801718 0.73259082 240.85414802
v -83.14801718 0.65952824 240.84695201
v -83.14801717 0.69494428 240.66890303
v -83.14801717 0.77023740 240.66890305
v -83.14801717 0.80565342 240.84695201
v -83.14801718 0.73259082 240.85414802
v -83.14801717 0.73259082 240.67261087
v -83.14801717 0.69494428 240.66890303
v -83.21510584 0.71180633 240.58413258
v -83.21510584 0.73259082 240.58617966
v -83.14801717 0.73259082 240.67261087
v -83.14801717 0.73259082 240.67261087
v -83.21510584 0.73259082 240.58617966
v -83.21510584 0.75337534 240.58413258
v -83.14801717 0.77023740 240.66890305
v -83.14801717 0.77023740 240.66890305
v -83.21510584 0.75337534 240.58413258
v -83.21510583 0.77336052 240.57807015
v -83.14801716 0.80643617 240.65792229
v -83.14801716 0.80643617 240.65792229
v -83.21510583 0.77336052 240.57807015
v -83.21510583 0.79177923 240.56822509
v -83.14801716 0.83979760 240.64009012
v -83.14801716 0.80643617 240.65792229
v -83.14801717 0.87590756 240.82564072
v -83.14801717 0.80565342 240.84695201
v -83.14801717 0.77023740 240.66890305
v -83.14801716 0.83979760 240.64009012
v -83.14801716 0.94065440 240.79103265
v -83.14801717 0.87590756 240.82564072
v -83.14801716 0.80643617 240.65792229
v -83.14801716 0.83979760 240.64009012
v -83.21510583 0.79177923 240.56822509
v -83.21510583 0.80792401 240.55497540
v -83.14801716 0.86904033 240.61609123
v -83.14801716 0.86904033 240.61609123
v -83.14801716 0.99740631 240.74445756
v -83.14801716 0.94065440 240.79103265
v -83.14801716 0.83979760 240.64009012
v -83.14801716 0.86904033 240.61609123
v -83.21510583 0.80792401 240.55497540
v -83.21510583 0.82117314 240.53883137
v -83.14801716 0.89303822 240.58684987
v -83.14801716 0.89303822 240.58684987
v -83.14801716 1.04398073 240.68770673
v -83.14801716 0.99740631 240.74445756
v -83.14801716 0.86904033 240.61609123
v -83.14801717 0.65874526 240.65792219
v -83.21510584 0.69182101 240.57807010
v -83.21510584 0.71180633 240.58413258
v -83.14801717 0.69494428 240.66890303
v -83.14801717 0.62538377 240.64009005
v -83.21510584 0.67340228 240.56822505
v -83.21510584 0.69182101 240.57807010
v -83.14801717 0.65874526 240.65792219
v -83.14801717 0.65874526 240.65792219
v -83.14801718 0.58927394 240.82564065
v -83.14801718 0.52452705 240.79103262
v -83.14801717 0.62538377 240.64009005
v -83.14801717 0.69494428 240.66890303
v -83.14801718 0.65952824 240.84695201
v -83.14801718 0.58927394 240.82564065
v -83.14801717 0.65874526 240.65792219
v -83.14801717 0.59614163 240.61609164
v -83.21510584 0.65725783 240.55497563
v -83.21510584 0.67340228 240.56822505
v -83.14801717 0.62538377 240.64009005
v -83.14801717 0.62538377 240.64009005
v -83.14801718 0.52452705 240.79103262
v -83.14801718 0.46777556 240.74445783
v -83.14801717 0.59614163 240.61609164
v -83.16890505 1.16174844 240.76639676
v -83.16890505 1.18184049 240.77982188
v -83.16890506 1.11464629 240.86169782
v -83.16890506 1.09755943 240.84461090
v -83.16890504 1.20944506 240.67716260
v -83.16890504 1.23177014 240.68640995
v -83.16890505 1.18184049 240.77982188
v -83.16890505 1.16174844 240.76639676
v -83.16890504 1.23881651 240.58033750
v -83.16890504 1.26251673 240.58505177
v -83.16890504 1.23177014 240.68640995
v -83.16890504 1.20944506 240.67716260
v -83.16890503 1.24873404 240.47964288
v -83.16890503 1.27289858 240.47964288
v -83.16890504 1.26251673 240.58505177
v -83.16890504 1.23881651 240.58033750
v -83.16890503 1.23881651 240.37894825
v -83.16890503 1.26251673 240.37423401
v -83.16890503 1.20944499 240.28212307
v -83.16890502 1.23177011 240.27287572
v -83.16890503 1.26251673 240.37423401
v -83.16890503 1.23881651 240.37894825
v -83.16890502 1.16174834 240.19288898
v -83.16890502 1.18184039 240.17946386
v -83.16890502 1.23177011 240.27287572
v -83.16890503 1.20944499 240.28212307
v -83.16890502 1.09755934 240.11467473
v -83.16890502 1.11464622 240.09758782
v -83.16890502 1.18184039 240.17946386
v -83.16890502 1.16174834 240.19288898
v -83.16890502 1.01934456 240.05048548
v -83.16890502 1.03276968 240.03039342
v -83.16890503 0.93011018 240.00278860
v -83.16890502 0.93935753 239.98046351
v -83.16890503 0.83328544 239.97341715
v -83.16890503 0.83799970 239.94971692
v -83.16890502 0.93935753 239.98046351
v -83.16890503 0.93011018 240.00278860
v -83.16890503 0.73259078 239.96349965
v -83.16890503 0.73259078 239.93933508
v -83.16890503 0.83799970 239.94971692
v -83.16890503 0.83328544 239.97341715
v -83.14801714 0.80883478 240.09633919
v -83.14801713 0.83078333 239.98599611
v -83.14801714 0.73259079 240.08882984
v -83.14801714 0.73259078 239.97632506
v -83.14801713 0.83078333 239.98599611
v -83.14801714 0.80883478 240.09633919
v -83.14801715 0.65634689 240.09633919
v -83.14801714 0.63439831 239.98599611
v -83.14801714 0.73259078 239.97632506
v -83.14801714 0.73259079 240.08882984
v -83.14801715 0.58303338 240.11857857
v -83.14801715 0.53997958 240.01463773
v -83.14801714 0.63439831 239.98599611
v -83.14801715 0.65634689 240.09633919
v -83.16890504 0.53507150 240.00278860
v -83.16890504 0.52582414 239.98046351
v -83.16890504 0.62718194 239.94971692
v -83.16890504 0.63189620 239.97341715
v -83.16890505 0.44583719 240.05048548
v -83.16890505 0.43241213 240.03039342
v -83.16890504 0.52582414 239.98046351
v -83.16890504 0.53507150 240.00278860
v -83.16890506 0.36762237 240.11467476
v -83.16890506 0.35053549 240.09758785
v -83.16890505 0.43241213 240.03039342
v -83.16890505 0.44583719 240.05048548
v -83.16890506 0.30343337 240.19288898
v -83.16890506 0.28334132 240.17946386
v -83.14801716 0.45624413 240.20329671
v -83.14801716 0.37669127 240.12374373
v -83.14801715 0.45296263 240.06114941
v -83.14801716 0.51546702 240.15469368
v -83.14801716 0.40764154 240.26251881
v -83.14801717 0.31409730 240.20001441
v -83.14801717 0.37152678 240.33008485
v -83.14801717 0.26758591 240.28703113
v -83.14801717 0.31409730 240.20001441
v -83.14801716 0.40764154 240.26251881
v -83.14801717 0.34928721 240.40339891
v -83.14801718 0.23894416 240.38145037
v -83.14801717 0.26758591 240.28703113
v -83.14801717 0.37152678 240.33008485
v -83.16890507 0.25573681 240.28212307
v -83.16890507 0.23341169 240.27287572
v -83.16890506 0.28334132 240.17946386
v -83.16890506 0.30343337 240.19288898
v -83.16890507 0.22636520 240.37894825
v -83.16890507 0.20266498 240.37423401
v -83.16890507 0.23341169 240.27287572
v -83.16890507 0.25573681 240.28212307
v -83.16890508 0.21644773 240.47964284
v -83.16890508 0.19228320 240.47964285
v -83.16890507 0.20266498 240.37423401
v -83.16890507 0.22636520 240.37894825
v -83.16890508 0.22636523 240.58033743
v -83.16890508 0.20266501 240.58505169
v -83.16890508 0.19228320 240.47964285
v -83.16890508 0.21644773 240.47964284
v -83.16890509 0.25573675 240.67716258
v -83.16890509 0.23341166 240.68640993
v -83.16890508 0.20266501 240.58505169
v -83.16890508 0.22636523 240.58033743
v -83.14801718 0.34177790 240.47964281
v -83.14801718 0.22927315 240.47964284
v -83.14801718 0.23894416 240.38145037
v -83.14801717 0.34928721 240.40339891
v -83.14801718 0.34928727 240.55588680
v -83.14801719 0.23894423 240.57783533
v -83.14801718 0.22927315 240.47964284
v -83.14801718 0.34177790 240.47964281
v -83.14801718 0.37152675 240.62920081
v -83.14801719 0.26758588 240.67225451
v -83.14801719 0.23894423 240.57783533
v -83.14801718 0.34928727 240.55588680
v -83.14801716 0.51546702 240.15469368
v -83.14801715 0.45296263 240.06114941
v -83.14801715 0.53997958 240.01463773
v -83.14801715 0.58303338 240.11857857
v -83.16890504 0.63189620 239.97341715
v -83.16890504 0.62718194 239.94971692
v -83.16890503 0.73259078 239.93933508
v -83.16890503 0.73259078 239.96349965
v -83.14801715 0.77023718 240.29038262
v -83.21510583 0.75337522 240.37515310
v -83.21510583 0.73259081 240.37310602
v -83.14801715 0.73259080 240.28667478
v -83.14801715 0.80643624 240.30136348
v -83.21510583 0.77336056 240.38121558
v -83.21510583 0.75337522 240.37515310
v -83.14801715 0.77023718 240.29038262
v -83.14801715 0.77023718 240.29038262
v -83.14801714 0.80565327 240.11233369
v -83.14801714 0.87590756 240.13364505
v -83.14801715 0.80643624 240.30136348
v -83.14801715 0.73259080 240.28667478
v -83.14801714 0.73259079 240.10513765
v -83.14801714 0.80565327 240.11233369
v -83.14801715 0.77023718 240.29038262
v -83.14801715 0.83979780 240.31919563
v -83.21510583 0.79177934 240.39106064
v -83.21510583 0.77336056 240.38121558
v -83.14801715 0.80643624 240.30136348
v -83.14801714 0.94065458 240.16825315
v -83.14801715 0.83979780 240.31919563
v -83.14801715 0.86904014 240.34319423
v -83.21510583 0.80792391 240.40431016
v -83.21510583 0.79177934 240.39106064
v -83.14801715 0.83979780 240.31919563
v -83.14801715 0.83979780 240.31919563
v -83.14801714 0.94065458 240.16825315
v -83.14801714 0.99740620 240.21482805
v -83.14801715 0.86904014 240.34319423
v -83.14801715 0.89303811 240.37243578
v -83.21510583 0.82117308 240.42045429
v -83.21510583 0.80792391 240.40431016
v -83.14801715 0.86904014 240.34319423
v -83.14801715 0.91086996 240.40579677
v -83.21510583 0.83101797 240.43887275
v -83.21510583 0.82117308 240.42045429
v -83.14801715 0.89303811 240.37243578
v -83.14801715 0.89303811 240.37243578
v -83.14801714 1.04398064 240.27157897
v -83.14801714 1.07858848 240.33632558
v -83.14801715 0.91086996 240.40579677
v -83.14801715 0.86904014 240.34319423
v -83.14801714 0.99740620 240.21482805
v -83.14801714 1.04398064 240.27157897
v -83.14801715 0.89303811 240.37243578
v -83.14801715 0.92185094 240.44199633
v -83.21510583 0.83708051 240.45885837
v -83.21510583 0.83101797 240.43887275
v -83.14801715 0.91086996 240.40579677
v -83.14801714 1.12340375 240.47964288
v -83.14801714 1.23590860 240.47964288
v -83.14801714 1.22623755 240.57783540
v -83.14801715 1.11589444 240.55588691
v -83.21510583 0.83708051 240.45885837
v -83.21510583 0.83912759 240.47964289
v -83.21510583 0.83708053 240.50042739
v -83.21510583 0.83101800 240.52041297
v -83.21510583 0.82117314 240.53883137
v -83.21510583 0.80792401 240.55497540
v -83.21510583 0.79177923 240.56822509
v -83.21510583 0.77336052 240.57807015
v -83.21510584 0.75337534 240.58413258
v -83.21510584 0.73259082 240.58617966
v -83.21510584 0.71180633 240.58413258
v -83.21510584 0.69182101 240.57807010
v -83.21510584 0.67340228 240.56822505
v -83.21510584 0.65725783 240.55497563
v -83.21510584 0.64400864 240.53883149
v -83.21510584 0.63416370 240.52041290
v -83.21510584 0.62810114 240.50042727
v -83.21510584 0.62605403 240.47964280
v -83.21510584 0.62810112 240.45885844
v -83.21510583 0.63416371 240.43887274
v -83.21510583 0.64400856 240.42045428
v -83.21510583 0.65725774 240.40431022
v -83.21510583 0.67340236 240.39106065
v -83.21510583 0.69182114 240.38121559
v -83.21510583 0.71180645 240.37515310
v -83.21510583 0.73259081 240.37310602
v -83.21510583 0.75337522 240.37515310
v -83.21510583 0.77336056 240.38121558
v -83.21510583 0.79177934 240.39106064
v -83.21510583 0.80792391 240.40431016
v -83.21510583 0.82117308 240.42045429
v -83.21510583 0.83101797 240.43887275
vt 0.00000000 1.00000000
vt 0.00000000 1.00000000
vt 0.00000000 1.00000000
vt 0.00000000 1.00000000
vt 0.00000000 1.00000000
vt 0.00000000 1.00000000
vt 0.00000000 1.00000000
vt 0.00000000 1.00000000
vt 0.00000000 1.00000000
vt 0.00000000 1.00000000
vt 0.00000000 1.00000000
vt 0.00000000 1.00000000
vt 0.00000000 1.00000000
vt 0.00000000 1.00000000
vt 0.00000000 1.00000000
vt 0.00000000 1.00000000
vt 0.00000000 1.00000000
vt 0.00000000 1.00000000
vt 0.00000000 1.00000000
vt 0.00000000 1.00000000
vt 0.00000000 1.00000000
vt 0.00000000 1.00000000
vt 0.00000000 1.00000000
vt 0.00000000 1.00000000
vt 0.00000000 1.00000000
vt 0.00000000 1.00000000
vt 0.00000000 1.00000000
vt 0.00000000 1.00000000
vt 0.00000000 1.00000000
vt 0.00000000 1.00000000
vt 0.00000000 1.00000000
vt 0.00000000 1.00000000
vt 0.00000000 1.00000000
vt 0.00000000 1.00000000
vt 0.00000000 1.00000000
vt 0.00000000 1.00000000
vt 0.00000000 1.00000000
vt 0.00000000 1.00000000
vt 0.00000000 1.00000000
vt 0.00000000 1.00000000
vt 0.00000000 1.00000000
vt 0.00000000 1.00000000
vt 0.00000000 1.00000000
vt 0.00000000 1.00000000
vt 0.00000000 1.00000000
vt 0.00000000 1.00000000
vt 0.00000000 1.00000000
vt 0.00000000 1.00000000
vt 0.00000000 1.00000000
vt 0.00000000 1.00000000
vt 0.00000000 1.00000000
vt 0.00000000 1.00000000
vt 0.00000000 1.00000000
vt 0.00000000 1.00000000
vt 0.00000000 1.00000000
vt 0.00000000 1.00000000
vt 0.00000000 1.00000000
vt 0.00000000 1.00000000
vt 0.00000000 1.00000000
vt 0.00000000 1.00000000
vt 0.00000000 1.00000000
vt 0.00000000 1.00000000
vt 0.00000000 1.00000000
vt 0.00000000 1.00000000
vt 0.00000000 1.00000000
vt 0.00000000 1.00000000
vt 0.00000000 1.00000000
vt 0.00000000 1.00000000
vt 0.00000000 1.00000000
vt 0.00000000 1.00000000
vt 0.00000000 1.00000000
vt 0.00000000 1.00000000
vt 0.00000000 1.00000000
vt 0.00000000 1.00000000
vt 0.00000000 1.00000000
vt 0.00000000 1.00000000
vt 0.00000000 1.00000000
vt 0.00000000 1.00000000
vt 0.00000000 1.00000000
vt 0.00000000 1.00000000
vt 0.00000000 1.00000000
vt 0.00000000 1.00000000
vt 0.00000000 1.00000000
vt 0.00000000 1.00000000
vt 0.00000000 1.00000000
vt 0.00000000 1.00000000
vt 0.00000000 1.00000000
vt 0.00000000 1.00000000
vt 0.00000000 1.00000000
vt 0.00000000 1.00000000
vt 0.00000000 1.00000000
vt 0.00000000 1.00000000
vt 0.00000000 1.00000000
vt 0.00000000 1.00000000
vt 0.00000000 1.00000000
vt 0.00000000 1.00000000
vt 0.00000000 1.00000000
vt 0.00000000 1.00000000
vt 0.00000000 1.00000000
vt 0.00000000 1.00000000
vt 0.00000000 1.00000000
vt 0.00000000 1.00000000
vt 0.00000000 1.00000000
vt 0.00000000 1.00000000
vt 0.00000000 1.00000000
vt 0.00000000 1.00000000
vt 0.00000000 1.00000000
vt 0.00000000 1.00000000
vt 0.00000000 1.00000000
vt 0.00000000 1.00000000
vt 0.00000000 1.00000000
vt 0.00000000 1.00000000
vt 0.00000000 1.00000000
vt 0.00000000 1.00000000
vt 0.00000000 1.00000000
vt 0.00000000 1.00000000
vt 0.00000000 1.00000000
vt 0.00000000 1.00000000
vt 0.00000000 1.00000000
vt 0.00000000 1.00000000
vt 0.00000000 1.00000000
vt 0.00000000 1.00000000
vt 0.00000000 1.00000000
vt 0.00000000 1.00000000
vt 0.00000000 1.00000000
vt 0.00000000 1.00000000
vt 0.00000000 1.00000000
vt 0.00000000 1.00000000
vt 0.00000000 1.00000000
vt 0.00000000 1.00000000
vt 0.00000000 1.00000000
vt 0.00000000 1.00000000
vt 0.00000000 1.00000000
vt 0.00000000 1.00000000
vt 0.00000000 1.00000000
vt 0.00000000 1.00000000
vt 0.00000000 1.00000000
vt 0.00000000 1.00000000
vt 0.00000000 1.00000000
vt 0.00000000 1.00000000
vt 0.00000000 1.00000000
vt 0.00000000 1.00000000
vt 0.00000000 1.00000000
vt 0.00000000 1.00000000
vt 0.00000000 1.00000000
vt 0.00000000 1.00000000
vt 0.00000000 1.00000000
vt 0.00000000 1.00000000
vt 0.00000000 1.00000000
vt 0.00000000 1.00000000
vt 0.00000000 1.00000000
vt 0.00000000 1.00000000
vt 0.00000000 1.00000000
vt 0.00000000 1.00000000
vt 0.00000000 1.00000000
vt 0.00000000 1.00000000
vt 0.00000000 1.00000000
vt 0.00000000 1.00000000
vt 0.00000000 1.00000000
vt 0.00000000 1.00000000
vt 0.00000000 1.00000000
vt 0.00000000 1.00000000
vt 0.00000000 1.00000000
vt 0.00000000 1.00000000
vt 0.00000000 1.00000000
vt 0.00000000 1.00000000
vt 0.00000000 1.00000000
vt 0.00000000 1.00000000
vt 0.00000000 1.00000000
vt 0.00000000 1.00000000
vt 0.00000000 1.00000000
vt 0.00000000 1.00000000
vt 0.00000000 1.00000000
vt 0.00000000 1.00000000
vt 0.00000000 1.00000000
vt 0.00000000 1.00000000
vt 0.00000000 1.00000000
vt 0.00000000 1.00000000
vt 0.00000000 1.00000000
vt 0.00000000 1.00000000
vt 0.00000000 1.00000000
vt 0.00000000 1.00000000
vt 0.00000000 1.00000000
vt 0.00000000 1.00000000
vt 0.00000000 1.00000000
vt 0.00000000 1.00000000
vt 0.00000000 1.00000000
vt 0.00000000 1.00000000
vt 0.00000000 1.00000000
vt 0.00000000 1.00000000
vt 0.00000000 1.00000000
vt 0.00000000 1.00000000
vt 0.00000000 1.00000000
vt 0.00000000 1.00000000
vt 0.00000000 1.00000000
vt 0.00000000 1.00000000
vt 0.00000000 1.00000000
vt 0.00000000 1.00000000
vt 0.00000000 1.00000000
vt 0.00000000 1.00000000
vt 0.00000000 1.00000000
vt 0.00000000 1.00000000
vt 0.00000000 1.00000000
vt 0.00000000 1.00000000
vt 0.00000000 1.00000000
vt 0.00000000 1.00000000
vt 0.00000000 1.00000000
vt 0.00000000 1.00000000
vt 0.00000000 1.00000000
vt 0.00000000 1.00000000
vt 0.00000000 1.00000000
vt 0.00000000 1.00000000
vt 0.00000000 1.00000000
vt 0.00000000 1.00000000
vt 0.00000000 1.00000000
vt 0.00000000 1.00000000
vt 0.00000000 1.00000000
vt 0.00000000 1.00000000
vt 0.00000000 1.00000000
vt 0.00000000 1.00000000
vt 0.00000000 1.00000000
vt 0.00000000 1.00000000
vt 0.00000000 1.00000000
vt 0.00000000 1.00000000
vt 0.00000000 1.00000000
vt 0.00000000 1.00000000
vt 0.00000000 1.00000000
vt 0.00000000 1.00000000
vt 0.00000000 1.00000000
vt 0.00000000 1.00000000
vt 0.00000000 1.00000000
vt 0.00000000 1.00000000
vt 0.00000000 1.00000000
vt 0.00000000 1.00000000
vt 0.00000000 1.00000000
vt 0.00000000 1.00000000
vt 0.00000000 1.00000000
vt 0.00000000 1.00000000
vt 0.00000000 1.00000000
vt 0.00000000 1.00000000
vt 0.00000000 1.00000000
vt 0.00000000 1.00000000
vt 0.00000000 1.00000000
vt 0.00000000 1.00000000
vt 0.00000000 1.00000000
vt 0.00000000 1.00000000
vt 0.00000000 1.00000000
vt 0.00000000 1.00000000
vt 0.00000000 1.00000000
vt 0.00000000 1.00000000
vt 0.00000000 1.00000000
vt 0.00000000 1.00000000
vt 0.00000000 1.00000000
vt 0.00000000 1.00000000
vt 0.00000000 1.00000000
vt 0.00000000 1.00000000
vt 0.00000000 1.00000000
vt 0.00000000 1.00000000
vt 0.00000000 1.00000000
vt 0.00000000 1.00000000
vt 0.00000000 1.00000000
vt 0.00000000 1.00000000
vt 0.00000000 1.00000000
vt 0.00000000 1.00000000
vt 0.00000000 1.00000000
vt 0.00000000 1.00000000
vt 0.00000000 1.00000000
vt 0.00000000 1.00000000
vt 0.00000000 1.00000000
vt 0.00000000 1.00000000
vt 0.00000000 1.00000000
vt 0.00000000 1.00000000
vt 0.00000000 1.00000000
vt 0.00000000 1.00000000
vt 0.00000000 1.00000000
vt 0.00000000 1.00000000
vt 0.00000000 1.00000000
vt 0.00000000 1.00000000
vt 0.00000000 1.00000000
vt 0.00000000 1.00000000
vt 0.00000000 1.00000000
vt 0.00000000 1.00000000
vt 0.00000000 1.00000000
vt 0.00000000 1.00000000
vt 0.00000000 1.00000000
vt 0.00000000 1.00000000
vt 0.00000000 1.00000000
vt 0.00000000 1.00000000
vt 0.00000000 1.00000000
vt 0.00000000 1.00000000
vt 0.00000000 1.00000000
vt 0.00000000 1.00000000
vt 0.00000000 1.00000000
vt 0.00000000 1.00000000
vt 0.00000000 1.00000000
vt 0.00000000 1.00000000
vt 0.00000000 1.00000000
vt 0.00000000 1.00000000
vt 0.00000000 1.00000000
vt 0.00000000 1.00000000
vt 0.00000000 1.00000000
vt 0.00000000 1.00000000
vt 0.00000000 1.00000000
vt 0.00000000 1.00000000
vt 0.00000000 1.00000000
vt 0.00000000 1.00000000
vt 0.00000000 1.00000000
vt 0.00000000 1.00000000
vt 0.00000000 1.00000000
vt 0.00000000 1.00000000
vt 0.00000000 1.00000000
vt 0.00000000 1.00000000
vt 0.00000000 1.00000000
vt 0.00000000 1.00000000
vt 0.00000000 1.00000000
vt 0.00000000 1.00000000
vt 0.00000000 1.00000000
vt 0.00000000 1.00000000
vt 0.00000000 1.00000000
vt 0.00000000 1.00000000
vt 0.00000000 1.00000000
vt 0.00000000 1.00000000
vt 0.00000000 1.00000000
vt 0.00000000 1.00000000
vt 0.00000000 1.00000000
vt 0.00000000 1.00000000
vt 0.00000000 1.00000000
vt 0.00000000 1.00000000
vt 0.00000000 1.00000000
vt 0.00000000 1.00000000
vt 0.00000000 1.00000000
vt 0.00000000 1.00000000
vt 0.00000000 1.00000000
vt 0.00000000 1.00000000
vt 0.00000000 1.00000000
vt 0.00000000 1.00000000
vt 0.00000000 1.00000000
vt 0.00000000 1.00000000
vt 0.00000000 1.00000000
vt 0.00000000 1.00000000
vt 0.00000000 1.00000000
vt 0.00000000 1.00000000
vt 0.00000000 1.00000000
vt 0.00000000 1.00000000
vt 0.00000000 1.00000000
vt 0.00000000 1.00000000
vt 0.00000000 1.00000000
vt 0.00000000 1.00000000
vt 0.00000000 1.00000000
vt 0.00000000 1.00000000
vt 0.00000000 1.00000000
vt 0.00000000 1.00000000
vt 0.00000000 1.00000000
vt 0.00000000 1.00000000
vt 0.00000000 1.00000000
vt 0.00000000 1.00000000
vt 0.00000000 1.00000000
vt 0.00000000 1.00000000
vt 0.00000000 1.00000000
vt 0.00000000 1.00000000
vt 0.00000000 1.00000000
vt 0.00000000 1.00000000
vt 0.00000000 1.00000000
vt 0.00000000 1.00000000
vt 0.00000000 1.00000000
vt 0.00000000 1.00000000
vt 0.00000000 1.00000000
vt 0.00000000 1.00000000
vt 0.00000000 1.00000000
vt 0.00000000 1.00000000
vt 0.00000000 1.00000000
vt 0.00000000 1.00000000
vt 0.00000000 1.00000000
vt 0.00000000 1.00000000
vt 0.00000000 1.00000000
vt 0.00000000 1.00000000
vt 0.00000000 1.00000000
vt 0.00000000 1.00000000
vt 0.00000000 1.00000000
vt 0.00000000 1.00000000
vt 0.00000000 1.00000000
vt 0.00000000 1.00000000
vt 0.00000000 1.00000000
vt 0.00000000 1.00000000
vt 0.00000000 1.00000000
vt 0.00000000 1.00000000
vt 0.00000000 1.00000000
vt 0.00000000 1.00000000
vt 0.00000000 1.00000000
vt 0.00000000 1.00000000
vt 0.00000000 1.00000000
vt 0.00000000 1.00000000
vt 0.00000000 1.00000000
vt 0.00000000 1.00000000
vt 0.00000000 1.00000000
vt 0.00000000 1.00000000
vt 0.00000000 1.00000000
vt 0.00000000 1.00000000
vt 0.00000000 1.00000000
vt 0.00000000 1.00000000
vt 0.00000000 1.00000000
vt 0.00000000 1.00000000
vt 0.00000000 1.00000000
vt 0.00000000 1.00000000
vt 0.00000000 1.00000000
vt 0.00000000 1.00000000
vt 0.00000000 1.00000000
vt 0.00000000 1.00000000
vt 0.00000000 1.00000000
vt 0.00000000 1.00000000
vt 0.00000000 1.00000000
vt 0.00000000 1.00000000
vt 0.00000000 1.00000000
vt 0.00000000 1.00000000
vt 0.00000000 1.00000000
vt 0.00000000 1.00000000
vt 0.00000000 1.00000000
vt 0.00000000 1.00000000
vt 0.00000000 1.00000000
vt 0.00000000 1.00000000
vt 0.00000000 1.00000000
vt 0.00000000 1.00000000
vt 0.00000000 1.00000000
vt 0.00000000 1.00000000
vt 0.00000000 1.00000000
vt 0.00000000 1.00000000
vt 0.00000000 1.00000000
vt 0.00000000 1.00000000
vt 0.00000000 1.00000000
vt 0.00000000 1.00000000
vt 0.00000000 1.00000000
vt 0.00000000 1.00000000
vt 0.00000000 1.00000000
vt 0.00000000 1.00000000
vt 0.00000000 1.00000000
vt 0.00000000 1.00000000
vt 0.00000000 1.00000000
vt 0.00000000 1.00000000
vt 0.00000000 1.00000000
vt 0.00000000 1.00000000
vt 0.00000000 1.00000000
vt 0.00000000 1.00000000
vt 0.00000000 1.00000000
vt 0.00000000 1.00000000
vt 0.00000000 1.00000000
vt 0.00000000 1.00000000
vt 0.00000000 1.00000000
vt 0.00000000 1.00000000
vt 0.00000000 1.00000000
vt 0.00000000 1.00000000
vt 0.00000000 1.00000000
vt 0.00000000 1.00000000
vt 0.00000000 1.00000000
vt 0.00000000 1.00000000
vt 0.00000000 1.00000000
vt 0.00000000 1.00000000
vt 0.00000000 1.00000000
vt 0.00000000 1.00000000
vt 0.00000000 1.00000000
vt 0.00000000 1.00000000
vt 0.00000000 1.00000000
vt 0.00000000 1.00000000
vt 0.00000000 1.00000000
vt 0.00000000 1.00000000
vt 0.00000000 1.00000000
vt 0.00000000 1.00000000
vt 0.00000000 1.00000000
vt 0.00000000 1.00000000
vt 0.00000000 1.00000000
vt 0.00000000 1.00000000
vt 0.00000000 1.00000000
vt 0.00000000 1.00000000
vt 0.00000000 1.00000000
vt 0.00000000 1.00000000
vt 0.00000000 1.00000000
vt 0.00000000 1.00000000
vt 0.00000000 1.00000000
vt 0.00000000 1.00000000
vt 0.00000000 1.00000000
vt 0.00000000 1.00000000
vt 0.00000000 1.00000000
vt 0.00000000 1.00000000
vt 0.00000000 1.00000000
vt 0.00000000 1.00000000
vt 0.00000000 1.00000000
vt 0.00000000 1.00000000
vt 0.00000000 1.00000000
vt 0.00000000 1.00000000
vt 0.00000000 1.00000000
vt 0.00000000 1.00000000
vt 0.00000000 1.00000000
vt 0.00000000 1.00000000
vt 0.00000000 1.00000000
vt 0.00000000 1.00000000
vt 0.00000000 1.00000000
vt 0.00000000 1.00000000
vt 0.00000000 1.00000000
vt 0.00000000 1.00000000
vt 0.00000000 1.00000000
vt 0.00000000 1.00000000
f 3015/3015 3016/3016 3017/3017
f 3015/3015 3017/3017 3018/3018
f 3019/3019 3020/3020 3021/3021
f 3019/3019 3021/3021 3022/3022
f 3023/3023 3024/3024 3025/3025
f 3023/3023 3025/3025 3026/3026
f 3022/3022 3021/3021 3027/3027
f 3022/3022 3027/3027 3028/3028
f 3029/3029 3030/3030 3031/3031
f 3029/3029 3031/3031 3032/3032
f 3033/3033 3034/3034 3035/3035
f 3033/3033 3035/3035 3036/3036
f 3037/3037 3038/3038 3039/3039
f 3037/3037 3039/3039 3040/3040
f 3028/3028 3027/3027 3038/3038
f 3028/3028 3038/3038 3037/3037
f 3041/3041 3042/3042 3043/3043
f 3041/3041 3043/3043 3044/3044
f 3045/3045 3046/3046 3047/3047
f 3045/3045 3047/3047 3048/3048
f 3049/3049 3050/3050 3051/3051
f 3049/3049 3051/3051 3052/3052
f 3053/3053 3054/3054 3055/3055
f 3053/3053 3055/3055 3056/3056
f 3057/3057 3058/3058 3059/3059
f 3057/3057 3059/3059 3060/3060
f 3061/3061 3062/3062 3063/3063
f 3061/3061 3063/3063 3064/3064
f 3065/3065 3066/3066 3062/3062
f 3065/3065 3062/3062 3061/3061
f 3067/3067 3068/3068 3066/3066
f 3067/3067 3066/3066 3065/3065
f 3069/3069 3070/3070 3071/3071
f 3069/3069 3071/3071 3072/3072
f 3073/3073 3074/3074 3075/3075
f 3073/3073 3075/3075 3076/3076
f 3077/3077 3078/3078 3079/3079
f 3077/3077 3079/3079 3080/3080
f 3081/3081 3082/3082 3083/3083
f 3081/3081 3083/3083 3084/3084
f 3085/3085 3086/3086 3087/3087
f 3085/3085 3087/3087 3088/3088
f 3089/3089 3090/3090 3091/3091
f 3089/3089 3091/3091 3092/3092
f 3093/3093 3094/3094 3095/3095
f 3093/3093 3095/3095 3096/3096
f 3097/3097 3098/3098 3099/3099
f 3097/3097 3099/3099 3100/3100
f 3101/3101 3102/3102 3103/3103
f 3101/3101 3103/3103 3104/3104
f 3105/3105 3106/3106 3107/3107
f 3105/3105 3107/3107 3108/3108
f 3109/3109 3110/3110 3111/3111
f 3109/3109 3111/3111 3112/3112
f 3113/3113 3114/3114 3115/3115
f 3113/3113 3115/3115 3116/3116
f 3117/3117 3118/3118 3119/3119
f 3117/3117 3119/3119 3120/3120
f 3121/3121 3122/3122 3123/3123
f 3121/3121 3123/3123 3124/3124
f 3125/3125 3126/3126 3127/3127
f 3125/3125 3127/3127 3128/3128
f 3129/3129 3130/3130 3131/3131
f 3129/3129 3131/3131 3132/3132
f 3133/3133 3134/3134 3135/3135
f 3133/3133 3135/3135 3136/3136
f 3137/3137 3138/3138 3139/3139
f 3137/3137 3139/3139 3140/3140
f 3141/3141 3142/3142 3143/3143
f 3141/3141 3143/3143 3144/3144
f 3145/3145 3146/3146 3147/3147
f 3145/3145 3147/3147 3148/3148
f 3149/3149 3150/3150 3151/3151
f 3149/3149 3151/3151 3152/3152
f 3153/3153 3154/3154 3155/3155
f 3153/3153 3155/3155 3156/3156
f 3157/3157 3158/3158 3138/3138
f 3157/3157 3138/3138 3137/3137
f 3159/3159 3160/3160 3161/3161
f 3159/3159 3161/3161 3162/3162
f 3163/3163 3164/3164 3165/3165
f 3163/3163 3165/3165 3166/3166
f 3167/3167 3168/3168 3169/3169
f 3167/3167 3169/3169 3170/3170
f 3171/3171 3172/3172 3173/3173
f 3171/3171 3173/3173 3174/3174
f 3175/3175 3176/3176 3177/3177
f 3175/3175 3177/3177 3178/3178
f 3179/3179 3180/3180 3176/3176
f 3179/3179 3176/3176 3175/3175
f 3181/3181 3182/3182 3180/3180
f 3181/3181 3180/3180 3179/3179
f 3183/3183 3184/3184 3185/3185
f 3183/3183 3185/3185 3186/3186
f 3187/3187 3188/3188 3189/3189
f 3187/3187 3189/3189 3190/3190
f 3191/3191 3192/3192 3193/3193
f 3191/3191 3193/3193 3194/3194
f 3195/3195 3196/3196 3197/3197
f 3195/3195 3197/3197 3198/3198
f 3199/3199 3200/3200 3201/3201
f 3199/3199 3201/3201 3202/3202
f 3203/3203 3204/3204 3200/3200
f 3203/3203 3200/3200 3199/3199
f 3205/3205 3206/3206 3207/3207
f 3205/3205 3207/3207 3208/3208
f 3209/3209 3210/3210 3206/3206
f 3209/3209 3206/3206 3205/3205
f 3211/3211 3212/3212 3213/3213
f 3211/3211 3213/3213 3214/3214
f 3215/3215 3216/3216 3217/3217
f 3215/3215 3217/3217 3218/3218
f 3214/3214 3213/3213 3219/3219
f 3214/3214 3219/3219 3220/3220
f 3221/3221 3222/3222 3223/3223
f 3221/3221 3223/3223 3224/3224
f 3225/3225 3226/3226 3222/3222
f 3225/3225 3222/3222 3221/3221
f 3227/3227 3228/3228 3226/3226
f 3227/3227 3226/3226 3225/3225
f 3229/3229 3230/3230 3231/3231
f 3229/3229 3231/3231 3232/3232
f 3233/3233 3234/3234 3235/3235
f 3233/3233 3235/3235 3236/3236
f 3237/3237 3238/3238 3239/3239
f 3237/3237 3239/3239 3240/3240
f 3241/3241 3242/3242 3243/3243
f 3241/3241 3243/3243 3244/3244
f 3245/3245 3246/3246 3247/3247
f 3245/3245 3247/3247 3248/3248
f 3249/3249 3250/3250 3251/3251
f 3249/3249 3251/3251 3252/3252
f 3253/3253 3254/3254 3255/3255
f 3253/3253 3255/3255 3256/3256
f 3257/3257 3258/3258 3259/3259
f 3257/3257 3259/3259 3260/3260
f 3261/3261 3262/3262 3263/3263
f 3261/3261 3263/3263 3264/3264
f 3265/3265 3266/3266 3267/3267
f 3265/3265 3267/3267 3268/3268
f 3269/3269 3270/3270 3271/3271
f 3269/3269 3271/3271 3272/3272
f 3273/3273 3274/3274 3275/3275
f 3273/3273 3275/3275 3276/3276
f 3277/3277 3278/3278 3279/3279
f 3277/3277 3279/3279 3280/3280
f 3281/3281 3282/3282 3283/3283
f 3281/3281 3283/3283 3284/3284
f 3285/3285 3286/3286 3287/3287
f 3285/3285 3287/3287 3288/3288
f 3289/3289 3290/3290 3291/3291
f 3289/3289 3291/3291 3292/3292
f 3293/3293 3294/3294 3295/3295
f 3293/3293 3295/3295 3296/3296
f 3297/3297 3298/3298 3299/3299
f 3297/3297 3299/3299 3300/3300
f 3301/3301 3302/3302 3303/3303
f 3301/3301 3303/3303 3304/3304
f 3305/3305 3306/3306 3307/3307
f 3305/3305 3307/3307 3308/3308
f 3309/3309 3310/3310 3311/3311
f 3309/3309 3311/3311 3312/3312
f 3313/3313 3314/3314 3315/3315
f 3313/3313 3315/3315 3316/3316
f 3317/3317 3318/3318 3319/3319
f 3317/3317 3319/3319 3320/3320
f 3321/3321 3322/3322 3318/3318
f 3321/3321 3318/3318 3317/3317
f 3323/3323 3324/3324 3325/3325
f 3323/3323 3325/3325 3326/3326
f 3327/3327 3328/3328 3329/3329
f 3327/3327 3329/3329 3330/3330
f 3331/3331 3332/3332 3333/3333
f 3331/3331 3333/3333 3334/3334
f 3335/3335 3336/3336 3332/3332
f 3335/3335 3332/3332 3331/3331
f 3337/3337 3338/3338 3336/3336
f 3337/3337 3336/3336 3335/3335
f 3339/3339 3340/3340 3341/3341
f 3339/3339 3341/3341 3342/3342
f 3343/3343 3344/3344 3345/3345
f 3343/3343 3345/3345 3346/3346
f 3347/3347 3348/3348 3068/3068
f 3347/3347 3068/3068 3067/3067
f 3349/3349 3350/3350 3351/3351
f 3349/3349 3351/3351 3352/3352
f 3353/3353 3354/3354 3355/3355
f 3353/3353 3355/3355 3356/3356
f 3357/3357 3358/3358 3359/3359
f 3357/3357 3359/3359 3360/3360
f 3361/3361 3362/3362 3363/3363
f 3361/3361 3363/3363 3364/3364
f 3365/3365 3366/3366 3367/3367
f 3365/3365 3367/3367 3368/3368
f 3369/3369 3370/3370 3371/3371
f 3369/3369 3371/3371 3372/3372
f 3373/3373 3374/3374 3370/3370
f 3373/3373 3370/3370 3369/3369
f 3375/3375 3376/3376 3377/3377
f 3375/3375 3377/3377 3378/3378
f 3379/3379 3380/3380 3376/3376
f 3379/3379 3376/3376 3375/3375
f 3381/3381 3382/3382 3383/3383
f 3381/3381 3383/3383 3384/3384
f 3385/3385 3386/3386 3387/3387
f 3385/3385 3387/3387 3388/3388
f 3389/3389 3390/3390 3391/3391
f 3389/3389 3391/3391 3392/3392
f 3393/3393 3394/3394 3395/3395
f 3393/3393 3395/3395 3396/3396
f 3397/3397 3398/3398 3399/3399
f 3397/3397 3399/3399 3400/3400
f 3401/3401 3402/3402 3403/3403
f 3401/3401 3403/3403 3404/3404
f 3405/3405 3406/3406 3407/3407
f 3405/3405 3407/3407 3408/3408
f 3409/3409 3410/3410 3411/3411
f 3409/3409 3411/3411 3412/3412
f 3413/3413 3414/3414 3415/3415
f 3413/3413 3415/3415 3416/3416
f 3417/3417 3418/3418 3419/3419
f 3417/3417 3419/3419 3420/3420
f 3421/3421 3422/3422 3423/3423
f 3421/3421 3423/3423 3424/3424
f 3425/3425 3426/3426 3427/3427
f 3425/3425 3427/3427 3428/3428
f 3429/3429 3430/3430 3431/3431
f 3429/3429 3431/3431 3432/3432
f 3433/3433 3434/3434 3435/3435
f 3433/3433 3435/3435 3436/3436
f 3437/3437 3438/3438 3439/3439
f 3437/3437 3439/3439 3440/3440
f 3441/3441 3442/3442 3443/3443
f 3441/3441 3443/3443 3444/3444
f 3445/3445 3446/3446 3447/3447
f 3445/3445 3447/3447 3448/3448
f 3440/3440 3439/3439 3449/3449
f 3440/3440 3449/3449 3450/3450
f 3451/3451 3452/3452 3453/3453
f 3451/3451 3453/3453 3454/3454
f 3455/3455 3456/3456 3457/3457
f 3455/3455 3457/3457 3458/3458
f 3459/3459 3460/3460 3461/3461
f 3459/3459 3461/3461 3462/3462
f 3463/3463 3464/3464 3465/3465
f 3463/3463 3465/3465 3466/3466
f 3467/3467 3468/3468 3469/3469
f 3467/3467 3469/3469 3470/3470
f 3471/3471 3472/3472 3473/3473
f 3471/3471 3473/3473 3474/3474
f 3475/3475 3476/3476 3477/3477
f 3475/3475 3477/3477 3478/3478
f 3470/3470 3469/3469 3020/3020
f 3470/3470 3020/3020 3019/3019
f 3479/3479 3480/3480 3481/3481
f 3479/3479 3481/3481 3482/3482
f 3485/3485 3483/3483 3484/3484
f 3483/3483 3485/3485 3486/3486
f 3483/3483 3486/3486 3514/3514
f 3514/3514 3486/3486 3487/3487
f 3514/3514 3487/3487 3513/3513
f 3513/3513 3487/3487 3488/3488
f 3513/3513 3488/3488 3512/3512
f 3512/3512 3488/3488 3489/3489
f 3512/3512 3489/3489 3511/3511
f 3511/3511 3489/3489 3510/3510
f 3510/3510 3489/3489 3490/3490
f 3510/3510 3490/3490 3509/3509
f 3509/3509 3490/3490 3491/3491
f 3509/3509 3491/3491 3492/3492
f 3509/3509 3492/3492 3508/3508
f 3508/3508 3492/3492 3493/3493
f 3508/3508 3493/3493 3507/3507
f 3507/3507 3493/3493 3506/3506
f 3506/3506 3493/3493 3494/3494
f 3506/3506 3494/3494 3505/3505
f 3505/3505 3494/3494 3495/3495
f 3505/3505 3495/3495 3504/3504
f 3504/3504 3495/3495 3496/3496
f 3504/3504 3496/3496 3497/3497
f 3504/3504 3497/3497 3503/3503
f 3503/3503 3497/3497 3498/3498
f 3503/3503 3498/3498 3502/3502
f 3502/3502 3498/3498 3501/3501
f 3501/3501 3498/3498 3499/3499
f 3501/3501 3499/3499 3500/3500

o BW.006_dark_0
usemtl dark
v -78.54499227 0.12346337 247.98679724
v -78.54499226 0.21457042 247.87578325
v -79.01092591 0.21457044 247.87578323
v -79.01092592 0.12346339 247.98679722
v -78.54499228 1.01294145 249.07062931
v -78.54499229 0.87551236 249.11231845
v -79.01092594 0.87551238 249.11231843
v -79.01092593 1.01294147 249.07062929
v -78.54499226 0.21457042 247.87578325
v -78.54499225 0.32558475 247.78467538
v -79.01092590 0.32558477 247.78467536
v -79.01092591 0.21457044 247.87578323
v -78.54499229 0.87551236 249.11231845
v -78.54499229 0.73259082 249.12639493
v -79.01092594 0.73259084 249.12639491
v -79.01092594 0.87551238 249.11231843
v -78.54499225 0.32558475 247.78467538
v -78.54499224 0.45224014 247.71697673
v -79.01092590 0.45224016 247.71697670
v -79.01092590 0.32558477 247.78467536
v -78.54499229 0.73259082 249.12639493
v -78.54499230 0.58966933 249.11231845
v -79.01092595 0.58966935 249.11231843
v -79.01092594 0.73259084 249.12639491
v -78.54499224 0.45224014 247.71697673
v -78.54499224 0.58966930 247.67528841
v -79.01092589 0.58966932 247.67528838
v -79.01092590 0.45224016 247.71697670
v -78.54499230 0.58966933 249.11231845
v -78.54499230 0.45224027 249.07062931
v -79.01092595 0.45224029 249.07062929
v -79.01092595 0.58966935 249.11231843
v -78.54499224 0.58966930 247.67528841
v -78.54499223 0.73259086 247.66121192
v -79.01092588 0.73259088 247.66121190
v -79.01092589 0.58966932 247.67528838
v -78.54499230 0.45224027 249.07062931
v -78.54499231 0.32558491 249.00293065
v -79.01092596 0.32558493 249.00293063
v -79.01092595 0.45224029 249.07062929
v -78.54499223 0.73259086 247.66121192
v -78.54499222 0.87551241 247.67528841
v -79.01092588 0.87551243 247.67528838
v -79.01092588 0.73259088 247.66121190
v -78.54499231 0.32558491 249.00293065
v -78.54499231 0.21457045 248.91182363
v -79.01092596 0.21457047 248.91182361
v -79.01092596 0.32558493 249.00293063
v -78.54499222 0.87551241 247.67528841
v -78.54499222 1.01294158 247.71697673
v -79.01092587 1.01294160 247.71697670
v -79.01092588 0.87551243 247.67528838
v -78.54499231 0.21457045 248.91182363
v -78.54499231 0.12346324 248.80080965
v -79.01092596 0.12346326 248.80080963
v -79.01092596 0.21457047 248.91182361
v -78.54499222 1.01294158 247.71697673
v -78.54499222 1.13959674 247.78467538
v -79.01092587 1.13959677 247.78467536
v -79.01092587 1.01294160 247.71697670
v -78.54499231 0.12346324 248.80080965
v -78.54499230 0.05576459 248.67415410
v -79.01092595 0.05576461 248.67415408
v -79.01092596 0.12346326 248.80080963
v -78.54499223 1.46518222 248.39380305
v -78.54499224 1.45110574 248.53672447
v -79.01092589 1.45110576 248.53672445
v -79.01092588 1.46518224 248.39380303
v -78.54499222 1.13959674 247.78467538
v -78.54499222 1.25061118 247.87578325
v -79.01092587 1.25061120 247.87578323
v -79.01092587 1.13959677 247.78467536
v -78.54499230 0.05576459 248.67415410
v -78.54499230 0.01407589 248.53672447
v -79.01092595 0.01407591 248.53672445
v -79.01092595 0.05576461 248.67415408
v -78.54499224 1.45110574 248.53672447
v -78.54499224 1.40941704 248.67415410
v -79.01092590 1.40941706 248.67415408
v -79.01092589 1.45110576 248.53672445
v -78.54499222 1.25061118 247.87578325
v -78.54499222 1.34171839 247.98679724
v -79.01092587 1.34171841 247.98679722
v -79.01092587 1.25061120 247.87578323
v -78.54499230 0.01407589 248.53672447
v -78.54499229 -0.00000060 248.39380305
v -79.01092594 -0.00000058 248.39380303
v -79.01092595 0.01407591 248.53672445
v -78.54499224 1.40941704 248.67415410
v -78.54499225 1.34171839 248.80080965
v -79.01092590 1.34171841 248.80080963
v -79.01092590 1.40941706 248.67415408
v -78.54499222 1.34171839 247.98679724
v -78.54499222 1.40941717 248.11345279
v -79.01092587 1.40941719 248.11345198
v -79.01092587 1.34171841 247.98679722
v -78.54499229 -0.00000060 248.39380305
v -78.54499229 0.01407589 248.25088166
v -79.01092594 0.01407591 248.25088164
v -79.01092594 -0.00000058 248.39380303
v -78.54499225 1.34171839 248.80080965
v -78.54499226 1.25061118 248.91182363
v -79.01092591 1.25061120 248.91182361
v -79.01092590 1.34171841 248.80080963
v -78.54499222 1.40941717 248.11345279
v -78.54499222 1.45110580 248.25088166
v -79.01092588 1.45110582 248.25088164
v -79.01092587 1.40941719 248.11345198
v -78.54499229 0.01407589 248.25088166
v -78.54499228 0.05576459 248.11345279
v -79.01092593 0.05576461 248.11345198
v -79.01092594 0.01407591 248.25088164
v -78.54499226 1.25061118 248.91182363
v -78.54499227 1.13959690 249.00293065
v -79.01092592 1.13959692 249.00293063
v -79.01092591 1.25061120 248.91182361
v -78.54499222 1.45110580 248.25088166
v -78.54499223 1.46518222 248.39380305
v -79.01092588 1.46518224 248.39380303
v -79.01092588 1.45110582 248.25088164
v -78.54499228 0.05576459 248.11345279
v -78.54499227 0.12346337 247.98679724
v -79.01092592 0.12346339 247.98679722
v -79.01092593 0.05576461 248.11345198
v -78.54499227 1.13959690 249.00293065
v -78.54499228 1.01294145 249.07062931
v -79.01092593 1.01294147 249.07062929
v -79.01092592 1.13959692 249.00293063
v -78.54499224 1.26251669 248.49921185
v -78.54499224 1.45110574 248.53672447
v -78.54499223 1.46518222 248.39380305
v -78.54499224 1.27289850 248.39380305
v -78.54499225 1.23177004 248.60057024
v -78.54499224 1.40941704 248.67415410
v -78.54499225 1.18184035 248.69398250
v -78.54499225 1.34171839 248.80080965
v -78.54499224 1.40941704 248.67415410
v -78.54499225 1.23177004 248.60057024
v -78.54499226 1.11464624 248.77585835
v -78.54499226 1.25061118 248.91182363
v -78.54499225 1.34171839 248.80080965
v -78.54499225 1.18184035 248.69398250
v -78.54499227 1.03276970 248.84305249
v -78.54499227 1.13959690 249.00293065
v -78.54499227 0.93935756 248.89298284
v -78.54499228 1.01294145 249.07062931
v -78.54499228 0.83799974 248.92372892
v -78.54499229 0.87551236 249.11231845
v -78.54499228 0.73259082 248.93411115
v -78.54499229 0.73259082 249.12639493
v -78.54499229 0.87551236 249.11231845
v -78.54499228 0.83799974 248.92372892
v -78.54499229 0.62718197 248.92372892
v -78.54499230 0.58966933 249.11231845
v -78.54499229 0.73259082 249.12639493
v -78.54499228 0.73259082 248.93411115
v -78.54499229 0.52582417 248.89298284
v -78.54499230 0.45224027 249.07062931
v -78.54499230 0.58966933 249.11231845
v -78.54499229 0.62718197 248.92372892
v -78.54499229 0.43241215 248.84305249
v -78.54499231 0.32558491 249.00293065
v -78.54499230 0.45224027 249.07062931
v -78.54499229 0.52582417 248.89298284
v -78.54499229 0.35053551 248.77585835
v -78.54499231 0.21457045 248.91182363
v -78.54499231 0.32558491 249.00293065
v -78.54499229 0.43241215 248.84305249
v -78.54499229 0.28334124 248.69398250
v -78.54499231 0.12346324 248.80080965
v -78.54499231 0.21457045 248.91182363
v -78.54499229 0.35053551 248.77585835
v -78.54499229 0.23341165 248.60057024
v -78.54499230 0.05576459 248.67415410
v -78.54499229 0.20266494 248.49921185
v -78.54499230 0.01407589 248.53672447
v -78.54499228 0.19228312 248.39380305
v -78.54499229 -0.00000060 248.39380305
v -78.54499228 0.20266497 248.28839426
v -78.54499229 0.01407589 248.25088166
v -78.54499227 0.23341159 248.18703588
v -78.54499228 0.05576459 248.11345279
v -78.54499227 0.28334137 248.09362439
v -78.54499227 0.12346337 247.98679724
v -78.54499228 0.05576459 248.11345279
v -78.54499227 0.23341159 248.18703588
v -78.54499226 0.35053551 248.01174854
v -78.54499226 0.21457042 247.87578325
v -78.54499227 0.12346337 247.98679724
v -78.54499227 0.28334137 248.09362439
v -78.54499225 0.43241199 247.94455361
v -78.54499225 0.32558475 247.78467538
v -78.54499225 0.52582401 247.89462404
v -78.54499224 0.45224014 247.71697673
v -78.54499224 0.62718190 247.86387717
v -78.54499224 0.58966930 247.67528841
v -78.54499224 0.73259086 247.85349570
v -78.54499223 0.73259086 247.66121192
v -78.54499224 0.58966930 247.67528841
v -78.54499224 0.62718190 247.86387717
v -78.54499223 0.83799980 247.86387717
v -78.54499222 0.87551241 247.67528841
v -78.54499223 0.73259086 247.66121192
v -78.54499224 0.73259086 247.85349570
v -78.54499223 0.93935761 247.89462404
v -78.54499222 1.01294158 247.71697673
v -78.54499222 0.87551241 247.67528841
v -78.54499223 0.83799980 247.86387717
v -78.54499223 1.03276950 247.94455361
v -78.54499222 1.13959674 247.78467538
v -78.54499222 1.01294158 247.71697673
v -78.54499223 0.93935761 247.89462404
v -78.54499223 1.11464631 248.01174854
v -78.54499222 1.25061118 247.87578325
v -78.54499222 1.13959674 247.78467538
v -78.54499223 1.03276950 247.94455361
v -78.54499223 1.18184044 248.09362439
v -78.54499222 1.34171839 247.98679724
v -78.54499222 1.25061118 247.87578325
v -78.54499223 1.11464631 248.01174854
v -78.54499223 1.23177010 248.18703588
v -78.54499222 1.40941717 248.11345279
v -78.54499223 1.26251669 248.28839426
v -78.54499222 1.45110580 248.25088166
v -78.54499224 1.23881647 248.49449748
v -78.52410435 1.23881646 248.49449748
v -78.52410434 1.24873397 248.39380305
v -78.54499224 1.24873397 248.39380305
v -78.54499223 1.01934439 247.96464616
v -78.52410433 1.01934438 247.96464617
v -78.52410434 0.93011024 247.91694885
v -78.54499223 0.93011024 247.91694885
v -78.54499229 0.43241215 248.84305249
v -78.52410440 0.43241215 248.84305249
v -78.52410440 0.35053551 248.77585835
v -78.54499229 0.35053551 248.77585835
v -78.54499223 0.93011024 247.91694885
v -78.52410434 0.93011024 247.91694885
v -78.52410434 0.83328556 247.88757749
v -78.54499223 0.83328556 247.88757749
v -78.54499229 0.52582417 248.89298284
v -78.52410440 0.52582417 248.89298284
v -78.52410440 0.43241215 248.84305249
v -78.54499229 0.43241215 248.84305249
v -78.54499223 0.83328556 247.88757749
v -78.52410434 0.83328556 247.88757749
v -78.52410434 0.73259086 247.87766012
v -78.54499224 0.73259086 247.87766011
v -78.54499229 0.62718197 248.92372892
v -78.52410439 0.62718197 248.92372893
v -78.52410440 0.52582417 248.89298284
v -78.54499229 0.52582417 248.89298284
v -78.54499224 0.73259086 247.87766011
v -78.52410434 0.73259086 247.87766012
v -78.52410435 0.63189616 247.88757749
v -78.54499224 0.63189616 247.88757749
v -78.54499228 0.73259082 248.93411115
v -78.52410439 0.73259082 248.93411115
v -78.52410439 0.62718197 248.92372893
v -78.54499229 0.62718197 248.92372892
v -78.54499224 0.63189616 247.88757749
v -78.52410435 0.63189616 247.88757749
v -78.52410435 0.53507138 247.91694885
v -78.54499225 0.53507138 247.91694885
v -78.54499228 0.83799974 248.92372892
v -78.52410438 0.83799974 248.92372893
v -78.52410439 0.73259082 248.93411115
v -78.54499228 0.73259082 248.93411115
v -78.54499225 0.53507138 247.91694885
v -78.52410435 0.53507138 247.91694885
v -78.52410436 0.44583711 247.96464617
v -78.54499225 0.44583711 247.96464616
v -78.54499227 0.93935756 248.89298284
v -78.52410438 0.93935756 248.89298284
v -78.52410438 0.83799974 248.92372893
v -78.54499228 0.83799974 248.92372892
v -78.54499225 0.44583711 247.96464616
v -78.52410436 0.44583711 247.96464617
v -78.52410437 0.36762239 248.02883542
v -78.54499226 0.36762239 248.02883542
v -78.54499227 1.03276970 248.84305249
v -78.52410437 1.03276969 248.84305249
v -78.52410438 0.93935756 248.89298284
v -78.54499227 0.93935756 248.89298284
v -78.54499223 1.26251669 248.28839426
v -78.52410434 1.26251669 248.28839427
v -78.52410434 1.27289850 248.39380305
v -78.54499224 1.27289850 248.39380305
v -78.54499226 0.36762239 248.02883542
v -78.52410437 0.36762239 248.02883542
v -78.52410437 0.30343342 248.10704957
v -78.54499227 0.30343342 248.10704957
v -78.54499226 1.11464624 248.77585835
v -78.52410437 1.11464624 248.77585835
v -78.52410437 1.03276969 248.84305249
v -78.54499227 1.03276970 248.84305249
v -78.54499223 1.23177010 248.18703588
v -78.52410433 1.23177010 248.18703588
v -78.52410434 1.26251669 248.28839427
v -78.54499223 1.26251669 248.28839426
v -78.54499227 0.30343342 248.10704957
v -78.52410437 0.30343342 248.10704957
v -78.52410438 0.25573671 248.19628374
v -78.54499227 0.25573671 248.19628374
v -78.54499225 1.18184035 248.69398250
v -78.52410436 1.18184035 248.69398250
v -78.52410437 1.11464624 248.77585835
v -78.54499226 1.11464624 248.77585835
v -78.54499223 1.18184044 248.09362439
v -78.52410433 1.18184044 248.09362439
v -78.52410433 1.23177010 248.18703588
v -78.54499223 1.23177010 248.18703588
v -78.54499227 0.25573671 248.19628374
v -78.52410438 0.25573671 248.19628374
v -78.52410438 0.22636519 248.29310863
v -78.54499228 0.22636519 248.29310863
v -78.54499225 1.23177004 248.60057024
v -78.52410435 1.23177004 248.60057024
v -78.52410436 1.18184035 248.69398250
v -78.54499225 1.18184035 248.69398250
v -78.54499223 1.11464631 248.01174854
v -78.52410433 1.11464631 248.01174854
v -78.52410433 1.18184044 248.09362439
v -78.54499223 1.18184044 248.09362439
v -78.54499228 0.22636519 248.29310863
v -78.52410438 0.22636519 248.29310863
v -78.52410439 0.21644766 248.39380305
v -78.54499228 0.21644766 248.39380305
v -78.54499224 1.26251669 248.49921185
v -78.52410435 1.26251669 248.49921185
v -78.52410435 1.23177004 248.60057024
v -78.54499225 1.23177004 248.60057024
v -78.54499223 1.03276950 247.94455361
v -78.52410433 1.03276950 247.94455361
v -78.52410433 1.11464631 248.01174854
v -78.54499223 1.11464631 248.01174854
v -78.54499228 0.21644766 248.39380305
v -78.52410439 0.21644766 248.39380305
v -78.52410439 0.22636513 248.49449748
v -78.54499229 0.22636513 248.49449748
v -78.54499224 1.27289850 248.39380305
v -78.52410434 1.27289850 248.39380305
v -78.52410435 1.26251669 248.49921185
v -78.54499224 1.26251669 248.49921185
v -78.54499223 0.93935761 247.89462404
v -78.52410433 0.93935761 247.89462405
v -78.52410433 1.03276950 247.94455361
v -78.54499223 1.03276950 247.94455361
v -78.54499229 0.22636513 248.49449748
v -78.52410439 0.22636513 248.49449748
v -78.52410439 0.25573674 248.59132318
v -78.54499229 0.25573674 248.59132318
v -78.54499229 0.35053551 248.77585835
v -78.52410440 0.35053551 248.77585835
v -78.52410440 0.28334124 248.69398250
v -78.54499229 0.28334124 248.69398250
v -78.54499223 1.09755945 248.02883542
v -78.52410433 1.09755945 248.02883542
v -78.52410433 1.01934438 247.96464617
v -78.54499223 1.01934439 247.96464616
v -78.54499225 1.20944495 248.59132318
v -78.52410435 1.20944495 248.59132318
v -78.52410435 1.23881646 248.49449748
v -78.54499224 1.23881647 248.49449748
v -78.54499229 0.28334124 248.69398250
v -78.52410440 0.28334124 248.69398250
v -78.52410440 0.23341165 248.60057024
v -78.54499229 0.23341165 248.60057024
v -78.54499223 1.16174836 248.10704957
v -78.52410433 1.16174836 248.10704957
v -78.52410433 1.09755945 248.02883542
v -78.54499223 1.09755945 248.02883542
v -78.54499225 1.16174827 248.68055732
v -78.52410436 1.16174826 248.68055732
v -78.52410435 1.20944495 248.59132318
v -78.54499225 1.20944495 248.59132318
v -78.54499229 0.23341165 248.60057024
v -78.52410440 0.23341165 248.60057024
v -78.52410439 0.20266493 248.49921185
v -78.54499229 0.20266494 248.49921185
v -78.54499223 1.20944501 248.19628374
v -78.52410434 1.20944501 248.19628374
v -78.52410433 1.16174836 248.10704957
v -78.54499223 1.16174836 248.10704957
v -78.54499226 1.09755936 248.75877147
v -78.52410437 1.09755936 248.75877147
v -78.52410436 1.16174826 248.68055732
v -78.54499225 1.16174827 248.68055732
v -78.54499229 0.20266494 248.49921185
v -78.52410439 0.20266493 248.49921185
v -78.52410439 0.19228312 248.39380305
v -78.54499228 0.19228312 248.39380305
v -78.54499223 1.23881647 248.29310863
v -78.52410434 1.23881646 248.29310863
v -78.52410434 1.20944501 248.19628374
v -78.54499223 1.20944501 248.19628374
v -78.54499227 1.01934458 248.82296072
v -78.52410437 1.01934457 248.82296072
v -78.52410437 1.09755936 248.75877147
v -78.54499226 1.09755936 248.75877147
v -78.54499228 0.19228312 248.39380305
v -78.52410439 0.19228312 248.39380305
v -78.52410438 0.20266497 248.28839427
v -78.54499228 0.20266497 248.28839426
v -78.54499224 1.24873397 248.39380305
v -78.52410434 1.24873397 248.39380305
v -78.52410434 1.23881646 248.29310863
v -78.54499223 1.23881647 248.29310863
v -78.54499227 0.93011021 248.87065725
v -78.52410438 0.93011021 248.87065725
v -78.52410437 1.01934457 248.82296072
v -78.54499227 1.01934458 248.82296072
v -78.54499228 0.20266497 248.28839426
v -78.52410438 0.20266497 248.28839427
v -78.52410438 0.23341159 248.18703588
v -78.54499227 0.23341159 248.18703588
v -78.54499228 0.83328549 248.90002861
v -78.52410438 0.83328549 248.90002861
v -78.52410438 0.93011021 248.87065725
v -78.54499227 0.93011021 248.87065725
v -78.54499227 0.23341159 248.18703588
v -78.52410438 0.23341159 248.18703588
v -78.52410437 0.28334137 248.09362439
v -78.54499227 0.28334137 248.09362439
v -78.54499228 0.73259083 248.90994677
v -78.52410439 0.73259082 248.90994677
v -78.52410438 0.83328549 248.90002861
v -78.54499228 0.83328549 248.90002861
v -78.54499227 0.28334137 248.09362439
v -78.52410437 0.28334137 248.09362439
v -78.52410437 0.35053551 248.01174854
v -78.54499226 0.35053551 248.01174854
v -78.54499229 0.63189625 248.90002861
v -78.52410439 0.63189625 248.90002861
v -78.52410439 0.73259082 248.90994677
v -78.54499228 0.73259083 248.90994677
v -78.54499226 0.35053551 248.01174854
v -78.52410437 0.35053551 248.01174854
v -78.52410436 0.43241199 247.94455361
v -78.54499225 0.43241199 247.94455361
v -78.54499229 0.53507154 248.87065725
v -78.52410439 0.53507154 248.87065725
v -78.52410439 0.63189625 248.90002861
v -78.54499229 0.63189625 248.90002861
v -78.54499225 0.43241199 247.94455361
v -78.52410436 0.43241199 247.94455361
v -78.52410435 0.52582401 247.89462405
v -78.54499225 0.52582401 247.89462404
v -78.54499229 0.44583721 248.82296072
v -78.52410440 0.44583721 248.82296072
v -78.52410439 0.53507154 248.87065725
v -78.54499229 0.53507154 248.87065725
v -78.54499225 0.52582401 247.89462404
v -78.52410435 0.52582401 247.89462405
v -78.52410435 0.62718189 247.86387717
v -78.54499224 0.62718190 247.86387717
v -78.54499229 0.36762239 248.75877147
v -78.52410440 0.36762239 248.75877147
v -78.52410440 0.44583721 248.82296072
v -78.54499229 0.44583721 248.82296072
v -78.54499224 0.62718190 247.86387717
v -78.52410435 0.62718189 247.86387717
v -78.52410434 0.73259086 247.85349571
v -78.54499224 0.73259086 247.85349570
v -78.54499229 0.30343333 248.68055732
v -78.52410440 0.30343333 248.68055732
v -78.52410440 0.36762239 248.75877147
v -78.54499229 0.36762239 248.75877147
v -78.54499224 0.73259086 247.85349570
v -78.52410434 0.73259086 247.85349571
v -78.52410434 0.83799980 247.86387717
v -78.54499223 0.83799980 247.86387717
v -78.54499229 0.25573674 248.59132318
v -78.52410439 0.25573674 248.59132318
v -78.52410440 0.30343333 248.68055732
v -78.54499229 0.30343333 248.68055732
v -78.54499223 0.83799980 247.86387717
v -78.52410434 0.83799980 247.86387717
v -78.52410433 0.93935761 247.89462405
v -78.54499223 0.93935761 247.89462404
v -78.54499223 1.08849052 248.03790401
v -78.56124590 1.08849052 248.03790400
v -78.56124590 1.01221898 247.97531000
v -78.54499223 1.01221898 247.97531000
v -78.54499229 0.63189625 248.90002861
v -78.56124595 0.63189625 248.90002860
v -78.56124596 0.53507154 248.87065725
v -78.54499229 0.53507154 248.87065725
v -78.54499224 1.22623747 248.49199553
v -78.56124591 1.22623747 248.49199553
v -78.56124590 1.23590855 248.39380305
v -78.54499224 1.23590855 248.39380305
v -78.54499223 1.01221898 247.97531000
v -78.56124590 1.01221898 247.97531000
v -78.56124590 0.92520217 247.92879781
v -78.54499223 0.92520217 247.92879782
v -78.54499228 0.73259083 248.90994677
v -78.56124595 0.73259083 248.90994677
v -78.56124595 0.63189625 248.90002860
v -78.54499229 0.63189625 248.90002861
v -78.54499223 0.92520217 247.92879782
v -78.56124590 0.92520217 247.92879781
v -78.56124590 0.83078346 247.90015626
v -78.54499224 0.83078346 247.90015626
v -78.54499228 0.83328549 248.90002861
v -78.56124594 0.83328549 248.90002860
v -78.56124595 0.73259083 248.90994677
v -78.54499228 0.73259083 248.90994677
v -78.54499224 0.83078346 247.90015626
v -78.56124590 0.83078346 247.90015626
v -78.56124590 0.73259086 247.89048559
v -78.54499224 0.73259086 247.89048559
v -78.54499227 0.93011021 248.87065725
v -78.56124594 0.93011021 248.87065725
v -78.56124594 0.83328549 248.90002860
v -78.54499228 0.83328549 248.90002861
v -78.54499224 0.73259086 247.89048559
v -78.56124590 0.73259086 247.89048559
v -78.56124591 0.63439827 247.90015626
v -78.54499224 0.63439826 247.90015626
v -78.54499227 1.01934458 248.82296072
v -78.56124593 1.01934458 248.82296072
v -78.56124594 0.93011021 248.87065725
v -78.54499227 0.93011021 248.87065725
v -78.54499223 1.23881647 248.29310863
v -78.56124590 1.23881647 248.29310863
v -78.56124590 1.24873397 248.39380305
v -78.54499224 1.24873397 248.39380305
v -78.54499224 0.63439826 247.90015626
v -78.56124591 0.63439827 247.90015626
v -78.56124591 0.53997946 247.92879781
v -78.54499225 0.53997946 247.92879782
v -78.54499226 1.09755936 248.75877147
v -78.56124593 1.09755936 248.75877146
v -78.56124593 1.01934458 248.82296072
v -78.54499227 1.01934458 248.82296072
v -78.54499223 1.20944501 248.19628374
v -78.56124590 1.20944501 248.19628374
v -78.56124590 1.23881647 248.29310863
v -78.54499223 1.23881647 248.29310863
v -78.54499225 0.53997946 247.92879782
v -78.56124591 0.53997946 247.92879781
v -78.56124592 0.45296252 247.97531000
v -78.54499226 0.45296252 247.97531000
v -78.54499225 1.16174827 248.68055732
v -78.56124592 1.16174827 248.68055732
v -78.56124593 1.09755936 248.75877146
v -78.54499226 1.09755936 248.75877147
v -78.54499223 1.16174836 248.10704957
v -78.56124590 1.16174836 248.10704957
v -78.56124590 1.20944501 248.19628374
v -78.54499223 1.20944501 248.19628374
v -78.54499226 0.45296252 247.97531000
v -78.56124592 0.45296252 247.97531000
v -78.56124593 0.37669133 248.03790400
v -78.54499226 0.37669133 248.03790401
v -78.54499225 1.20944495 248.59132318
v -78.56124591 1.20944495 248.59132318
v -78.56124592 1.16174827 248.68055732
v -78.54499225 1.16174827 248.68055732
v -78.54499223 1.09755945 248.02883542
v -78.56124589 1.09755945 248.02883542
v -78.56124590 1.16174836 248.10704957
v -78.54499223 1.16174836 248.10704957
v -78.54499226 0.37669133 248.03790401
v -78.56124593 0.37669133 248.03790400
v -78.56124593 0.31409735 248.11417466
v -78.54499227 0.31409735 248.11417466
v -78.54499224 1.23881647 248.49449748
v -78.56124591 1.23881647 248.49449748
v -78.56124591 1.20944495 248.59132318
v -78.54499225 1.20944495 248.59132318
v -78.54499223 1.01934439 247.96464616
v -78.56124590 1.01934439 247.96464616
v -78.56124589 1.09755945 248.02883542
v -78.54499223 1.09755945 248.02883542
v -78.54499227 0.31409735 248.11417466
v -78.56124593 0.31409735 248.11417466
v -78.56124594 0.26758580 248.20119166
v -78.54499227 0.26758580 248.20119166
v -78.54499224 1.24873397 248.39380305
v -78.56124590 1.24873397 248.39380305
v -78.56124591 1.23881647 248.49449748
v -78.54499224 1.23881647 248.49449748
v -78.54499223 0.93011024 247.91694885
v -78.56124590 0.93011024 247.91694885
v -78.56124590 1.01934439 247.96464616
v -78.54499223 1.01934439 247.96464616
v -78.54499227 0.26758580 248.20119166
v -78.56124594 0.26758580 248.20119166
v -78.56124594 0.23894415 248.29561058
v -78.54499228 0.23894415 248.29561058
v -78.54499223 0.83328556 247.88757749
v -78.56124590 0.83328556 247.88757749
v -78.56124590 0.93011024 247.91694885
v -78.54499223 0.93011024 247.91694885
v -78.54499228 0.23894415 248.29561058
v -78.56124594 0.23894415 248.29561058
v -78.56124595 0.22927310 248.39380305
v -78.54499228 0.22927310 248.39380305
v -78.54499224 0.73259086 247.87766011
v -78.56124590 0.73259086 247.87766011
v -78.56124590 0.83328556 247.88757749
v -78.54499223 0.83328556 247.88757749
v -78.54499228 0.22927310 248.39380305
v -78.56124595 0.22927310 248.39380305
v -78.56124595 0.23894412 248.49199553
v -78.54499229 0.23894412 248.49199553
v -78.56124591 1.22623747 248.49199553
v -78.56124591 1.23881647 248.49449748
v -78.56124590 1.24873397 248.39380305
v -78.56124590 1.23590855 248.39380305
v -78.56124591 1.19759582 248.58641526
v -78.56124591 1.20944495 248.59132318
v -78.56124591 1.23881647 248.49449748
v -78.56124591 1.22623747 248.49199553
v -78.56124592 1.15108434 248.67343144
v -78.56124592 1.16174827 248.68055732
v -78.56124591 1.20944495 248.59132318
v -78.56124591 1.19759582 248.58641526
v -78.56124593 1.08849043 248.74970209
v -78.56124593 1.09755936 248.75877146
v -78.56124592 1.16174827 248.68055732
v -78.56124592 1.15108434 248.67343144
v -78.56124593 1.01221914 248.81229689
v -78.56124593 1.01934458 248.82296072
v -78.56124593 1.09755936 248.75877146
v -78.56124593 1.08849043 248.74970209
v -78.56124594 0.92520212 248.85880828
v -78.56124594 0.93011021 248.87065725
v -78.56124593 1.01934458 248.82296072
v -78.56124593 1.01221914 248.81229689
v -78.56124594 0.83078338 248.88744983
v -78.56124594 0.83328549 248.90002860
v -78.56124594 0.93011021 248.87065725
v -78.56124594 0.92520212 248.85880828
v -78.56124595 0.73259083 248.89712130
v -78.56124595 0.73259083 248.90994677
v -78.56124594 0.83328549 248.90002860
v -78.56124594 0.83078338 248.88744983
v -78.56124595 0.63439836 248.88744983
v -78.56124595 0.63189625 248.90002860
v -78.56124595 0.73259083 248.90994677
v -78.56124595 0.73259083 248.89712130
v -78.56124596 0.53997962 248.85880828
v -78.56124596 0.53507154 248.87065725
v -78.56124595 0.63189625 248.90002860
v -78.56124595 0.63439836 248.88744983
v -78.56124596 0.45296265 248.81229689
v -78.56124596 0.44583721 248.82296072
v -78.56124596 0.53507154 248.87065725
v -78.56124596 0.53997962 248.85880828
v -78.56124596 0.37669133 248.74970209
v -78.56124596 0.36762240 248.75877146
v -78.56124596 0.44583721 248.82296072
v -78.56124596 0.45296265 248.81229689
v -78.56124596 0.31409726 248.67343144
v -78.56124596 0.30343333 248.68055732
v -78.56124596 0.36762240 248.75877146
v -78.56124596 0.37669133 248.74970209
v -78.56124596 0.26758587 248.58641526
v -78.56124596 0.25573674 248.59132318
v -78.56124596 0.30343333 248.68055732
v -78.56124596 0.31409726 248.67343144
v -78.56124595 0.23894412 248.49199553
v -78.56124595 0.22636513 248.49449748
v -78.56124596 0.25573674 248.59132318
v -78.56124596 0.26758587 248.58641526
v -78.56124595 0.22927310 248.39380305
v -78.56124595 0.21644766 248.39380305
v -78.56124595 0.22636513 248.49449748
v -78.56124595 0.23894412 248.49199553
v -78.56124594 0.23894415 248.29561058
v -78.56124594 0.22636519 248.29310863
v -78.56124595 0.21644766 248.39380305
v -78.56124595 0.22927310 248.39380305
v -78.56124594 0.26758580 248.20119166
v -78.56124594 0.25573671 248.19628374
v -78.56124594 0.22636519 248.29310863
v -78.56124594 0.23894415 248.29561058
v -78.56124593 0.31409735 248.11417466
v -78.56124593 0.30343342 248.10704957
v -78.56124594 0.25573671 248.19628374
v -78.56124594 0.26758580 248.20119166
v -78.56124593 0.37669133 248.03790400
v -78.56124593 0.36762240 248.02883542
v -78.56124593 0.30343342 248.10704957
v -78.56124593 0.31409735 248.11417466
v -78.56124592 0.45296252 247.97531000
v -78.56124592 0.44583711 247.96464616
v -78.56124593 0.36762240 248.02883542
v -78.56124593 0.37669133 248.03790400
v -78.56124591 0.53997946 247.92879781
v -78.56124591 0.53507138 247.91694885
v -78.56124592 0.44583711 247.96464616
v -78.56124592 0.45296252 247.97531000
v -78.56124591 0.63439827 247.90015626
v -78.56124591 0.63189616 247.88757749
v -78.56124591 0.53507138 247.91694885
v -78.56124591 0.53997946 247.92879781
v -78.56124590 0.73259086 247.89048559
v -78.56124590 0.73259086 247.87766011
v -78.56124591 0.63189616 247.88757749
v -78.56124591 0.63439827 247.90015626
v -78.56124590 0.83078346 247.90015626
v -78.56124590 0.83328556 247.88757749
v -78.56124590 0.73259086 247.87766011
v -78.56124590 0.73259086 247.89048559
v -78.56124590 0.92520217 247.92879781
v -78.56124590 0.93011024 247.91694885
v -78.56124590 0.83328556 247.88757749
v -78.56124590 0.83078346 247.90015626
v -78.56124590 1.01221898 247.97531000
v -78.56124590 1.01934439 247.96464616
v -78.56124590 0.93011024 247.91694885
v -78.56124590 0.92520217 247.92879781
v -78.56124590 1.08849052 248.03790400
v -78.56124589 1.09755945 248.02883542
v -78.56124590 1.01934439 247.96464616
v -78.56124590 1.01221898 247.97531000
v -78.56124590 1.15108443 248.11417466
v -78.56124590 1.16174836 248.10704957
v -78.56124589 1.09755945 248.02883542
v -78.56124590 1.08849052 248.03790400
v -78.56124590 1.19759589 248.20119166
v -78.56124590 1.20944501 248.19628374
v -78.56124590 1.16174836 248.10704957
v -78.56124590 1.15108443 248.11417466
v -78.56124590 1.22623747 248.29561058
v -78.56124590 1.23881647 248.29310863
v -78.56124590 1.20944501 248.19628374
v -78.56124590 1.19759589 248.20119166
v -78.56124590 1.23590855 248.39380305
v -78.56124590 1.24873397 248.39380305
v -78.56124590 1.23881647 248.29310863
v -78.56124590 1.22623747 248.29561058
v -78.54499225 1.19759582 248.58641526
v -78.56124591 1.19759582 248.58641526
v -78.56124591 1.22623747 248.49199553
v -78.54499224 1.22623747 248.49199553
v -78.54499229 0.53507154 248.87065725
v -78.56124596 0.53507154 248.87065725
v -78.56124596 0.44583721 248.82296072
v -78.54499229 0.44583721 248.82296072
v -78.54499223 1.15108443 248.11417466
v -78.56124590 1.15108443 248.11417466
v -78.56124590 1.08849052 248.03790400
v -78.54499223 1.08849052 248.03790401
v -78.54499226 1.15108434 248.67343144
v -78.56124592 1.15108434 248.67343144
v -78.56124591 1.19759582 248.58641526
v -78.54499225 1.19759582 248.58641526
v -78.54499229 0.44583721 248.82296072
v -78.56124596 0.44583721 248.82296072
v -78.56124596 0.36762240 248.75877146
v -78.54499229 0.36762239 248.75877147
v -78.54499223 1.19759589 248.20119166
v -78.56124590 1.19759589 248.20119166
v -78.56124590 1.15108443 248.11417466
v -78.54499223 1.15108443 248.11417466
v -78.54499226 1.08849043 248.74970209
v -78.56124593 1.08849043 248.74970209
v -78.56124592 1.15108434 248.67343144
v -78.54499226 1.15108434 248.67343144
v -78.54499229 0.36762239 248.75877147
v -78.56124596 0.36762240 248.75877146
v -78.56124596 0.30343333 248.68055732
v -78.54499229 0.30343333 248.68055732
v -78.54499224 1.22623747 248.29561058
v -78.56124590 1.22623747 248.29561058
v -78.56124590 1.19759589 248.20119166
v -78.54499223 1.19759589 248.20119166
v -78.54499227 1.01221914 248.81229689
v -78.56124593 1.01221914 248.81229689
v -78.56124593 1.08849043 248.74970209
v -78.54499226 1.08849043 248.74970209
v -78.54499229 0.30343333 248.68055732
v -78.56124596 0.30343333 248.68055732
v -78.56124596 0.25573674 248.59132318
v -78.54499229 0.25573674 248.59132318
v -78.54499224 1.23590855 248.39380305
v -78.56124590 1.23590855 248.39380305
v -78.56124590 1.22623747 248.29561058
v -78.54499224 1.22623747 248.29561058
v -78.54499227 0.92520212 248.85880828
v -78.56124594 0.92520212 248.85880828
v -78.56124593 1.01221914 248.81229689
v -78.54499227 1.01221914 248.81229689
v -78.54499229 0.25573674 248.59132318
v -78.56124596 0.25573674 248.59132318
v -78.56124595 0.22636513 248.49449748
v -78.54499229 0.22636513 248.49449748
v -78.54499228 0.83078338 248.88744983
v -78.56124594 0.83078338 248.88744983
v -78.56124594 0.92520212 248.85880828
v -78.54499227 0.92520212 248.85880828
v -78.54499229 0.22636513 248.49449748
v -78.56124595 0.22636513 248.49449748
v -78.56124595 0.21644766 248.39380305
v -78.54499228 0.21644766 248.39380305
v -78.54499228 0.73259083 248.89712130
v -78.56124595 0.73259083 248.89712130
v -78.56124594 0.83078338 248.88744983
v -78.54499228 0.83078338 248.88744983
v -78.54499228 0.21644766 248.39380305
v -78.56124595 0.21644766 248.39380305
v -78.56124594 0.22636519 248.29310863
v -78.54499228 0.22636519 248.29310863
v -78.54499229 0.63439836 248.88744983
v -78.56124595 0.63439836 248.88744983
v -78.56124595 0.73259083 248.89712130
v -78.54499228 0.73259083 248.89712130
v -78.54499228 0.22636519 248.29310863
v -78.56124594 0.22636519 248.29310863
v -78.56124594 0.25573671 248.19628374
v -78.54499227 0.25573671 248.19628374
v -78.54499229 0.53997962 248.85880828
v -78.56124596 0.53997962 248.85880828
v -78.56124595 0.63439836 248.88744983
v -78.54499229 0.63439836 248.88744983
v -78.54499227 0.25573671 248.19628374
v -78.56124594 0.25573671 248.19628374
v -78.56124593 0.30343342 248.10704957
v -78.54499227 0.30343342 248.10704957
v -78.54499229 0.45296265 248.81229689
v -78.56124596 0.45296265 248.81229689
v -78.56124596 0.53997962 248.85880828
v -78.54499229 0.53997962 248.85880828
v -78.54499227 0.30343342 248.10704957
v -78.56124593 0.30343342 248.10704957
v -78.56124593 0.36762240 248.02883542
v -78.54499226 0.36762239 248.02883542
v -78.54499229 0.37669133 248.74970209
v -78.56124596 0.37669133 248.74970209
v -78.56124596 0.45296265 248.81229689
v -78.54499229 0.45296265 248.81229689
v -78.54499226 0.36762239 248.02883542
v -78.56124593 0.36762240 248.02883542
v -78.56124592 0.44583711 247.96464616
v -78.54499225 0.44583711 247.96464616
v -78.54499229 0.31409726 248.67343144
v -78.56124596 0.31409726 248.67343144
v -78.56124596 0.37669133 248.74970209
v -78.54499229 0.37669133 248.74970209
v -78.54499225 0.44583711 247.96464616
v -78.56124592 0.44583711 247.96464616
v -78.56124591 0.53507138 247.91694885
v -78.54499225 0.53507138 247.91694885
v -78.54499229 0.26758587 248.58641526
v -78.56124596 0.26758587 248.58641526
v -78.56124596 0.31409726 248.67343144
v -78.54499229 0.31409726 248.67343144
v -78.54499225 0.53507138 247.91694885
v -78.56124591 0.53507138 247.91694885
v -78.56124591 0.63189616 247.88757749
v -78.54499224 0.63189616 247.88757749
v -78.54499229 0.23894412 248.49199553
v -78.56124595 0.23894412 248.49199553
v -78.56124596 0.26758587 248.58641526
v -78.54499229 0.26758587 248.58641526
v -78.54499224 0.63189616 247.88757749
v -78.56124591 0.63189616 247.88757749
v -78.56124590 0.73259086 247.87766011
v -78.54499224 0.73259086 247.87766011
v -78.54499228 0.73259083 248.76830807
v -78.58115341 0.73259083 248.76830807
v -78.58115341 0.80565332 248.76111238
v -78.54499227 0.80565332 248.76111238
v -78.54499227 0.37152677 248.24424522
v -78.58115340 0.37152677 248.24424522
v -78.58115340 0.40764169 248.17667902
v -78.54499227 0.40764169 248.17667903
v -78.54499227 0.80565332 248.76111238
v -78.58115341 0.80565332 248.76111238
v -78.58115340 0.87590760 248.73980137
v -78.54499227 0.87590760 248.73980137
v -78.54499227 0.34928729 248.31755937
v -78.58115341 0.34928730 248.31755937
v -78.58115340 0.37152677 248.24424522
v -78.54499227 0.37152677 248.24424522
v -78.54499227 0.87590760 248.73980137
v -78.58115340 0.87590760 248.73980137
v -78.58115340 0.94065460 248.70519289
v -78.54499227 0.94065460 248.70519289
v -78.54499224 1.10709593 248.39380305
v -78.58115338 1.10709594 248.39380305
v -78.58115337 1.09989999 248.32074036
v -78.54499224 1.09989999 248.32074036
v -78.54499228 0.34177792 248.39380305
v -78.58115341 0.34177792 248.39380305
v -78.58115341 0.34928730 248.31755937
v -78.54499227 0.34928729 248.31755937
v -78.54499227 0.94065460 248.70519289
v -78.58115340 0.94065460 248.70519289
v -78.58115339 0.99740622 248.65861804
v -78.54499226 0.99740622 248.65861804
v -78.54499224 1.09989999 248.32074036
v -78.58115337 1.09989999 248.32074036
v -78.58115337 1.07858857 248.25048582
v -78.54499224 1.07858857 248.25048582
v -78.54499228 0.34928726 248.47004753
v -78.58115341 0.34928726 248.47004753
v -78.58115341 0.34177792 248.39380305
v -78.54499228 0.34177792 248.39380305
v -78.54499226 0.99740622 248.65861804
v -78.58115339 0.99740622 248.65861804
v -78.58115339 1.04398066 248.60186721
v -78.54499226 1.04398066 248.60186721
v -78.54499224 1.07858857 248.25048582
v -78.58115337 1.07858857 248.25048582
v -78.58115337 1.04398076 248.18573967
v -78.54499224 1.04398075 248.18573968
v -78.54499228 0.37152680 248.54336091
v -78.58115342 0.37152680 248.54336091
v -78.58115341 0.34928726 248.47004753
v -78.54499228 0.34928726 248.47004753
v -78.54499226 1.04398066 248.60186721
v -78.58115339 1.04398066 248.60186721
v -78.58115339 1.07858851 248.53712031
v -78.54499225 1.07858850 248.53712031
v -78.54499224 1.04398075 248.18573968
v -78.58115337 1.04398076 248.18573967
v -78.58115337 0.99740635 248.12898884
v -78.54499224 0.99740635 248.12898885
v -78.54499228 0.40764156 248.61092707
v -78.58115342 0.40764156 248.61092707
v -78.58115342 0.37152680 248.54336091
v -78.54499228 0.37152680 248.54336091
v -78.54499225 1.07858850 248.53712031
v -78.58115339 1.07858851 248.53712031
v -78.58115338 1.09989996 248.46686575
v -78.54499225 1.09989996 248.46686575
v -78.54499224 0.99740635 248.12898885
v -78.58115337 0.99740635 248.12898884
v -78.58115337 0.94065442 248.08241320
v -78.54499224 0.94065442 248.08241320
v -78.54499229 0.45624415 248.67014971
v -78.58115342 0.45624415 248.67014971
v -78.58115342 0.40764156 248.61092707
v -78.54499228 0.40764156 248.61092707
v -78.54499225 1.09989996 248.46686575
v -78.58115338 1.09989996 248.46686575
v -78.58115338 1.10709594 248.39380305
v -78.54499224 1.10709593 248.39380305
v -78.54499224 0.94065442 248.08241320
v -78.58115337 0.94065442 248.08241320
v -78.58115337 0.87590760 248.04780551
v -78.54499224 0.87590760 248.04780551
v -78.54499228 0.51546704 248.71875214
v -78.58115342 0.51546705 248.71875214
v -78.58115342 0.45624415 248.67014971
v -78.54499229 0.45624415 248.67014971
v -78.54499224 0.87590760 248.04780551
v -78.58115337 0.87590760 248.04780551
v -78.58115337 0.80565346 248.02649371
v -78.54499224 0.80565346 248.02649371
v -78.54499228 0.58303341 248.75486782
v -78.58115342 0.58303341 248.75486782
v -78.58115342 0.51546705 248.71875214
v -78.54499228 0.51546704 248.71875214
v -78.54499224 0.80565346 248.02649371
v -78.58115337 0.80565346 248.02649371
v -78.58115338 0.73259086 248.01929802
v -78.54499224 0.73259086 248.01929802
v -78.54499228 0.65634693 248.77710695
v -78.58115341 0.65634693 248.77710695
v -78.58115342 0.58303341 248.75486782
v -78.54499228 0.58303341 248.75486782
v -78.54499224 0.73259086 248.01929802
v -78.58115338 0.73259086 248.01929802
v -78.58115338 0.65952828 248.02649371
v -78.54499225 0.65952828 248.02649371
v -78.54499228 0.73259083 248.78461597
v -78.58115341 0.73259083 248.78461597
v -78.58115341 0.65634693 248.77710695
v -78.54499228 0.65634693 248.77710695
v -78.54499225 0.65952828 248.02649371
v -78.58115338 0.65952828 248.02649371
v -78.58115339 0.58927398 248.04780551
v -78.54499225 0.58927398 248.04780551
v -78.54499227 0.80883481 248.77710695
v -78.58115341 0.80883481 248.77710695
v -78.58115341 0.73259083 248.78461597
v -78.54499228 0.73259083 248.78461597
v -78.54499225 0.58927398 248.04780551
v -78.58115339 0.58927398 248.04780551
v -78.58115339 0.52452708 248.08241320
v -78.54499226 0.52452708 248.08241320
v -78.54499227 0.88214834 248.75486782
v -78.58115340 0.88214834 248.75486782
v -78.58115341 0.80883481 248.77710695
v -78.54499227 0.80883481 248.77710695
v -78.58115338 1.09989996 248.46686575
v -78.58115338 1.11589446 248.47004753
v -78.58115338 1.12340377 248.39380305
v -78.58115338 1.10709594 248.39380305
v -78.58115339 1.07858851 248.53712031
v -78.58115338 1.09365498 248.54336091
v -78.58115338 1.11589446 248.47004753
v -78.58115338 1.09989996 248.46686575
v -78.58115339 1.04398066 248.60186721
v -78.58115339 1.05754013 248.61092707
v -78.58115338 1.09365498 248.54336091
v -78.58115339 1.07858851 248.53712031
v -78.58115339 0.99740622 248.65861804
v -78.58115339 1.00893757 248.67014971
v -78.58115339 1.05754013 248.61092707
v -78.58115339 1.04398066 248.60186721
v -78.58115340 0.94065460 248.70519289
v -78.58115340 0.94971474 248.71875214
v -78.58115339 1.00893757 248.67014971
v -78.58115339 0.99740622 248.65861804
v -78.58115340 0.87590760 248.73980137
v -78.58115340 0.88214834 248.75486782
v -78.58115340 0.94971474 248.71875214
v -78.58115340 0.94065460 248.70519289
v -78.58115341 0.80565332 248.76111238
v -78.58115341 0.80883481 248.77710695
v -78.58115340 0.88214834 248.75486782
v -78.58115340 0.87590760 248.73980137
v -78.58115341 0.73259083 248.76830807
v -78.58115341 0.73259083 248.78461597
v -78.58115341 0.80883481 248.77710695
v -78.58115341 0.80565332 248.76111238
v -78.58115341 0.65952843 248.76111238
v -78.58115341 0.65634693 248.77710695
v -78.58115341 0.73259083 248.78461597
v -78.58115341 0.73259083 248.76830807
v -78.58115342 0.58927416 248.73980137
v -78.58115342 0.58303341 248.75486782
v -78.58115341 0.65634693 248.77710695
v -78.58115341 0.65952843 248.76111238
v -78.58115342 0.52452720 248.70519289
v -78.58115342 0.51546705 248.71875214
v -78.58115342 0.58303341 248.75486782
v -78.58115342 0.58927416 248.73980137
v -78.58115342 0.46777550 248.65861804
v -78.58115342 0.45624415 248.67014971
v -78.58115342 0.51546705 248.71875214
v -78.58115342 0.52452720 248.70519289
v -78.58115342 0.42120103 248.60186721
v -78.58115342 0.40764156 248.61092707
v -78.58115342 0.45624415 248.67014971
v -78.58115342 0.46777550 248.65861804
v -78.58115342 0.38659328 248.53712031
v -78.58115342 0.37152680 248.54336091
v -78.58115342 0.40764156 248.61092707
v -78.58115342 0.42120103 248.60186721
v -78.58115341 0.36528173 248.46686575
v -78.58115341 0.34928726 248.47004753
v -78.58115342 0.37152680 248.54336091
v -78.58115342 0.38659328 248.53712031
v -78.58115341 0.35808576 248.39380305
v -78.58115341 0.34177792 248.39380305
v -78.58115341 0.34928726 248.47004753
v -78.58115341 0.36528173 248.46686575
v -78.58115341 0.36528179 248.32074115
v -78.58115341 0.34928730 248.31755937
v -78.58115341 0.34177792 248.39380305
v -78.58115341 0.35808576 248.39380305
v -78.58115340 0.38659325 248.25048582
v -78.58115340 0.37152677 248.24424522
v -78.58115341 0.34928730 248.31755937
v -78.58115341 0.36528179 248.32074115
v -78.58115340 0.42120116 248.18573967
v -78.58115340 0.40764169 248.17667902
v -78.58115340 0.37152677 248.24424522
v -78.58115340 0.38659325 248.25048582
v -78.58115339 0.46777558 248.12898805
v -78.58115339 0.45624422 248.11745718
v -78.58115340 0.40764169 248.17667902
v -78.58115340 0.42120116 248.18573967
v -78.58115339 0.52452708 248.08241320
v -78.58115339 0.51546692 248.06885395
v -78.58115339 0.45624422 248.11745718
v -78.58115339 0.46777558 248.12898805
v -78.58115339 0.58927398 248.04780551
v -78.58115338 0.58303322 248.03273907
v -78.58115339 0.51546692 248.06885395
v -78.58115339 0.52452708 248.08241320
v -78.58115338 0.65952828 248.02649371
v -78.58115338 0.65634679 248.01049994
v -78.58115338 0.58303322 248.03273907
v -78.58115339 0.58927398 248.04780551
v -78.58115338 0.73259086 248.01929802
v -78.58115338 0.73259086 248.00299012
v -78.58115338 0.65634679 248.01049994
v -78.58115338 0.65952828 248.02649371
v -78.58115337 0.80565346 248.02649371
v -78.58115337 0.80883495 248.01049994
v -78.58115338 0.73259086 248.00299012
v -78.58115338 0.73259086 248.01929802
v -78.58115337 0.87590760 248.04780551
v -78.58115337 0.88214834 248.03273907
v -78.58115337 0.80883495 248.01049994
v -78.58115337 0.80565346 248.02649371
v -78.58115337 0.94065442 248.08241320
v -78.58115337 0.94971458 248.06885395
v -78.58115337 0.88214834 248.03273907
v -78.58115337 0.87590760 248.04780551
v -78.58115337 0.99740635 248.12898884
v -78.58115337 1.00893770 248.11745718
v -78.58115337 0.94971458 248.06885395
v -78.58115337 0.94065442 248.08241320
v -78.58115337 1.04398076 248.18573967
v -78.58115337 1.05754022 248.17667902
v -78.58115337 1.00893770 248.11745718
v -78.58115337 0.99740635 248.12898884
v -78.58115337 1.07858857 248.25048582
v -78.58115337 1.09365501 248.24424522
v -78.58115337 1.05754022 248.17667902
v -78.58115337 1.04398076 248.18573967
v -78.58115337 1.09989999 248.32074036
v -78.58115337 1.11589449 248.31755937
v -78.58115337 1.09365501 248.24424522
v -78.58115337 1.07858857 248.25048582
v -78.58115338 1.10709594 248.39380305
v -78.58115338 1.12340377 248.39380305
v -78.58115337 1.11589449 248.31755937
v -78.58115337 1.09989999 248.32074036
v -78.54499227 0.40764169 248.17667903
v -78.58115340 0.40764169 248.17667902
v -78.58115339 0.45624422 248.11745718
v -78.54499226 0.45624422 248.11745718
v -78.54499228 0.65952843 248.76111238
v -78.58115341 0.65952843 248.76111238
v -78.58115341 0.73259083 248.76830807
v -78.54499228 0.73259083 248.76830807
v -78.54499226 0.45624422 248.11745718
v -78.58115339 0.45624422 248.11745718
v -78.58115339 0.51546692 248.06885395
v -78.54499226 0.51546692 248.06885396
v -78.54499228 0.58927416 248.73980137
v -78.58115342 0.58927416 248.73980137
v -78.58115341 0.65952843 248.76111238
v -78.54499228 0.65952843 248.76111238
v -78.54499226 0.51546692 248.06885396
v -78.58115339 0.51546692 248.06885395
v -78.58115338 0.58303322 248.03273907
v -78.54499225 0.58303322 248.03273907
v -78.54499228 0.52452720 248.70519289
v -78.58115342 0.52452720 248.70519289
v -78.58115342 0.58927416 248.73980137
v -78.54499228 0.58927416 248.73980137
v -78.54499225 0.58303322 248.03273907
v -78.58115338 0.58303322 248.03273907
v -78.58115338 0.65634679 248.01049994
v -78.54499225 0.65634679 248.01049994
v -78.54499228 0.46777550 248.65861804
v -78.58115342 0.46777550 248.65861804
v -78.58115342 0.52452720 248.70519289
v -78.54499228 0.52452720 248.70519289
v -78.54499225 0.65634679 248.01049994
v -78.58115338 0.65634679 248.01049994
v -78.58115338 0.73259086 248.00299012
v -78.54499224 0.73259086 248.00299012
v -78.54499228 0.42120103 248.60186721
v -78.58115342 0.42120103 248.60186721
v -78.58115342 0.46777550 248.65861804
v -78.54499228 0.46777550 248.65861804
v -78.54499224 0.73259086 248.00299012
v -78.58115338 0.73259086 248.00299012
v -78.58115337 0.80883495 248.01049994
v -78.54499224 0.80883495 248.01049994
v -78.54499228 0.38659328 248.53712031
v -78.58115342 0.38659328 248.53712031
v -78.58115342 0.42120103 248.60186721
v -78.54499228 0.42120103 248.60186721
v -78.54499224 0.80883495 248.01049994
v -78.58115337 0.80883495 248.01049994
v -78.58115337 0.88214834 248.03273907
v -78.54499224 0.88214834 248.03273907
v -78.54499228 0.36528173 248.46686575
v -78.58115341 0.36528173 248.46686575
v -78.58115342 0.38659328 248.53712031
v -78.54499228 0.38659328 248.53712031
v -78.54499224 0.88214834 248.03273907
v -78.58115337 0.88214834 248.03273907
v -78.58115337 0.94971458 248.06885395
v -78.54499224 0.94971458 248.06885396
v -78.54499224 1.12340377 248.39380305
v -78.58115338 1.12340377 248.39380305
v -78.58115338 1.11589446 248.47004753
v -78.54499225 1.11589446 248.47004753
v -78.54499228 0.35808575 248.39380305
v -78.58115341 0.35808576 248.39380305
v -78.58115341 0.36528173 248.46686575
v -78.54499228 0.36528173 248.46686575
v -78.54499224 0.94971458 248.06885396
v -78.58115337 0.94971458 248.06885395
v -78.58115337 1.00893770 248.11745718
v -78.54499224 1.00893769 248.11745718
v -78.54499225 1.11589446 248.47004753
v -78.58115338 1.11589446 248.47004753
v -78.58115338 1.09365498 248.54336091
v -78.54499225 1.09365498 248.54336091
v -78.54499227 0.36528179 248.32074115
v -78.58115341 0.36528179 248.32074115
v -78.58115341 0.35808576 248.39380305
v -78.54499228 0.35808575 248.39380305
v -78.54499224 1.00893769 248.11745718
v -78.58115337 1.00893770 248.11745718
v -78.58115337 1.05754022 248.17667902
v -78.54499224 1.05754022 248.17667903
v -78.54499225 1.09365498 248.54336091
v -78.58115338 1.09365498 248.54336091
v -78.58115339 1.05754013 248.61092707
v -78.54499226 1.05754013 248.61092707
v -78.54499227 0.38659325 248.25048582
v -78.58115340 0.38659325 248.25048582
v -78.58115341 0.36528179 248.32074115
v -78.54499227 0.36528179 248.32074115
v -78.54499224 1.05754022 248.17667903
v -78.58115337 1.05754022 248.17667902
v -78.58115337 1.09365501 248.24424522
v -78.54499224 1.09365501 248.24424522
v -78.54499226 1.05754013 248.61092707
v -78.58115339 1.05754013 248.61092707
v -78.58115339 1.00893757 248.67014971
v -78.54499226 1.00893757 248.67014971
v -78.54499227 0.42120116 248.18573968
v -78.58115340 0.42120116 248.18573967
v -78.58115340 0.38659325 248.25048582
v -78.54499227 0.38659325 248.25048582
v -78.54499224 1.09365501 248.24424522
v -78.58115337 1.09365501 248.24424522
v -78.58115337 1.11589449 248.31755937
v -78.54499224 1.11589449 248.31755937
v -78.54499226 1.00893757 248.67014971
v -78.58115339 1.00893757 248.67014971
v -78.58115340 0.94971474 248.71875214
v -78.54499227 0.94971474 248.71875214
v -78.54499226 0.46777558 248.12898805
v -78.58115339 0.46777558 248.12898805
v -78.58115340 0.42120116 248.18573967
v -78.54499227 0.42120116 248.18573968
v -78.54499224 1.11589449 248.31755937
v -78.58115337 1.11589449 248.31755937
v -78.58115338 1.12340377 248.39380305
v -78.54499224 1.12340377 248.39380305
v -78.54499227 0.94971474 248.71875214
v -78.58115340 0.94971474 248.71875214
v -78.58115340 0.88214834 248.75486782
v -78.54499227 0.88214834 248.75486782
v -78.54499226 0.52452708 248.08241320
v -78.58115339 0.52452708 248.08241320
v -78.58115339 0.46777558 248.12898805
v -78.54499226 0.46777558 248.12898805
v -79.01092589 1.45110576 248.53672445
v -79.01092590 1.40941706 248.67415408
v -79.01092590 1.34171841 248.80080963
v -79.01092591 1.25061120 248.91182361
v -79.01092592 1.13959692 249.00293063
v -79.01092593 1.01294147 249.07062929
v -79.01092594 0.87551238 249.11231843
v -79.01092594 0.73259084 249.12639491
v -79.01092595 0.58966935 249.11231843
v -79.01092595 0.45224029 249.07062929
v -79.01092596 0.32558493 249.00293063
v -79.01092596 0.21457047 248.91182361
v -79.01092596 0.12346326 248.80080963
v -79.01092595 0.05576461 248.67415408
v -79.01092595 0.01407591 248.53672445
v -79.01092594 -0.00000058 248.39380303
v -79.01092594 0.01407591 248.25088164
v -79.01092593 0.05576461 248.11345198
v -79.01092592 0.12346339 247.98679722
v -79.01092591 0.21457044 247.87578323
v -79.01092590 0.32558477 247.78467536
v -79.01092590 0.45224016 247.71697670
v -79.01092589 0.58966932 247.67528838
v -79.01092588 0.73259088 247.66121190
v -79.01092588 0.87551243 247.67528838
v -79.01092587 1.01294160 247.71697670
v -79.01092587 1.13959677 247.78467536
v -79.01092587 1.25061120 247.87578323
v -79.01092587 1.34171841 247.98679722
v -79.01092587 1.40941719 248.11345198
v -79.01092588 1.45110582 248.25088164
v -79.01092588 1.46518224 248.39380303
vt 0.00000000 1.00000000
vt 0.00000000 1.00000000
vt 0.00000000 1.00000000
vt 0.00000000 1.00000000
vt 0.00000000 1.00000000
vt 0.00000000 1.00000000
vt 0.00000000 1.00000000
vt 0.00000000 1.00000000
vt 0.00000000 1.00000000
vt 0.00000000 1.00000000
vt 0.00000000 1.00000000
vt 0.00000000 1.00000000
vt 0.00000000 1.00000000
vt 0.00000000 1.00000000
vt 0.00000000 1.00000000
vt 0.00000000 1.00000000
vt 0.00000000 1.00000000
vt 0.00000000 1.00000000
vt 0.00000000 1.00000000
vt 0.00000000 1.00000000
vt 0.00000000 1.00000000
vt 0.00000000 1.00000000
vt 0.00000000 1.00000000
vt 0.00000000 1.00000000
vt 0.00000000 1.00000000
vt 0.00000000 1.00000000
vt 0.00000000 1.00000000
vt 0.00000000 1.00000000
vt 0.00000000 1.00000000
vt 0.00000000 1.00000000
vt 0.00000000 1.00000000
vt 0.00000000 1.00000000
vt 0.00000000 1.00000000
vt 0.00000000 1.00000000
vt 0.00000000 1.00000000
vt 0.00000000 1.00000000
vt 0.00000000 1.00000000
vt 0.00000000 1.00000000
vt 0.00000000 1.00000000
vt 0.00000000 1.00000000
vt 0.00000000 1.00000000
vt 0.00000000 1.00000000
vt 0.00000000 1.00000000
vt 0.00000000 1.00000000
vt 0.00000000 1.00000000
vt 0.00000000 1.00000000
vt 0.00000000 1.00000000
vt 0.00000000 1.00000000
vt 0.00000000 1.00000000
vt 0.00000000 1.00000000
vt 0.00000000 1.00000000
vt 0.00000000 1.00000000
vt 0.00000000 1.00000000
vt 0.00000000 1.00000000
vt 0.00000000 1.00000000
vt 0.00000000 1.00000000
vt 0.00000000 1.00000000
vt 0.00000000 1.00000000
vt 0.00000000 1.00000000
vt 0.00000000 1.00000000
vt 0.00000000 1.00000000
vt 0.00000000 1.00000000
vt 0.00000000 1.00000000
vt 0.00000000 1.00000000
vt 0.00000000 1.00000000
vt 0.00000000 1.00000000
vt 0.00000000 1.00000000
vt 0.00000000 1.00000000
vt 0.00000000 1.00000000
vt 0.00000000 1.00000000
vt 0.00000000 1.00000000
vt 0.00000000 1.00000000
vt 0.00000000 1.00000000
vt 0.00000000 1.00000000
vt 0.00000000 1.00000000
vt 0.00000000 1.00000000
vt 0.00000000 1.00000000
vt 0.00000000 1.00000000
vt 0.00000000 1.00000000
vt 0.00000000 1.00000000
vt 0.00000000 1.00000000
vt 0.00000000 1.00000000
vt 0.00000000 1.00000000
vt 0.00000000 1.00000000
vt 0.00000000 1.00000000
vt 0.00000000 1.00000000
vt 0.00000000 1.00000000
vt 0.00000000 1.00000000
vt 0.00000000 1.00000000
vt 0.00000000 1.00000000
vt 0.00000000 1.00000000
vt 0.00000000 1.00000000
vt 0.00000000 1.00000000
vt 0.00000000 1.00000000
vt 0.00000000 1.00000000
vt 0.00000000 1.00000000
vt 0.00000000 1.00000000
vt 0.00000000 1.00000000
vt 0.00000000 1.00000000
vt 0.00000000 1.00000000
vt 0.00000000 1.00000000
vt 0.00000000 1.00000000
vt 0.00000000 1.00000000
vt 0.00000000 1.00000000
vt 0.00000000 1.00000000
vt 0.00000000 1.00000000
vt 0.00000000 1.00000000
vt 0.00000000 1.00000000
vt 0.00000000 1.00000000
vt 0.00000000 1.00000000
vt 0.00000000 1.00000000
vt 0.00000000 1.00000000
vt 0.00000000 1.00000000
vt 0.00000000 1.00000000
vt 0.00000000 1.00000000
vt 0.00000000 1.00000000
vt 0.00000000 1.00000000
vt 0.00000000 1.00000000
vt 0.00000000 1.00000000
vt 0.00000000 1.00000000
vt 0.00000000 1.00000000
vt 0.00000000 1.00000000
vt 0.00000000 1.00000000
vt 0.00000000 1.00000000
vt 0.00000000 1.00000000
vt 0.00000000 1.00000000
vt 0.00000000 1.00000000
vt 0.00000000 1.00000000
vt 0.00000000 1.00000000
vt 0.00000000 1.00000000
vt 0.00000000 1.00000000
vt 0.00000000 1.00000000
vt 0.00000000 1.00000000
vt 0.00000000 1.00000000
vt 0.00000000 1.00000000
vt 0.00000000 1.00000000
vt 0.00000000 1.00000000
vt 0.00000000 1.00000000
vt 0.00000000 1.00000000
vt 0.00000000 1.00000000
vt 0.00000000 1.00000000
vt 0.00000000 1.00000000
vt 0.00000000 1.00000000
vt 0.00000000 1.00000000
vt 0.00000000 1.00000000
vt 0.00000000 1.00000000
vt 0.00000000 1.00000000
vt 0.00000000 1.00000000
vt 0.00000000 1.00000000
vt 0.00000000 1.00000000
vt 0.00000000 1.00000000
vt 0.00000000 1.00000000
vt 0.00000000 1.00000000
vt 0.00000000 1.00000000
vt 0.00000000 1.00000000
vt 0.00000000 1.00000000
vt 0.00000000 1.00000000
vt 0.00000000 1.00000000
vt 0.00000000 1.00000000
vt 0.00000000 1.00000000
vt 0.00000000 1.00000000
vt 0.00000000 1.00000000
vt 0.00000000 1.00000000
vt 0.00000000 1.00000000
vt 0.00000000 1.00000000
vt 0.00000000 1.00000000
vt 0.00000000 1.00000000
vt 0.00000000 1.00000000
vt 0.00000000 1.00000000
vt 0.00000000 1.00000000
vt 0.00000000 1.00000000
vt 0.00000000 1.00000000
vt 0.00000000 1.00000000
vt 0.00000000 1.00000000
vt 0.00000000 1.00000000
vt 0.00000000 1.00000000
vt 0.00000000 1.00000000
vt 0.00000000 1.00000000
vt 0.00000000 1.00000000
vt 0.00000000 1.00000000
vt 0.00000000 1.00000000
vt 0.00000000 1.00000000
vt 0.00000000 1.00000000
vt 0.00000000 1.00000000
vt 0.00000000 1.00000000
vt 0.00000000 1.00000000
vt 0.00000000 1.00000000
vt 0.00000000 1.00000000
vt 0.00000000 1.00000000
vt 0.00000000 1.00000000
vt 0.00000000 1.00000000
vt 0.00000000 1.00000000
vt 0.00000000 1.00000000
vt 0.00000000 1.00000000
vt 0.00000000 1.00000000
vt 0.00000000 1.00000000
vt 0.00000000 1.00000000
vt 0.00000000 1.00000000
vt 0.00000000 1.00000000
vt 0.00000000 1.00000000
vt 0.00000000 1.00000000
vt 0.00000000 1.00000000
vt 0.00000000 1.00000000
vt 0.00000000 1.00000000
vt 0.00000000 1.00000000
vt 0.00000000 1.00000000
vt 0.00000000 1.00000000
vt 0.00000000 1.00000000
vt 0.00000000 1.00000000
vt 0.00000000 1.00000000
vt 0.00000000 1.00000000
vt 0.00000000 1.00000000
vt 0.00000000 1.00000000
vt 0.00000000 1.00000000
vt 0.00000000 1.00000000
vt 0.00000000 1.00000000
vt 0.00000000 1.00000000
vt 0.00000000 1.00000000
vt 0.00000000 1.00000000
vt 0.00000000 1.00000000
vt 0.00000000 1.00000000
vt 0.00000000 1.00000000
vt 0.00000000 1.00000000
vt 0.00000000 1.00000000
vt 0.00000000 1.00000000
vt 0.00000000 1.00000000
vt 0.00000000 1.00000000
vt 0.00000000 1.00000000
vt 0.00000000 1.00000000
vt 0.00000000 1.00000000
vt 0.00000000 1.00000000
vt 0.00000000 1.00000000
vt 0.00000000 1.00000000
vt 0.00000000 1.00000000
vt 0.00000000 1.00000000
vt 0.00000000 1.00000000
vt 0.00000000 1.00000000
vt 0.00000000 1.00000000
vt 0.00000000 1.00000000
vt 0.00000000 1.00000000
vt 0.00000000 1.00000000
vt 0.00000000 1.00000000
vt 0.00000000 1.00000000
vt 0.00000000 1.00000000
vt 0.00000000 1.00000000
vt 0.00000000 1.00000000
vt 0.00000000 1.00000000
vt 0.00000000 1.00000000
vt 0.00000000 1.00000000
vt 0.00000000 1.00000000
vt 0.00000000 1.00000000
vt 0.00000000 1.00000000
vt 0.00000000 1.00000000
vt 0.00000000 1.00000000
vt 0.00000000 1.00000000
vt 0.00000000 1.00000000
vt 0.00000000 1.00000000
vt 0.00000000 1.00000000
vt 0.00000000 1.00000000
vt 0.00000000 1.00000000
vt 0.00000000 1.00000000
vt 0.00000000 1.00000000
vt 0.00000000 1.00000000
vt 0.00000000 1.00000000
vt 0.00000000 1.00000000
vt 0.00000000 1.00000000
vt 0.00000000 1.00000000
vt 0.00000000 1.00000000
vt 0.00000000 1.00000000
vt 0.00000000 1.00000000
vt 0.00000000 1.00000000
vt 0.00000000 1.00000000
vt 0.00000000 1.00000000
vt 0.00000000 1.00000000
vt 0.00000000 1.00000000
vt 0.00000000 1.00000000
vt 0.00000000 1.00000000
vt 0.00000000 1.00000000
vt 0.00000000 1.00000000
vt 0.00000000 1.00000000
vt 0.00000000 1.00000000
vt 0.00000000 1.00000000
vt 0.00000000 1.00000000
vt 0.00000000 1.00000000
vt 0.00000000 1.00000000
vt 0.00000000 1.00000000
vt 0.00000000 1.00000000
vt 0.00000000 1.00000000
vt 0.00000000 1.00000000
vt 0.00000000 1.00000000
vt 0.00000000 1.00000000
vt 0.00000000 1.00000000
vt 0.00000000 1.00000000
vt 0.00000000 1.00000000
vt 0.00000000 1.00000000
vt 0.00000000 1.00000000
vt 0.00000000 1.00000000
vt 0.00000000 1.00000000
vt 0.00000000 1.00000000
vt 0.00000000 1.00000000
vt 0.00000000 1.00000000
vt 0.00000000 1.00000000
vt 0.00000000 1.00000000
vt 0.00000000 1.00000000
vt 0.00000000 1.00000000
vt 0.00000000 1.00000000
vt 0.00000000 1.00000000
vt 0.00000000 1.00000000
vt 0.00000000 1.00000000
vt 0.00000000 1.00000000
vt 0.00000000 1.00000000
vt 0.00000000 1.00000000
vt 0.00000000 1.00000000
vt 0.00000000 1.00000000
vt 0.00000000 1.00000000
vt 0.00000000 1.00000000
vt 0.00000000 1.00000000
vt 0.00000000 1.00000000
vt 0.00000000 1.00000000
vt 0.00000000 1.00000000
vt 0.00000000 1.00000000
vt 0.00000000 1.00000000
vt 0.00000000 1.00000000
vt 0.00000000 1.00000000
vt 0.00000000 1.00000000
vt 0.00000000 1.00000000
vt 0.00000000 1.00000000
vt 0.00000000 1.00000000
vt 0.00000000 1.00000000
vt 0.00000000 1.00000000
vt 0.00000000 1.00000000
vt 0.00000000 1.00000000
vt 0.00000000 1.00000000
vt 0.00000000 1.00000000
vt 0.00000000 1.00000000
vt 0.00000000 1.00000000
vt 0.00000000 1.00000000
vt 0.00000000 1.00000000
vt 0.00000000 1.00000000
vt 0.00000000 1.00000000
vt 0.00000000 1.00000000
vt 0.00000000 1.00000000
vt 0.00000000 1.00000000
vt 0.00000000 1.00000000
vt 0.00000000 1.00000000
vt 0.00000000 1.00000000
vt 0.00000000 1.00000000
vt 0.00000000 1.00000000
vt 0.00000000 1.00000000
vt 0.00000000 1.00000000
vt 0.00000000 1.00000000
vt 0.00000000 1.00000000
vt 0.00000000 1.00000000
vt 0.00000000 1.00000000
vt 0.00000000 1.00000000
vt 0.00000000 1.00000000
vt 0.00000000 1.00000000
vt 0.00000000 1.00000000
vt 0.00000000 1.00000000
vt 0.00000000 1.00000000
vt 0.00000000 1.00000000
vt 0.00000000 1.00000000
vt 0.00000000 1.00000000
vt 0.00000000 1.00000000
vt 0.00000000 1.00000000
vt 0.00000000 1.00000000
vt 0.00000000 1.00000000
vt 0.00000000 1.00000000
vt 0.00000000 1.00000000
vt 0.00000000 1.00000000
vt 0.00000000 1.00000000
vt 0.00000000 1.00000000
vt 0.00000000 1.00000000
vt 0.00000000 1.00000000
vt 0.00000000 1.00000000
vt 0.00000000 1.00000000
vt 0.00000000 1.00000000
vt 0.00000000 1.00000000
vt 0.00000000 1.00000000
vt 0.00000000 1.00000000
vt 0.00000000 1.00000000
vt 0.00000000 1.00000000
vt 0.00000000 1.00000000
vt 0.00000000 1.00000000
vt 0.00000000 1.00000000
vt 0.00000000 1.00000000
vt 0.00000000 1.00000000
vt 0.00000000 1.00000000
vt 0.00000000 1.00000000
vt 0.00000000 1.00000000
vt 0.00000000 1.00000000
vt 0.00000000 1.00000000
vt 0.00000000 1.00000000
vt 0.00000000 1.00000000
vt 0.00000000 1.00000000
vt 0.00000000 1.00000000
vt 0.00000000 1.00000000
vt 0.00000000 1.00000000
vt 0.00000000 1.00000000
vt 0.00000000 1.00000000
vt 0.00000000 1.00000000
vt 0.00000000 1.00000000
vt 0.00000000 1.00000000
vt 0.00000000 1.00000000
vt 0.00000000 1.00000000
vt 0.00000000 1.00000000
vt 0.00000000 1.00000000
vt 0.00000000 1.00000000
vt 0.00000000 1.00000000
vt 0.00000000 1.00000000
vt 0.00000000 1.00000000
vt 0.00000000 1.00000000
vt 0.00000000 1.00000000
vt 0.00000000 1.00000000
vt 0.00000000 1.00000000
vt 0.00000000 1.00000000
vt 0.00000000 1.00000000
vt 0.00000000 1.00000000
vt 0.00000000 1.00000000
vt 0.00000000 1.00000000
vt 0.00000000 1.00000000
vt 0.00000000 1.00000000
vt 0.00000000 1.00000000
vt 0.00000000 1.00000000
vt 0.00000000 1.00000000
vt 0.00000000 1.00000000
vt 0.00000000 1.00000000
vt 0.00000000 1.00000000
vt 0.00000000 1.00000000
vt 0.00000000 1.00000000
vt 0.00000000 1.00000000
vt 0.00000000 1.00000000
vt 0.00000000 1.00000000
vt 0.00000000 1.00000000
vt 0.00000000 1.00000000
vt 0.00000000 1.00000000
vt 0.00000000 1.00000000
vt 0.00000000 1.00000000
vt 0.00000000 1.00000000
vt 0.00000000 1.00000000
vt 0.00000000 1.00000000
vt 0.00000000 1.00000000
vt 0.00000000 1.00000000
vt 0.00000000 1.00000000
vt 0.00000000 1.00000000
vt 0.00000000 1.00000000
vt 0.00000000 1.00000000
vt 0.00000000 1.00000000
vt 0.00000000 1.00000000
vt 0.00000000 1.00000000
vt 0.00000000 1.00000000
vt 0.00000000 1.00000000
vt 0.00000000 1.00000000
vt 0.00000000 1.00000000
vt 0.00000000 1.00000000
vt 0.00000000 1.00000000
vt 0.00000000 1.00000000
vt 0.00000000 1.00000000
vt 0.00000000 1.00000000
vt 0.00000000 1.00000000
vt 0.00000000 1.00000000
vt 0.00000000 1.00000000
vt 0.00000000 1.00000000
vt 0.00000000 1.00000000
vt 0.00000000 1.00000000
vt 0.00000000 1.00000000
vt 0.00000000 1.00000000
vt 0.00000000 1.00000000
vt 0.00000000 1.00000000
vt 0.00000000 1.00000000
vt 0.00000000 1.00000000
vt 0.00000000 1.00000000
vt 0.00000000 1.00000000
vt 0.00000000 1.00000000
vt 0.00000000 1.00000000
vt 0.00000000 1.00000000
vt 0.00000000 1.00000000
vt 0.00000000 1.00000000
vt 0.00000000 1.00000000
vt 0.00000000 1.00000000
vt 0.00000000 1.00000000
vt 0.00000000 1.00000000
vt 0.00000000 1.00000000
vt 0.00000000 1.00000000
vt 0.00000000 1.00000000
vt 0.00000000 1.00000000
vt 0.00000000 1.00000000
vt 0.00000000 1.00000000
vt 0.00000000 1.00000000
vt 0.00000000 1.00000000
vt 0.00000000 1.00000000
vt 0.00000000 1.00000000
vt 0.00000000 1.00000000
vt 0.00000000 1.00000000
vt 0.00000000 1.00000000
vt 0.00000000 1.00000000
vt 0.00000000 1.00000000
vt 0.00000000 1.00000000
vt 0.00000000 1.00000000
vt 0.00000000 1.00000000
vt 0.00000000 1.00000000
vt 0.00000000 1.00000000
vt 0.00000000 1.00000000
vt 0.00000000 1.00000000
vt 0.00000000 1.00000000
vt 0.00000000 1.00000000
vt 0.00000000 1.00000000
vt 0.00000000 1.00000000
vt 0.00000000 1.00000000
vt 0.00000000 1.00000000
vt 0.00000000 1.00000000
vt 0.00000000 1.00000000
vt 0.00000000 1.00000000
vt 0.00000000 1.00000000
vt 0.00000000 1.00000000
vt 0.00000000 1.00000000
vt 0.00000000 1.00000000
vt 0.00000000 1.00000000
vt 0.00000000 1.00000000
vt 0.00000000 1.00000000
vt 0.00000000 1.00000000
vt 0.00000000 1.00000000
vt 0.00000000 1.00000000
vt 0.00000000 1.00000000
vt 0.00000000 1.00000000
vt 0.00000000 1.00000000
vt 0.00000000 1.00000000
vt 0.00000000 1.00000000
vt 0.00000000 1.00000000
vt 0.00000000 1.00000000
vt 0.00000000 1.00000000
vt 0.00000000 1.00000000
vt 0.00000000 1.00000000
vt 0.00000000 1.00000000
vt 0.00000000 1.00000000
vt 0.00000000 1.00000000
vt 0.00000000 1.00000000
vt 0.00000000 1.00000000
vt 0.00000000 1.00000000
vt 0.00000000 1.00000000
vt 0.00000000 1.00000000
vt 0.00000000 1.00000000
vt 0.00000000 1.00000000
vt 0.00000000 1.00000000
vt 0.00000000 1.00000000
vt 0.00000000 1.00000000
vt 0.00000000 1.00000000
vt 0.00000000 1.00000000
vt 0.00000000 1.00000000
vt 0.00000000 1.00000000
vt 0.00000000 1.00000000
vt 0.00000000 1.00000000
vt 0.00000000 1.00000000
vt 0.00000000 1.00000000
vt 0.00000000 1.00000000
vt 0.00000000 1.00000000
vt 0.00000000 1.00000000
vt 0.00000000 1.00000000
vt 0.00000000 1.00000000
vt 0.00000000 1.00000000
vt 0.00000000 1.00000000
vt 0.00000000 1.00000000
vt 0.00000000 1.00000000
vt 0.00000000 1.00000000
vt 0.00000000 1.00000000
vt 0.00000000 1.00000000
vt 0.00000000 1.00000000
vt 0.00000000 1.00000000
vt 0.00000000 1.00000000
vt 0.00000000 1.00000000
vt 0.00000000 1.00000000
vt 0.00000000 1.00000000
vt 0.00000000 1.00000000
vt 0.00000000 1.00000000
vt 0.00000000 1.00000000
vt 0.00000000 1.00000000
vt 0.00000000 1.00000000
vt 0.00000000 1.00000000
vt 0.00000000 1.00000000
vt 0.00000000 1.00000000
vt 0.00000000 1.00000000
vt 0.00000000 1.00000000
vt 0.00000000 1.00000000
vt 0.00000000 1.00000000
vt 0.00000000 1.00000000
vt 0.00000000 1.00000000
vt 0.00000000 1.00000000
vt 0.00000000 1.00000000
vt 0.00000000 1.00000000
vt 0.00000000 1.00000000
vt 0.00000000 1.00000000
vt 0.00000000 1.00000000
vt 0.00000000 1.00000000
vt 0.00000000 1.00000000
vt 0.00000000 1.00000000
vt 0.00000000 1.00000000
vt 0.00000000 1.00000000
vt 0.00000000 1.00000000
vt 0.00000000 1.00000000
vt 0.00000000 1.00000000
vt 0.00000000 1.00000000
vt 0.00000000 1.00000000
vt 0.00000000 1.00000000
vt 0.00000000 1.00000000
vt 0.00000000 1.00000000
vt 0.00000000 1.00000000
vt 0.00000000 1.00000000
vt 0.00000000 1.00000000
vt 0.00000000 1.00000000
vt 0.00000000 1.00000000
vt 0.00000000 1.00000000
vt 0.00000000 1.00000000
vt 0.00000000 1.00000000
vt 0.00000000 1.00000000
vt 0.00000000 1.00000000
vt 0.00000000 1.00000000
vt 0.00000000 1.00000000
vt 0.00000000 1.00000000
vt 0.00000000 1.00000000
vt 0.00000000 1.00000000
vt 0.00000000 1.00000000
vt 0.00000000 1.00000000
vt 0.00000000 1.00000000
vt 0.00000000 1.00000000
vt 0.00000000 1.00000000
vt 0.00000000 1.00000000
vt 0.00000000 1.00000000
vt 0.00000000 1.00000000
vt 0.00000000 1.00000000
vt 0.00000000 1.00000000
vt 0.00000000 1.00000000
vt 0.00000000 1.00000000
vt 0.00000000 1.00000000
vt 0.00000000 1.00000000
vt 0.00000000 1.00000000
vt 0.00000000 1.00000000
vt 0.00000000 1.00000000
vt 0.00000000 1.00000000
vt 0.00000000 1.00000000
vt 0.00000000 1.00000000
vt 0.00000000 1.00000000
vt 0.00000000 1.00000000
vt 0.00000000 1.00000000
vt 0.00000000 1.00000000
vt 0.00000000 1.00000000
vt 0.00000000 1.00000000
vt 0.00000000 1.00000000
vt 0.00000000 1.00000000
vt 0.00000000 1.00000000
vt 0.00000000 1.00000000
vt 0.00000000 1.00000000
vt 0.00000000 1.00000000
vt 0.00000000 1.00000000
vt 0.00000000 1.00000000
vt 0.00000000 1.00000000
vt 0.00000000 1.00000000
vt 0.00000000 1.00000000
vt 0.00000000 1.00000000
vt 0.00000000 1.00000000
vt 0.00000000 1.00000000
vt 0.00000000 1.00000000
vt 0.00000000 1.00000000
vt 0.00000000 1.00000000
vt 0.00000000 1.00000000
vt 0.00000000 1.00000000
vt 0.00000000 1.00000000
vt 0.00000000 1.00000000
vt 0.00000000 1.00000000
vt 0.00000000 1.00000000
vt 0.00000000 1.00000000
vt 0.00000000 1.00000000
vt 0.00000000 1.00000000
vt 0.00000000 1.00000000
vt 0.00000000 1.00000000
vt 0.00000000 1.00000000
vt 0.00000000 1.00000000
vt 0.00000000 1.00000000
vt 0.00000000 1.00000000
vt 0.00000000 1.00000000
vt 0.00000000 1.00000000
vt 0.00000000 1.00000000
vt 0.00000000 1.00000000
vt 0.00000000 1.00000000
vt 0.00000000 1.00000000
vt 0.00000000 1.00000000
vt 0.00000000 1.00000000
vt 0.00000000 1.00000000
vt 0.00000000 1.00000000
vt 0.00000000 1.00000000
vt 0.00000000 1.00000000
vt 0.00000000 1.00000000
vt 0.00000000 1.00000000
vt 0.00000000 1.00000000
vt 0.00000000 1.00000000
vt 0.00000000 1.00000000
vt 0.00000000 1.00000000
vt 0.00000000 1.00000000
vt 0.00000000 1.00000000
vt 0.00000000 1.00000000
vt 0.00000000 1.00000000
vt 0.00000000 1.00000000
vt 0.00000000 1.00000000
vt 0.00000000 1.00000000
vt 0.00000000 1.00000000
vt 0.00000000 1.00000000
vt 0.00000000 1.00000000
vt 0.00000000 1.00000000
vt 0.00000000 1.00000000
vt 0.00000000 1.00000000
vt 0.00000000 1.00000000
vt 0.00000000 1.00000000
vt 0.00000000 1.00000000
vt 0.00000000 1.00000000
vt 0.00000000 1.00000000
vt 0.00000000 1.00000000
vt 0.00000000 1.00000000
vt 0.00000000 1.00000000
vt 0.00000000 1.00000000
vt 0.00000000 1.00000000
vt 0.00000000 1.00000000
vt 0.00000000 1.00000000
vt 0.00000000 1.00000000
vt 0.00000000 1.00000000
vt 0.00000000 1.00000000
vt 0.00000000 1.00000000
vt 0.00000000 1.00000000
vt 0.00000000 1.00000000
vt 0.00000000 1.00000000
vt 0.00000000 1.00000000
vt 0.00000000 1.00000000
vt 0.00000000 1.00000000
vt 0.00000000 1.00000000
vt 0.00000000 1.00000000
vt 0.00000000 1.00000000
vt 0.00000000 1.00000000
vt 0.00000000 1.00000000
vt 0.00000000 1.00000000
vt 0.00000000 1.00000000
vt 0.00000000 1.00000000
vt 0.00000000 1.00000000
vt 0.00000000 1.00000000
vt 0.00000000 1.00000000
vt 0.00000000 1.00000000
vt 0.00000000 1.00000000
vt 0.00000000 1.00000000
vt 0.00000000 1.00000000
vt 0.00000000 1.00000000
vt 0.00000000 1.00000000
vt 0.00000000 1.00000000
vt 0.00000000 1.00000000
vt 0.00000000 1.00000000
vt 0.00000000 1.00000000
vt 0.00000000 1.00000000
vt 0.00000000 1.00000000
vt 0.00000000 1.00000000
vt 0.00000000 1.00000000
vt 0.00000000 1.00000000
vt 0.00000000 1.00000000
vt 0.00000000 1.00000000
vt 0.00000000 1.00000000
vt 0.00000000 1.00000000
vt 0.00000000 1.00000000
vt 0.00000000 1.00000000
vt 0.00000000 1.00000000
vt 0.00000000 1.00000000
vt 0.00000000 1.00000000
vt 0.00000000 1.00000000
vt 0.00000000 1.00000000
vt 0.00000000 1.00000000
vt 0.00000000 1.00000000
vt 0.00000000 1.00000000
vt 0.00000000 1.00000000
vt 0.00000000 1.00000000
vt 0.00000000 1.00000000
vt 0.00000000 1.00000000
vt 0.00000000 1.00000000
vt 0.00000000 1.00000000
vt 0.00000000 1.00000000
vt 0.00000000 1.00000000
vt 0.00000000 1.00000000
vt 0.00000000 1.00000000
vt 0.00000000 1.00000000
vt 0.00000000 1.00000000
vt 0.00000000 1.00000000
vt 0.00000000 1.00000000
vt 0.00000000 1.00000000
vt 0.00000000 1.00000000
vt 0.00000000 1.00000000
vt 0.00000000 1.00000000
vt 0.00000000 1.00000000
vt 0.00000000 1.00000000
vt 0.00000000 1.00000000
vt 0.00000000 1.00000000
vt 0.00000000 1.00000000
vt 0.00000000 1.00000000
vt 0.00000000 1.00000000
vt 0.00000000 1.00000000
vt 0.00000000 1.00000000
vt 0.00000000 1.00000000
vt 0.00000000 1.00000000
vt 0.00000000 1.00000000
vt 0.00000000 1.00000000
vt 0.00000000 1.00000000
vt 0.00000000 1.00000000
vt 0.00000000 1.00000000
vt 0.00000000 1.00000000
vt 0.00000000 1.00000000
vt 0.00000000 1.00000000
vt 0.00000000 1.00000000
vt 0.00000000 1.00000000
vt 0.00000000 1.00000000
vt 0.00000000 1.00000000
vt 0.00000000 1.00000000
vt 0.00000000 1.00000000
vt 0.00000000 1.00000000
vt 0.00000000 1.00000000
vt 0.00000000 1.00000000
vt 0.00000000 1.00000000
vt 0.00000000 1.00000000
vt 0.00000000 1.00000000
vt 0.00000000 1.00000000
vt 0.00000000 1.00000000
vt 0.00000000 1.00000000
vt 0.00000000 1.00000000
vt 0.00000000 1.00000000
vt 0.00000000 1.00000000
vt 0.00000000 1.00000000
vt 0.00000000 1.00000000
vt 0.00000000 1.00000000
vt 0.00000000 1.00000000
vt 0.00000000 1.00000000
vt 0.00000000 1.00000000
vt 0.00000000 1.00000000
vt 0.00000000 1.00000000
vt 0.00000000 1.00000000
vt 0.00000000 1.00000000
vt 0.00000000 1.00000000
vt 0.00000000 1.00000000
vt 0.00000000 1.00000000
vt 0.00000000 1.00000000
vt 0.00000000 1.00000000
vt 0.00000000 1.00000000
vt 0.00000000 1.00000000
vt 0.00000000 1.00000000
vt 0.00000000 1.00000000
vt 0.00000000 1.00000000
vt 0.00000000 1.00000000
vt 0.00000000 1.00000000
vt 0.00000000 1.00000000
vt 0.00000000 1.00000000
vt 0.00000000 1.00000000
vt 0.00000000 1.00000000
vt 0.00000000 1.00000000
vt 0.00000000 1.00000000
vt 0.00000000 1.00000000
vt 0.00000000 1.00000000
vt 0.00000000 1.00000000
vt 0.00000000 1.00000000
vt 0.00000000 1.00000000
vt 0.00000000 1.00000000
vt 0.00000000 1.00000000
vt 0.00000000 1.00000000
vt 0.00000000 1.00000000
vt 0.00000000 1.00000000
vt 0.00000000 1.00000000
vt 0.00000000 1.00000000
vt 0.00000000 1.00000000
vt 0.00000000 1.00000000
vt 0.00000000 1.00000000
vt 0.00000000 1.00000000
vt 0.00000000 1.00000000
vt 0.00000000 1.00000000
vt 0.00000000 1.00000000
vt 0.00000000 1.00000000
vt 0.00000000 1.00000000
vt 0.00000000 1.00000000
vt 0.00000000 1.00000000
vt 0.00000000 1.00000000
vt 0.00000000 1.00000000
vt 0.00000000 1.00000000
vt 0.00000000 1.00000000
vt 0.00000000 1.00000000
vt 0.00000000 1.00000000
vt 0.00000000 1.00000000
vt 0.00000000 1.00000000
vt 0.00000000 1.00000000
vt 0.00000000 1.00000000
vt 0.00000000 1.00000000
vt 0.00000000 1.00000000
vt 0.00000000 1.00000000
vt 0.00000000 1.00000000
vt 0.00000000 1.00000000
vt 0.00000000 1.00000000
vt 0.00000000 1.00000000
vt 0.00000000 1.00000000
vt 0.00000000 1.00000000
vt 0.00000000 1.00000000
vt 0.00000000 1.00000000
vt 0.00000000 1.00000000
vt 0.00000000 1.00000000
vt 0.00000000 1.00000000
vt 0.00000000 1.00000000
vt 0.00000000 1.00000000
vt 0.00000000 1.00000000
vt 0.00000000 1.00000000
vt 0.00000000 1.00000000
vt 0.00000000 1.00000000
vt 0.00000000 1.00000000
vt 0.00000000 1.00000000
vt 0.00000000 1.00000000
vt 0.00000000 1.00000000
vt 0.00000000 1.00000000
vt 0.00000000 1.00000000
vt 0.00000000 1.00000000
vt 0.00000000 1.00000000
vt 0.00000000 1.00000000
vt 0.00000000 1.00000000
vt 0.00000000 1.00000000
vt 0.00000000 1.00000000
vt 0.00000000 1.00000000
vt 0.00000000 1.00000000
vt 0.00000000 1.00000000
vt 0.00000000 1.00000000
vt 0.00000000 1.00000000
vt 0.00000000 1.00000000
vt 0.00000000 1.00000000
vt 0.00000000 1.00000000
vt 0.00000000 1.00000000
vt 0.00000000 1.00000000
vt 0.00000000 1.00000000
vt 0.00000000 1.00000000
vt 0.00000000 1.00000000
vt 0.00000000 1.00000000
vt 0.00000000 1.00000000
vt 0.00000000 1.00000000
vt 0.00000000 1.00000000
vt 0.00000000 1.00000000
vt 0.00000000 1.00000000
vt 0.00000000 1.00000000
vt 0.00000000 1.00000000
vt 0.00000000 1.00000000
vt 0.00000000 1.00000000
vt 0.00000000 1.00000000
vt 0.00000000 1.00000000
vt 0.00000000 1.00000000
vt 0.00000000 1.00000000
vt 0.00000000 1.00000000
vt 0.00000000 1.00000000
vt 0.00000000 1.00000000
vt 0.00000000 1.00000000
vt 0.00000000 1.00000000
vt 0.00000000 1.00000000
vt 0.00000000 1.00000000
vt 0.00000000 1.00000000
vt 0.00000000 1.00000000
vt 0.00000000 1.00000000
vt 0.00000000 1.00000000
vt 0.00000000 1.00000000
vt 0.00000000 1.00000000
vt 0.00000000 1.00000000
vt 0.00000000 1.00000000
vt 0.00000000 1.00000000
vt 0.00000000 1.00000000
vt 0.00000000 1.00000000
vt 0.00000000 1.00000000
vt 0.00000000 1.00000000
vt 0.00000000 1.00000000
vt 0.00000000 1.00000000
vt 0.00000000 1.00000000
vt 0.00000000 1.00000000
vt 0.00000000 1.00000000
vt 0.00000000 1.00000000
vt 0.00000000 1.00000000
vt 0.00000000 1.00000000
vt 0.00000000 1.00000000
vt 0.00000000 1.00000000
vt 0.00000000 1.00000000
vt 0.00000000 1.00000000
vt 0.00000000 1.00000000
vt 0.00000000 1.00000000
vt 0.00000000 1.00000000
vt 0.00000000 1.00000000
vt 0.00000000 1.00000000
vt 0.00000000 1.00000000
vt 0.00000000 1.00000000
vt 0.00000000 1.00000000
vt 0.00000000 1.00000000
vt 0.00000000 1.00000000
vt 0.00000000 1.00000000
vt 0.00000000 1.00000000
vt 0.00000000 1.00000000
vt 0.00000000 1.00000000
vt 0.00000000 1.00000000
vt 0.00000000 1.00000000
vt 0.00000000 1.00000000
vt 0.00000000 1.00000000
vt 0.00000000 1.00000000
vt 0.00000000 1.00000000
vt 0.00000000 1.00000000
vt 0.00000000 1.00000000
vt 0.00000000 1.00000000
vt 0.00000000 1.00000000
vt 0.00000000 1.00000000
vt 0.00000000 1.00000000
vt 0.00000000 1.00000000
vt 0.00000000 1.00000000
vt 0.00000000 1.00000000
vt 0.00000000 1.00000000
vt 0.00000000 1.00000000
vt 0.00000000 1.00000000
vt 0.00000000 1.00000000
vt 0.00000000 1.00000000
vt 0.00000000 1.00000000
vt 0.00000000 1.00000000
vt 0.00000000 1.00000000
vt 0.00000000 1.00000000
vt 0.00000000 1.00000000
vt 0.00000000 1.00000000
vt 0.00000000 1.00000000
vt 0.00000000 1.00000000
vt 0.00000000 1.00000000
vt 0.00000000 1.00000000
vt 0.00000000 1.00000000
vt 0.00000000 1.00000000
vt 0.00000000 1.00000000
vt 0.00000000 1.00000000
vt 0.00000000 1.00000000
vt 0.00000000 1.00000000
vt 0.00000000 1.00000000
vt 0.00000000 1.00000000
vt 0.00000000 1.00000000
vt 0.00000000 1.00000000
vt 0.00000000 1.00000000
vt 0.00000000 1.00000000
vt 0.00000000 1.00000000
vt 0.00000000 1.00000000
vt 0.00000000 1.00000000
vt 0.00000000 1.00000000
vt 0.00000000 1.00000000
vt 0.00000000 1.00000000
vt 0.00000000 1.00000000
vt 0.00000000 1.00000000
vt 0.00000000 1.00000000
vt 0.00000000 1.00000000
vt 0.00000000 1.00000000
vt 0.00000000 1.00000000
vt 0.00000000 1.00000000
vt 0.00000000 1.00000000
vt 0.00000000 1.00000000
vt 0.00000000 1.00000000
vt 0.00000000 1.00000000
vt 0.00000000 1.00000000
vt 0.00000000 1.00000000
vt 0.00000000 1.00000000
vt 0.00000000 1.00000000
vt 0.00000000 1.00000000
vt 0.00000000 1.00000000
vt 0.00000000 1.00000000
vt 0.00000000 1.00000000
vt 0.00000000 1.00000000
vt 0.00000000 1.00000000
vt 0.00000000 1.00000000
vt 0.00000000 1.00000000
vt 0.00000000 1.00000000
vt 0.00000000 1.00000000
vt 0.00000000 1.00000000
vt 0.00000000 1.00000000
vt 0.00000000 1.00000000
vt 0.00000000 1.00000000
vt 0.00000000 1.00000000
vt 0.00000000 1.00000000
vt 0.00000000 1.00000000
vt 0.00000000 1.00000000
vt 0.00000000 1.00000000
vt 0.00000000 1.00000000
vt 0.00000000 1.00000000
vt 0.00000000 1.00000000
vt 0.00000000 1.00000000
vt 0.00000000 1.00000000
vt 0.00000000 1.00000000
vt 0.00000000 1.00000000
vt 0.00000000 1.00000000
vt 0.00000000 1.00000000
vt 0.00000000 1.00000000
vt 0.00000000 1.00000000
vt 0.00000000 1.00000000
vt 0.00000000 1.00000000
vt 0.00000000 1.00000000
vt 0.00000000 1.00000000
vt 0.00000000 1.00000000
vt 0.00000000 1.00000000
vt 0.00000000 1.00000000
vt 0.00000000 1.00000000
vt 0.00000000 1.00000000
vt 0.00000000 1.00000000
vt 0.00000000 1.00000000
vt 0.00000000 1.00000000
vt 0.00000000 1.00000000
vt 0.00000000 1.00000000
vt 0.00000000 1.00000000
vt 0.00000000 1.00000000
vt 0.00000000 1.00000000
vt 0.00000000 1.00000000
vt 0.00000000 1.00000000
vt 0.00000000 1.00000000
vt 0.00000000 1.00000000
vt 0.00000000 1.00000000
vt 0.00000000 1.00000000
vt 0.00000000 1.00000000
vt 0.00000000 1.00000000
vt 0.00000000 1.00000000
vt 0.00000000 1.00000000
vt 0.00000000 1.00000000
vt 0.00000000 1.00000000
vt 0.00000000 1.00000000
vt 0.00000000 1.00000000
vt 0.00000000 1.00000000
vt 0.00000000 1.00000000
vt 0.00000000 1.00000000
vt 0.00000000 1.00000000
vt 0.00000000 1.00000000
vt 0.00000000 1.00000000
vt 0.00000000 1.00000000
vt 0.00000000 1.00000000
vt 0.00000000 1.00000000
vt 0.00000000 1.00000000
vt 0.00000000 1.00000000
vt 0.00000000 1.00000000
vt 0.00000000 1.00000000
vt 0.00000000 1.00000000
vt 0.00000000 1.00000000
vt 0.00000000 1.00000000
vt 0.00000000 1.00000000
vt 0.00000000 1.00000000
vt 0.00000000 1.00000000
vt 0.00000000 1.00000000
vt 0.00000000 1.00000000
vt 0.00000000 1.00000000
vt 0.00000000 1.00000000
vt 0.00000000 1.00000000
vt 0.00000000 1.00000000
vt 0.00000000 1.00000000
vt 0.00000000 1.00000000
vt 0.00000000 1.00000000
vt 0.00000000 1.00000000
vt 0.00000000 1.00000000
vt 0.00000000 1.00000000
vt 0.00000000 1.00000000
vt 0.00000000 1.00000000
vt 0.00000000 1.00000000
vt 0.00000000 1.00000000
vt 0.00000000 1.00000000
vt 0.00000000 1.00000000
vt 0.00000000 1.00000000
vt 0.00000000 1.00000000
vt 0.00000000 1.00000000
vt 0.00000000 1.00000000
vt 0.00000000 1.00000000
vt 0.00000000 1.00000000
vt 0.00000000 1.00000000
vt 0.00000000 1.00000000
vt 0.00000000 1.00000000
vt 0.00000000 1.00000000
vt 0.00000000 1.00000000
vt 0.00000000 1.00000000
vt 0.00000000 1.00000000
vt 0.00000000 1.00000000
vt 0.00000000 1.00000000
vt 0.00000000 1.00000000
vt 0.00000000 1.00000000
vt 0.00000000 1.00000000
vt 0.00000000 1.00000000
vt 0.00000000 1.00000000
vt 0.00000000 1.00000000
vt 0.00000000 1.00000000
vt 0.00000000 1.00000000
vt 0.00000000 1.00000000
vt 0.00000000 1.00000000
vt 0.00000000 1.00000000
vt 0.00000000 1.00000000
vt 0.00000000 1.00000000
vt 0.00000000 1.00000000
vt 0.00000000 1.00000000
vt 0.00000000 1.00000000
vt 0.00000000 1.00000000
vt 0.00000000 1.00000000
vt 0.00000000 1.00000000
vt 0.00000000 1.00000000
vt 0.00000000 1.00000000
vt 0.00000000 1.00000000
vt 0.00000000 1.00000000
vt 0.00000000 1.00000000
vt 0.00000000 1.00000000
vt 0.00000000 1.00000000
vt 0.00000000 1.00000000
vt 0.00000000 1.00000000
vt 0.00000000 1.00000000
vt 0.00000000 1.00000000
vt 0.00000000 1.00000000
vt 0.00000000 1.00000000
vt 0.00000000 1.00000000
vt 0.00000000 1.00000000
vt 0.00000000 1.00000000
vt 0.00000000 1.00000000
vt 0.00000000 1.00000000
vt 0.00000000 1.00000000
vt 0.00000000 1.00000000
vt 0.00000000 1.00000000
vt 0.00000000 1.00000000
vt 0.00000000 1.00000000
vt 0.00000000 1.00000000
vt 0.00000000 1.00000000
vt 0.00000000 1.00000000
vt 0.00000000 1.00000000
vt 0.00000000 1.00000000
vt 0.00000000 1.00000000
vt 0.00000000 1.00000000
vt 0.00000000 1.00000000
vt 0.00000000 1.00000000
vt 0.00000000 1.00000000
vt 0.00000000 1.00000000
vt 0.00000000 1.00000000
vt 0.00000000 1.00000000
vt 0.00000000 1.00000000
vt 0.00000000 1.00000000
vt 0.00000000 1.00000000
vt 0.00000000 1.00000000
vt 0.00000000 1.00000000
vt 0.00000000 1.00000000
vt 0.00000000 1.00000000
vt 0.00000000 1.00000000
vt 0.00000000 1.00000000
vt 0.00000000 1.00000000
vt 0.00000000 1.00000000
vt 0.00000000 1.00000000
vt 0.00000000 1.00000000
vt 0.00000000 1.00000000
vt 0.00000000 1.00000000
vt 0.00000000 1.00000000
vt 0.00000000 1.00000000
vt 0.00000000 1.00000000
vt 0.00000000 1.00000000
vt 0.00000000 1.00000000
vt 0.00000000 1.00000000
vt 0.00000000 1.00000000
vt 0.00000000 1.00000000
vt 0.00000000 1.00000000
vt 0.00000000 1.00000000
vt 0.00000000 1.00000000
vt 0.00000000 1.00000000
vt 0.00000000 1.00000000
vt 0.00000000 1.00000000
vt 0.00000000 1.00000000
vt 0.00000000 1.00000000
vt 0.00000000 1.00000000
vt 0.00000000 1.00000000
vt 0.00000000 1.00000000
vt 0.00000000 1.00000000
vt 0.00000000 1.00000000
vt 0.00000000 1.00000000
vt 0.00000000 1.00000000
vt 0.00000000 1.00000000
vt 0.00000000 1.00000000
vt 0.00000000 1.00000000
vt 0.00000000 1.00000000
vt 0.00000000 1.00000000
vt 0.00000000 1.00000000
vt 0.00000000 1.00000000
vt 0.00000000 1.00000000
vt 0.00000000 1.00000000
vt 0.00000000 1.00000000
vt 0.00000000 1.00000000
vt 0.00000000 1.00000000
vt 0.00000000 1.00000000
vt 0.00000000 1.00000000
vt 0.00000000 1.00000000
vt 0.00000000 1.00000000
vt 0.00000000 1.00000000
vt 0.00000000 1.00000000
vt 0.00000000 1.00000000
f 3515/3515 3516/3516 3517/3517
f 3515/3515 3517/3517 3518/3518
f 3519/3519 3520/3520 3521/3521
f 3519/3519 3521/3521 3522/3522
f 3523/3523 3524/3524 3525/3525
f 3523/3523 3525/3525 3526/3526
f 3527/3527 3528/3528 3529/3529
f 3527/3527 3529/3529 3530/3530
f 3531/3531 3532/3532 3533/3533
f 3531/3531 3533/3533 3534/3534
f 3535/3535 3536/3536 3537/3537
f 3535/3535 3537/3537 3538/3538
f 3539/3539 3540/3540 3541/3541
f 3539/3539 3541/3541 3542/3542
f 3543/3543 3544/3544 3545/3545
f 3543/3543 3545/3545 3546/3546
f 3547/3547 3548/3548 3549/3549
f 3547/3547 3549/3549 3550/3550
f 3551/3551 3552/3552 3553/3553
f 3551/3551 3553/3553 3554/3554
f 3555/3555 3556/3556 3557/3557
f 3555/3555 3557/3557 3558/3558
f 3559/3559 3560/3560 3561/3561
f 3559/3559 3561/3561 3562/3562
f 3563/3563 3564/3564 3565/3565
f 3563/3563 3565/3565 3566/3566
f 3567/3567 3568/3568 3569/3569
f 3567/3567 3569/3569 3570/3570
f 3571/3571 3572/3572 3573/3573
f 3571/3571 3573/3573 3574/3574
f 3575/3575 3576/3576 3577/3577
f 3575/3575 3577/3577 3578/3578
f 3579/3579 3580/3580 3581/3581
f 3579/3579 3581/3581 3582/3582
f 3583/3583 3584/3584 3585/3585
f 3583/3583 3585/3585 3586/3586
f 3587/3587 3588/3588 3589/3589
f 3587/3587 3589/3589 3590/3590
f 3591/3591 3592/3592 3593/3593
f 3591/3591 3593/3593 3594/3594
f 3595/3595 3596/3596 3597/3597
f 3595/3595 3597/3597 3598/3598
f 3599/3599 3600/3600 3601/3601
f 3599/3599 3601/3601 3602/3602
f 3603/3603 3604/3604 3605/3605
f 3603/3603 3605/3605 3606/3606
f 3607/3607 3608/3608 3609/3609
f 3607/3607 3609/3609 3610/3610
f 3611/3611 3612/3612 3613/3613
f 3611/3611 3613/3613 3614/3614
f 3615/3615 3616/3616 3617/3617
f 3615/3615 3617/3617 3618/3618
f 3619/3619 3620/3620 3621/3621
f 3619/3619 3621/3621 3622/3622
f 3623/3623 3624/3624 3625/3625
f 3623/3623 3625/3625 3626/3626
f 3627/3627 3628/3628 3629/3629
f 3627/3627 3629/3629 3630/3630
f 3631/3631 3632/3632 3633/3633
f 3631/3631 3633/3633 3634/3634
f 3635/3635 3636/3636 3637/3637
f 3635/3635 3637/3637 3638/3638
f 3639/3639 3640/3640 3641/3641
f 3639/3639 3641/3641 3642/3642
f 3643/3643 3644/3644 3645/3645
f 3643/3643 3645/3645 3646/3646
f 3647/3647 3648/3648 3644/3644
f 3647/3647 3644/3644 3643/3643
f 3649/3649 3650/3650 3651/3651
f 3649/3649 3651/3651 3652/3652
f 3653/3653 3654/3654 3655/3655
f 3653/3653 3655/3655 3656/3656
f 3657/3657 3658/3658 3654/3654
f 3657/3657 3654/3654 3653/3653
f 3659/3659 3660/3660 3658/3658
f 3659/3659 3658/3658 3657/3657
f 3661/3661 3662/3662 3660/3660
f 3661/3661 3660/3660 3659/3659
f 3663/3663 3664/3664 3665/3665
f 3663/3663 3665/3665 3666/3666
f 3667/3667 3668/3668 3669/3669
f 3667/3667 3669/3669 3670/3670
f 3671/3671 3672/3672 3673/3673
f 3671/3671 3673/3673 3674/3674
f 3675/3675 3676/3676 3677/3677
f 3675/3675 3677/3677 3678/3678
f 3679/3679 3680/3680 3681/3681
f 3679/3679 3681/3681 3682/3682
f 3683/3683 3684/3684 3685/3685
f 3683/3683 3685/3685 3686/3686
f 3687/3687 3688/3688 3684/3684
f 3687/3687 3684/3684 3683/3683
f 3689/3689 3690/3690 3688/3688
f 3689/3689 3688/3688 3687/3687
f 3691/3691 3692/3692 3690/3690
f 3691/3691 3690/3690 3689/3689
f 3693/3693 3694/3694 3692/3692
f 3693/3693 3692/3692 3691/3691
f 3695/3695 3696/3696 3694/3694
f 3695/3695 3694/3694 3693/3693
f 3697/3697 3698/3698 3699/3699
f 3697/3697 3699/3699 3700/3700
f 3701/3701 3702/3702 3703/3703
f 3701/3701 3703/3703 3704/3704
f 3705/3705 3706/3706 3702/3702
f 3705/3705 3702/3702 3701/3701
f 3707/3707 3708/3708 3706/3706
f 3707/3707 3706/3706 3705/3705
f 3709/3709 3710/3710 3708/3708
f 3709/3709 3708/3708 3707/3707
f 3711/3711 3712/3712 3713/3713
f 3711/3711 3713/3713 3714/3714
f 3715/3715 3716/3716 3717/3717
f 3715/3715 3717/3717 3718/3718
f 3719/3719 3720/3720 3721/3721
f 3719/3719 3721/3721 3722/3722
f 3723/3723 3724/3724 3725/3725
f 3723/3723 3725/3725 3726/3726
f 3727/3727 3728/3728 3729/3729
f 3727/3727 3729/3729 3730/3730
f 3731/3731 3732/3732 3733/3733
f 3731/3731 3733/3733 3734/3734
f 3735/3735 3736/3736 3732/3732
f 3735/3735 3732/3732 3731/3731
f 3737/3737 3738/3738 3736/3736
f 3737/3737 3736/3736 3735/3735
f 3646/3646 3645/3645 3738/3738
f 3646/3646 3738/3738 3737/3737
f 3739/3739 3740/3740 3741/3741
f 3739/3739 3741/3741 3742/3742
f 3743/3743 3744/3744 3745/3745
f 3743/3743 3745/3745 3746/3746
f 3747/3747 3748/3748 3749/3749
f 3747/3747 3749/3749 3750/3750
f 3751/3751 3752/3752 3753/3753
f 3751/3751 3753/3753 3754/3754
f 3755/3755 3756/3756 3757/3757
f 3755/3755 3757/3757 3758/3758
f 3759/3759 3760/3760 3761/3761
f 3759/3759 3761/3761 3762/3762
f 3763/3763 3764/3764 3765/3765
f 3763/3763 3765/3765 3766/3766
f 3767/3767 3768/3768 3769/3769
f 3767/3767 3769/3769 3770/3770
f 3771/3771 3772/3772 3773/3773
f 3771/3771 3773/3773 3774/3774
f 3775/3775 3776/3776 3777/3777
f 3775/3775 3777/3777 3778/3778
f 3779/3779 3780/3780 3781/3781
f 3779/3779 3781/3781 3782/3782
f 3783/3783 3784/3784 3785/3785
f 3783/3783 3785/3785 3786/3786
f 3787/3787 3788/3788 3789/3789
f 3787/3787 3789/3789 3790/3790
f 3791/3791 3792/3792 3793/3793
f 3791/3791 3793/3793 3794/3794
f 3795/3795 3796/3796 3797/3797
f 3795/3795 3797/3797 3798/3798
f 3799/3799 3800/3800 3801/3801
f 3799/3799 3801/3801 3802/3802
f 3803/3803 3804/3804 3805/3805
f 3803/3803 3805/3805 3806/3806
f 3807/3807 3808/3808 3809/3809
f 3807/3807 3809/3809 3810/3810
f 3811/3811 3812/3812 3813/3813
f 3811/3811 3813/3813 3814/3814
f 3815/3815 3816/3816 3817/3817
f 3815/3815 3817/3817 3818/3818
f 3819/3819 3820/3820 3821/3821
f 3819/3819 3821/3821 3822/3822
f 3823/3823 3824/3824 3825/3825
f 3823/3823 3825/3825 3826/3826
f 3827/3827 3828/3828 3829/3829
f 3827/3827 3829/3829 3830/3830
f 3831/3831 3832/3832 3833/3833
f 3831/3831 3833/3833 3834/3834
f 3835/3835 3836/3836 3837/3837
f 3835/3835 3837/3837 3838/3838
f 3839/3839 3840/3840 3841/3841
f 3839/3839 3841/3841 3842/3842
f 3843/3843 3844/3844 3845/3845
f 3843/3843 3845/3845 3846/3846
f 3847/3847 3848/3848 3849/3849
f 3847/3847 3849/3849 3850/3850
f 3851/3851 3852/3852 3853/3853
f 3851/3851 3853/3853 3854/3854
f 3855/3855 3856/3856 3857/3857
f 3855/3855 3857/3857 3858/3858
f 3859/3859 3860/3860 3861/3861
f 3859/3859 3861/3861 3862/3862
f 3863/3863 3864/3864 3865/3865
f 3863/3863 3865/3865 3866/3866
f 3867/3867 3868/3868 3869/3869
f 3867/3867 3869/3869 3870/3870
f 3871/3871 3872/3872 3873/3873
f 3871/3871 3873/3873 3874/3874
f 3875/3875 3876/3876 3877/3877
f 3875/3875 3877/3877 3878/3878
f 3879/3879 3880/3880 3881/3881
f 3879/3879 3881/3881 3882/3882
f 3883/3883 3884/3884 3885/3885
f 3883/3883 3885/3885 3886/3886
f 3887/3887 3888/3888 3889/3889
f 3887/3887 3889/3889 3890/3890
f 3891/3891 3892/3892 3893/3893
f 3891/3891 3893/3893 3894/3894
f 3895/3895 3896/3896 3897/3897
f 3895/3895 3897/3897 3898/3898
f 3899/3899 3900/3900 3901/3901
f 3899/3899 3901/3901 3902/3902
f 3903/3903 3904/3904 3905/3905
f 3903/3903 3905/3905 3906/3906
f 3907/3907 3908/3908 3909/3909
f 3907/3907 3909/3909 3910/3910
f 3911/3911 3912/3912 3913/3913
f 3911/3911 3913/3913 3914/3914
f 3915/3915 3916/3916 3917/3917
f 3915/3915 3917/3917 3918/3918
f 3919/3919 3920/3920 3921/3921
f 3919/3919 3921/3921 3922/3922
f 3923/3923 3924/3924 3925/3925
f 3923/3923 3925/3925 3926/3926
f 3927/3927 3928/3928 3929/3929
f 3927/3927 3929/3929 3930/3930
f 3931/3931 3932/3932 3933/3933
f 3931/3931 3933/3933 3934/3934
f 3935/3935 3936/3936 3937/3937
f 3935/3935 3937/3937 3938/3938
f 3939/3939 3940/3940 3941/3941
f 3939/3939 3941/3941 3942/3942
f 3943/3943 3944/3944 3945/3945
f 3943/3943 3945/3945 3946/3946
f 3947/3947 3948/3948 3949/3949
f 3947/3947 3949/3949 3950/3950
f 3951/3951 3952/3952 3953/3953
f 3951/3951 3953/3953 3954/3954
f 3955/3955 3956/3956 3957/3957
f 3955/3955 3957/3957 3958/3958
f 3959/3959 3960/3960 3961/3961
f 3959/3959 3961/3961 3962/3962
f 3963/3963 3964/3964 3965/3965
f 3963/3963 3965/3965 3966/3966
f 3967/3967 3968/3968 3969/3969
f 3967/3967 3969/3969 3970/3970
f 3971/3971 3972/3972 3973/3973
f 3971/3971 3973/3973 3974/3974
f 3975/3975 3976/3976 3977/3977
f 3975/3975 3977/3977 3978/3978
f 3979/3979 3980/3980 3981/3981
f 3979/3979 3981/3981 3982/3982
f 3983/3983 3984/3984 3985/3985
f 3983/3983 3985/3985 3986/3986
f 3987/3987 3988/3988 3989/3989
f 3987/3987 3989/3989 3990/3990
f 3991/3991 3992/3992 3993/3993
f 3991/3991 3993/3993 3994/3994
f 3995/3995 3996/3996 3997/3997
f 3995/3995 3997/3997 3998/3998
f 3999/3999 4000/4000 4001/4001
f 3999/3999 4001/4001 4002/4002
f 4003/4003 4004/4004 4005/4005
f 4003/4003 4005/4005 4006/4006
f 4007/4007 4008/4008 4009/4009
f 4007/4007 4009/4009 4010/4010
f 4011/4011 4012/4012 4013/4013
f 4011/4011 4013/4013 4014/4014
f 4015/4015 4016/4016 4017/4017
f 4015/4015 4017/4017 4018/4018
f 4019/4019 4020/4020 4021/4021
f 4019/4019 4021/4021 4022/4022
f 4023/4023 4024/4024 4025/4025
f 4023/4023 4025/4025 4026/4026
f 4027/4027 4028/4028 4029/4029
f 4027/4027 4029/4029 4030/4030
f 4031/4031 4032/4032 4033/4033
f 4031/4031 4033/4033 4034/4034
f 4035/4035 4036/4036 4037/4037
f 4035/4035 4037/4037 4038/4038
f 4039/4039 4040/4040 4041/4041
f 4039/4039 4041/4041 4042/4042
f 4043/4043 4044/4044 4045/4045
f 4043/4043 4045/4045 4046/4046
f 4047/4047 4048/4048 4049/4049
f 4047/4047 4049/4049 4050/4050
f 4051/4051 4052/4052 4053/4053
f 4051/4051 4053/4053 4054/4054
f 4055/4055 4056/4056 4057/4057
f 4055/4055 4057/4057 4058/4058
f 4059/4059 4060/4060 4061/4061
f 4059/4059 4061/4061 4062/4062
f 4063/4063 4064/4064 4065/4065
f 4063/4063 4065/4065 4066/4066
f 4067/4067 4068/4068 4069/4069
f 4067/4067 4069/4069 4070/4070
f 4071/4071 4072/4072 4073/4073
f 4071/4071 4073/4073 4074/4074
f 4075/4075 4076/4076 4077/4077
f 4075/4075 4077/4077 4078/4078
f 4079/4079 4080/4080 4081/4081
f 4079/4079 4081/4081 4082/4082
f 4083/4083 4084/4084 4085/4085
f 4083/4083 4085/4085 4086/4086
f 4087/4087 4088/4088 4089/4089
f 4087/4087 4089/4089 4090/4090
f 4091/4091 4092/4092 4093/4093
f 4091/4091 4093/4093 4094/4094
f 4095/4095 4096/4096 4097/4097
f 4095/4095 4097/4097 4098/4098
f 4099/4099 4100/4100 4101/4101
f 4099/4099 4101/4101 4102/4102
f 4103/4103 4104/4104 4105/4105
f 4103/4103 4105/4105 4106/4106
f 4107/4107 4108/4108 4109/4109
f 4107/4107 4109/4109 4110/4110
f 4111/4111 4112/4112 4113/4113
f 4111/4111 4113/4113 4114/4114
f 4115/4115 4116/4116 4117/4117
f 4115/4115 4117/4117 4118/4118
f 4119/4119 4120/4120 4121/4121
f 4119/4119 4121/4121 4122/4122
f 4123/4123 4124/4124 4125/4125
f 4123/4123 4125/4125 4126/4126
f 4127/4127 4128/4128 4129/4129
f 4127/4127 4129/4129 4130/4130
f 4131/4131 4132/4132 4133/4133
f 4131/4131 4133/4133 4134/4134
f 4135/4135 4136/4136 4137/4137
f 4135/4135 4137/4137 4138/4138
f 4139/4139 4140/4140 4141/4141
f 4139/4139 4141/4141 4142/4142
f 4143/4143 4144/4144 4145/4145
f 4143/4143 4145/4145 4146/4146
f 4147/4147 4148/4148 4149/4149
f 4147/4147 4149/4149 4150/4150
f 4151/4151 4152/4152 4153/4153
f 4151/4151 4153/4153 4154/4154
f 4155/4155 4156/4156 4157/4157
f 4155/4155 4157/4157 4158/4158
f 4159/4159 4160/4160 4161/4161
f 4159/4159 4161/4161 4162/4162
f 4163/4163 4164/4164 4165/4165
f 4163/4163 4165/4165 4166/4166
f 4167/4167 4168/4168 4169/4169
f 4167/4167 4169/4169 4170/4170
f 4171/4171 4172/4172 4173/4173
f 4171/4171 4173/4173 4174/4174
f 4175/4175 4176/4176 4177/4177
f 4175/4175 4177/4177 4178/4178
f 4179/4179 4180/4180 4181/4181
f 4179/4179 4181/4181 4182/4182
f 4183/4183 4184/4184 4185/4185
f 4183/4183 4185/4185 4186/4186
f 4187/4187 4188/4188 4189/4189
f 4187/4187 4189/4189 4190/4190
f 4191/4191 4192/4192 4193/4193
f 4191/4191 4193/4193 4194/4194
f 4195/4195 4196/4196 4197/4197
f 4195/4195 4197/4197 4198/4198
f 4199/4199 4200/4200 4201/4201
f 4199/4199 4201/4201 4202/4202
f 4203/4203 4204/4204 4205/4205
f 4203/4203 4205/4205 4206/4206
f 4207/4207 4208/4208 4209/4209
f 4207/4207 4209/4209 4210/4210
f 4211/4211 4212/4212 4213/4213
f 4211/4211 4213/4213 4214/4214
f 4215/4215 4216/4216 4217/4217
f 4215/4215 4217/4217 4218/4218
f 4219/4219 4220/4220 4221/4221
f 4219/4219 4221/4221 4222/4222
f 4223/4223 4224/4224 4225/4225
f 4223/4223 4225/4225 4226/4226
f 4227/4227 4228/4228 4229/4229
f 4227/4227 4229/4229 4230/4230
f 4231/4231 4232/4232 4233/4233
f 4231/4231 4233/4233 4234/4234
f 4235/4235 4236/4236 4237/4237
f 4235/4235 4237/4237 4238/4238
f 4239/4239 4240/4240 4241/4241
f 4239/4239 4241/4241 4242/4242
f 4243/4243 4244/4244 4245/4245
f 4243/4243 4245/4245 4246/4246
f 4247/4247 4248/4248 4249/4249
f 4247/4247 4249/4249 4250/4250
f 4251/4251 4252/4252 4253/4253
f 4251/4251 4253/4253 4254/4254
f 4255/4255 4256/4256 4257/4257
f 4255/4255 4257/4257 4258/4258
f 4259/4259 4260/4260 4261/4261
f 4259/4259 4261/4261 4262/4262
f 4263/4263 4264/4264 4265/4265
f 4263/4263 4265/4265 4266/4266
f 4267/4267 4268/4268 4269/4269
f 4267/4267 4269/4269 4270/4270
f 4271/4271 4272/4272 4273/4273
f 4271/4271 4273/4273 4274/4274
f 4275/4275 4276/4276 4277/4277
f 4275/4275 4277/4277 4278/4278
f 4279/4279 4280/4280 4281/4281
f 4279/4279 4281/4281 4282/4282
f 4283/4283 4284/4284 4285/4285
f 4283/4283 4285/4285 4286/4286
f 4287/4287 4288/4288 4289/4289
f 4287/4287 4289/4289 4290/4290
f 4291/4291 4292/4292 4293/4293
f 4291/4291 4293/4293 4294/4294
f 4295/4295 4296/4296 4297/4297
f 4295/4295 4297/4297 4298/4298
f 4299/4299 4300/4300 4301/4301
f 4299/4299 4301/4301 4302/4302
f 4303/4303 4304/4304 4305/4305
f 4303/4303 4305/4305 4306/4306
f 4307/4307 4308/4308 4309/4309
f 4307/4307 4309/4309 4310/4310
f 4311/4311 4312/4312 4313/4313
f 4311/4311 4313/4313 4314/4314
f 4315/4315 4316/4316 4317/4317
f 4315/4315 4317/4317 4318/4318
f 4319/4319 4320/4320 4321/4321
f 4319/4319 4321/4321 4322/4322
f 4323/4323 4324/4324 4325/4325
f 4323/4323 4325/4325 4326/4326
f 4327/4327 4328/4328 4329/4329
f 4327/4327 4329/4329 4330/4330
f 4331/4331 4332/4332 4333/4333
f 4331/4331 4333/4333 4334/4334
f 4335/4335 4336/4336 4337/4337
f 4335/4335 4337/4337 4338/4338
f 4339/4339 4340/4340 4341/4341
f 4339/4339 4341/4341 4342/4342
f 4343/4343 4344/4344 4345/4345
f 4343/4343 4345/4345 4346/4346
f 4347/4347 4348/4348 4349/4349
f 4347/4347 4349/4349 4350/4350
f 4351/4351 4352/4352 4353/4353
f 4351/4351 4353/4353 4354/4354
f 4355/4355 4356/4356 4357/4357
f 4355/4355 4357/4357 4358/4358
f 4359/4359 4360/4360 4361/4361
f 4359/4359 4361/4361 4362/4362
f 4363/4363 4364/4364 4365/4365
f 4363/4363 4365/4365 4366/4366
f 4367/4367 4368/4368 4369/4369
f 4367/4367 4369/4369 4370/4370
f 4371/4371 4372/4372 4373/4373
f 4371/4371 4373/4373 4374/4374
f 4375/4375 4376/4376 4377/4377
f 4375/4375 4377/4377 4378/4378
f 4379/4379 4380/4380 4381/4381
f 4379/4379 4381/4381 4382/4382
f 4383/4383 4384/4384 4385/4385
f 4383/4383 4385/4385 4386/4386
f 4387/4387 4388/4388 4389/4389
f 4387/4387 4389/4389 4390/4390
f 4391/4391 4392/4392 4393/4393
f 4391/4391 4393/4393 4394/4394
f 4395/4395 4396/4396 4397/4397
f 4395/4395 4397/4397 4398/4398
f 4399/4399 4400/4400 4401/4401
f 4399/4399 4401/4401 4402/4402
f 4403/4403 4404/4404 4405/4405
f 4403/4403 4405/4405 4406/4406
f 4407/4407 4408/4408 4409/4409
f 4407/4407 4409/4409 4410/4410
f 4411/4411 4412/4412 4413/4413
f 4411/4411 4413/4413 4414/4414
f 4415/4415 4416/4416 4417/4417
f 4415/4415 4417/4417 4418/4418
f 4419/4419 4420/4420 4421/4421
f 4419/4419 4421/4421 4422/4422
f 4423/4423 4424/4424 4425/4425
f 4423/4423 4425/4425 4426/4426
f 4427/4427 4428/4428 4429/4429
f 4427/4427 4429/4429 4430/4430
f 4431/4431 4432/4432 4433/4433
f 4431/4431 4433/4433 4434/4434
f 4435/4435 4436/4436 4437/4437
f 4435/4435 4437/4437 4438/4438
f 4439/4439 4440/4440 4441/4441
f 4439/4439 4441/4441 4442/4442
f 4443/4443 4444/4444 4445/4445
f 4443/4443 4445/4445 4446/4446
f 4447/4447 4448/4448 4449/4449
f 4447/4447 4449/4449 4450/4450
f 4451/4451 4452/4452 4453/4453
f 4451/4451 4453/4453 4454/4454
f 4455/4455 4456/4456 4457/4457
f 4455/4455 4457/4457 4458/4458
f 4459/4459 4460/4460 4461/4461
f 4459/4459 4461/4461 4462/4462
f 4463/4463 4464/4464 4465/4465
f 4463/4463 4465/4465 4466/4466
f 4467/4467 4468/4468 4469/4469
f 4467/4467 4469/4469 4470/4470
f 4471/4471 4472/4472 4473/4473
f 4471/4471 4473/4473 4474/4474
f 4475/4475 4476/4476 4477/4477
f 4475/4475 4477/4477 4478/4478
f 4479/4479 4480/4480 4481/4481
f 4479/4479 4481/4481 4482/4482
f 4483/4483 4484/4484 4485/4485
f 4483/4483 4485/4485 4486/4486
f 4487/4487 4488/4488 4489/4489
f 4487/4487 4489/4489 4490/4490
f 4491/4491 4492/4492 4493/4493
f 4491/4491 4493/4493 4494/4494
f 4495/4495 4496/4496 4497/4497
f 4495/4495 4497/4497 4498/4498
f 4499/4499 4500/4500 4501/4501
f 4499/4499 4501/4501 4502/4502
f 4503/4503 4504/4504 4505/4505
f 4503/4503 4505/4505 4506/4506
f 4507/4507 4508/4508 4509/4509
f 4507/4507 4509/4509 4510/4510
f 4511/4511 4512/4512 4513/4513
f 4511/4511 4513/4513 4514/4514
f 4515/4515 4516/4516 4517/4517
f 4515/4515 4517/4517 4518/4518
f 4519/4519 4520/4520 4521/4521
f 4519/4519 4521/4521 4522/4522
f 4523/4523 4524/4524 4525/4525
f 4523/4523 4525/4525 4526/4526
f 4527/4527 4528/4528 4529/4529
f 4527/4527 4529/4529 4530/4530
f 4531/4531 4532/4532 4533/4533
f 4531/4531 4533/4533 4534/4534
f 4535/4535 4536/4536 4537/4537
f 4535/4535 4537/4537 4538/4538
f 4539/4539 4540/4540 4541/4541
f 4539/4539 4541/4541 4542/4542
f 4543/4543 4544/4544 4545/4545
f 4543/4543 4545/4545 4546/4546
f 4547/4547 4548/4548 4549/4549
f 4547/4547 4549/4549 4550/4550
f 4551/4551 4552/4552 4553/4553
f 4551/4551 4553/4553 4554/4554
f 4555/4555 4556/4556 4557/4557
f 4555/4555 4557/4557 4558/4558
f 4559/4559 4560/4560 4561/4561
f 4559/4559 4561/4561 4562/4562
f 4563/4563 4564/4564 4565/4565
f 4563/4563 4565/4565 4566/4566
f 4567/4567 4568/4568 4569/4569
f 4567/4567 4569/4569 4570/4570
f 4571/4571 4572/4572 4573/4573
f 4571/4571 4573/4573 4574/4574
f 4575/4575 4576/4576 4577/4577
f 4575/4575 4577/4577 4578/4578
f 4579/4579 4580/4580 4581/4581
f 4579/4579 4581/4581 4582/4582
f 4583/4583 4584/4584 4585/4585
f 4583/4583 4585/4585 4586/4586
f 4587/4587 4588/4588 4589/4589
f 4587/4587 4589/4589 4590/4590
f 4591/4591 4592/4592 4593/4593
f 4591/4591 4593/4593 4594/4594
f 4595/4595 4596/4596 4597/4597
f 4595/4595 4597/4597 4598/4598
f 4599/4599 4600/4600 4601/4601
f 4599/4599 4601/4601 4602/4602
f 4603/4603 4604/4604 4605/4605
f 4603/4603 4605/4605 4606/4606
f 4607/4607 4608/4608 4609/4609
f 4607/4607 4609/4609 4610/4610
f 4611/4611 4612/4612 4613/4613
f 4611/4611 4613/4613 4614/4614
f 4615/4615 4616/4616 4617/4617
f 4615/4615 4617/4617 4618/4618
f 4619/4619 4620/4620 4621/4621
f 4619/4619 4621/4621 4622/4622
f 4623/4623 4624/4624 4625/4625
f 4623/4623 4625/4625 4626/4626
f 4627/4627 4628/4628 4629/4629
f 4627/4627 4629/4629 4630/4630
f 4631/4631 4632/4632 4633/4633
f 4631/4631 4633/4633 4634/4634
f 4635/4635 4636/4636 4637/4637
f 4635/4635 4637/4637 4638/4638
f 4639/4639 4640/4640 4641/4641
f 4639/4639 4641/4641 4642/4642
f 4643/4643 4644/4644 4645/4645
f 4643/4643 4645/4645 4646/4646
f 4647/4647 4648/4648 4649/4649
f 4647/4647 4649/4649 4650/4650
f 4651/4651 4652/4652 4653/4653
f 4651/4651 4653/4653 4654/4654
f 4655/4655 4656/4656 4657/4657
f 4655/4655 4657/4657 4658/4658
f 4659/4659 4660/4660 4661/4661
f 4659/4659 4661/4661 4662/4662
f 4663/4663 4664/4664 4665/4665
f 4663/4663 4665/4665 4666/4666
f 4667/4667 4668/4668 4669/4669
f 4667/4667 4669/4669 4670/4670
f 4671/4671 4672/4672 4673/4673
f 4671/4671 4673/4673 4674/4674
f 4675/4675 4676/4676 4677/4677
f 4675/4675 4677/4677 4678/4678
f 4679/4679 4680/4680 4681/4681
f 4679/4679 4681/4681 4682/4682
f 4683/4683 4684/4684 4685/4685
f 4683/4683 4685/4685 4686/4686
f 4687/4687 4688/4688 4689/4689
f 4687/4687 4689/4689 4690/4690
f 4691/4691 4692/4692 4693/4693
f 4691/4691 4693/4693 4694/4694
f 4695/4695 4696/4696 4697/4697
f 4695/4695 4697/4697 4698/4698
f 4699/4699 4700/4700 4701/4701
f 4699/4699 4701/4701 4702/4702
f 4703/4703 4704/4704 4705/4705
f 4703/4703 4705/4705 4706/4706
f 4707/4707 4708/4708 4709/4709
f 4707/4707 4709/4709 4710/4710
f 4711/4711 4712/4712 4713/4713
f 4711/4711 4713/4713 4714/4714
f 4715/4715 4716/4716 4717/4717
f 4715/4715 4717/4717 4718/4718
f 4719/4719 4720/4720 4721/4721
f 4719/4719 4721/4721 4722/4722
f 4723/4723 4724/4724 4725/4725
f 4723/4723 4725/4725 4726/4726
f 4727/4727 4728/4728 4729/4729
f 4727/4727 4729/4729 4730/4730
f 4731/4731 4732/4732 4733/4733
f 4731/4731 4733/4733 4734/4734
f 4735/4735 4736/4736 4737/4737
f 4735/4735 4737/4737 4738/4738
f 4739/4739 4740/4740 4741/4741
f 4739/4739 4741/4741 4742/4742
f 4743/4743 4744/4744 4745/4745
f 4743/4743 4745/4745 4746/4746
f 4747/4747 4748/4748 4749/4749
f 4747/4747 4749/4749 4750/4750
f 4751/4751 4752/4752 4753/4753
f 4751/4751 4753/4753 4754/4754
f 4755/4755 4756/4756 4757/4757
f 4755/4755 4757/4757 4758/4758
f 4759/4759 4760/4760 4761/4761
f 4759/4759 4761/4761 4762/4762
f 4763/4763 4793/4793 4794/4794
f 4793/4793 4763/4763 4792/4792
f 4792/4792 4763/4763 4764/4764
f 4792/4792 4764/4764 4791/4791
f 4791/4791 4764/4764 4765/4765
f 4791/4791 4765/4765 4766/4766
f 4791/4791 4766/4766 4790/4790
f 4790/4790 4766/4766 4767/4767
f 4790/4790 4767/4767 4789/4789
f 4789/4789 4767/4767 4768/4768
f 4789/4789 4768/4768 4788/4788
f 4788/4788 4768/4768 4787/4787
f 4787/4787 4768/4768 4769/4769
f 4787/4787 4769/4769 4786/4786
f 4786/4786 4769/4769 4770/4770
f 4786/4786 4770/4770 4785/4785
f 4785/4785 4770/4770 4771/4771
f 4785/4785 4771/4771 4772/4772
f 4785/4785 4772/4772 4784/4784
f 4784/4784 4772/4772 4773/4773
f 4784/4784 4773/4773 4783/4783
f 4783/4783 4773/4773 4774/4774
f 4783/4783 4774/4774 4782/4782
f 4782/4782 4774/4774 4775/4775
f 4782/4782 4775/4775 4781/4781
f 4781/4781 4775/4775 4780/4780
f 4780/4780 4775/4775 4776/4776
f 4780/4780 4776/4776 4777/4777
f 4780/4780 4777/4777 4779/4779
f 4779/4779 4777/4777 4778/4778

o BW.006_gray_0
usemtl gray
v -78.54499225 0.73259086 248.20083549
v -78.47790358 0.73259087 248.28726625
v -78.47790358 0.75337539 248.28931366
v -78.54499225 0.77023745 248.20454320
v -78.52410435 1.23881646 248.49449748
v -78.52410435 1.26251669 248.49921185
v -78.52410434 1.27289850 248.39380305
v -78.52410434 1.24873397 248.39380305
v -78.52410435 1.20944495 248.59132318
v -78.52410435 1.23177004 248.60057024
v -78.52410435 1.26251669 248.49921185
v -78.52410435 1.23881646 248.49449748
v -78.52410436 1.16174826 248.68055732
v -78.52410436 1.18184035 248.69398250
v -78.52410435 1.23177004 248.60057024
v -78.52410435 1.20944495 248.59132318
v -78.52410437 1.09755936 248.75877147
v -78.52410437 1.11464624 248.77585835
v -78.52410436 1.18184035 248.69398250
v -78.52410436 1.16174826 248.68055732
v -78.52410437 1.01934457 248.82296072
v -78.52410437 1.03276969 248.84305249
v -78.52410437 1.11464624 248.77585835
v -78.52410437 1.09755936 248.75877147
v -78.52410438 0.93011021 248.87065725
v -78.52410438 0.93935756 248.89298284
v -78.52410437 1.03276969 248.84305249
v -78.52410437 1.01934457 248.82296072
v -78.52410438 0.83328549 248.90002861
v -78.52410438 0.83799974 248.92372893
v -78.52410438 0.93935756 248.89298284
v -78.52410438 0.93011021 248.87065725
v -78.52410439 0.73259082 248.90994677
v -78.52410439 0.73259082 248.93411115
v -78.52410438 0.83799974 248.92372893
v -78.52410438 0.83328549 248.90002861
v -78.52410439 0.63189625 248.90002861
v -78.52410439 0.62718197 248.92372893
v -78.52410439 0.73259082 248.93411115
v -78.52410439 0.73259082 248.90994677
v -78.52410439 0.53507154 248.87065725
v -78.52410440 0.52582417 248.89298284
v -78.52410439 0.62718197 248.92372893
v -78.52410439 0.63189625 248.90002861
v -78.52410440 0.44583721 248.82296072
v -78.52410440 0.43241215 248.84305249
v -78.52410440 0.52582417 248.89298284
v -78.52410439 0.53507154 248.87065725
v -78.52410440 0.36762239 248.75877147
v -78.52410440 0.35053551 248.77585835
v -78.52410440 0.43241215 248.84305249
v -78.52410440 0.44583721 248.82296072
v -78.52410440 0.30343333 248.68055732
v -78.52410440 0.28334124 248.69398250
v -78.52410440 0.35053551 248.77585835
v -78.52410440 0.36762239 248.75877147
v -78.52410439 0.25573674 248.59132318
v -78.52410440 0.23341165 248.60057024
v -78.52410440 0.28334124 248.69398250
v -78.52410440 0.30343333 248.68055732
v -78.52410439 0.22636513 248.49449748
v -78.52410439 0.20266493 248.49921185
v -78.52410440 0.23341165 248.60057024
v -78.52410439 0.25573674 248.59132318
v -78.52410439 0.21644766 248.39380305
v -78.52410439 0.19228312 248.39380305
v -78.52410439 0.20266493 248.49921185
v -78.52410439 0.22636513 248.49449748
v -78.52410438 0.22636519 248.29310863
v -78.52410438 0.20266497 248.28839427
v -78.52410439 0.19228312 248.39380305
v -78.52410439 0.21644766 248.39380305
v -78.52410438 0.25573671 248.19628374
v -78.52410438 0.23341159 248.18703588
v -78.52410438 0.20266497 248.28839427
v -78.52410438 0.22636519 248.29310863
v -78.52410437 0.30343342 248.10704957
v -78.52410437 0.28334137 248.09362439
v -78.52410438 0.23341159 248.18703588
v -78.52410438 0.25573671 248.19628374
v -78.52410437 0.36762239 248.02883542
v -78.52410437 0.35053551 248.01174854
v -78.52410437 0.28334137 248.09362439
v -78.52410437 0.30343342 248.10704957
v -78.52410436 0.44583711 247.96464617
v -78.52410436 0.43241199 247.94455361
v -78.52410437 0.35053551 248.01174854
v -78.52410437 0.36762239 248.02883542
v -78.52410435 0.53507138 247.91694885
v -78.52410435 0.52582401 247.89462405
v -78.52410436 0.43241199 247.94455361
v -78.52410436 0.44583711 247.96464617
v -78.52410435 0.63189616 247.88757749
v -78.52410435 0.62718189 247.86387717
v -78.52410435 0.52582401 247.89462405
v -78.52410435 0.53507138 247.91694885
v -78.52410434 0.73259086 247.87766012
v -78.52410434 0.73259086 247.85349571
v -78.52410435 0.62718189 247.86387717
v -78.52410435 0.63189616 247.88757749
v -78.52410434 0.83328556 247.88757749
v -78.52410434 0.83799980 247.86387717
v -78.52410434 0.73259086 247.85349571
v -78.52410434 0.73259086 247.87766012
v -78.52410434 0.93011024 247.91694885
v -78.52410433 0.93935761 247.89462405
v -78.52410434 0.83799980 247.86387717
v -78.52410434 0.83328556 247.88757749
v -78.52410433 1.01934438 247.96464617
v -78.52410433 1.03276950 247.94455361
v -78.52410433 0.93935761 247.89462405
v -78.52410434 0.93011024 247.91694885
v -78.52410433 1.09755945 248.02883542
v -78.52410433 1.11464631 248.01174854
v -78.52410433 1.03276950 247.94455361
v -78.52410433 1.01934438 247.96464617
v -78.52410433 1.16174836 248.10704957
v -78.52410433 1.18184044 248.09362439
v -78.52410433 1.11464631 248.01174854
v -78.52410433 1.09755945 248.02883542
v -78.52410434 1.20944501 248.19628374
v -78.52410433 1.23177010 248.18703588
v -78.52410433 1.18184044 248.09362439
v -78.52410433 1.16174836 248.10704957
v -78.52410434 1.23881646 248.29310863
v -78.52410434 1.26251669 248.28839427
v -78.52410434 1.24873397 248.39380305
v -78.52410434 1.27289850 248.39380305
v -78.52410434 1.26251669 248.28839427
v -78.52410434 1.23881646 248.29310863
v -78.54499225 1.11589446 248.47004753
v -78.54499224 1.22623747 248.49199553
v -78.54499224 1.23590855 248.39380305
v -78.54499224 1.12340377 248.39380305
v -78.54499225 1.09365498 248.54336091
v -78.54499225 1.19759582 248.58641526
v -78.54499224 1.22623747 248.49199553
v -78.54499225 1.11589446 248.47004753
v -78.54499226 1.05754013 248.61092707
v -78.54499226 1.15108434 248.67343144
v -78.54499226 1.00893757 248.67014971
v -78.54499226 1.08849043 248.74970209
v -78.54499227 0.94971474 248.71875214
v -78.54499227 1.01221914 248.81229689
v -78.54499227 0.88214834 248.75486782
v -78.54499227 0.92520212 248.85880828
v -78.54499227 1.01221914 248.81229689
v -78.54499227 0.94971474 248.71875214
v -78.54499227 0.80883481 248.77710695
v -78.54499228 0.83078338 248.88744983
v -78.54499227 0.92520212 248.85880828
v -78.54499227 0.88214834 248.75486782
v -78.54499228 0.73259083 248.78461597
v -78.54499228 0.73259083 248.89712130
v -78.54499228 0.83078338 248.88744983
v -78.54499227 0.80883481 248.77710695
v -78.54499228 0.65634693 248.77710695
v -78.54499229 0.63439836 248.88744983
v -78.54499228 0.73259083 248.89712130
v -78.54499228 0.73259083 248.78461597
v -78.54499228 0.58303341 248.75486782
v -78.54499229 0.53997962 248.85880828
v -78.54499229 0.63439836 248.88744983
v -78.54499228 0.65634693 248.77710695
v -78.54499228 0.51546704 248.71875214
v -78.54499229 0.45296265 248.81229689
v -78.54499229 0.53997962 248.85880828
v -78.54499228 0.58303341 248.75486782
v -78.54499229 0.45624415 248.67014971
v -78.54499229 0.37669133 248.74970209
v -78.54499229 0.45296265 248.81229689
v -78.54499228 0.51546704 248.71875214
v -78.54499228 0.40764156 248.61092707
v -78.54499229 0.31409726 248.67343144
v -78.54499229 0.37669133 248.74970209
v -78.54499229 0.45624415 248.67014971
v -78.54499228 0.37152680 248.54336091
v -78.54499229 0.26758587 248.58641526
v -78.54499228 0.34928726 248.47004753
v -78.54499229 0.23894412 248.49199553
v -78.54499228 0.34177792 248.39380305
v -78.54499228 0.22927310 248.39380305
v -78.54499229 0.23894412 248.49199553
v -78.54499228 0.34928726 248.47004753
v -78.54499227 0.34928729 248.31755937
v -78.54499228 0.23894415 248.29561058
v -78.54499228 0.22927310 248.39380305
v -78.54499228 0.34177792 248.39380305
v -78.54499227 0.37152677 248.24424522
v -78.54499227 0.26758580 248.20119166
v -78.54499228 0.23894415 248.29561058
v -78.54499227 0.34928729 248.31755937
v -78.54499227 0.40764169 248.17667903
v -78.54499227 0.31409735 248.11417466
v -78.54499226 0.45624422 248.11745718
v -78.54499226 0.37669133 248.03790401
v -78.54499226 0.51546692 248.06885396
v -78.54499226 0.45296252 247.97531000
v -78.54499225 0.58303322 248.03273907
v -78.54499225 0.53997946 247.92879782
v -78.54499226 0.45296252 247.97531000
v -78.54499226 0.51546692 248.06885396
v -78.54499225 0.65634679 248.01049994
v -78.54499224 0.63439826 247.90015626
v -78.54499225 0.53997946 247.92879782
v -78.54499225 0.58303322 248.03273907
v -78.54499224 0.73259086 248.00299012
v -78.54499224 0.73259086 247.89048559
v -78.54499224 0.63439826 247.90015626
v -78.54499225 0.65634679 248.01049994
v -78.54499224 0.80883495 248.01049994
v -78.54499224 0.83078346 247.90015626
v -78.54499224 0.88214834 248.03273907
v -78.54499223 0.92520217 247.92879782
v -78.54499224 0.83078346 247.90015626
v -78.54499224 0.80883495 248.01049994
v -78.54499224 0.94971458 248.06885396
v -78.54499223 1.01221898 247.97531000
v -78.54499223 0.92520217 247.92879782
v -78.54499224 0.88214834 248.03273907
v -78.54499224 1.00893769 248.11745718
v -78.54499223 1.08849052 248.03790401
v -78.54499223 1.01221898 247.97531000
v -78.54499224 0.94971458 248.06885396
v -78.54499224 1.05754022 248.17667903
v -78.54499223 1.15108443 248.11417466
v -78.54499223 1.08849052 248.03790401
v -78.54499224 1.00893769 248.11745718
v -78.54499224 1.09365501 248.24424522
v -78.54499223 1.19759589 248.20119166
v -78.54499224 1.11589449 248.31755937
v -78.54499224 1.22623747 248.29561058
v -78.54499224 1.12340377 248.39380305
v -78.54499224 1.23590855 248.39380305
v -78.54499225 0.92185098 248.43144973
v -78.54499225 1.09989996 248.46686575
v -78.54499224 1.10709593 248.39380305
v -78.54499225 0.92555880 248.39380305
v -78.54499226 0.91087000 248.46764950
v -78.54499225 1.07858850 248.53712031
v -78.54499226 0.89303814 248.50101017
v -78.54499226 1.04398066 248.60186721
v -78.54499225 1.07858850 248.53712031
v -78.54499226 0.91087000 248.46764950
v -78.54499226 0.86904018 248.53025224
v -78.54499226 0.99740622 248.65861804
v -78.54499226 1.04398066 248.60186721
v -78.54499226 0.89303814 248.50101017
v -78.54499226 0.83979783 248.55425082
v -78.54499227 0.94065460 248.70519289
v -78.54499226 0.99740622 248.65861804
v -78.54499226 0.86904018 248.53025224
v -78.54499227 0.80643628 248.57208258
v -78.54499227 0.87590760 248.73980137
v -78.54499227 0.94065460 248.70519289
v -78.54499226 0.83979783 248.55425082
v -78.54499227 0.77023723 248.58306372
v -78.54499227 0.80565332 248.76111238
v -78.54499227 0.87590760 248.73980137
v -78.54499227 0.80643628 248.57208258
v -78.54499227 0.73259084 248.58677143
v -78.54499228 0.73259083 248.76830807
v -78.54499227 0.69494454 248.58306372
v -78.54499228 0.65952843 248.76111238
v -78.54499228 0.73259083 248.76830807
v -78.54499227 0.73259084 248.58677143
v -78.54499227 0.65874554 248.57208258
v -78.54499228 0.58927416 248.73980137
v -78.54499228 0.65952843 248.76111238
v -78.54499227 0.69494454 248.58306372
v -78.54499227 0.62538394 248.55425082
v -78.54499228 0.52452720 248.70519289
v -78.54499228 0.58927416 248.73980137
v -78.54499227 0.65874554 248.57208258
v -78.54499227 0.59614150 248.53025144
v -78.54499228 0.46777550 248.65861804
v -78.54499227 0.57214353 248.50101017
v -78.54499228 0.42120103 248.60186721
v -78.54499227 0.55431174 248.46764950
v -78.54499228 0.38659328 248.53712031
v -78.54499227 0.54333069 248.43144973
v -78.54499228 0.36528173 248.46686575
v -78.54499227 0.53962286 248.39380305
v -78.54499228 0.35808575 248.39380305
v -78.54499227 0.54333074 248.35615717
v -78.54499227 0.36528179 248.32074115
v -78.54499227 0.55431172 248.31995741
v -78.54499227 0.38659325 248.25048582
v -78.54499226 0.57214366 248.28659594
v -78.54499227 0.42120116 248.18573968
v -78.54499227 0.38659325 248.25048582
v -78.54499227 0.55431172 248.31995741
v -78.54499226 0.59614167 248.25735468
v -78.54499226 0.46777558 248.12898805
v -78.54499227 0.42120116 248.18573968
v -78.54499226 0.57214366 248.28659594
v -78.54499226 0.62538381 248.23335610
v -78.54499226 0.52452708 248.08241320
v -78.54499226 0.65874531 248.21552354
v -78.54499225 0.58927398 248.04780551
v -78.54499226 0.52452708 248.08241320
v -78.54499226 0.62538381 248.23335610
v -78.54499225 0.69494433 248.20454320
v -78.54499225 0.65952828 248.02649371
v -78.54499225 0.58927398 248.04780551
v -78.54499226 0.65874531 248.21552354
v -78.54499225 0.73259086 248.20083549
v -78.54499224 0.73259086 248.01929802
v -78.54499225 0.77023745 248.20454320
v -78.54499224 0.80565346 248.02649371
v -78.54499224 0.73259086 248.01929802
v -78.54499225 0.73259086 248.20083549
v -78.54499225 0.80643621 248.21552354
v -78.54499224 0.87590760 248.04780551
v -78.54499224 0.80565346 248.02649371
v -78.54499225 0.77023745 248.20454320
v -78.54499225 0.83979763 248.23335610
v -78.54499224 0.94065442 248.08241320
v -78.54499224 0.87590760 248.04780551
v -78.54499225 0.80643621 248.21552354
v -78.54499225 0.86904037 248.25735468
v -78.54499224 0.99740635 248.12898885
v -78.54499224 0.94065442 248.08241320
v -78.54499225 0.83979763 248.23335610
v -78.54499225 0.89303825 248.28659594
v -78.54499224 1.04398075 248.18573968
v -78.54499224 0.99740635 248.12898885
v -78.54499225 0.86904037 248.25735468
v -78.54499225 0.91087005 248.31995741
v -78.54499224 1.07858857 248.25048582
v -78.54499224 1.04398075 248.18573968
v -78.54499225 0.89303825 248.28659594
v -78.54499225 0.92185098 248.35615637
v -78.54499224 1.09989999 248.32074036
v -78.54499227 0.62538394 248.55425082
v -78.47790360 0.67340241 248.48238515
v -78.47790360 0.65725778 248.46913607
v -78.54499227 0.59614150 248.53025144
v -78.54499225 0.77023745 248.20454320
v -78.47790358 0.75337539 248.28931366
v -78.47790358 0.77336056 248.29537578
v -78.54499225 0.80643621 248.21552354
v -78.54499227 0.59614150 248.53025144
v -78.47790360 0.65725778 248.46913607
v -78.47790360 0.64400861 248.45299159
v -78.54499227 0.57214353 248.50101017
v -78.54499225 0.80643621 248.21552354
v -78.47790358 0.77336056 248.29537578
v -78.47790358 0.79177927 248.30522096
v -78.54499225 0.83979763 248.23335610
v -78.54499227 0.57214353 248.50101017
v -78.47790360 0.64400861 248.45299159
v -78.47790360 0.63416375 248.43457360
v -78.54499227 0.55431174 248.46764950
v -78.54499225 0.92555880 248.39380305
v -78.47790358 0.83912763 248.39380306
v -78.47790359 0.83708056 248.41458734
v -78.54499225 0.92185098 248.43144973
v -78.54499225 0.83979763 248.23335610
v -78.47790358 0.79177927 248.30522096
v -78.47790358 0.80792406 248.31847083
v -78.54499225 0.86904037 248.25735468
v -78.54499227 0.55431174 248.46764950
v -78.47790360 0.63416375 248.43457360
v -78.47790359 0.62810117 248.41458734
v -78.54499227 0.54333069 248.43144973
v -78.54499225 0.92185098 248.43144973
v -78.47790359 0.83708056 248.41458734
v -78.47790359 0.83101801 248.43457360
v -78.54499226 0.91087000 248.46764950
v -78.54499225 0.86904037 248.25735468
v -78.47790358 0.80792406 248.31847083
v -78.47790358 0.82117318 248.33461453
v -78.54499225 0.89303825 248.28659594
v -78.54499227 0.54333069 248.43144973
v -78.47790359 0.62810117 248.41458734
v -78.47790359 0.62605407 248.39380306
v -78.54499227 0.53962286 248.39380305
v -78.54499226 0.91087000 248.46764950
v -78.47790359 0.83101801 248.43457360
v -78.47790359 0.82117312 248.45299159
v -78.54499226 0.89303814 248.50101017
v -78.54499225 0.89303825 248.28659594
v -78.47790358 0.82117318 248.33461453
v -78.47790358 0.83101804 248.35303330
v -78.54499225 0.91087005 248.31995741
v -78.54499227 0.53962286 248.39380305
v -78.47790359 0.62605407 248.39380306
v -78.47790359 0.62810119 248.37301877
v -78.54499227 0.54333074 248.35615717
v -78.54499226 0.89303814 248.50101017
v -78.47790359 0.82117312 248.45299159
v -78.47790359 0.80792394 248.46913607
v -78.54499226 0.86904018 248.53025224
v -78.54499225 0.91087005 248.31995741
v -78.47790358 0.83101804 248.35303330
v -78.47790358 0.83708057 248.37301877
v -78.54499225 0.92185098 248.35615637
v -78.54499227 0.54333074 248.35615717
v -78.47790359 0.62810119 248.37301877
v -78.47790359 0.63416374 248.35303330
v -78.54499227 0.55431172 248.31995741
v -78.54499226 0.86904018 248.53025224
v -78.47790359 0.80792394 248.46913607
v -78.47790359 0.79177938 248.48238515
v -78.54499226 0.83979783 248.55425082
v -78.54499225 0.92185098 248.35615637
v -78.47790358 0.83708057 248.37301877
v -78.47790358 0.83912763 248.39380306
v -78.54499225 0.92555880 248.39380305
v -78.54499227 0.55431172 248.31995741
v -78.47790359 0.63416374 248.35303330
v -78.47790359 0.64400867 248.33461453
v -78.54499226 0.57214366 248.28659594
v -78.54499226 0.83979783 248.55425082
v -78.47790359 0.79177938 248.48238515
v -78.47790359 0.77336060 248.49223034
v -78.54499227 0.80643628 248.57208258
v -78.54499226 0.57214366 248.28659594
v -78.47790359 0.64400867 248.33461453
v -78.47790359 0.65725787 248.31847083
v -78.54499226 0.59614167 248.25735468
v -78.54499227 0.80643628 248.57208258
v -78.47790359 0.77336060 248.49223034
v -78.47790359 0.75337526 248.49829325
v -78.54499227 0.77023723 248.58306372
v -78.54499226 0.59614167 248.25735468
v -78.47790359 0.65725787 248.31847083
v -78.47790359 0.67340233 248.30522096
v -78.54499226 0.62538381 248.23335610
v -78.54499227 0.77023723 248.58306372
v -78.47790359 0.75337526 248.49829325
v -78.47790359 0.73259086 248.50033987
v -78.54499227 0.73259084 248.58677143
v -78.54499226 0.62538381 248.23335610
v -78.47790359 0.67340233 248.30522096
v -78.47790359 0.69182106 248.29537578
v -78.54499226 0.65874531 248.21552354
v -78.54499227 0.73259084 248.58677143
v -78.47790359 0.73259086 248.50033987
v -78.47790359 0.71180650 248.49829325
v -78.54499227 0.69494454 248.58306372
v -78.54499226 0.65874531 248.21552354
v -78.47790359 0.69182106 248.29537578
v -78.47790359 0.71180638 248.28931366
v -78.54499225 0.69494433 248.20454320
v -78.54499227 0.69494454 248.58306372
v -78.47790359 0.71180650 248.49829325
v -78.47790360 0.69182118 248.49223034
v -78.54499227 0.65874554 248.57208258
v -78.54499225 0.69494433 248.20454320
v -78.47790359 0.71180638 248.28931366
v -78.47790358 0.73259087 248.28726625
v -78.54499225 0.73259086 248.20083549
v -78.54499227 0.65874554 248.57208258
v -78.47790360 0.69182118 248.49223034
v -78.47790360 0.67340241 248.48238515
v -78.54499227 0.62538394 248.55425082
v -78.47790359 0.83708056 248.41458734
v -78.47790358 0.83912763 248.39380306
v -78.47790358 0.83708057 248.37301877
v -78.47790358 0.83101804 248.35303330
v -78.47790358 0.82117318 248.33461453
v -78.47790358 0.80792406 248.31847083
v -78.47790358 0.79177927 248.30522096
v -78.47790358 0.77336056 248.29537578
v -78.47790358 0.75337539 248.28931366
v -78.47790358 0.73259087 248.28726625
v -78.47790359 0.71180638 248.28931366
v -78.47790359 0.69182106 248.29537578
v -78.47790359 0.67340233 248.30522096
v -78.47790359 0.65725787 248.31847083
v -78.47790359 0.64400867 248.33461453
v -78.47790359 0.63416374 248.35303330
v -78.47790359 0.62810119 248.37301877
v -78.47790359 0.62605407 248.39380306
v -78.47790359 0.62810117 248.41458734
v -78.47790360 0.63416375 248.43457360
v -78.47790360 0.64400861 248.45299159
v -78.47790360 0.65725778 248.46913607
v -78.47790360 0.67340241 248.48238515
v -78.47790360 0.69182118 248.49223034
v -78.47790359 0.71180650 248.49829325
v -78.47790359 0.73259086 248.50033987
v -78.47790359 0.75337526 248.49829325
v -78.47790359 0.77336060 248.49223034
v -78.47790359 0.79177938 248.48238515
v -78.47790359 0.80792394 248.46913607
v -78.47790359 0.82117312 248.45299159
v -78.47790359 0.83101801 248.43457360
vt 0.00000000 1.00000000
vt 0.00000000 1.00000000
vt 0.00000000 1.00000000
vt 0.00000000 1.00000000
vt 0.00000000 1.00000000
vt 0.00000000 1.00000000
vt 0.00000000 1.00000000
vt 0.00000000 1.00000000
vt 0.00000000 1.00000000
vt 0.00000000 1.00000000
vt 0.00000000 1.00000000
vt 0.00000000 1.00000000
vt 0.00000000 1.00000000
vt 0.00000000 1.00000000
vt 0.00000000 1.00000000
vt 0.00000000 1.00000000
vt 0.00000000 1.00000000
vt 0.00000000 1.00000000
vt 0.00000000 1.00000000
vt 0.00000000 1.00000000
vt 0.00000000 1.00000000
vt 0.00000000 1.00000000
vt 0.00000000 1.00000000
vt 0.00000000 1.00000000
vt 0.00000000 1.00000000
vt 0.00000000 1.00000000
vt 0.00000000 1.00000000
vt 0.00000000 1.00000000
vt 0.00000000 1.00000000
vt 0.00000000 1.00000000
vt 0.00000000 1.00000000
vt 0.00000000 1.00000000
vt 0.00000000 1.00000000
vt 0.00000000 1.00000000
vt 0.00000000 1.00000000
vt 0.00000000 1.00000000
vt 0.00000000 1.00000000
vt 0.00000000 1.00000000
vt 0.00000000 1.00000000
vt 0.00000000 1.00000000
vt 0.00000000 1.00000000
vt 0.00000000 1.00000000
vt 0.00000000 1.00000000
vt 0.00000000 1.00000000
vt 0.00000000 1.00000000
vt 0.00000000 1.00000000
vt 0.00000000 1.00000000
vt 0.00000000 1.00000000
vt 0.00000000 1.00000000
vt 0.00000000 1.00000000
vt 0.00000000 1.00000000
vt 0.00000000 1.00000000
vt 0.00000000 1.00000000
vt 0.00000000 1.00000000
vt 0.00000000 1.00000000
vt 0.00000000 1.00000000
vt 0.00000000 1.00000000
vt 0.00000000 1.00000000
vt 0.00000000 1.00000000
vt 0.00000000 1.00000000
vt 0.00000000 1.00000000
vt 0.00000000 1.00000000
vt 0.00000000 1.00000000
vt 0.00000000 1.00000000
vt 0.00000000 1.00000000
vt 0.00000000 1.00000000
vt 0.00000000 1.00000000
vt 0.00000000 1.00000000
vt 0.00000000 1.00000000
vt 0.00000000 1.00000000
vt 0.00000000 1.00000000
vt 0.00000000 1.00000000
vt 0.00000000 1.00000000
vt 0.00000000 1.00000000
vt 0.00000000 1.00000000
vt 0.00000000 1.00000000
vt 0.00000000 1.00000000
vt 0.00000000 1.00000000
vt 0.00000000 1.00000000
vt 0.00000000 1.00000000
vt 0.00000000 1.00000000
vt 0.00000000 1.00000000
vt 0.00000000 1.00000000
vt 0.00000000 1.00000000
vt 0.00000000 1.00000000
vt 0.00000000 1.00000000
vt 0.00000000 1.00000000
vt 0.00000000 1.00000000
vt 0.00000000 1.00000000
vt 0.00000000 1.00000000
vt 0.00000000 1.00000000
vt 0.00000000 1.00000000
vt 0.00000000 1.00000000
vt 0.00000000 1.00000000
vt 0.00000000 1.00000000
vt 0.00000000 1.00000000
vt 0.00000000 1.00000000
vt 0.00000000 1.00000000
vt 0.00000000 1.00000000
vt 0.00000000 1.00000000
vt 0.00000000 1.00000000
vt 0.00000000 1.00000000
vt 0.00000000 1.00000000
vt 0.00000000 1.00000000
vt 0.00000000 1.00000000
vt 0.00000000 1.00000000
vt 0.00000000 1.00000000
vt 0.00000000 1.00000000
vt 0.00000000 1.00000000
vt 0.00000000 1.00000000
vt 0.00000000 1.00000000
vt 0.00000000 1.00000000
vt 0.00000000 1.00000000
vt 0.00000000 1.00000000
vt 0.00000000 1.00000000
vt 0.00000000 1.00000000
vt 0.00000000 1.00000000
vt 0.00000000 1.00000000
vt 0.00000000 1.00000000
vt 0.00000000 1.00000000
vt 0.00000000 1.00000000
vt 0.00000000 1.00000000
vt 0.00000000 1.00000000
vt 0.00000000 1.00000000
vt 0.00000000 1.00000000
vt 0.00000000 1.00000000
vt 0.00000000 1.00000000
vt 0.00000000 1.00000000
vt 0.00000000 1.00000000
vt 0.00000000 1.00000000
vt 0.00000000 1.00000000
vt 0.00000000 1.00000000
vt 0.00000000 1.00000000
vt 0.00000000 1.00000000
vt 0.00000000 1.00000000
vt 0.00000000 1.00000000
vt 0.00000000 1.00000000
vt 0.00000000 1.00000000
vt 0.00000000 1.00000000
vt 0.00000000 1.00000000
vt 0.00000000 1.00000000
vt 0.00000000 1.00000000
vt 0.00000000 1.00000000
vt 0.00000000 1.00000000
vt 0.00000000 1.00000000
vt 0.00000000 1.00000000
vt 0.00000000 1.00000000
vt 0.00000000 1.00000000
vt 0.00000000 1.00000000
vt 0.00000000 1.00000000
vt 0.00000000 1.00000000
vt 0.00000000 1.00000000
vt 0.00000000 1.00000000
vt 0.00000000 1.00000000
vt 0.00000000 1.00000000
vt 0.00000000 1.00000000
vt 0.00000000 1.00000000
vt 0.00000000 1.00000000
vt 0.00000000 1.00000000
vt 0.00000000 1.00000000
vt 0.00000000 1.00000000
vt 0.00000000 1.00000000
vt 0.00000000 1.00000000
vt 0.00000000 1.00000000
vt 0.00000000 1.00000000
vt 0.00000000 1.00000000
vt 0.00000000 1.00000000
vt 0.00000000 1.00000000
vt 0.00000000 1.00000000
vt 0.00000000 1.00000000
vt 0.00000000 1.00000000
vt 0.00000000 1.00000000
vt 0.00000000 1.00000000
vt 0.00000000 1.00000000
vt 0.00000000 1.00000000
vt 0.00000000 1.00000000
vt 0.00000000 1.00000000
vt 0.00000000 1.00000000
vt 0.00000000 1.00000000
vt 0.00000000 1.00000000
vt 0.00000000 1.00000000
vt 0.00000000 1.00000000
vt 0.00000000 1.00000000
vt 0.00000000 1.00000000
vt 0.00000000 1.00000000
vt 0.00000000 1.00000000
vt 0.00000000 1.00000000
vt 0.00000000 1.00000000
vt 0.00000000 1.00000000
vt 0.00000000 1.00000000
vt 0.00000000 1.00000000
vt 0.00000000 1.00000000
vt 0.00000000 1.00000000
vt 0.00000000 1.00000000
vt 0.00000000 1.00000000
vt 0.00000000 1.00000000
vt 0.00000000 1.00000000
vt 0.00000000 1.00000000
vt 0.00000000 1.00000000
vt 0.00000000 1.00000000
vt 0.00000000 1.00000000
vt 0.00000000 1.00000000
vt 0.00000000 1.00000000
vt 0.00000000 1.00000000
vt 0.00000000 1.00000000
vt 0.00000000 1.00000000
vt 0.00000000 1.00000000
vt 0.00000000 1.00000000
vt 0.00000000 1.00000000
vt 0.00000000 1.00000000
vt 0.00000000 1.00000000
vt 0.00000000 1.00000000
vt 0.00000000 1.00000000
vt 0.00000000 1.00000000
vt 0.00000000 1.00000000
vt 0.00000000 1.00000000
vt 0.00000000 1.00000000
vt 0.00000000 1.00000000
vt 0.00000000 1.00000000
vt 0.00000000 1.00000000
vt 0.00000000 1.00000000
vt 0.00000000 1.00000000
vt 0.00000000 1.00000000
vt 0.00000000 1.00000000
vt 0.00000000 1.00000000
vt 0.00000000 1.00000000
vt 0.00000000 1.00000000
vt 0.00000000 1.00000000
vt 0.00000000 1.00000000
vt 0.00000000 1.00000000
vt 0.00000000 1.00000000
vt 0.00000000 1.00000000
vt 0.00000000 1.00000000
vt 0.00000000 1.00000000
vt 0.00000000 1.00000000
vt 0.00000000 1.00000000
vt 0.00000000 1.00000000
vt 0.00000000 1.00000000
vt 0.00000000 1.00000000
vt 0.00000000 1.00000000
vt 0.00000000 1.00000000
vt 0.00000000 1.00000000
vt 0.00000000 1.00000000
vt 0.00000000 1.00000000
vt 0.00000000 1.00000000
vt 0.00000000 1.00000000
vt 0.00000000 1.00000000
vt 0.00000000 1.00000000
vt 0.00000000 1.00000000
vt 0.00000000 1.00000000
vt 0.00000000 1.00000000
vt 0.00000000 1.00000000
vt 0.00000000 1.00000000
vt 0.00000000 1.00000000
vt 0.00000000 1.00000000
vt 0.00000000 1.00000000
vt 0.00000000 1.00000000
vt 0.00000000 1.00000000
vt 0.00000000 1.00000000
vt 0.00000000 1.00000000
vt 0.00000000 1.00000000
vt 0.00000000 1.00000000
vt 0.00000000 1.00000000
vt 0.00000000 1.00000000
vt 0.00000000 1.00000000
vt 0.00000000 1.00000000
vt 0.00000000 1.00000000
vt 0.00000000 1.00000000
vt 0.00000000 1.00000000
vt 0.00000000 1.00000000
vt 0.00000000 1.00000000
vt 0.00000000 1.00000000
vt 0.00000000 1.00000000
vt 0.00000000 1.00000000
vt 0.00000000 1.00000000
vt 0.00000000 1.00000000
vt 0.00000000 1.00000000
vt 0.00000000 1.00000000
vt 0.00000000 1.00000000
vt 0.00000000 1.00000000
vt 0.00000000 1.00000000
vt 0.00000000 1.00000000
vt 0.00000000 1.00000000
vt 0.00000000 1.00000000
vt 0.00000000 1.00000000
vt 0.00000000 1.00000000
vt 0.00000000 1.00000000
vt 0.00000000 1.00000000
vt 0.00000000 1.00000000
vt 0.00000000 1.00000000
vt 0.00000000 1.00000000
vt 0.00000000 1.00000000
vt 0.00000000 1.00000000
vt 0.00000000 1.00000000
vt 0.00000000 1.00000000
vt 0.00000000 1.00000000
vt 0.00000000 1.00000000
vt 0.00000000 1.00000000
vt 0.00000000 1.00000000
vt 0.00000000 1.00000000
vt 0.00000000 1.00000000
vt 0.00000000 1.00000000
vt 0.00000000 1.00000000
vt 0.00000000 1.00000000
vt 0.00000000 1.00000000
vt 0.00000000 1.00000000
vt 0.00000000 1.00000000
vt 0.00000000 1.00000000
vt 0.00000000 1.00000000
vt 0.00000000 1.00000000
vt 0.00000000 1.00000000
vt 0.00000000 1.00000000
vt 0.00000000 1.00000000
vt 0.00000000 1.00000000
vt 0.00000000 1.00000000
vt 0.00000000 1.00000000
vt 0.00000000 1.00000000
vt 0.00000000 1.00000000
vt 0.00000000 1.00000000
vt 0.00000000 1.00000000
vt 0.00000000 1.00000000
vt 0.00000000 1.00000000
vt 0.00000000 1.00000000
vt 0.00000000 1.00000000
vt 0.00000000 1.00000000
vt 0.00000000 1.00000000
vt 0.00000000 1.00000000
vt 0.00000000 1.00000000
vt 0.00000000 1.00000000
vt 0.00000000 1.00000000
vt 0.00000000 1.00000000
vt 0.00000000 1.00000000
vt 0.00000000 1.00000000
vt 0.00000000 1.00000000
vt 0.00000000 1.00000000
vt 0.00000000 1.00000000
vt 0.00000000 1.00000000
vt 0.00000000 1.00000000
vt 0.00000000 1.00000000
vt 0.00000000 1.00000000
vt 0.00000000 1.00000000
vt 0.00000000 1.00000000
vt 0.00000000 1.00000000
vt 0.00000000 1.00000000
vt 0.00000000 1.00000000
vt 0.00000000 1.00000000
vt 0.00000000 1.00000000
vt 0.00000000 1.00000000
vt 0.00000000 1.00000000
vt 0.00000000 1.00000000
vt 0.00000000 1.00000000
vt 0.00000000 1.00000000
vt 0.00000000 1.00000000
vt 0.00000000 1.00000000
vt 0.00000000 1.00000000
vt 0.00000000 1.00000000
vt 0.00000000 1.00000000
vt 0.00000000 1.00000000
vt 0.00000000 1.00000000
vt 0.00000000 1.00000000
vt 0.00000000 1.00000000
vt 0.00000000 1.00000000
vt 0.00000000 1.00000000
vt 0.00000000 1.00000000
vt 0.00000000 1.00000000
vt 0.00000000 1.00000000
vt 0.00000000 1.00000000
vt 0.00000000 1.00000000
vt 0.00000000 1.00000000
vt 0.00000000 1.00000000
vt 0.00000000 1.00000000
vt 0.00000000 1.00000000
vt 0.00000000 1.00000000
vt 0.00000000 1.00000000
vt 0.00000000 1.00000000
vt 0.00000000 1.00000000
vt 0.00000000 1.00000000
vt 0.00000000 1.00000000
vt 0.00000000 1.00000000
vt 0.00000000 1.00000000
vt 0.00000000 1.00000000
vt 0.00000000 1.00000000
vt 0.00000000 1.00000000
vt 0.00000000 1.00000000
vt 0.00000000 1.00000000
vt 0.00000000 1.00000000
vt 0.00000000 1.00000000
vt 0.00000000 1.00000000
vt 0.00000000 1.00000000
vt 0.00000000 1.00000000
vt 0.00000000 1.00000000
vt 0.00000000 1.00000000
vt 0.00000000 1.00000000
vt 0.00000000 1.00000000
vt 0.00000000 1.00000000
vt 0.00000000 1.00000000
vt 0.00000000 1.00000000
vt 0.00000000 1.00000000
vt 0.00000000 1.00000000
vt 0.00000000 1.00000000
vt 0.00000000 1.00000000
vt 0.00000000 1.00000000
vt 0.00000000 1.00000000
vt 0.00000000 1.00000000
vt 0.00000000 1.00000000
vt 0.00000000 1.00000000
vt 0.00000000 1.00000000
vt 0.00000000 1.00000000
vt 0.00000000 1.00000000
vt 0.00000000 1.00000000
vt 0.00000000 1.00000000
vt 0.00000000 1.00000000
vt 0.00000000 1.00000000
vt 0.00000000 1.00000000
vt 0.00000000 1.00000000
vt 0.00000000 1.00000000
vt 0.00000000 1.00000000
vt 0.00000000 1.00000000
vt 0.00000000 1.00000000
vt 0.00000000 1.00000000
vt 0.00000000 1.00000000
vt 0.00000000 1.00000000
vt 0.00000000 1.00000000
vt 0.00000000 1.00000000
vt 0.00000000 1.00000000
vt 0.00000000 1.00000000
vt 0.00000000 1.00000000
vt 0.00000000 1.00000000
vt 0.00000000 1.00000000
vt 0.00000000 1.00000000
vt 0.00000000 1.00000000
vt 0.00000000 1.00000000
vt 0.00000000 1.00000000
vt 0.00000000 1.00000000
vt 0.00000000 1.00000000
vt 0.00000000 1.00000000
vt 0.00000000 1.00000000
vt 0.00000000 1.00000000
vt 0.00000000 1.00000000
vt 0.00000000 1.00000000
vt 0.00000000 1.00000000
vt 0.00000000 1.00000000
vt 0.00000000 1.00000000
vt 0.00000000 1.00000000
vt 0.00000000 1.00000000
vt 0.00000000 1.00000000
vt 0.00000000 1.00000000
vt 0.00000000 1.00000000
vt 0.00000000 1.00000000
vt 0.00000000 1.00000000
vt 0.00000000 1.00000000
vt 0.00000000 1.00000000
vt 0.00000000 1.00000000
vt 0.00000000 1.00000000
vt 0.00000000 1.00000000
vt 0.00000000 1.00000000
vt 0.00000000 1.00000000
vt 0.00000000 1.00000000
vt 0.00000000 1.00000000
vt 0.00000000 1.00000000
vt 0.00000000 1.00000000
vt 0.00000000 1.00000000
vt 0.00000000 1.00000000
vt 0.00000000 1.00000000
vt 0.00000000 1.00000000
vt 0.00000000 1.00000000
vt 0.00000000 1.00000000
vt 0.00000000 1.00000000
vt 0.00000000 1.00000000
vt 0.00000000 1.00000000
vt 0.00000000 1.00000000
vt 0.00000000 1.00000000
vt 0.00000000 1.00000000
vt 0.00000000 1.00000000
vt 0.00000000 1.00000000
vt 0.00000000 1.00000000
vt 0.00000000 1.00000000
vt 0.00000000 1.00000000
vt 0.00000000 1.00000000
vt 0.00000000 1.00000000
vt 0.00000000 1.00000000
vt 0.00000000 1.00000000
vt 0.00000000 1.00000000
vt 0.00000000 1.00000000
vt 0.00000000 1.00000000
vt 0.00000000 1.00000000
vt 0.00000000 1.00000000
vt 0.00000000 1.00000000
vt 0.00000000 1.00000000
vt 0.00000000 1.00000000
f 4795/4795 4796/4796 4797/4797
f 4795/4795 4797/4797 4798/4798
f 4799/4799 4800/4800 4801/4801
f 4799/4799 4801/4801 4802/4802
f 4803/4803 4804/4804 4805/4805
f 4803/4803 4805/4805 4806/4806
f 4807/4807 4808/4808 4809/4809
f 4807/4807 4809/4809 4810/4810
f 4811/4811 4812/4812 4813/4813
f 4811/4811 4813/4813 4814/4814
f 4815/4815 4816/4816 4817/4817
f 4815/4815 4817/4817 4818/4818
f 4819/4819 4820/4820 4821/4821
f 4819/4819 4821/4821 4822/4822
f 4823/4823 4824/4824 4825/4825
f 4823/4823 4825/4825 4826/4826
f 4827/4827 4828/4828 4829/4829
f 4827/4827 4829/4829 4830/4830
f 4831/4831 4832/4832 4833/4833
f 4831/4831 4833/4833 4834/4834
f 4835/4835 4836/4836 4837/4837
f 4835/4835 4837/4837 4838/4838
f 4839/4839 4840/4840 4841/4841
f 4839/4839 4841/4841 4842/4842
f 4843/4843 4844/4844 4845/4845
f 4843/4843 4845/4845 4846/4846
f 4847/4847 4848/4848 4849/4849
f 4847/4847 4849/4849 4850/4850
f 4851/4851 4852/4852 4853/4853
f 4851/4851 4853/4853 4854/4854
f 4855/4855 4856/4856 4857/4857
f 4855/4855 4857/4857 4858/4858
f 4859/4859 4860/4860 4861/4861
f 4859/4859 4861/4861 4862/4862
f 4863/4863 4864/4864 4865/4865
f 4863/4863 4865/4865 4866/4866
f 4867/4867 4868/4868 4869/4869
f 4867/4867 4869/4869 4870/4870
f 4871/4871 4872/4872 4873/4873
f 4871/4871 4873/4873 4874/4874
f 4875/4875 4876/4876 4877/4877
f 4875/4875 4877/4877 4878/4878
f 4879/4879 4880/4880 4881/4881
f 4879/4879 4881/4881 4882/4882
f 4883/4883 4884/4884 4885/4885
f 4883/4883 4885/4885 4886/4886
f 4887/4887 4888/4888 4889/4889
f 4887/4887 4889/4889 4890/4890
f 4891/4891 4892/4892 4893/4893
f 4891/4891 4893/4893 4894/4894
f 4895/4895 4896/4896 4897/4897
f 4895/4895 4897/4897 4898/4898
f 4899/4899 4900/4900 4901/4901
f 4899/4899 4901/4901 4902/4902
f 4903/4903 4904/4904 4905/4905
f 4903/4903 4905/4905 4906/4906
f 4907/4907 4908/4908 4909/4909
f 4907/4907 4909/4909 4910/4910
f 4911/4911 4912/4912 4913/4913
f 4911/4911 4913/4913 4914/4914
f 4915/4915 4916/4916 4917/4917
f 4915/4915 4917/4917 4918/4918
f 4919/4919 4920/4920 4916/4916
f 4919/4919 4916/4916 4915/4915
f 4921/4921 4922/4922 4923/4923
f 4921/4921 4923/4923 4924/4924
f 4925/4925 4926/4926 4927/4927
f 4925/4925 4927/4927 4928/4928
f 4929/4929 4930/4930 4931/4931
f 4929/4929 4931/4931 4932/4932
f 4933/4933 4934/4934 4930/4930
f 4933/4933 4930/4930 4929/4929
f 4935/4935 4936/4936 4934/4934
f 4935/4935 4934/4934 4933/4933
f 4937/4937 4938/4938 4936/4936
f 4937/4937 4936/4936 4935/4935
f 4939/4939 4940/4940 4941/4941
f 4939/4939 4941/4941 4942/4942
f 4943/4943 4944/4944 4945/4945
f 4943/4943 4945/4945 4946/4946
f 4947/4947 4948/4948 4949/4949
f 4947/4947 4949/4949 4950/4950
f 4951/4951 4952/4952 4953/4953
f 4951/4951 4953/4953 4954/4954
f 4955/4955 4956/4956 4957/4957
f 4955/4955 4957/4957 4958/4958
f 4959/4959 4960/4960 4961/4961
f 4959/4959 4961/4961 4962/4962
f 4963/4963 4964/4964 4965/4965
f 4963/4963 4965/4965 4966/4966
f 4967/4967 4968/4968 4969/4969
f 4967/4967 4969/4969 4970/4970
f 4971/4971 4972/4972 4968/4968
f 4971/4971 4968/4968 4967/4967
f 4973/4973 4974/4974 4972/4972
f 4973/4973 4972/4972 4971/4971
f 4975/4975 4976/4976 4977/4977
f 4975/4975 4977/4977 4978/4978
f 4979/4979 4980/4980 4981/4981
f 4979/4979 4981/4981 4982/4982
f 4983/4983 4984/4984 4985/4985
f 4983/4983 4985/4985 4986/4986
f 4987/4987 4988/4988 4984/4984
f 4987/4987 4984/4984 4983/4983
f 4989/4989 4990/4990 4988/4988
f 4989/4989 4988/4988 4987/4987
f 4991/4991 4992/4992 4990/4990
f 4991/4991 4990/4990 4989/4989
f 4993/4993 4994/4994 4995/4995
f 4993/4993 4995/4995 4996/4996
f 4997/4997 4998/4998 4999/4999
f 4997/4997 4999/4999 5000/5000
f 5001/5001 5002/5002 5003/5003
f 5001/5001 5003/5003 5004/5004
f 5005/5005 5006/5006 5002/5002
f 5005/5005 5002/5002 5001/5001
f 5007/5007 5008/5008 5009/5009
f 5007/5007 5009/5009 5010/5010
f 5011/5011 5012/5012 5013/5013
f 5011/5011 5013/5013 5014/5014
f 5015/5015 5016/5016 5017/5017
f 5015/5015 5017/5017 5018/5018
f 5019/5019 5020/5020 5021/5021
f 5019/5019 5021/5021 5022/5022
f 5023/5023 5024/5024 5020/5020
f 5023/5023 5020/5020 5019/5019
f 5025/5025 5026/5026 5024/5024
f 5025/5025 5024/5024 5023/5023
f 5027/5027 5028/5028 5026/5026
f 5027/5027 5026/5026 5025/5025
f 5029/5029 5030/5030 5031/5031
f 5029/5029 5031/5031 5032/5032
f 5033/5033 5034/5034 5030/5030
f 5033/5033 5030/5030 5029/5029
f 5035/5035 5036/5036 5037/5037
f 5035/5035 5037/5037 5038/5038
f 5039/5039 5040/5040 5041/5041
f 5039/5039 5041/5041 5042/5042
f 5043/5043 5044/5044 5045/5045
f 5043/5043 5045/5045 5046/5046
f 5047/5047 5048/5048 5049/5049
f 5047/5047 5049/5049 5050/5050
f 5051/5051 5052/5052 5053/5053
f 5051/5051 5053/5053 5054/5054
f 5055/5055 5056/5056 5052/5052
f 5055/5055 5052/5052 5051/5051
f 5057/5057 5058/5058 5059/5059
f 5057/5057 5059/5059 5060/5060
f 5061/5061 5062/5062 5063/5063
f 5061/5061 5063/5063 5064/5064
f 5065/5065 5066/5066 5067/5067
f 5065/5065 5067/5067 5068/5068
f 5069/5069 5070/5070 5066/5066
f 5069/5069 5066/5066 5065/5065
f 5071/5071 5072/5072 5070/5070
f 5071/5071 5070/5070 5069/5069
f 5073/5073 5074/5074 5072/5072
f 5073/5073 5072/5072 5071/5071
f 5075/5075 5076/5076 5074/5074
f 5075/5075 5074/5074 5073/5073
f 5077/5077 5078/5078 5076/5076
f 5077/5077 5076/5076 5075/5075
f 5079/5079 5080/5080 5078/5078
f 5079/5079 5078/5078 5077/5077
f 5081/5081 5082/5082 5080/5080
f 5081/5081 5080/5080 5079/5079
f 5083/5083 5084/5084 5085/5085
f 5083/5083 5085/5085 5086/5086
f 5087/5087 5088/5088 5089/5089
f 5087/5087 5089/5089 5090/5090
f 5091/5091 5092/5092 5088/5088
f 5091/5091 5088/5088 5087/5087
f 5093/5093 5094/5094 5095/5095
f 5093/5093 5095/5095 5096/5096
f 5097/5097 5098/5098 5099/5099
f 5097/5097 5099/5099 5100/5100
f 5101/5101 5102/5102 5098/5098
f 5101/5101 5098/5098 5097/5097
f 5103/5103 5104/5104 5105/5105
f 5103/5103 5105/5105 5106/5106
f 5107/5107 5108/5108 5109/5109
f 5107/5107 5109/5109 5110/5110
f 5111/5111 5112/5112 5113/5113
f 5111/5111 5113/5113 5114/5114
f 5115/5115 5116/5116 5117/5117
f 5115/5115 5117/5117 5118/5118
f 5119/5119 5120/5120 5121/5121
f 5119/5119 5121/5121 5122/5122
f 5123/5123 5124/5124 5125/5125
f 5123/5123 5125/5125 5126/5126
f 5127/5127 5128/5128 5124/5124
f 5127/5127 5124/5124 5123/5123
f 5032/5032 5031/5031 5128/5128
f 5032/5032 5128/5128 5127/5127
f 5129/5129 5130/5130 5131/5131
f 5129/5129 5131/5131 5132/5132
f 5133/5133 5134/5134 5135/5135
f 5133/5133 5135/5135 5136/5136
f 5137/5137 5138/5138 5139/5139
f 5137/5137 5139/5139 5140/5140
f 5141/5141 5142/5142 5143/5143
f 5141/5141 5143/5143 5144/5144
f 5145/5145 5146/5146 5147/5147
f 5145/5145 5147/5147 5148/5148
f 5149/5149 5150/5150 5151/5151
f 5149/5149 5151/5151 5152/5152
f 5153/5153 5154/5154 5155/5155
f 5153/5153 5155/5155 5156/5156
f 5157/5157 5158/5158 5159/5159
f 5157/5157 5159/5159 5160/5160
f 5161/5161 5162/5162 5163/5163
f 5161/5161 5163/5163 5164/5164
f 5165/5165 5166/5166 5167/5167
f 5165/5165 5167/5167 5168/5168
f 5169/5169 5170/5170 5171/5171
f 5169/5169 5171/5171 5172/5172
f 5173/5173 5174/5174 5175/5175
f 5173/5173 5175/5175 5176/5176
f 5177/5177 5178/5178 5179/5179
f 5177/5177 5179/5179 5180/5180
f 5181/5181 5182/5182 5183/5183
f 5181/5181 5183/5183 5184/5184
f 5185/5185 5186/5186 5187/5187
f 5185/5185 5187/5187 5188/5188
f 5189/5189 5190/5190 5191/5191
f 5189/5189 5191/5191 5192/5192
f 5193/5193 5194/5194 5195/5195
f 5193/5193 5195/5195 5196/5196
f 5197/5197 5198/5198 5199/5199
f 5197/5197 5199/5199 5200/5200
f 5201/5201 5202/5202 5203/5203
f 5201/5201 5203/5203 5204/5204
f 5205/5205 5206/5206 5207/5207
f 5205/5205 5207/5207 5208/5208
f 5209/5209 5210/5210 5211/5211
f 5209/5209 5211/5211 5212/5212
f 5213/5213 5214/5214 5215/5215
f 5213/5213 5215/5215 5216/5216
f 5217/5217 5218/5218 5219/5219
f 5217/5217 5219/5219 5220/5220
f 5221/5221 5222/5222 5223/5223
f 5221/5221 5223/5223 5224/5224
f 5225/5225 5226/5226 5227/5227
f 5225/5225 5227/5227 5228/5228
f 5229/5229 5230/5230 5231/5231
f 5229/5229 5231/5231 5232/5232
f 5233/5233 5234/5234 5235/5235
f 5233/5233 5235/5235 5236/5236
f 5237/5237 5238/5238 5239/5239
f 5237/5237 5239/5239 5240/5240
f 5241/5241 5242/5242 5243/5243
f 5241/5241 5243/5243 5244/5244
f 5245/5245 5246/5246 5247/5247
f 5245/5245 5247/5247 5248/5248
f 5249/5249 5250/5250 5251/5251
f 5249/5249 5251/5251 5252/5252
f 5255/5255 5253/5253 5254/5254
f 5253/5253 5255/5255 5256/5256
f 5253/5253 5256/5256 5284/5284
f 5284/5284 5256/5256 5257/5257
f 5284/5284 5257/5257 5283/5283
f 5283/5283 5257/5257 5258/5258
f 5283/5283 5258/5258 5282/5282
f 5282/5282 5258/5258 5259/5259
f 5282/5282 5259/5259 5281/5281
f 5281/5281 5259/5259 5280/5280
f 5280/5280 5259/5259 5260/5260
f 5280/5280 5260/5260 5279/5279
f 5279/5279 5260/5260 5261/5261
f 5279/5279 5261/5261 5262/5262
f 5279/5279 5262/5262 5278/5278
f 5278/5278 5262/5262 5263/5263
f 5278/5278 5263/5263 5277/5277
f 5277/5277 5263/5263 5276/5276
f 5276/5276 5263/5263 5264/5264
f 5276/5276 5264/5264 5275/5275
f 5275/5275 5264/5264 5265/5265
f 5275/5275 5265/5265 5274/5274
f 5274/5274 5265/5265 5266/5266
f 5274/5274 5266/5266 5267/5267
f 5274/5274 5267/5267 5273/5273
f 5273/5273 5267/5267 5268/5268
f 5273/5273 5268/5268 5272/5272
f 5272/5272 5268/5268 5271/5271
f 5271/5271 5268/5268 5269/5269
f 5271/5271 5269/5269 5270/5270

o FW.006_dark_0
usemtl dark
v -78.54499300 0.12346343 240.88664957
v -79.01092683 0.12346345 240.88664955
v -79.01092683 0.21457047 240.99766347
v -78.54499300 0.21457045 240.99766349
v -78.54499292 1.01294145 239.80281694
v -79.01092674 1.01294147 239.80281692
v -79.01092675 0.87551237 239.76112828
v -78.54499292 0.87551235 239.76112830
v -78.54499300 0.21457045 240.99766349
v -79.01092683 0.21457047 240.99766347
v -79.01092683 0.32558477 241.08877065
v -78.54499300 0.32558475 241.08877067
v -78.54499292 0.87551235 239.76112830
v -79.01092675 0.87551237 239.76112828
v -79.01092675 0.73259082 239.74705179
v -78.54499293 0.73259080 239.74705181
v -78.54499300 0.32558475 241.08877067
v -79.01092683 0.32558477 241.08877065
v -79.01092683 0.45224016 241.15646956
v -78.54499300 0.45224014 241.15646958
v -78.54499293 0.73259080 239.74705181
v -79.01092675 0.73259082 239.74705179
v -79.01092676 0.58966933 239.76112828
v -78.54499293 0.58966931 239.76112830
v -78.54499300 0.45224014 241.15646958
v -79.01092683 0.45224016 241.15646956
v -79.01092682 0.58966930 241.19815826
v -78.54499300 0.58966928 241.19815828
v -78.54499293 0.58966931 239.76112830
v -79.01092676 0.58966933 239.76112828
v -79.01092677 0.45224029 239.80281692
v -78.54499294 0.45224027 239.80281694
v -78.54499300 0.58966928 241.19815828
v -79.01092682 0.58966930 241.19815826
v -79.01092682 0.73259086 241.21223468
v -78.54499299 0.73259084 241.21223470
v -78.54499294 0.45224027 239.80281694
v -79.01092677 0.45224029 239.80281692
v -79.01092677 0.32558493 239.87051582
v -78.54499295 0.32558491 239.87051584
v -78.54499299 0.73259084 241.21223470
v -79.01092682 0.73259086 241.21223468
v -79.01092681 0.87551241 241.19815826
v -78.54499298 0.87551239 241.19815828
v -78.54499295 0.32558491 239.87051584
v -79.01092677 0.32558493 239.87051582
v -79.01092678 0.21457053 239.96162300
v -78.54499296 0.21457051 239.96162302
v -78.54499298 0.87551239 241.19815828
v -79.01092681 0.87551241 241.19815826
v -79.01092680 1.01294160 241.15646956
v -78.54499297 1.01294158 241.15646958
v -78.54499296 0.21457051 239.96162302
v -79.01092678 0.21457053 239.96162300
v -79.01092679 0.12346332 240.07263699
v -78.54499297 0.12346330 240.07263701
v -78.54499297 1.01294158 241.15646958
v -79.01092680 1.01294160 241.15646956
v -79.01092679 1.13959677 241.08877065
v -78.54499297 1.13959674 241.08877067
v -78.54499297 0.12346330 240.07263701
v -79.01092679 0.12346332 240.07263699
v -79.01092680 0.05576467 240.19929238
v -78.54499297 0.05576465 240.19929240
v -78.54499293 1.46518229 240.47964325
v -79.01092675 1.46518231 240.47964323
v -79.01092675 1.45110582 240.33672175
v -78.54499292 1.45110580 240.33672177
v -78.54499297 1.13959674 241.08877067
v -79.01092679 1.13959677 241.08877065
v -79.01092678 1.25061126 240.99766347
v -78.54499296 1.25061124 240.99766349
v -78.54499297 0.05576465 240.19929240
v -79.01092680 0.05576467 240.19929238
v -79.01092681 0.01407597 240.33672175
v -78.54499298 0.01407595 240.33672177
v -78.54499292 1.45110580 240.33672177
v -79.01092675 1.45110582 240.33672175
v -79.01092674 1.40941712 240.19929238
v -78.54499292 1.40941710 240.19929240
v -78.54499296 1.25061124 240.99766349
v -79.01092678 1.25061126 240.99766347
v -79.01092677 1.34171847 240.88664955
v -78.54499295 1.34171845 240.88664957
v -78.54499298 0.01407595 240.33672177
v -79.01092681 0.01407597 240.33672175
v -79.01092682 -0.00000052 240.47964323
v -78.54499299 -0.00000054 240.47964325
v -78.54499292 1.40941710 240.19929240
v -79.01092674 1.40941712 240.19929238
v -79.01092674 1.34171847 240.07263699
v -78.54499291 1.34171845 240.07263701
v -78.54499295 1.34171845 240.88664957
v -79.01092677 1.34171847 240.88664955
v -79.01092677 1.40941719 240.75999410
v -78.54499294 1.40941717 240.75999412
v -78.54499299 -0.00000054 240.47964325
v -79.01092682 -0.00000052 240.47964323
v -79.01092682 0.01407597 240.62256472
v -78.54499300 0.01407595 240.62256474
v -78.54499291 1.34171845 240.07263701
v -79.01092674 1.34171847 240.07263699
v -79.01092674 1.25061126 239.96162300
v -78.54499291 1.25061124 239.96162302
v -78.54499294 1.40941717 240.75999412
v -79.01092677 1.40941719 240.75999410
v -79.01092676 1.45110589 240.62256472
v -78.54499293 1.45110587 240.62256474
v -78.54499300 0.01407595 240.62256474
v -79.01092682 0.01407597 240.62256472
v -79.01092683 0.05576467 240.75999410
v -78.54499300 0.05576465 240.75999412
v -78.54499291 1.25061124 239.96162302
v -79.01092674 1.25061126 239.96162300
v -79.01092674 1.13959692 239.87051582
v -78.54499291 1.13959690 239.87051584
v -78.54499293 1.45110587 240.62256474
v -79.01092676 1.45110589 240.62256472
v -79.01092675 1.46518231 240.47964323
v -78.54499293 1.46518229 240.47964325
v -78.54499300 0.05576465 240.75999412
v -79.01092683 0.05576467 240.75999410
v -79.01092683 0.12346345 240.88664955
v -78.54499300 0.12346343 240.88664957
v -78.54499291 1.13959690 239.87051584
v -79.01092674 1.13959692 239.87051582
v -79.01092674 1.01294147 239.80281692
v -78.54499292 1.01294145 239.80281694
v -78.54499293 1.26251672 240.37423441
v -78.54499293 1.27289857 240.47964329
v -78.54499293 1.46518229 240.47964325
v -78.54499292 1.45110580 240.33672177
v -78.54499293 1.23177010 240.27287613
v -78.54499293 1.26251672 240.37423441
v -78.54499292 1.45110580 240.33672177
v -78.54499292 1.40941710 240.19929240
v -78.54499292 1.18184038 240.17946425
v -78.54499293 1.23177010 240.27287613
v -78.54499292 1.40941710 240.19929240
v -78.54499291 1.34171845 240.07263701
v -78.54499292 1.11464624 240.09758824
v -78.54499292 1.18184038 240.17946425
v -78.54499291 1.34171845 240.07263701
v -78.54499291 1.25061124 239.96162302
v -78.54499292 1.03276970 240.03039382
v -78.54499292 1.11464624 240.09758824
v -78.54499291 1.25061124 239.96162302
v -78.54499291 1.13959690 239.87051584
v -78.54499293 0.93935756 239.98046391
v -78.54499292 1.03276970 240.03039382
v -78.54499291 1.13959690 239.87051584
v -78.54499292 1.01294145 239.80281694
v -78.54499293 0.83799972 239.94971735
v -78.54499293 0.93935756 239.98046391
v -78.54499292 1.01294145 239.80281694
v -78.54499292 0.87551235 239.76112830
v -78.54499293 0.73259081 239.93933554
v -78.54499293 0.83799972 239.94971735
v -78.54499292 0.87551235 239.76112830
v -78.54499293 0.73259080 239.74705181
v -78.54499294 0.62718196 239.94971735
v -78.54499293 0.73259081 239.93933554
v -78.54499293 0.73259080 239.74705181
v -78.54499293 0.58966931 239.76112830
v -78.54499294 0.52582416 239.98046391
v -78.54499294 0.62718196 239.94971735
v -78.54499293 0.58966931 239.76112830
v -78.54499294 0.45224027 239.80281694
v -78.54499295 0.43241215 240.03039382
v -78.54499294 0.52582416 239.98046391
v -78.54499294 0.45224027 239.80281694
v -78.54499295 0.32558491 239.87051584
v -78.54499296 0.35053551 240.09758827
v -78.54499295 0.43241215 240.03039382
v -78.54499295 0.32558491 239.87051584
v -78.54499296 0.21457051 239.96162302
v -78.54499296 0.28334131 240.17946425
v -78.54499296 0.35053551 240.09758827
v -78.54499296 0.21457051 239.96162302
v -78.54499297 0.12346330 240.07263701
v -78.54499297 0.23341168 240.27287613
v -78.54499296 0.28334131 240.17946425
v -78.54499297 0.12346330 240.07263701
v -78.54499297 0.05576465 240.19929240
v -78.54499298 0.20266497 240.37423441
v -78.54499297 0.23341168 240.27287613
v -78.54499297 0.05576465 240.19929240
v -78.54499298 0.01407595 240.33672177
v -78.54499298 0.19228318 240.47964325
v -78.54499298 0.20266497 240.37423441
v -78.54499298 0.01407595 240.33672177
v -78.54499299 -0.00000054 240.47964325
v -78.54499299 0.20266503 240.58505209
v -78.54499298 0.19228318 240.47964325
v -78.54499299 -0.00000054 240.47964325
v -78.54499300 0.01407595 240.62256474
v -78.54499299 0.23341165 240.68641033
v -78.54499299 0.20266503 240.58505209
v -78.54499300 0.01407595 240.62256474
v -78.54499300 0.05576465 240.75999412
v -78.54499299 0.28334140 240.77982233
v -78.54499299 0.23341165 240.68641033
v -78.54499300 0.05576465 240.75999412
v -78.54499300 0.12346343 240.88664957
v -78.54499299 0.35053551 240.86169837
v -78.54499299 0.28334140 240.77982233
v -78.54499300 0.12346343 240.88664957
v -78.54499300 0.21457045 240.99766349
v -78.54499299 0.43241199 240.92889276
v -78.54499299 0.35053551 240.86169837
v -78.54499300 0.21457045 240.99766349
v -78.54499300 0.32558475 241.08877067
v -78.54499299 0.52582400 240.97882261
v -78.54499299 0.43241199 240.92889276
v -78.54499300 0.32558475 241.08877067
v -78.54499300 0.45224014 241.15646958
v -78.54499299 0.62718189 241.00956920
v -78.54499300 0.58966928 241.19815828
v -78.54499298 0.73259084 241.01995098
v -78.54499299 0.62718189 241.00956920
v -78.54499300 0.58966928 241.19815828
v -78.54499299 0.73259084 241.21223470
v -78.54499298 0.83799979 241.00956920
v -78.54499298 0.87551239 241.19815828
v -78.54499297 0.93935761 240.97882267
v -78.54499298 0.83799979 241.00956920
v -78.54499298 0.87551239 241.19815828
v -78.54499297 1.01294158 241.15646958
v -78.54499296 1.03276950 240.92889276
v -78.54499297 0.93935761 240.97882267
v -78.54499297 1.01294158 241.15646958
v -78.54499297 1.13959674 241.08877067
v -78.54499296 1.11464631 240.86169821
v -78.54499296 1.03276950 240.92889276
v -78.54499297 1.13959674 241.08877067
v -78.54499296 1.25061124 240.99766349
v -78.54499295 1.18184048 240.77982227
v -78.54499296 1.11464631 240.86169821
v -78.54499296 1.25061124 240.99766349
v -78.54499295 1.34171845 240.88664957
v -78.54499294 1.23177016 240.68641036
v -78.54499295 1.18184048 240.77982227
v -78.54499295 1.34171845 240.88664957
v -78.54499294 1.40941717 240.75999412
v -78.54499294 1.26251672 240.58505217
v -78.54499294 1.23177016 240.68641036
v -78.54499294 1.40941717 240.75999412
v -78.54499293 1.45110587 240.62256474
v -78.54499293 1.27289857 240.47964329
v -78.54499294 1.26251672 240.58505217
v -78.54499293 1.45110587 240.62256474
v -78.54499293 1.46518229 240.47964325
v -78.54499293 1.23881650 240.37894866
v -78.54499293 1.24873403 240.47964329
v -78.52410504 1.24873403 240.47964329
v -78.52410503 1.23881650 240.37894866
v -78.54499296 1.01934439 240.90880068
v -78.54499297 0.93011023 240.95649755
v -78.52410507 0.93011023 240.95649756
v -78.52410507 1.01934438 240.90880068
v -78.54499295 0.43241215 240.03039382
v -78.54499296 0.35053551 240.09758827
v -78.52410506 0.35053551 240.09758827
v -78.52410505 0.43241215 240.03039382
v -78.54499297 0.93011023 240.95649755
v -78.54499298 0.83328554 240.98586897
v -78.52410508 0.83328554 240.98586898
v -78.52410507 0.93011023 240.95649756
v -78.54499294 0.52582416 239.98046391
v -78.54499295 0.43241215 240.03039382
v -78.52410505 0.43241215 240.03039382
v -78.52410505 0.52582416 239.98046391
v -78.54499298 0.83328554 240.98586897
v -78.54499298 0.73259084 240.99578644
v -78.52410508 0.73259084 240.99578645
v -78.52410508 0.83328554 240.98586898
v -78.54499294 0.62718196 239.94971735
v -78.54499294 0.52582416 239.98046391
v -78.52410505 0.52582416 239.98046391
v -78.52410504 0.62718196 239.94971735
v -78.54499298 0.73259084 240.99578644
v -78.54499298 0.63189614 240.98586897
v -78.52410509 0.63189614 240.98586898
v -78.52410508 0.73259084 240.99578645
v -78.54499293 0.73259081 239.93933554
v -78.54499294 0.62718196 239.94971735
v -78.52410504 0.62718196 239.94971735
v -78.52410504 0.73259080 239.93933554
v -78.54499298 0.63189614 240.98586897
v -78.54499299 0.53507137 240.95649752
v -78.52410509 0.53507136 240.95649752
v -78.52410509 0.63189614 240.98586898
v -78.54499293 0.83799972 239.94971735
v -78.54499293 0.73259081 239.93933554
v -78.52410504 0.73259080 239.93933554
v -78.52410503 0.83799972 239.94971735
v -78.54499299 0.53507137 240.95649752
v -78.54499299 0.44583711 240.90880068
v -78.52410509 0.44583711 240.90880068
v -78.52410509 0.53507136 240.95649752
v -78.54499293 0.93935756 239.98046391
v -78.54499293 0.83799972 239.94971735
v -78.52410503 0.83799972 239.94971735
v -78.52410503 0.93935756 239.98046391
v -78.54499299 0.44583711 240.90880068
v -78.54499299 0.36762239 240.84461149
v -78.52410509 0.36762239 240.84461149
v -78.52410509 0.44583711 240.90880068
v -78.54499292 1.03276970 240.03039382
v -78.54499293 0.93935756 239.98046391
v -78.52410503 0.93935756 239.98046391
v -78.52410503 1.03276969 240.03039382
v -78.54499294 1.26251672 240.58505217
v -78.54499293 1.27289857 240.47964329
v -78.52410504 1.27289857 240.47964329
v -78.52410504 1.26251672 240.58505217
v -78.54499299 0.36762239 240.84461149
v -78.54499299 0.30343349 240.76639721
v -78.52410509 0.30343349 240.76639721
v -78.52410509 0.36762239 240.84461149
v -78.54499292 1.11464624 240.09758824
v -78.54499292 1.03276970 240.03039382
v -78.52410503 1.03276969 240.03039382
v -78.52410503 1.11464624 240.09758824
v -78.54499294 1.23177016 240.68641036
v -78.54499294 1.26251672 240.58505217
v -78.52410504 1.26251672 240.58505217
v -78.52410505 1.23177016 240.68641036
v -78.54499299 0.30343349 240.76639721
v -78.54499299 0.25573674 240.67716297
v -78.52410509 0.25573674 240.67716298
v -78.52410509 0.30343349 240.76639721
v -78.54499292 1.18184038 240.17946425
v -78.54499292 1.11464624 240.09758824
v -78.52410503 1.11464624 240.09758824
v -78.52410503 1.18184038 240.17946425
v -78.54499295 1.18184048 240.77982227
v -78.54499294 1.23177016 240.68641036
v -78.52410505 1.23177016 240.68641036
v -78.52410505 1.18184048 240.77982227
v -78.54499299 0.25573674 240.67716297
v -78.54499298 0.22636525 240.58033783
v -78.52410509 0.22636525 240.58033783
v -78.52410509 0.25573674 240.67716298
v -78.54499293 1.23177010 240.27287613
v -78.54499292 1.18184038 240.17946425
v -78.52410503 1.18184038 240.17946425
v -78.52410503 1.23177010 240.27287613
v -78.54499296 1.11464631 240.86169821
v -78.54499295 1.18184048 240.77982227
v -78.52410505 1.18184048 240.77982227
v -78.52410506 1.11464631 240.86169821
v -78.54499298 0.22636525 240.58033783
v -78.54499298 0.21644772 240.47964325
v -78.52410508 0.21644772 240.47964325
v -78.52410509 0.22636525 240.58033783
v -78.54499293 1.26251672 240.37423441
v -78.54499293 1.23177010 240.27287613
v -78.52410503 1.23177010 240.27287613
v -78.52410503 1.26251672 240.37423441
v -78.54499296 1.03276950 240.92889276
v -78.54499296 1.11464631 240.86169821
v -78.52410506 1.11464631 240.86169821
v -78.52410507 1.03276950 240.92889276
v -78.54499298 0.21644772 240.47964325
v -78.54499298 0.22636519 240.37894866
v -78.52410508 0.22636519 240.37894866
v -78.52410508 0.21644772 240.47964325
v -78.54499293 1.27289857 240.47964329
v -78.54499293 1.26251672 240.37423441
v -78.52410503 1.26251672 240.37423441
v -78.52410504 1.27289857 240.47964329
v -78.54499297 0.93935761 240.97882267
v -78.54499296 1.03276950 240.92889276
v -78.52410507 1.03276950 240.92889276
v -78.52410507 0.93935761 240.97882267
v -78.54499298 0.22636519 240.37894866
v -78.54499297 0.25573680 240.28212348
v -78.52410507 0.25573680 240.28212348
v -78.52410508 0.22636519 240.37894866
v -78.54499296 0.35053551 240.09758827
v -78.54499296 0.28334131 240.17946425
v -78.52410507 0.28334131 240.17946425
v -78.52410506 0.35053551 240.09758827
v -78.54499296 1.09755945 240.84461130
v -78.54499296 1.01934439 240.90880068
v -78.52410507 1.01934438 240.90880068
v -78.52410506 1.09755945 240.84461130
v -78.54499293 1.20944501 240.28212348
v -78.54499293 1.23881650 240.37894866
v -78.52410503 1.23881650 240.37894866
v -78.52410503 1.20944501 240.28212348
v -78.54499296 0.28334131 240.17946425
v -78.54499297 0.23341168 240.27287613
v -78.52410507 0.23341168 240.27287613
v -78.52410507 0.28334131 240.17946425
v -78.54499295 1.16174842 240.76639715
v -78.54499296 1.09755945 240.84461130
v -78.52410506 1.09755945 240.84461130
v -78.52410506 1.16174842 240.76639715
v -78.54499293 1.16174833 240.19288937
v -78.54499293 1.20944501 240.28212348
v -78.52410503 1.20944501 240.28212348
v -78.52410503 1.16174833 240.19288937
v -78.54499297 0.23341168 240.27287613
v -78.54499298 0.20266497 240.37423441
v -78.52410508 0.20266497 240.37423441
v -78.52410507 0.23341168 240.27287613
v -78.54499295 1.20944505 240.67716301
v -78.54499295 1.16174842 240.76639715
v -78.52410506 1.16174842 240.76639715
v -78.52410505 1.20944504 240.67716301
v -78.54499293 1.09755936 240.11467516
v -78.54499293 1.16174833 240.19288937
v -78.52410503 1.16174833 240.19288937
v -78.52410503 1.09755936 240.11467516
v -78.54499298 0.20266497 240.37423441
v -78.54499298 0.19228318 240.47964325
v -78.52410509 0.19228318 240.47964325
v -78.52410508 0.20266497 240.37423441
v -78.54499294 1.23881650 240.58033791
v -78.54499295 1.20944505 240.67716301
v -78.52410505 1.20944504 240.67716301
v -78.52410504 1.23881650 240.58033791
v -78.54499293 1.01934458 240.05048590
v -78.54499293 1.09755936 240.11467516
v -78.52410503 1.09755936 240.11467516
v -78.52410503 1.01934457 240.05048590
v -78.54499298 0.19228318 240.47964325
v -78.54499299 0.20266503 240.58505209
v -78.52410509 0.20266503 240.58505209
v -78.52410509 0.19228318 240.47964325
v -78.54499293 1.24873403 240.47964329
v -78.54499294 1.23881650 240.58033791
v -78.52410504 1.23881650 240.58033791
v -78.52410504 1.24873403 240.47964329
v -78.54499293 0.93011020 240.00278903
v -78.54499293 1.01934458 240.05048590
v -78.52410503 1.01934457 240.05048590
v -78.52410503 0.93011019 240.00278903
v -78.54499299 0.20266503 240.58505209
v -78.54499299 0.23341165 240.68641033
v -78.52410509 0.23341165 240.68641033
v -78.52410509 0.20266503 240.58505209
v -78.54499293 0.83328547 239.97341754
v -78.54499293 0.93011020 240.00278903
v -78.52410503 0.93011019 240.00278903
v -78.52410503 0.83328547 239.97341754
v -78.54499299 0.23341165 240.68641033
v -78.54499299 0.28334140 240.77982233
v -78.52410509 0.28334140 240.77982233
v -78.52410509 0.23341165 240.68641033
v -78.54499293 0.73259081 239.96350004
v -78.54499293 0.83328547 239.97341754
v -78.52410503 0.83328547 239.97341754
v -78.52410504 0.73259081 239.96350004
v -78.54499299 0.28334140 240.77982233
v -78.54499299 0.35053551 240.86169837
v -78.52410509 0.35053551 240.86169837
v -78.52410509 0.28334140 240.77982233
v -78.54499294 0.63189623 239.97341754
v -78.54499293 0.73259081 239.96350004
v -78.52410504 0.73259081 239.96350004
v -78.52410504 0.63189622 239.97341754
v -78.54499299 0.35053551 240.86169837
v -78.54499299 0.43241199 240.92889276
v -78.52410509 0.43241199 240.92889276
v -78.52410509 0.35053551 240.86169837
v -78.54499295 0.53507152 240.00278903
v -78.54499294 0.63189623 239.97341754
v -78.52410504 0.63189622 239.97341754
v -78.52410505 0.53507152 240.00278903
v -78.54499299 0.43241199 240.92889276
v -78.54499299 0.52582400 240.97882261
v -78.52410509 0.52582400 240.97882261
v -78.52410509 0.43241199 240.92889276
v -78.54499295 0.44583721 240.05048590
v -78.54499295 0.53507152 240.00278903
v -78.52410505 0.53507152 240.00278903
v -78.52410506 0.44583721 240.05048590
v -78.54499299 0.52582400 240.97882261
v -78.54499299 0.62718189 241.00956920
v -78.52410509 0.62718189 241.00956920
v -78.52410509 0.52582400 240.97882261
v -78.54499296 0.36762239 240.11467516
v -78.54499295 0.44583721 240.05048590
v -78.52410506 0.44583721 240.05048590
v -78.52410506 0.36762239 240.11467516
v -78.54499299 0.62718189 241.00956920
v -78.54499298 0.73259084 241.01995098
v -78.52410509 0.73259084 241.01995098
v -78.52410509 0.62718189 241.00956920
v -78.54499296 0.30343336 240.19288937
v -78.54499296 0.36762239 240.11467516
v -78.52410506 0.36762239 240.11467516
v -78.52410507 0.30343336 240.19288937
v -78.54499298 0.73259084 241.01995098
v -78.54499298 0.83799979 241.00956920
v -78.52410508 0.83799978 241.00956920
v -78.52410509 0.73259084 241.01995098
v -78.54499297 0.25573680 240.28212348
v -78.54499296 0.30343336 240.19288937
v -78.52410507 0.30343336 240.19288937
v -78.52410507 0.25573680 240.28212348
v -78.54499298 0.83799979 241.00956920
v -78.54499297 0.93935761 240.97882267
v -78.52410507 0.93935761 240.97882267
v -78.52410508 0.83799978 241.00956920
v -78.54499296 1.08849052 240.83554236
v -78.54499296 1.01221898 240.89813675
v -78.56124680 1.01221898 240.89813675
v -78.56124680 1.08849052 240.83554236
v -78.54499294 0.63189623 239.97341754
v -78.54499295 0.53507152 240.00278903
v -78.56124678 0.53507153 240.00278902
v -78.56124678 0.63189623 239.97341754
v -78.54499293 1.22623754 240.38145076
v -78.54499294 1.23590859 240.47964329
v -78.56124677 1.23590859 240.47964328
v -78.56124677 1.22623754 240.38145076
v -78.54499296 1.01221898 240.89813675
v -78.54499297 0.92520215 240.94464846
v -78.56124681 0.92520215 240.94464846
v -78.56124680 1.01221898 240.89813675
v -78.54499293 0.73259081 239.96350004
v -78.54499294 0.63189623 239.97341754
v -78.56124678 0.63189623 239.97341754
v -78.56124677 0.73259081 239.96350004
v -78.54499297 0.92520215 240.94464846
v -78.54499297 0.83078344 240.97329001
v -78.56124681 0.83078344 240.97329001
v -78.56124681 0.92520215 240.94464846
v -78.54499293 0.83328547 239.97341754
v -78.54499293 0.73259081 239.96350004
v -78.56124677 0.73259081 239.96350004
v -78.56124677 0.83328547 239.97341754
v -78.54499297 0.83078344 240.97329001
v -78.54499298 0.73259084 240.98296100
v -78.56124682 0.73259084 240.98296100
v -78.56124681 0.83078344 240.97329001
v -78.54499293 0.93011020 240.00278903
v -78.54499293 0.83328547 239.97341754
v -78.56124677 0.83328547 239.97341754
v -78.56124677 0.93011020 240.00278902
v -78.54499298 0.73259084 240.98296100
v -78.54499298 0.63439825 240.97329001
v -78.56124682 0.63439825 240.97329001
v -78.56124682 0.73259084 240.98296100
v -78.54499293 1.01934458 240.05048590
v -78.54499293 0.93011020 240.00278903
v -78.56124677 0.93011020 240.00278902
v -78.56124677 1.01934458 240.05048590
v -78.54499294 1.23881650 240.58033791
v -78.54499293 1.24873403 240.47964329
v -78.56124677 1.24873403 240.47964328
v -78.56124678 1.23881650 240.58033791
v -78.54499298 0.63439825 240.97329001
v -78.54499299 0.53997944 240.94464839
v -78.56124683 0.53997944 240.94464839
v -78.56124682 0.63439825 240.97329001
v -78.54499293 1.09755936 240.11467516
v -78.54499293 1.01934458 240.05048590
v -78.56124677 1.01934458 240.05048590
v -78.56124677 1.09755936 240.11467516
v -78.54499295 1.20944505 240.67716301
v -78.54499294 1.23881650 240.58033791
v -78.56124678 1.23881650 240.58033791
v -78.56124678 1.20944505 240.67716301
v -78.54499299 0.53997944 240.94464839
v -78.54499299 0.45296252 240.89813675
v -78.56124683 0.45296252 240.89813675
v -78.56124683 0.53997944 240.94464839
v -78.54499293 1.16174833 240.19288937
v -78.54499293 1.09755936 240.11467516
v -78.56124677 1.09755936 240.11467516
v -78.56124677 1.16174833 240.19288937
v -78.54499295 1.16174842 240.76639715
v -78.54499295 1.20944505 240.67716301
v -78.56124678 1.20944505 240.67716301
v -78.56124679 1.16174843 240.76639715
v -78.54499299 0.45296252 240.89813675
v -78.54499299 0.37669133 240.83554255
v -78.56124683 0.37669133 240.83554255
v -78.56124683 0.45296252 240.89813675
v -78.54499293 1.20944501 240.28212348
v -78.54499293 1.16174833 240.19288937
v -78.56124677 1.16174833 240.19288937
v -78.56124677 1.20944501 240.28212348
v -78.54499296 1.09755945 240.84461130
v -78.54499295 1.16174842 240.76639715
v -78.56124679 1.16174843 240.76639715
v -78.56124680 1.09755945 240.84461129
v -78.54499299 0.37669133 240.83554255
v -78.54499299 0.31409742 240.75927177
v -78.56124683 0.31409742 240.75927177
v -78.56124683 0.37669133 240.83554255
v -78.54499293 1.23881650 240.37894866
v -78.54499293 1.20944501 240.28212348
v -78.56124677 1.20944501 240.28212348
v -78.56124677 1.23881650 240.37894865
v -78.54499296 1.01934439 240.90880068
v -78.54499296 1.09755945 240.84461130
v -78.56124680 1.09755945 240.84461129
v -78.56124680 1.01934439 240.90880068
v -78.54499299 0.31409742 240.75927177
v -78.54499299 0.26758587 240.67225491
v -78.56124683 0.26758587 240.67225491
v -78.56124683 0.31409742 240.75927177
v -78.54499293 1.24873403 240.47964329
v -78.54499293 1.23881650 240.37894866
v -78.56124677 1.23881650 240.37894865
v -78.56124677 1.24873403 240.47964328
v -78.54499297 0.93011023 240.95649755
v -78.54499296 1.01934439 240.90880068
v -78.56124680 1.01934439 240.90880068
v -78.56124681 0.93011023 240.95649755
v -78.54499299 0.26758587 240.67225491
v -78.54499298 0.23894422 240.57783573
v -78.56124682 0.23894422 240.57783573
v -78.56124683 0.26758587 240.67225491
v -78.54499298 0.83328554 240.98586897
v -78.54499297 0.93011023 240.95649755
v -78.56124681 0.93011023 240.95649755
v -78.56124681 0.83328554 240.98586897
v -78.54499298 0.23894422 240.57783573
v -78.54499298 0.22927313 240.47964324
v -78.56124682 0.22927314 240.47964324
v -78.56124682 0.23894422 240.57783573
v -78.54499298 0.73259084 240.99578644
v -78.54499298 0.83328554 240.98586897
v -78.56124681 0.83328554 240.98586897
v -78.56124682 0.73259084 240.99578644
v -78.54499298 0.22927313 240.47964324
v -78.54499297 0.23894415 240.38145077
v -78.56124681 0.23894415 240.38145077
v -78.56124682 0.22927314 240.47964324
v -78.56124677 1.22623754 240.38145076
v -78.56124677 1.23590859 240.47964328
v -78.56124677 1.24873403 240.47964328
v -78.56124677 1.23881650 240.37894865
v -78.56124677 1.19759589 240.28703154
v -78.56124677 1.22623754 240.38145076
v -78.56124677 1.23881650 240.37894865
v -78.56124677 1.20944501 240.28212348
v -78.56124677 1.15108440 240.20001481
v -78.56124677 1.16174833 240.19288937
v -78.56124677 1.08849043 240.12374409
v -78.56124677 1.15108440 240.20001481
v -78.56124677 1.16174833 240.19288937
v -78.56124677 1.09755936 240.11467516
v -78.56124677 1.01221914 240.06114983
v -78.56124677 1.08849043 240.12374409
v -78.56124677 1.09755936 240.11467516
v -78.56124677 1.01934458 240.05048590
v -78.56124677 0.92520212 240.01463812
v -78.56124677 0.93011020 240.00278902
v -78.56124677 0.83078335 239.98599653
v -78.56124677 0.83328547 239.97341754
v -78.56124677 0.73259081 239.97632545
v -78.56124677 0.73259081 239.96350004
v -78.56124678 0.63439834 239.98599653
v -78.56124678 0.63189623 239.97341754
v -78.56124679 0.53997960 240.01463812
v -78.56124678 0.63439834 239.98599653
v -78.56124678 0.63189623 239.97341754
v -78.56124678 0.53507153 240.00278902
v -78.56124679 0.45296265 240.06114983
v -78.56124679 0.53997960 240.01463812
v -78.56124678 0.53507153 240.00278902
v -78.56124679 0.44583721 240.05048590
v -78.56124680 0.37669133 240.12374412
v -78.56124679 0.45296265 240.06114983
v -78.56124679 0.44583721 240.05048590
v -78.56124680 0.36762240 240.11467516
v -78.56124680 0.31409729 240.20001481
v -78.56124680 0.37669133 240.12374412
v -78.56124680 0.36762240 240.11467516
v -78.56124680 0.30343336 240.19288937
v -78.56124681 0.26758593 240.28703154
v -78.56124680 0.31409729 240.20001481
v -78.56124680 0.30343336 240.19288937
v -78.56124681 0.25573680 240.28212348
v -78.56124681 0.23894415 240.38145077
v -78.56124681 0.26758593 240.28703154
v -78.56124681 0.25573680 240.28212348
v -78.56124681 0.22636519 240.37894866
v -78.56124682 0.22927314 240.47964324
v -78.56124682 0.21644772 240.47964325
v -78.56124682 0.23894422 240.57783573
v -78.56124682 0.22927314 240.47964324
v -78.56124682 0.21644772 240.47964325
v -78.56124682 0.22636526 240.58033783
v -78.56124683 0.26758587 240.67225491
v -78.56124682 0.23894422 240.57783573
v -78.56124682 0.22636526 240.58033783
v -78.56124683 0.25573674 240.67716297
v -78.56124683 0.31409742 240.75927177
v -78.56124683 0.30343349 240.76639721
v -78.56124683 0.37669133 240.83554255
v -78.56124683 0.31409742 240.75927177
v -78.56124683 0.30343349 240.76639721
v -78.56124683 0.36762240 240.84461149
v -78.56124683 0.45296252 240.89813675
v -78.56124683 0.37669133 240.83554255
v -78.56124683 0.36762240 240.84461149
v -78.56124683 0.44583711 240.90880068
v -78.56124683 0.53997944 240.94464839
v -78.56124683 0.53507137 240.95649752
v -78.56124682 0.63439825 240.97329001
v -78.56124682 0.63189614 240.98586897
v -78.56124682 0.73259084 240.98296100
v -78.56124682 0.73259084 240.99578644
v -78.56124681 0.83078344 240.97329001
v -78.56124681 0.83328554 240.98586897
v -78.56124681 0.92520215 240.94464846
v -78.56124681 0.93011023 240.95649755
v -78.56124680 1.01221898 240.89813675
v -78.56124681 0.92520215 240.94464846
v -78.56124681 0.93011023 240.95649755
v -78.56124680 1.01934439 240.90880068
v -78.56124680 1.08849052 240.83554236
v -78.56124680 1.01221898 240.89813675
v -78.56124680 1.01934439 240.90880068
v -78.56124680 1.09755945 240.84461129
v -78.56124679 1.15108450 240.75927171
v -78.56124680 1.08849052 240.83554236
v -78.56124680 1.09755945 240.84461129
v -78.56124679 1.16174843 240.76639715
v -78.56124679 1.19759592 240.67225493
v -78.56124679 1.15108450 240.75927171
v -78.56124679 1.16174843 240.76639715
v -78.56124678 1.20944505 240.67716301
v -78.56124678 1.22623754 240.57783580
v -78.56124679 1.19759592 240.67225493
v -78.56124678 1.20944505 240.67716301
v -78.56124678 1.23881650 240.58033791
v -78.56124677 1.23590859 240.47964328
v -78.56124678 1.22623754 240.57783580
v -78.56124678 1.23881650 240.58033791
v -78.56124677 1.24873403 240.47964328
v -78.54499293 1.19759589 240.28703154
v -78.54499293 1.22623754 240.38145076
v -78.56124677 1.22623754 240.38145076
v -78.56124677 1.19759589 240.28703154
v -78.54499295 0.53507152 240.00278903
v -78.54499295 0.44583721 240.05048590
v -78.56124679 0.44583721 240.05048590
v -78.56124678 0.53507153 240.00278902
v -78.54499295 1.15108449 240.75927171
v -78.54499296 1.08849052 240.83554236
v -78.56124680 1.08849052 240.83554236
v -78.56124679 1.15108450 240.75927171
v -78.54499293 1.15108440 240.20001481
v -78.54499293 1.19759589 240.28703154
v -78.56124677 1.19759589 240.28703154
v -78.56124677 1.15108440 240.20001481
v -78.54499295 0.44583721 240.05048590
v -78.54499296 0.36762239 240.11467516
v -78.56124680 0.36762240 240.11467516
v -78.56124679 0.44583721 240.05048590
v -78.54499295 1.19759592 240.67225493
v -78.54499295 1.15108449 240.75927171
v -78.56124679 1.15108450 240.75927171
v -78.56124679 1.19759592 240.67225493
v -78.54499293 1.08849043 240.12374409
v -78.54499293 1.15108440 240.20001481
v -78.56124677 1.15108440 240.20001481
v -78.56124677 1.08849043 240.12374409
v -78.54499296 0.36762239 240.11467516
v -78.54499296 0.30343336 240.19288937
v -78.56124680 0.30343336 240.19288937
v -78.56124680 0.36762240 240.11467516
v -78.54499294 1.22623754 240.57783580
v -78.54499295 1.19759592 240.67225493
v -78.56124679 1.19759592 240.67225493
v -78.56124678 1.22623754 240.57783580
v -78.54499293 1.01221914 240.06114983
v -78.54499293 1.08849043 240.12374409
v -78.56124677 1.08849043 240.12374409
v -78.56124677 1.01221914 240.06114983
v -78.54499296 0.30343336 240.19288937
v -78.54499297 0.25573680 240.28212348
v -78.56124681 0.25573680 240.28212348
v -78.56124680 0.30343336 240.19288937
v -78.54499294 1.23590859 240.47964329
v -78.54499294 1.22623754 240.57783580
v -78.56124678 1.22623754 240.57783580
v -78.56124677 1.23590859 240.47964328
v -78.54499293 0.92520212 240.01463812
v -78.54499293 1.01221914 240.06114983
v -78.56124677 1.01221914 240.06114983
v -78.56124677 0.92520212 240.01463812
v -78.54499297 0.25573680 240.28212348
v -78.54499298 0.22636519 240.37894866
v -78.56124681 0.22636519 240.37894866
v -78.56124681 0.25573680 240.28212348
v -78.54499293 0.83078335 239.98599654
v -78.54499293 0.92520212 240.01463812
v -78.56124677 0.92520212 240.01463812
v -78.56124677 0.83078335 239.98599653
v -78.54499298 0.22636519 240.37894866
v -78.54499298 0.21644772 240.47964325
v -78.56124682 0.21644772 240.47964325
v -78.56124681 0.22636519 240.37894866
v -78.54499294 0.73259081 239.97632545
v -78.54499293 0.83078335 239.98599654
v -78.56124677 0.83078335 239.98599653
v -78.56124677 0.73259081 239.97632545
v -78.54499298 0.21644772 240.47964325
v -78.54499298 0.22636525 240.58033783
v -78.56124682 0.22636526 240.58033783
v -78.56124682 0.21644772 240.47964325
v -78.54499294 0.63439834 239.98599654
v -78.54499294 0.73259081 239.97632545
v -78.56124677 0.73259081 239.97632545
v -78.56124678 0.63439834 239.98599653
v -78.54499298 0.22636525 240.58033783
v -78.54499299 0.25573674 240.67716297
v -78.56124683 0.25573674 240.67716297
v -78.56124682 0.22636526 240.58033783
v -78.54499295 0.53997960 240.01463812
v -78.54499294 0.63439834 239.98599654
v -78.56124678 0.63439834 239.98599653
v -78.56124679 0.53997960 240.01463812
v -78.54499299 0.25573674 240.67716297
v -78.54499299 0.30343349 240.76639721
v -78.56124683 0.30343349 240.76639721
v -78.56124683 0.25573674 240.67716297
v -78.54499295 0.45296265 240.06114983
v -78.54499295 0.53997960 240.01463812
v -78.56124679 0.53997960 240.01463812
v -78.56124679 0.45296265 240.06114983
v -78.54499299 0.30343349 240.76639721
v -78.54499299 0.36762239 240.84461149
v -78.56124683 0.36762240 240.84461149
v -78.56124683 0.30343349 240.76639721
v -78.54499296 0.37669133 240.12374412
v -78.54499295 0.45296265 240.06114983
v -78.56124679 0.45296265 240.06114983
v -78.56124680 0.37669133 240.12374412
v -78.54499299 0.36762239 240.84461149
v -78.54499299 0.44583711 240.90880068
v -78.56124683 0.44583711 240.90880068
v -78.56124683 0.36762240 240.84461149
v -78.54499296 0.31409729 240.20001481
v -78.54499296 0.37669133 240.12374412
v -78.56124680 0.37669133 240.12374412
v -78.56124680 0.31409729 240.20001481
v -78.54499299 0.44583711 240.90880068
v -78.54499299 0.53507137 240.95649752
v -78.56124683 0.53507137 240.95649752
v -78.56124683 0.44583711 240.90880068
v -78.54499297 0.26758593 240.28703154
v -78.54499296 0.31409729 240.20001481
v -78.56124680 0.31409729 240.20001481
v -78.56124681 0.26758593 240.28703154
v -78.54499299 0.53507137 240.95649752
v -78.54499298 0.63189614 240.98586897
v -78.56124682 0.63189614 240.98586897
v -78.56124683 0.53507137 240.95649752
v -78.54499297 0.23894415 240.38145077
v -78.54499297 0.26758593 240.28703154
v -78.56124681 0.26758593 240.28703154
v -78.56124681 0.23894415 240.38145077
v -78.54499298 0.63189614 240.98586897
v -78.54499298 0.73259084 240.99578644
v -78.56124682 0.73259084 240.99578644
v -78.56124682 0.63189614 240.98586897
v -78.54499294 0.73259081 240.10513807
v -78.54499294 0.80565330 240.11233408
v -78.58115425 0.80565330 240.11233408
v -78.58115425 0.73259081 240.10513807
v -78.54499298 0.37152677 240.62920120
v -78.54499298 0.40764169 240.69676738
v -78.58115429 0.40764169 240.69676737
v -78.58115429 0.37152677 240.62920120
v -78.54499294 0.80565330 240.11233408
v -78.54499294 0.87590758 240.13364547
v -78.58115424 0.87590758 240.13364547
v -78.58115425 0.80565330 240.11233408
v -78.54499298 0.34928729 240.55588720
v -78.54499298 0.37152677 240.62920120
v -78.58115429 0.37152677 240.62920120
v -78.58115428 0.34928730 240.55588720
v -78.54499294 0.87590758 240.13364547
v -78.54499293 0.94065460 240.16825354
v -78.58115424 0.94065460 240.16825354
v -78.58115424 0.87590758 240.13364547
v -78.54499294 1.10709593 240.47964329
v -78.54499294 1.09989999 240.55270582
v -78.58115425 1.09989999 240.55270582
v -78.58115425 1.10709594 240.47964329
v -78.54499297 0.34177792 240.47964322
v -78.54499298 0.34928729 240.55588720
v -78.58115428 0.34928730 240.55588720
v -78.58115428 0.34177792 240.47964322
v -78.54499293 0.94065460 240.16825354
v -78.54499293 0.99740622 240.21482844
v -78.58115424 0.99740622 240.21482844
v -78.58115424 0.94065460 240.16825354
v -78.54499294 1.09989999 240.55270582
v -78.54499295 1.07858857 240.62296055
v -78.58115426 1.07858857 240.62296055
v -78.58115425 1.09989999 240.55270582
v -78.54499297 0.34928726 240.40339931
v -78.54499297 0.34177792 240.47964322
v -78.58115428 0.34177792 240.47964322
v -78.58115428 0.34928726 240.40339931
v -78.54499293 0.99740622 240.21482844
v -78.54499293 1.04398066 240.27157936
v -78.58115424 1.04398066 240.27157936
v -78.58115424 0.99740622 240.21482844
v -78.54499295 1.07858857 240.62296055
v -78.54499295 1.04398075 240.68770714
v -78.58115426 1.04398076 240.68770714
v -78.58115426 1.07858857 240.62296055
v -78.54499297 0.37152680 240.33008524
v -78.54499297 0.34928726 240.40339931
v -78.58115428 0.34928726 240.40339931
v -78.58115427 0.37152680 240.33008524
v -78.54499293 1.04398066 240.27157936
v -78.54499294 1.07858850 240.33632598
v -78.58115424 1.07858851 240.33632598
v -78.58115424 1.04398066 240.27157936
v -78.54499295 1.04398075 240.68770714
v -78.54499296 0.99740635 240.74445797
v -78.58115426 0.99740635 240.74445797
v -78.58115426 1.04398076 240.68770714
v -78.54499296 0.40764156 240.26251922
v -78.54499297 0.37152680 240.33008524
v -78.58115427 0.37152680 240.33008524
v -78.58115427 0.40764156 240.26251922
v -78.54499294 1.07858850 240.33632598
v -78.54499294 1.09989996 240.40658077
v -78.58115425 1.09989996 240.40658077
v -78.58115424 1.07858851 240.33632598
v -78.54499296 0.99740635 240.74445797
v -78.54499296 0.94065442 240.79103304
v -78.58115427 0.94065442 240.79103304
v -78.58115426 0.99740635 240.74445797
v -78.54499296 0.45624415 240.20329711
v -78.54499296 0.40764156 240.26251922
v -78.58115427 0.40764156 240.26251922
v -78.58115426 0.45624415 240.20329710
v -78.54499294 1.09989996 240.40658077
v -78.54499294 1.10709593 240.47964329
v -78.58115425 1.10709594 240.47964329
v -78.58115425 1.09989996 240.40658077
v -78.54499296 0.94065442 240.79103304
v -78.54499297 0.87590758 240.82564111
v -78.58115427 0.87590758 240.82564111
v -78.58115427 0.94065442 240.79103304
v -78.54499295 0.51546704 240.15469407
v -78.54499296 0.45624415 240.20329711
v -78.58115426 0.45624415 240.20329710
v -78.58115426 0.51546705 240.15469407
v -78.54499297 0.87590758 240.82564111
v -78.54499297 0.80565344 240.84695244
v -78.58115428 0.80565344 240.84695244
v -78.58115427 0.87590758 240.82564111
v -78.54499295 0.58303340 240.11857900
v -78.54499295 0.51546704 240.15469407
v -78.58115426 0.51546705 240.15469407
v -78.58115426 0.58303340 240.11857899
v -78.54499297 0.80565344 240.84695244
v -78.54499297 0.73259084 240.85414841
v -78.58115428 0.73259084 240.85414841
v -78.58115428 0.80565344 240.84695244
v -78.54499294 0.65634691 240.09633958
v -78.54499295 0.58303340 240.11857900
v -78.58115426 0.58303340 240.11857899
v -78.58115425 0.65634691 240.09633958
v -78.54499297 0.73259084 240.85414841
v -78.54499298 0.65952827 240.84695244
v -78.58115428 0.65952827 240.84695244
v -78.58115428 0.73259084 240.85414841
v -78.54499294 0.73259081 240.08883024
v -78.54499294 0.65634691 240.09633958
v -78.58115425 0.65634691 240.09633958
v -78.58115425 0.73259081 240.08883023
v -78.54499298 0.65952827 240.84695244
v -78.54499298 0.58927397 240.82564104
v -78.58115429 0.58927397 240.82564104
v -78.58115428 0.65952827 240.84695244
v -78.54499294 0.80883480 240.09633958
v -78.54499294 0.73259081 240.08883024
v -78.58115425 0.73259081 240.08883023
v -78.58115424 0.80883480 240.09633958
v -78.54499298 0.58927397 240.82564104
v -78.54499298 0.52452708 240.79103301
v -78.58115429 0.52452708 240.79103301
v -78.58115429 0.58927397 240.82564104
v -78.54499294 0.88214834 240.11857900
v -78.54499294 0.80883480 240.09633958
v -78.58115424 0.80883480 240.09633958
v -78.58115424 0.88214834 240.11857899
v -78.58115425 1.09989996 240.40658077
v -78.58115425 1.10709594 240.47964329
v -78.58115425 1.12340377 240.47964328
v -78.58115424 1.11589446 240.40339927
v -78.58115424 1.07858851 240.33632598
v -78.58115425 1.09989996 240.40658077
v -78.58115424 1.11589446 240.40339927
v -78.58115424 1.09365498 240.33008524
v -78.58115424 1.04398066 240.27157936
v -78.58115424 1.07858851 240.33632598
v -78.58115424 1.09365498 240.33008524
v -78.58115424 1.05754013 240.26251922
v -78.58115424 0.99740622 240.21482844
v -78.58115424 1.04398066 240.27157936
v -78.58115424 1.05754013 240.26251922
v -78.58115424 1.00893757 240.20329704
v -78.58115424 0.94065460 240.16825354
v -78.58115424 0.94971474 240.15469407
v -78.58115424 0.87590758 240.13364547
v -78.58115424 0.88214834 240.11857899
v -78.58115425 0.80565330 240.11233408
v -78.58115424 0.80883480 240.09633958
v -78.58115425 0.73259081 240.10513807
v -78.58115425 0.73259081 240.08883023
v -78.58115425 0.65952841 240.11233408
v -78.58115425 0.65634691 240.09633958
v -78.58115426 0.58927416 240.13364547
v -78.58115426 0.58303340 240.11857899
v -78.58115426 0.52452720 240.16825354
v -78.58115426 0.51546705 240.15469407
v -78.58115426 0.46777550 240.21482848
v -78.58115426 0.45624415 240.20329710
v -78.58115427 0.42120103 240.27157936
v -78.58115426 0.46777550 240.21482848
v -78.58115426 0.45624415 240.20329710
v -78.58115427 0.40764156 240.26251922
v -78.58115427 0.38659328 240.33632598
v -78.58115427 0.42120103 240.27157936
v -78.58115427 0.40764156 240.26251922
v -78.58115427 0.37152680 240.33008524
v -78.58115428 0.36528173 240.40658080
v -78.58115427 0.38659328 240.33632598
v -78.58115427 0.37152680 240.33008524
v -78.58115428 0.34928726 240.40339931
v -78.58115428 0.35808576 240.47964321
v -78.58115428 0.34177792 240.47964322
v -78.58115428 0.36528179 240.55270571
v -78.58115428 0.35808576 240.47964321
v -78.58115428 0.34177792 240.47964322
v -78.58115428 0.34928730 240.55588720
v -78.58115429 0.38659325 240.62296047
v -78.58115428 0.36528179 240.55270571
v -78.58115428 0.34928730 240.55588720
v -78.58115429 0.37152677 240.62920120
v -78.58115429 0.42120116 240.68770723
v -78.58115429 0.38659325 240.62296047
v -78.58115429 0.37152677 240.62920120
v -78.58115429 0.40764169 240.69676737
v -78.58115429 0.46777558 240.74445824
v -78.58115429 0.42120116 240.68770723
v -78.58115429 0.40764169 240.69676737
v -78.58115429 0.45624422 240.75598963
v -78.58115429 0.52452708 240.79103301
v -78.58115429 0.51546692 240.80459248
v -78.58115429 0.58927397 240.82564104
v -78.58115429 0.58303322 240.84070752
v -78.58115428 0.65952827 240.84695244
v -78.58115428 0.65634677 240.86294690
v -78.58115428 0.73259084 240.85414841
v -78.58115428 0.73259084 240.87045625
v -78.58115428 0.80565344 240.84695244
v -78.58115428 0.80883492 240.86294690
v -78.58115427 0.87590758 240.82564111
v -78.58115427 0.88214834 240.84070758
v -78.58115427 0.94065442 240.79103304
v -78.58115427 0.94971458 240.80459251
v -78.58115426 0.99740635 240.74445797
v -78.58115427 0.94065442 240.79103304
v -78.58115427 0.94971458 240.80459251
v -78.58115426 1.00893770 240.75598935
v -78.58115426 1.04398076 240.68770714
v -78.58115426 0.99740635 240.74445797
v -78.58115426 1.00893770 240.75598935
v -78.58115426 1.05754022 240.69676728
v -78.58115426 1.07858857 240.62296055
v -78.58115426 1.04398076 240.68770714
v -78.58115426 1.05754022 240.69676728
v -78.58115426 1.09365501 240.62920128
v -78.58115425 1.09989999 240.55270582
v -78.58115426 1.07858857 240.62296055
v -78.58115426 1.09365501 240.62920128
v -78.58115425 1.11589449 240.55588730
v -78.58115425 1.10709594 240.47964329
v -78.58115425 1.09989999 240.55270582
v -78.58115425 1.11589449 240.55588730
v -78.58115425 1.12340377 240.47964328
v -78.54499298 0.40764169 240.69676738
v -78.54499298 0.45624422 240.75598963
v -78.58115429 0.45624422 240.75598963
v -78.58115429 0.40764169 240.69676737
v -78.54499294 0.65952841 240.11233408
v -78.54499294 0.73259081 240.10513807
v -78.58115425 0.73259081 240.10513807
v -78.58115425 0.65952841 240.11233408
v -78.54499298 0.45624422 240.75598963
v -78.54499298 0.51546692 240.80459248
v -78.58115429 0.51546692 240.80459248
v -78.58115429 0.45624422 240.75598963
v -78.54499295 0.58927416 240.13364547
v -78.54499294 0.65952841 240.11233408
v -78.58115425 0.65952841 240.11233408
v -78.58115426 0.58927416 240.13364547
v -78.54499298 0.51546692 240.80459248
v -78.54499298 0.58303322 240.84070752
v -78.58115429 0.58303322 240.84070752
v -78.58115429 0.51546692 240.80459248
v -78.54499295 0.52452720 240.16825354
v -78.54499295 0.58927416 240.13364547
v -78.58115426 0.58927416 240.13364547
v -78.58115426 0.52452720 240.16825354
v -78.54499298 0.58303322 240.84070752
v -78.54499298 0.65634677 240.86294690
v -78.58115428 0.65634677 240.86294690
v -78.58115429 0.58303322 240.84070752
v -78.54499296 0.46777550 240.21482849
v -78.54499295 0.52452720 240.16825354
v -78.58115426 0.52452720 240.16825354
v -78.58115426 0.46777550 240.21482848
v -78.54499298 0.65634677 240.86294690
v -78.54499297 0.73259084 240.87045625
v -78.58115428 0.73259084 240.87045625
v -78.58115428 0.65634677 240.86294690
v -78.54499296 0.42120103 240.27157936
v -78.54499296 0.46777550 240.21482849
v -78.58115426 0.46777550 240.21482848
v -78.58115427 0.42120103 240.27157936
v -78.54499297 0.73259084 240.87045625
v -78.54499297 0.80883492 240.86294690
v -78.58115428 0.80883492 240.86294690
v -78.58115428 0.73259084 240.87045625
v -78.54499297 0.38659328 240.33632598
v -78.54499296 0.42120103 240.27157936
v -78.58115427 0.42120103 240.27157936
v -78.58115427 0.38659328 240.33632598
v -78.54499297 0.80883492 240.86294690
v -78.54499297 0.88214834 240.84070758
v -78.58115427 0.88214834 240.84070758
v -78.58115428 0.80883492 240.86294690
v -78.54499297 0.36528173 240.40658081
v -78.54499297 0.38659328 240.33632598
v -78.58115427 0.38659328 240.33632598
v -78.58115428 0.36528173 240.40658080
v -78.54499297 0.88214834 240.84070758
v -78.54499296 0.94971458 240.80459251
v -78.58115427 0.94971458 240.80459251
v -78.58115427 0.88214834 240.84070758
v -78.54499294 1.12340377 240.47964329
v -78.54499294 1.11589446 240.40339927
v -78.58115424 1.11589446 240.40339927
v -78.58115425 1.12340377 240.47964328
v -78.54499297 0.35808575 240.47964321
v -78.54499297 0.36528173 240.40658081
v -78.58115428 0.36528173 240.40658080
v -78.58115428 0.35808576 240.47964321
v -78.54499296 0.94971458 240.80459251
v -78.54499296 1.00893769 240.75598935
v -78.58115426 1.00893770 240.75598935
v -78.58115427 0.94971458 240.80459251
v -78.54499294 1.11589446 240.40339927
v -78.54499294 1.09365498 240.33008524
v -78.58115424 1.09365498 240.33008524
v -78.58115424 1.11589446 240.40339927
v -78.54499298 0.36528179 240.55270571
v -78.54499297 0.35808575 240.47964321
v -78.58115428 0.35808576 240.47964321
v -78.58115428 0.36528179 240.55270571
v -78.54499296 1.00893769 240.75598935
v -78.54499295 1.05754022 240.69676728
v -78.58115426 1.05754022 240.69676728
v -78.58115426 1.00893770 240.75598935
v -78.54499294 1.09365498 240.33008524
v -78.54499293 1.05754013 240.26251922
v -78.58115424 1.05754013 240.26251922
v -78.58115424 1.09365498 240.33008524
v -78.54499298 0.38659325 240.62296047
v -78.54499298 0.36528179 240.55270571
v -78.58115428 0.36528179 240.55270571
v -78.58115429 0.38659325 240.62296047
v -78.54499295 1.05754022 240.69676728
v -78.54499295 1.09365501 240.62920128
v -78.58115426 1.09365501 240.62920128
v -78.58115426 1.05754022 240.69676728
v -78.54499293 1.05754013 240.26251922
v -78.54499293 1.00893757 240.20329704
v -78.58115424 1.00893757 240.20329704
v -78.58115424 1.05754013 240.26251922
v -78.54499298 0.42120116 240.68770723
v -78.54499298 0.38659325 240.62296047
v -78.58115429 0.38659325 240.62296047
v -78.58115429 0.42120116 240.68770723
v -78.54499295 1.09365501 240.62920128
v -78.54499294 1.11589449 240.55588731
v -78.58115425 1.11589449 240.55588730
v -78.58115426 1.09365501 240.62920128
v -78.54499293 1.00893757 240.20329704
v -78.54499293 0.94971474 240.15469407
v -78.58115424 0.94971474 240.15469407
v -78.58115424 1.00893757 240.20329704
v -78.54499298 0.46777558 240.74445824
v -78.54499298 0.42120116 240.68770723
v -78.58115429 0.42120116 240.68770723
v -78.58115429 0.46777558 240.74445824
v -78.54499294 1.11589449 240.55588731
v -78.54499294 1.12340377 240.47964329
v -78.58115425 1.12340377 240.47964328
v -78.58115425 1.11589449 240.55588730
v -78.54499293 0.94971474 240.15469407
v -78.54499294 0.88214834 240.11857900
v -78.58115424 0.88214834 240.11857899
v -78.58115424 0.94971474 240.15469407
v -78.54499298 0.52452708 240.79103301
v -78.54499298 0.46777558 240.74445824
v -78.58115429 0.46777558 240.74445824
v -78.58115429 0.52452708 240.79103301
v -79.01092675 1.45110582 240.33672175
v -79.01092675 1.46518231 240.47964323
v -79.01092676 1.45110589 240.62256472
v -79.01092677 1.40941719 240.75999410
v -79.01092677 1.34171847 240.88664955
v -79.01092678 1.25061126 240.99766347
v -79.01092679 1.13959677 241.08877065
v -79.01092680 1.01294160 241.15646956
v -79.01092681 0.87551241 241.19815826
v -79.01092682 0.73259086 241.21223468
v -79.01092682 0.58966930 241.19815826
v -79.01092683 0.45224016 241.15646956
v -79.01092683 0.32558477 241.08877065
v -79.01092683 0.21457047 240.99766347
v -79.01092683 0.12346345 240.88664955
v -79.01092683 0.05576467 240.75999410
v -79.01092682 0.01407597 240.62256472
v -79.01092682 -0.00000052 240.47964323
v -79.01092681 0.01407597 240.33672175
v -79.01092680 0.05576467 240.19929238
v -79.01092679 0.12346332 240.07263699
v -79.01092678 0.21457053 239.96162300
v -79.01092677 0.32558493 239.87051582
v -79.01092677 0.45224029 239.80281692
v -79.01092676 0.58966933 239.76112828
v -79.01092675 0.73259082 239.74705179
v -79.01092675 0.87551237 239.76112828
v -79.01092674 1.01294147 239.80281692
v -79.01092674 1.13959692 239.87051582
v -79.01092674 1.25061126 239.96162300
v -79.01092674 1.34171847 240.07263699
v -79.01092674 1.40941712 240.19929238
vt 0.00000000 1.00000000
vt 0.00000000 1.00000000
vt 0.00000000 1.00000000
vt 0.00000000 1.00000000
vt 0.00000000 1.00000000
vt 0.00000000 1.00000000
vt 0.00000000 1.00000000
vt 0.00000000 1.00000000
vt 0.00000000 1.00000000
vt 0.00000000 1.00000000
vt 0.00000000 1.00000000
vt 0.00000000 1.00000000
vt 0.00000000 1.00000000
vt 0.00000000 1.00000000
vt 0.00000000 1.00000000
vt 0.00000000 1.00000000
vt 0.00000000 1.00000000
vt 0.00000000 1.00000000
vt 0.00000000 1.00000000
vt 0.00000000 1.00000000
vt 0.00000000 1.00000000
vt 0.00000000 1.00000000
vt 0.00000000 1.00000000
vt 0.00000000 1.00000000
vt 0.00000000 1.00000000
vt 0.00000000 1.00000000
vt 0.00000000 1.00000000
vt 0.00000000 1.00000000
vt 0.00000000 1.00000000
vt 0.00000000 1.00000000
vt 0.00000000 1.00000000
vt 0.00000000 1.00000000
vt 0.00000000 1.00000000
vt 0.00000000 1.00000000
vt 0.00000000 1.00000000
vt 0.00000000 1.00000000
vt 0.00000000 1.00000000
vt 0.00000000 1.00000000
vt 0.00000000 1.00000000
vt 0.00000000 1.00000000
vt 0.00000000 1.00000000
vt 0.00000000 1.00000000
vt 0.00000000 1.00000000
vt 0.00000000 1.00000000
vt 0.00000000 1.00000000
vt 0.00000000 1.00000000
vt 0.00000000 1.00000000
vt 0.00000000 1.00000000
vt 0.00000000 1.00000000
vt 0.00000000 1.00000000
vt 0.00000000 1.00000000
vt 0.00000000 1.00000000
vt 0.00000000 1.00000000
vt 0.00000000 1.00000000
vt 0.00000000 1.00000000
vt 0.00000000 1.00000000
vt 0.00000000 1.00000000
vt 0.00000000 1.00000000
vt 0.00000000 1.00000000
vt 0.00000000 1.00000000
vt 0.00000000 1.00000000
vt 0.00000000 1.00000000
vt 0.00000000 1.00000000
vt 0.00000000 1.00000000
vt 0.00000000 1.00000000
vt 0.00000000 1.00000000
vt 0.00000000 1.00000000
vt 0.00000000 1.00000000
vt 0.00000000 1.00000000
vt 0.00000000 1.00000000
vt 0.00000000 1.00000000
vt 0.00000000 1.00000000
vt 0.00000000 1.00000000
vt 0.00000000 1.00000000
vt 0.00000000 1.00000000
vt 0.00000000 1.00000000
vt 0.00000000 1.00000000
vt 0.00000000 1.00000000
vt 0.00000000 1.00000000
vt 0.00000000 1.00000000
vt 0.00000000 1.00000000
vt 0.00000000 1.00000000
vt 0.00000000 1.00000000
vt 0.00000000 1.00000000
vt 0.00000000 1.00000000
vt 0.00000000 1.00000000
vt 0.00000000 1.00000000
vt 0.00000000 1.00000000
vt 0.00000000 1.00000000
vt 0.00000000 1.00000000
vt 0.00000000 1.00000000
vt 0.00000000 1.00000000
vt 0.00000000 1.00000000
vt 0.00000000 1.00000000
vt 0.00000000 1.00000000
vt 0.00000000 1.00000000
vt 0.00000000 1.00000000
vt 0.00000000 1.00000000
vt 0.00000000 1.00000000
vt 0.00000000 1.00000000
vt 0.00000000 1.00000000
vt 0.00000000 1.00000000
vt 0.00000000 1.00000000
vt 0.00000000 1.00000000
vt 0.00000000 1.00000000
vt 0.00000000 1.00000000
vt 0.00000000 1.00000000
vt 0.00000000 1.00000000
vt 0.00000000 1.00000000
vt 0.00000000 1.00000000
vt 0.00000000 1.00000000
vt 0.00000000 1.00000000
vt 0.00000000 1.00000000
vt 0.00000000 1.00000000
vt 0.00000000 1.00000000
vt 0.00000000 1.00000000
vt 0.00000000 1.00000000
vt 0.00000000 1.00000000
vt 0.00000000 1.00000000
vt 0.00000000 1.00000000
vt 0.00000000 1.00000000
vt 0.00000000 1.00000000
vt 0.00000000 1.00000000
vt 0.00000000 1.00000000
vt 0.00000000 1.00000000
vt 0.00000000 1.00000000
vt 0.00000000 1.00000000
vt 0.00000000 1.00000000
vt 0.00000000 1.00000000
vt 0.00000000 1.00000000
vt 0.00000000 1.00000000
vt 0.00000000 1.00000000
vt 0.00000000 1.00000000
vt 0.00000000 1.00000000
vt 0.00000000 1.00000000
vt 0.00000000 1.00000000
vt 0.00000000 1.00000000
vt 0.00000000 1.00000000
vt 0.00000000 1.00000000
vt 0.00000000 1.00000000
vt 0.00000000 1.00000000
vt 0.00000000 1.00000000
vt 0.00000000 1.00000000
vt 0.00000000 1.00000000
vt 0.00000000 1.00000000
vt 0.00000000 1.00000000
vt 0.00000000 1.00000000
vt 0.00000000 1.00000000
vt 0.00000000 1.00000000
vt 0.00000000 1.00000000
vt 0.00000000 1.00000000
vt 0.00000000 1.00000000
vt 0.00000000 1.00000000
vt 0.00000000 1.00000000
vt 0.00000000 1.00000000
vt 0.00000000 1.00000000
vt 0.00000000 1.00000000
vt 0.00000000 1.00000000
vt 0.00000000 1.00000000
vt 0.00000000 1.00000000
vt 0.00000000 1.00000000
vt 0.00000000 1.00000000
vt 0.00000000 1.00000000
vt 0.00000000 1.00000000
vt 0.00000000 1.00000000
vt 0.00000000 1.00000000
vt 0.00000000 1.00000000
vt 0.00000000 1.00000000
vt 0.00000000 1.00000000
vt 0.00000000 1.00000000
vt 0.00000000 1.00000000
vt 0.00000000 1.00000000
vt 0.00000000 1.00000000
vt 0.00000000 1.00000000
vt 0.00000000 1.00000000
vt 0.00000000 1.00000000
vt 0.00000000 1.00000000
vt 0.00000000 1.00000000
vt 0.00000000 1.00000000
vt 0.00000000 1.00000000
vt 0.00000000 1.00000000
vt 0.00000000 1.00000000
vt 0.00000000 1.00000000
vt 0.00000000 1.00000000
vt 0.00000000 1.00000000
vt 0.00000000 1.00000000
vt 0.00000000 1.00000000
vt 0.00000000 1.00000000
vt 0.00000000 1.00000000
vt 0.00000000 1.00000000
vt 0.00000000 1.00000000
vt 0.00000000 1.00000000
vt 0.00000000 1.00000000
vt 0.00000000 1.00000000
vt 0.00000000 1.00000000
vt 0.00000000 1.00000000
vt 0.00000000 1.00000000
vt 0.00000000 1.00000000
vt 0.00000000 1.00000000
vt 0.00000000 1.00000000
vt 0.00000000 1.00000000
vt 0.00000000 1.00000000
vt 0.00000000 1.00000000
vt 0.00000000 1.00000000
vt 0.00000000 1.00000000
vt 0.00000000 1.00000000
vt 0.00000000 1.00000000
vt 0.00000000 1.00000000
vt 0.00000000 1.00000000
vt 0.00000000 1.00000000
vt 0.00000000 1.00000000
vt 0.00000000 1.00000000
vt 0.00000000 1.00000000
vt 0.00000000 1.00000000
vt 0.00000000 1.00000000
vt 0.00000000 1.00000000
vt 0.00000000 1.00000000
vt 0.00000000 1.00000000
vt 0.00000000 1.00000000
vt 0.00000000 1.00000000
vt 0.00000000 1.00000000
vt 0.00000000 1.00000000
vt 0.00000000 1.00000000
vt 0.00000000 1.00000000
vt 0.00000000 1.00000000
vt 0.00000000 1.00000000
vt 0.00000000 1.00000000
vt 0.00000000 1.00000000
vt 0.00000000 1.00000000
vt 0.00000000 1.00000000
vt 0.00000000 1.00000000
vt 0.00000000 1.00000000
vt 0.00000000 1.00000000
vt 0.00000000 1.00000000
vt 0.00000000 1.00000000
vt 0.00000000 1.00000000
vt 0.00000000 1.00000000
vt 0.00000000 1.00000000
vt 0.00000000 1.00000000
vt 0.00000000 1.00000000
vt 0.00000000 1.00000000
vt 0.00000000 1.00000000
vt 0.00000000 1.00000000
vt 0.00000000 1.00000000
vt 0.00000000 1.00000000
vt 0.00000000 1.00000000
vt 0.00000000 1.00000000
vt 0.00000000 1.00000000
vt 0.00000000 1.00000000
vt 0.00000000 1.00000000
vt 0.00000000 1.00000000
vt 0.00000000 1.00000000
vt 0.00000000 1.00000000
vt 0.00000000 1.00000000
vt 0.00000000 1.00000000
vt 0.00000000 1.00000000
vt 0.00000000 1.00000000
vt 0.00000000 1.00000000
vt 0.00000000 1.00000000
vt 0.00000000 1.00000000
vt 0.00000000 1.00000000
vt 0.00000000 1.00000000
vt 0.00000000 1.00000000
vt 0.00000000 1.00000000
vt 0.00000000 1.00000000
vt 0.00000000 1.00000000
vt 0.00000000 1.00000000
vt 0.00000000 1.00000000
vt 0.00000000 1.00000000
vt 0.00000000 1.00000000
vt 0.00000000 1.00000000
vt 0.00000000 1.00000000
vt 0.00000000 1.00000000
vt 0.00000000 1.00000000
vt 0.00000000 1.00000000
vt 0.00000000 1.00000000
vt 0.00000000 1.00000000
vt 0.00000000 1.00000000
vt 0.00000000 1.00000000
vt 0.00000000 1.00000000
vt 0.00000000 1.00000000
vt 0.00000000 1.00000000
vt 0.00000000 1.00000000
vt 0.00000000 1.00000000
vt 0.00000000 1.00000000
vt 0.00000000 1.00000000
vt 0.00000000 1.00000000
vt 0.00000000 1.00000000
vt 0.00000000 1.00000000
vt 0.00000000 1.00000000
vt 0.00000000 1.00000000
vt 0.00000000 1.00000000
vt 0.00000000 1.00000000
vt 0.00000000 1.00000000
vt 0.00000000 1.00000000
vt 0.00000000 1.00000000
vt 0.00000000 1.00000000
vt 0.00000000 1.00000000
vt 0.00000000 1.00000000
vt 0.00000000 1.00000000
vt 0.00000000 1.00000000
vt 0.00000000 1.00000000
vt 0.00000000 1.00000000
vt 0.00000000 1.00000000
vt 0.00000000 1.00000000
vt 0.00000000 1.00000000
vt 0.00000000 1.00000000
vt 0.00000000 1.00000000
vt 0.00000000 1.00000000
vt 0.00000000 1.00000000
vt 0.00000000 1.00000000
vt 0.00000000 1.00000000
vt 0.00000000 1.00000000
vt 0.00000000 1.00000000
vt 0.00000000 1.00000000
vt 0.00000000 1.00000000
vt 0.00000000 1.00000000
vt 0.00000000 1.00000000
vt 0.00000000 1.00000000
vt 0.00000000 1.00000000
vt 0.00000000 1.00000000
vt 0.00000000 1.00000000
vt 0.00000000 1.00000000
vt 0.00000000 1.00000000
vt 0.00000000 1.00000000
vt 0.00000000 1.00000000
vt 0.00000000 1.00000000
vt 0.00000000 1.00000000
vt 0.00000000 1.00000000
vt 0.00000000 1.00000000
vt 0.00000000 1.00000000
vt 0.00000000 1.00000000
vt 0.00000000 1.00000000
vt 0.00000000 1.00000000
vt 0.00000000 1.00000000
vt 0.00000000 1.00000000
vt 0.00000000 1.00000000
vt 0.00000000 1.00000000
vt 0.00000000 1.00000000
vt 0.00000000 1.00000000
vt 0.00000000 1.00000000
vt 0.00000000 1.00000000
vt 0.00000000 1.00000000
vt 0.00000000 1.00000000
vt 0.00000000 1.00000000
vt 0.00000000 1.00000000
vt 0.00000000 1.00000000
vt 0.00000000 1.00000000
vt 0.00000000 1.00000000
vt 0.00000000 1.00000000
vt 0.00000000 1.00000000
vt 0.00000000 1.00000000
vt 0.00000000 1.00000000
vt 0.00000000 1.00000000
vt 0.00000000 1.00000000
vt 0.00000000 1.00000000
vt 0.00000000 1.00000000
vt 0.00000000 1.00000000
vt 0.00000000 1.00000000
vt 0.00000000 1.00000000
vt 0.00000000 1.00000000
vt 0.00000000 1.00000000
vt 0.00000000 1.00000000
vt 0.00000000 1.00000000
vt 0.00000000 1.00000000
vt 0.00000000 1.00000000
vt 0.00000000 1.00000000
vt 0.00000000 1.00000000
vt 0.00000000 1.00000000
vt 0.00000000 1.00000000
vt 0.00000000 1.00000000
vt 0.00000000 1.00000000
vt 0.00000000 1.00000000
vt 0.00000000 1.00000000
vt 0.00000000 1.00000000
vt 0.00000000 1.00000000
vt 0.00000000 1.00000000
vt 0.00000000 1.00000000
vt 0.00000000 1.00000000
vt 0.00000000 1.00000000
vt 0.00000000 1.00000000
vt 0.00000000 1.00000000
vt 0.00000000 1.00000000
vt 0.00000000 1.00000000
vt 0.00000000 1.00000000
vt 0.00000000 1.00000000
vt 0.00000000 1.00000000
vt 0.00000000 1.00000000
vt 0.00000000 1.00000000
vt 0.00000000 1.00000000
vt 0.00000000 1.00000000
vt 0.00000000 1.00000000
vt 0.00000000 1.00000000
vt 0.00000000 1.00000000
vt 0.00000000 1.00000000
vt 0.00000000 1.00000000
vt 0.00000000 1.00000000
vt 0.00000000 1.00000000
vt 0.00000000 1.00000000
vt 0.00000000 1.00000000
vt 0.00000000 1.00000000
vt 0.00000000 1.00000000
vt 0.00000000 1.00000000
vt 0.00000000 1.00000000
vt 0.00000000 1.00000000
vt 0.00000000 1.00000000
vt 0.00000000 1.00000000
vt 0.00000000 1.00000000
vt 0.00000000 1.00000000
vt 0.00000000 1.00000000
vt 0.00000000 1.00000000
vt 0.00000000 1.00000000
vt 0.00000000 1.00000000
vt 0.00000000 1.00000000
vt 0.00000000 1.00000000
vt 0.00000000 1.00000000
vt 0.00000000 1.00000000
vt 0.00000000 1.00000000
vt 0.00000000 1.00000000
vt 0.00000000 1.00000000
vt 0.00000000 1.00000000
vt 0.00000000 1.00000000
vt 0.00000000 1.00000000
vt 0.00000000 1.00000000
vt 0.00000000 1.00000000
vt 0.00000000 1.00000000
vt 0.00000000 1.00000000
vt 0.00000000 1.00000000
vt 0.00000000 1.00000000
vt 0.00000000 1.00000000
vt 0.00000000 1.00000000
vt 0.00000000 1.00000000
vt 0.00000000 1.00000000
vt 0.00000000 1.00000000
vt 0.00000000 1.00000000
vt 0.00000000 1.00000000
vt 0.00000000 1.00000000
vt 0.00000000 1.00000000
vt 0.00000000 1.00000000
vt 0.00000000 1.00000000
vt 0.00000000 1.00000000
vt 0.00000000 1.00000000
vt 0.00000000 1.00000000
vt 0.00000000 1.00000000
vt 0.00000000 1.00000000
vt 0.00000000 1.00000000
vt 0.00000000 1.00000000
vt 0.00000000 1.00000000
vt 0.00000000 1.00000000
vt 0.00000000 1.00000000
vt 0.00000000 1.00000000
vt 0.00000000 1.00000000
vt 0.00000000 1.00000000
vt 0.00000000 1.00000000
vt 0.00000000 1.00000000
vt 0.00000000 1.00000000
vt 0.00000000 1.00000000
vt 0.00000000 1.00000000
vt 0.00000000 1.00000000
vt 0.00000000 1.00000000
vt 0.00000000 1.00000000
vt 0.00000000 1.00000000
vt 0.00000000 1.00000000
vt 0.00000000 1.00000000
vt 0.00000000 1.00000000
vt 0.00000000 1.00000000
vt 0.00000000 1.00000000
vt 0.00000000 1.00000000
vt 0.00000000 1.00000000
vt 0.00000000 1.00000000
vt 0.00000000 1.00000000
vt 0.00000000 1.00000000
vt 0.00000000 1.00000000
vt 0.00000000 1.00000000
vt 0.00000000 1.00000000
vt 0.00000000 1.00000000
vt 0.00000000 1.00000000
vt 0.00000000 1.00000000
vt 0.00000000 1.00000000
vt 0.00000000 1.00000000
vt 0.00000000 1.00000000
vt 0.00000000 1.00000000
vt 0.00000000 1.00000000
vt 0.00000000 1.00000000
vt 0.00000000 1.00000000
vt 0.00000000 1.00000000
vt 0.00000000 1.00000000
vt 0.00000000 1.00000000
vt 0.00000000 1.00000000
vt 0.00000000 1.00000000
vt 0.00000000 1.00000000
vt 0.00000000 1.00000000
vt 0.00000000 1.00000000
vt 0.00000000 1.00000000
vt 0.00000000 1.00000000
vt 0.00000000 1.00000000
vt 0.00000000 1.00000000
vt 0.00000000 1.00000000
vt 0.00000000 1.00000000
vt 0.00000000 1.00000000
vt 0.00000000 1.00000000
vt 0.00000000 1.00000000
vt 0.00000000 1.00000000
vt 0.00000000 1.00000000
vt 0.00000000 1.00000000
vt 0.00000000 1.00000000
vt 0.00000000 1.00000000
vt 0.00000000 1.00000000
vt 0.00000000 1.00000000
vt 0.00000000 1.00000000
vt 0.00000000 1.00000000
vt 0.00000000 1.00000000
vt 0.00000000 1.00000000
vt 0.00000000 1.00000000
vt 0.00000000 1.00000000
vt 0.00000000 1.00000000
vt 0.00000000 1.00000000
vt 0.00000000 1.00000000
vt 0.00000000 1.00000000
vt 0.00000000 1.00000000
vt 0.00000000 1.00000000
vt 0.00000000 1.00000000
vt 0.00000000 1.00000000
vt 0.00000000 1.00000000
vt 0.00000000 1.00000000
vt 0.00000000 1.00000000
vt 0.00000000 1.00000000
vt 0.00000000 1.00000000
vt 0.00000000 1.00000000
vt 0.00000000 1.00000000
vt 0.00000000 1.00000000
vt 0.00000000 1.00000000
vt 0.00000000 1.00000000
vt 0.00000000 1.00000000
vt 0.00000000 1.00000000
vt 0.00000000 1.00000000
vt 0.00000000 1.00000000
vt 0.00000000 1.00000000
vt 0.00000000 1.00000000
vt 0.00000000 1.00000000
vt 0.00000000 1.00000000
vt 0.00000000 1.00000000
vt 0.00000000 1.00000000
vt 0.00000000 1.00000000
vt 0.00000000 1.00000000
vt 0.00000000 1.00000000
vt 0.00000000 1.00000000
vt 0.00000000 1.00000000
vt 0.00000000 1.00000000
vt 0.00000000 1.00000000
vt 0.00000000 1.00000000
vt 0.00000000 1.00000000
vt 0.00000000 1.00000000
vt 0.00000000 1.00000000
vt 0.00000000 1.00000000
vt 0.00000000 1.00000000
vt 0.00000000 1.00000000
vt 0.00000000 1.00000000
vt 0.00000000 1.00000000
vt 0.00000000 1.00000000
vt 0.00000000 1.00000000
vt 0.00000000 1.00000000
vt 0.00000000 1.00000000
vt 0.00000000 1.00000000
vt 0.00000000 1.00000000
vt 0.00000000 1.00000000
vt 0.00000000 1.00000000
vt 0.00000000 1.00000000
vt 0.00000000 1.00000000
vt 0.00000000 1.00000000
vt 0.00000000 1.00000000
vt 0.00000000 1.00000000
vt 0.00000000 1.00000000
vt 0.00000000 1.00000000
vt 0.00000000 1.00000000
vt 0.00000000 1.00000000
vt 0.00000000 1.00000000
vt 0.00000000 1.00000000
vt 0.00000000 1.00000000
vt 0.00000000 1.00000000
vt 0.00000000 1.00000000
vt 0.00000000 1.00000000
vt 0.00000000 1.00000000
vt 0.00000000 1.00000000
vt 0.00000000 1.00000000
vt 0.00000000 1.00000000
vt 0.00000000 1.00000000
vt 0.00000000 1.00000000
vt 0.00000000 1.00000000
vt 0.00000000 1.00000000
vt 0.00000000 1.00000000
vt 0.00000000 1.00000000
vt 0.00000000 1.00000000
vt 0.00000000 1.00000000
vt 0.00000000 1.00000000
vt 0.00000000 1.00000000
vt 0.00000000 1.00000000
vt 0.00000000 1.00000000
vt 0.00000000 1.00000000
vt 0.00000000 1.00000000
vt 0.00000000 1.00000000
vt 0.00000000 1.00000000
vt 0.00000000 1.00000000
vt 0.00000000 1.00000000
vt 0.00000000 1.00000000
vt 0.00000000 1.00000000
vt 0.00000000 1.00000000
vt 0.00000000 1.00000000
vt 0.00000000 1.00000000
vt 0.00000000 1.00000000
vt 0.00000000 1.00000000
vt 0.00000000 1.00000000
vt 0.00000000 1.00000000
vt 0.00000000 1.00000000
vt 0.00000000 1.00000000
vt 0.00000000 1.00000000
vt 0.00000000 1.00000000
vt 0.00000000 1.00000000
vt 0.00000000 1.00000000
vt 0.00000000 1.00000000
vt 0.00000000 1.00000000
vt 0.00000000 1.00000000
vt 0.00000000 1.00000000
vt 0.00000000 1.00000000
vt 0.00000000 1.00000000
vt 0.00000000 1.00000000
vt 0.00000000 1.00000000
vt 0.00000000 1.00000000
vt 0.00000000 1.00000000
vt 0.00000000 1.00000000
vt 0.00000000 1.00000000
vt 0.00000000 1.00000000
vt 0.00000000 1.00000000
vt 0.00000000 1.00000000
vt 0.00000000 1.00000000
vt 0.00000000 1.00000000
vt 0.00000000 1.00000000
vt 0.00000000 1.00000000
vt 0.00000000 1.00000000
vt 0.00000000 1.00000000
vt 0.00000000 1.00000000
vt 0.00000000 1.00000000
vt 0.00000000 1.00000000
vt 0.00000000 1.00000000
vt 0.00000000 1.00000000
vt 0.00000000 1.00000000
vt 0.00000000 1.00000000
vt 0.00000000 1.00000000
vt 0.00000000 1.00000000
vt 0.00000000 1.00000000
vt 0.00000000 1.00000000
vt 0.00000000 1.00000000
vt 0.00000000 1.00000000
vt 0.00000000 1.00000000
vt 0.00000000 1.00000000
vt 0.00000000 1.00000000
vt 0.00000000 1.00000000
vt 0.00000000 1.00000000
vt 0.00000000 1.00000000
vt 0.00000000 1.00000000
vt 0.00000000 1.00000000
vt 0.00000000 1.00000000
vt 0.00000000 1.00000000
vt 0.00000000 1.00000000
vt 0.00000000 1.00000000
vt 0.00000000 1.00000000
vt 0.00000000 1.00000000
vt 0.00000000 1.00000000
vt 0.00000000 1.00000000
vt 0.00000000 1.00000000
vt 0.00000000 1.00000000
vt 0.00000000 1.00000000
vt 0.00000000 1.00000000
vt 0.00000000 1.00000000
vt 0.00000000 1.00000000
vt 0.00000000 1.00000000
vt 0.00000000 1.00000000
vt 0.00000000 1.00000000
vt 0.00000000 1.00000000
vt 0.00000000 1.00000000
vt 0.00000000 1.00000000
vt 0.00000000 1.00000000
vt 0.00000000 1.00000000
vt 0.00000000 1.00000000
vt 0.00000000 1.00000000
vt 0.00000000 1.00000000
vt 0.00000000 1.00000000
vt 0.00000000 1.00000000
vt 0.00000000 1.00000000
vt 0.00000000 1.00000000
vt 0.00000000 1.00000000
vt 0.00000000 1.00000000
vt 0.00000000 1.00000000
vt 0.00000000 1.00000000
vt 0.00000000 1.00000000
vt 0.00000000 1.00000000
vt 0.00000000 1.00000000
vt 0.00000000 1.00000000
vt 0.00000000 1.00000000
vt 0.00000000 1.00000000
vt 0.00000000 1.00000000
vt 0.00000000 1.00000000
vt 0.00000000 1.00000000
vt 0.00000000 1.00000000
vt 0.00000000 1.00000000
vt 0.00000000 1.00000000
vt 0.00000000 1.00000000
vt 0.00000000 1.00000000
vt 0.00000000 1.00000000
vt 0.00000000 1.00000000
vt 0.00000000 1.00000000
vt 0.00000000 1.00000000
vt 0.00000000 1.00000000
vt 0.00000000 1.00000000
vt 0.00000000 1.00000000
vt 0.00000000 1.00000000
vt 0.00000000 1.00000000
vt 0.00000000 1.00000000
vt 0.00000000 1.00000000
vt 0.00000000 1.00000000
vt 0.00000000 1.00000000
vt 0.00000000 1.00000000
vt 0.00000000 1.00000000
vt 0.00000000 1.00000000
vt 0.00000000 1.00000000
vt 0.00000000 1.00000000
vt 0.00000000 1.00000000
vt 0.00000000 1.00000000
vt 0.00000000 1.00000000
vt 0.00000000 1.00000000
vt 0.00000000 1.00000000
vt 0.00000000 1.00000000
vt 0.00000000 1.00000000
vt 0.00000000 1.00000000
vt 0.00000000 1.00000000
vt 0.00000000 1.00000000
vt 0.00000000 1.00000000
vt 0.00000000 1.00000000
vt 0.00000000 1.00000000
vt 0.00000000 1.00000000
vt 0.00000000 1.00000000
vt 0.00000000 1.00000000
vt 0.00000000 1.00000000
vt 0.00000000 1.00000000
vt 0.00000000 1.00000000
vt 0.00000000 1.00000000
vt 0.00000000 1.00000000
vt 0.00000000 1.00000000
vt 0.00000000 1.00000000
vt 0.00000000 1.00000000
vt 0.00000000 1.00000000
vt 0.00000000 1.00000000
vt 0.00000000 1.00000000
vt 0.00000000 1.00000000
vt 0.00000000 1.00000000
vt 0.00000000 1.00000000
vt 0.00000000 1.00000000
vt 0.00000000 1.00000000
vt 0.00000000 1.00000000
vt 0.00000000 1.00000000
vt 0.00000000 1.00000000
vt 0.00000000 1.00000000
vt 0.00000000 1.00000000
vt 0.00000000 1.00000000
vt 0.00000000 1.00000000
vt 0.00000000 1.00000000
vt 0.00000000 1.00000000
vt 0.00000000 1.00000000
vt 0.00000000 1.00000000
vt 0.00000000 1.00000000
vt 0.00000000 1.00000000
vt 0.00000000 1.00000000
vt 0.00000000 1.00000000
vt 0.00000000 1.00000000
vt 0.00000000 1.00000000
vt 0.00000000 1.00000000
vt 0.00000000 1.00000000
vt 0.00000000 1.00000000
vt 0.00000000 1.00000000
vt 0.00000000 1.00000000
vt 0.00000000 1.00000000
vt 0.00000000 1.00000000
vt 0.00000000 1.00000000
vt 0.00000000 1.00000000
vt 0.00000000 1.00000000
vt 0.00000000 1.00000000
vt 0.00000000 1.00000000
vt 0.00000000 1.00000000
vt 0.00000000 1.00000000
vt 0.00000000 1.00000000
vt 0.00000000 1.00000000
vt 0.00000000 1.00000000
vt 0.00000000 1.00000000
vt 0.00000000 1.00000000
vt 0.00000000 1.00000000
vt 0.00000000 1.00000000
vt 0.00000000 1.00000000
vt 0.00000000 1.00000000
vt 0.00000000 1.00000000
vt 0.00000000 1.00000000
vt 0.00000000 1.00000000
vt 0.00000000 1.00000000
vt 0.00000000 1.00000000
vt 0.00000000 1.00000000
vt 0.00000000 1.00000000
vt 0.00000000 1.00000000
vt 0.00000000 1.00000000
vt 0.00000000 1.00000000
vt 0.00000000 1.00000000
vt 0.00000000 1.00000000
vt 0.00000000 1.00000000
vt 0.00000000 1.00000000
vt 0.00000000 1.00000000
vt 0.00000000 1.00000000
vt 0.00000000 1.00000000
vt 0.00000000 1.00000000
vt 0.00000000 1.00000000
vt 0.00000000 1.00000000
vt 0.00000000 1.00000000
vt 0.00000000 1.00000000
vt 0.00000000 1.00000000
vt 0.00000000 1.00000000
vt 0.00000000 1.00000000
vt 0.00000000 1.00000000
vt 0.00000000 1.00000000
vt 0.00000000 1.00000000
vt 0.00000000 1.00000000
vt 0.00000000 1.00000000
vt 0.00000000 1.00000000
vt 0.00000000 1.00000000
vt 0.00000000 1.00000000
vt 0.00000000 1.00000000
vt 0.00000000 1.00000000
vt 0.00000000 1.00000000
vt 0.00000000 1.00000000
vt 0.00000000 1.00000000
vt 0.00000000 1.00000000
vt 0.00000000 1.00000000
vt 0.00000000 1.00000000
vt 0.00000000 1.00000000
vt 0.00000000 1.00000000
vt 0.00000000 1.00000000
vt 0.00000000 1.00000000
vt 0.00000000 1.00000000
vt 0.00000000 1.00000000
vt 0.00000000 1.00000000
vt 0.00000000 1.00000000
vt 0.00000000 1.00000000
vt 0.00000000 1.00000000
vt 0.00000000 1.00000000
vt 0.00000000 1.00000000
vt 0.00000000 1.00000000
vt 0.00000000 1.00000000
vt 0.00000000 1.00000000
vt 0.00000000 1.00000000
vt 0.00000000 1.00000000
vt 0.00000000 1.00000000
vt 0.00000000 1.00000000
vt 0.00000000 1.00000000
vt 0.00000000 1.00000000
vt 0.00000000 1.00000000
vt 0.00000000 1.00000000
vt 0.00000000 1.00000000
vt 0.00000000 1.00000000
vt 0.00000000 1.00000000
vt 0.00000000 1.00000000
vt 0.00000000 1.00000000
vt 0.00000000 1.00000000
vt 0.00000000 1.00000000
vt 0.00000000 1.00000000
vt 0.00000000 1.00000000
vt 0.00000000 1.00000000
vt 0.00000000 1.00000000
vt 0.00000000 1.00000000
vt 0.00000000 1.00000000
vt 0.00000000 1.00000000
vt 0.00000000 1.00000000
vt 0.00000000 1.00000000
vt 0.00000000 1.00000000
vt 0.00000000 1.00000000
vt 0.00000000 1.00000000
vt 0.00000000 1.00000000
vt 0.00000000 1.00000000
vt 0.00000000 1.00000000
vt 0.00000000 1.00000000
vt 0.00000000 1.00000000
vt 0.00000000 1.00000000
vt 0.00000000 1.00000000
vt 0.00000000 1.00000000
vt 0.00000000 1.00000000
vt 0.00000000 1.00000000
vt 0.00000000 1.00000000
vt 0.00000000 1.00000000
vt 0.00000000 1.00000000
vt 0.00000000 1.00000000
vt 0.00000000 1.00000000
vt 0.00000000 1.00000000
vt 0.00000000 1.00000000
vt 0.00000000 1.00000000
vt 0.00000000 1.00000000
vt 0.00000000 1.00000000
vt 0.00000000 1.00000000
vt 0.00000000 1.00000000
vt 0.00000000 1.00000000
vt 0.00000000 1.00000000
vt 0.00000000 1.00000000
vt 0.00000000 1.00000000
vt 0.00000000 1.00000000
vt 0.00000000 1.00000000
vt 0.00000000 1.00000000
vt 0.00000000 1.00000000
vt 0.00000000 1.00000000
vt 0.00000000 1.00000000
vt 0.00000000 1.00000000
vt 0.00000000 1.00000000
vt 0.00000000 1.00000000
vt 0.00000000 1.00000000
vt 0.00000000 1.00000000
vt 0.00000000 1.00000000
vt 0.00000000 1.00000000
vt 0.00000000 1.00000000
vt 0.00000000 1.00000000
vt 0.00000000 1.00000000
vt 0.00000000 1.00000000
vt 0.00000000 1.00000000
vt 0.00000000 1.00000000
vt 0.00000000 1.00000000
vt 0.00000000 1.00000000
vt 0.00000000 1.00000000
vt 0.00000000 1.00000000
vt 0.00000000 1.00000000
vt 0.00000000 1.00000000
vt 0.00000000 1.00000000
vt 0.00000000 1.00000000
vt 0.00000000 1.00000000
vt 0.00000000 1.00000000
vt 0.00000000 1.00000000
vt 0.00000000 1.00000000
vt 0.00000000 1.00000000
vt 0.00000000 1.00000000
vt 0.00000000 1.00000000
vt 0.00000000 1.00000000
vt 0.00000000 1.00000000
vt 0.00000000 1.00000000
vt 0.00000000 1.00000000
vt 0.00000000 1.00000000
vt 0.00000000 1.00000000
vt 0.00000000 1.00000000
vt 0.00000000 1.00000000
vt 0.00000000 1.00000000
vt 0.00000000 1.00000000
vt 0.00000000 1.00000000
vt 0.00000000 1.00000000
vt 0.00000000 1.00000000
vt 0.00000000 1.00000000
vt 0.00000000 1.00000000
vt 0.00000000 1.00000000
vt 0.00000000 1.00000000
vt 0.00000000 1.00000000
vt 0.00000000 1.00000000
vt 0.00000000 1.00000000
vt 0.00000000 1.00000000
vt 0.00000000 1.00000000
vt 0.00000000 1.00000000
vt 0.00000000 1.00000000
vt 0.00000000 1.00000000
vt 0.00000000 1.00000000
vt 0.00000000 1.00000000
vt 0.00000000 1.00000000
vt 0.00000000 1.00000000
vt 0.00000000 1.00000000
vt 0.00000000 1.00000000
vt 0.00000000 1.00000000
vt 0.00000000 1.00000000
vt 0.00000000 1.00000000
vt 0.00000000 1.00000000
vt 0.00000000 1.00000000
vt 0.00000000 1.00000000
vt 0.00000000 1.00000000
vt 0.00000000 1.00000000
vt 0.00000000 1.00000000
vt 0.00000000 1.00000000
vt 0.00000000 1.00000000
vt 0.00000000 1.00000000
vt 0.00000000 1.00000000
vt 0.00000000 1.00000000
vt 0.00000000 1.00000000
vt 0.00000000 1.00000000
vt 0.00000000 1.00000000
vt 0.00000000 1.00000000
vt 0.00000000 1.00000000
vt 0.00000000 1.00000000
vt 0.00000000 1.00000000
vt 0.00000000 1.00000000
vt 0.00000000 1.00000000
vt 0.00000000 1.00000000
vt 0.00000000 1.00000000
vt 0.00000000 1.00000000
vt 0.00000000 1.00000000
vt 0.00000000 1.00000000
vt 0.00000000 1.00000000
vt 0.00000000 1.00000000
vt 0.00000000 1.00000000
vt 0.00000000 1.00000000
vt 0.00000000 1.00000000
vt 0.00000000 1.00000000
vt 0.00000000 1.00000000
vt 0.00000000 1.00000000
vt 0.00000000 1.00000000
vt 0.00000000 1.00000000
vt 0.00000000 1.00000000
vt 0.00000000 1.00000000
vt 0.00000000 1.00000000
vt 0.00000000 1.00000000
vt 0.00000000 1.00000000
vt 0.00000000 1.00000000
vt 0.00000000 1.00000000
vt 0.00000000 1.00000000
vt 0.00000000 1.00000000
vt 0.00000000 1.00000000
vt 0.00000000 1.00000000
vt 0.00000000 1.00000000
vt 0.00000000 1.00000000
vt 0.00000000 1.00000000
vt 0.00000000 1.00000000
vt 0.00000000 1.00000000
vt 0.00000000 1.00000000
vt 0.00000000 1.00000000
vt 0.00000000 1.00000000
vt 0.00000000 1.00000000
vt 0.00000000 1.00000000
vt 0.00000000 1.00000000
vt 0.00000000 1.00000000
vt 0.00000000 1.00000000
vt 0.00000000 1.00000000
vt 0.00000000 1.00000000
vt 0.00000000 1.00000000
vt 0.00000000 1.00000000
vt 0.00000000 1.00000000
vt 0.00000000 1.00000000
vt 0.00000000 1.00000000
vt 0.00000000 1.00000000
vt 0.00000000 1.00000000
vt 0.00000000 1.00000000
vt 0.00000000 1.00000000
vt 0.00000000 1.00000000
vt 0.00000000 1.00000000
vt 0.00000000 1.00000000
vt 0.00000000 1.00000000
vt 0.00000000 1.00000000
vt 0.00000000 1.00000000
vt 0.00000000 1.00000000
vt 0.00000000 1.00000000
vt 0.00000000 1.00000000
vt 0.00000000 1.00000000
vt 0.00000000 1.00000000
vt 0.00000000 1.00000000
vt 0.00000000 1.00000000
vt 0.00000000 1.00000000
vt 0.00000000 1.00000000
vt 0.00000000 1.00000000
vt 0.00000000 1.00000000
vt 0.00000000 1.00000000
vt 0.00000000 1.00000000
vt 0.00000000 1.00000000
vt 0.00000000 1.00000000
vt 0.00000000 1.00000000
vt 0.00000000 1.00000000
vt 0.00000000 1.00000000
vt 0.00000000 1.00000000
vt 0.00000000 1.00000000
vt 0.00000000 1.00000000
vt 0.00000000 1.00000000
vt 0.00000000 1.00000000
vt 0.00000000 1.00000000
vt 0.00000000 1.00000000
vt 0.00000000 1.00000000
vt 0.00000000 1.00000000
vt 0.00000000 1.00000000
vt 0.00000000 1.00000000
vt 0.00000000 1.00000000
vt 0.00000000 1.00000000
vt 0.00000000 1.00000000
vt 0.00000000 1.00000000
vt 0.00000000 1.00000000
vt 0.00000000 1.00000000
vt 0.00000000 1.00000000
vt 0.00000000 1.00000000
vt 0.00000000 1.00000000
vt 0.00000000 1.00000000
vt 0.00000000 1.00000000
vt 0.00000000 1.00000000
vt 0.00000000 1.00000000
vt 0.00000000 1.00000000
vt 0.00000000 1.00000000
vt 0.00000000 1.00000000
vt 0.00000000 1.00000000
vt 0.00000000 1.00000000
vt 0.00000000 1.00000000
vt 0.00000000 1.00000000
vt 0.00000000 1.00000000
vt 0.00000000 1.00000000
vt 0.00000000 1.00000000
vt 0.00000000 1.00000000
vt 0.00000000 1.00000000
vt 0.00000000 1.00000000
vt 0.00000000 1.00000000
vt 0.00000000 1.00000000
vt 0.00000000 1.00000000
vt 0.00000000 1.00000000
vt 0.00000000 1.00000000
vt 0.00000000 1.00000000
vt 0.00000000 1.00000000
vt 0.00000000 1.00000000
vt 0.00000000 1.00000000
vt 0.00000000 1.00000000
vt 0.00000000 1.00000000
vt 0.00000000 1.00000000
vt 0.00000000 1.00000000
vt 0.00000000 1.00000000
vt 0.00000000 1.00000000
vt 0.00000000 1.00000000
vt 0.00000000 1.00000000
vt 0.00000000 1.00000000
vt 0.00000000 1.00000000
vt 0.00000000 1.00000000
vt 0.00000000 1.00000000
vt 0.00000000 1.00000000
vt 0.00000000 1.00000000
vt 0.00000000 1.00000000
vt 0.00000000 1.00000000
vt 0.00000000 1.00000000
vt 0.00000000 1.00000000
vt 0.00000000 1.00000000
vt 0.00000000 1.00000000
vt 0.00000000 1.00000000
vt 0.00000000 1.00000000
vt 0.00000000 1.00000000
vt 0.00000000 1.00000000
vt 0.00000000 1.00000000
vt 0.00000000 1.00000000
vt 0.00000000 1.00000000
vt 0.00000000 1.00000000
vt 0.00000000 1.00000000
vt 0.00000000 1.00000000
vt 0.00000000 1.00000000
vt 0.00000000 1.00000000
vt 0.00000000 1.00000000
vt 0.00000000 1.00000000
vt 0.00000000 1.00000000
vt 0.00000000 1.00000000
vt 0.00000000 1.00000000
vt 0.00000000 1.00000000
vt 0.00000000 1.00000000
vt 0.00000000 1.00000000
vt 0.00000000 1.00000000
vt 0.00000000 1.00000000
vt 0.00000000 1.00000000
vt 0.00000000 1.00000000
vt 0.00000000 1.00000000
vt 0.00000000 1.00000000
vt 0.00000000 1.00000000
vt 0.00000000 1.00000000
vt 0.00000000 1.00000000
vt 0.00000000 1.00000000
vt 0.00000000 1.00000000
vt 0.00000000 1.00000000
vt 0.00000000 1.00000000
vt 0.00000000 1.00000000
vt 0.00000000 1.00000000
vt 0.00000000 1.00000000
vt 0.00000000 1.00000000
vt 0.00000000 1.00000000
vt 0.00000000 1.00000000
vt 0.00000000 1.00000000
vt 0.00000000 1.00000000
vt 0.00000000 1.00000000
vt 0.00000000 1.00000000
vt 0.00000000 1.00000000
vt 0.00000000 1.00000000
vt 0.00000000 1.00000000
vt 0.00000000 1.00000000
vt 0.00000000 1.00000000
vt 0.00000000 1.00000000
vt 0.00000000 1.00000000
vt 0.00000000 1.00000000
vt 0.00000000 1.00000000
vt 0.00000000 1.00000000
vt 0.00000000 1.00000000
vt 0.00000000 1.00000000
vt 0.00000000 1.00000000
vt 0.00000000 1.00000000
vt 0.00000000 1.00000000
vt 0.00000000 1.00000000
vt 0.00000000 1.00000000
vt 0.00000000 1.00000000
vt 0.00000000 1.00000000
vt 0.00000000 1.00000000
vt 0.00000000 1.00000000
vt 0.00000000 1.00000000
vt 0.00000000 1.00000000
vt 0.00000000 1.00000000
vt 0.00000000 1.00000000
vt 0.00000000 1.00000000
vt 0.00000000 1.00000000
vt 0.00000000 1.00000000
vt 0.00000000 1.00000000
vt 0.00000000 1.00000000
vt 0.00000000 1.00000000
vt 0.00000000 1.00000000
vt 0.00000000 1.00000000
vt 0.00000000 1.00000000
vt 0.00000000 1.00000000
vt 0.00000000 1.00000000
vt 0.00000000 1.00000000
vt 0.00000000 1.00000000
vt 0.00000000 1.00000000
vt 0.00000000 1.00000000
vt 0.00000000 1.00000000
vt 0.00000000 1.00000000
vt 0.00000000 1.00000000
vt 0.00000000 1.00000000
vt 0.00000000 1.00000000
vt 0.00000000 1.00000000
vt 0.00000000 1.00000000
vt 0.00000000 1.00000000
vt 0.00000000 1.00000000
vt 0.00000000 1.00000000
vt 0.00000000 1.00000000
vt 0.00000000 1.00000000
vt 0.00000000 1.00000000
vt 0.00000000 1.00000000
vt 0.00000000 1.00000000
vt 0.00000000 1.00000000
vt 0.00000000 1.00000000
vt 0.00000000 1.00000000
vt 0.00000000 1.00000000
vt 0.00000000 1.00000000
vt 0.00000000 1.00000000
vt 0.00000000 1.00000000
vt 0.00000000 1.00000000
vt 0.00000000 1.00000000
vt 0.00000000 1.00000000
vt 0.00000000 1.00000000
vt 0.00000000 1.00000000
vt 0.00000000 1.00000000
vt 0.00000000 1.00000000
vt 0.00000000 1.00000000
vt 0.00000000 1.00000000
vt 0.00000000 1.00000000
vt 0.00000000 1.00000000
vt 0.00000000 1.00000000
f 5285/5285 5286/5286 5287/5287
f 5285/5285 5287/5287 5288/5288
f 5289/5289 5290/5290 5291/5291
f 5289/5289 5291/5291 5292/5292
f 5293/5293 5294/5294 5295/5295
f 5293/5293 5295/5295 5296/5296
f 5297/5297 5298/5298 5299/5299
f 5297/5297 5299/5299 5300/5300
f 5301/5301 5302/5302 5303/5303
f 5301/5301 5303/5303 5304/5304
f 5305/5305 5306/5306 5307/5307
f 5305/5305 5307/5307 5308/5308
f 5309/5309 5310/5310 5311/5311
f 5309/5309 5311/5311 5312/5312
f 5313/5313 5314/5314 5315/5315
f 5313/5313 5315/5315 5316/5316
f 5317/5317 5318/5318 5319/5319
f 5317/5317 5319/5319 5320/5320
f 5321/5321 5322/5322 5323/5323
f 5321/5321 5323/5323 5324/5324
f 5325/5325 5326/5326 5327/5327
f 5325/5325 5327/5327 5328/5328
f 5329/5329 5330/5330 5331/5331
f 5329/5329 5331/5331 5332/5332
f 5333/5333 5334/5334 5335/5335
f 5333/5333 5335/5335 5336/5336
f 5337/5337 5338/5338 5339/5339
f 5337/5337 5339/5339 5340/5340
f 5341/5341 5342/5342 5343/5343
f 5341/5341 5343/5343 5344/5344
f 5345/5345 5346/5346 5347/5347
f 5345/5345 5347/5347 5348/5348
f 5349/5349 5350/5350 5351/5351
f 5349/5349 5351/5351 5352/5352
f 5353/5353 5354/5354 5355/5355
f 5353/5353 5355/5355 5356/5356
f 5357/5357 5358/5358 5359/5359
f 5357/5357 5359/5359 5360/5360
f 5361/5361 5362/5362 5363/5363
f 5361/5361 5363/5363 5364/5364
f 5365/5365 5366/5366 5367/5367
f 5365/5365 5367/5367 5368/5368
f 5369/5369 5370/5370 5371/5371
f 5369/5369 5371/5371 5372/5372
f 5373/5373 5374/5374 5375/5375
f 5373/5373 5375/5375 5376/5376
f 5377/5377 5378/5378 5379/5379
f 5377/5377 5379/5379 5380/5380
f 5381/5381 5382/5382 5383/5383
f 5381/5381 5383/5383 5384/5384
f 5385/5385 5386/5386 5387/5387
f 5385/5385 5387/5387 5388/5388
f 5389/5389 5390/5390 5391/5391
f 5389/5389 5391/5391 5392/5392
f 5393/5393 5394/5394 5395/5395
f 5393/5393 5395/5395 5396/5396
f 5397/5397 5398/5398 5399/5399
f 5397/5397 5399/5399 5400/5400
f 5401/5401 5402/5402 5403/5403
f 5401/5401 5403/5403 5404/5404
f 5405/5405 5406/5406 5407/5407
f 5405/5405 5407/5407 5408/5408
f 5409/5409 5410/5410 5411/5411
f 5409/5409 5411/5411 5412/5412
f 5413/5413 5414/5414 5415/5415
f 5413/5413 5415/5415 5416/5416
f 5417/5417 5418/5418 5419/5419
f 5417/5417 5419/5419 5420/5420
f 5421/5421 5422/5422 5423/5423
f 5421/5421 5423/5423 5424/5424
f 5425/5425 5426/5426 5427/5427
f 5425/5425 5427/5427 5428/5428
f 5429/5429 5430/5430 5431/5431
f 5429/5429 5431/5431 5432/5432
f 5433/5433 5434/5434 5435/5435
f 5433/5433 5435/5435 5436/5436
f 5437/5437 5438/5438 5439/5439
f 5437/5437 5439/5439 5440/5440
f 5441/5441 5442/5442 5443/5443
f 5441/5441 5443/5443 5444/5444
f 5445/5445 5446/5446 5447/5447
f 5445/5445 5447/5447 5448/5448
f 5449/5449 5450/5450 5451/5451
f 5449/5449 5451/5451 5452/5452
f 5453/5453 5454/5454 5455/5455
f 5453/5453 5455/5455 5456/5456
f 5457/5457 5458/5458 5459/5459
f 5457/5457 5459/5459 5460/5460
f 5461/5461 5462/5462 5463/5463
f 5461/5461 5463/5463 5464/5464
f 5465/5465 5466/5466 5467/5467
f 5465/5465 5467/5467 5468/5468
f 5469/5469 5470/5470 5471/5471
f 5469/5469 5471/5471 5472/5472
f 5473/5473 5474/5474 5475/5475
f 5473/5473 5475/5475 5476/5476
f 5477/5477 5478/5478 5479/5479
f 5477/5477 5479/5479 5480/5480
f 5481/5481 5482/5482 5483/5483
f 5481/5481 5483/5483 5484/5484
f 5485/5485 5486/5486 5487/5487
f 5485/5485 5487/5487 5488/5488
f 5489/5489 5490/5490 5491/5491
f 5489/5489 5491/5491 5492/5492
f 5493/5493 5494/5494 5495/5495
f 5493/5493 5495/5495 5496/5496
f 5497/5497 5498/5498 5499/5499
f 5497/5497 5499/5499 5500/5500
f 5501/5501 5497/5497 5500/5500
f 5501/5501 5500/5500 5502/5502
f 5503/5503 5504/5504 5505/5505
f 5503/5503 5505/5505 5506/5506
f 5507/5507 5503/5503 5506/5506
f 5507/5507 5506/5506 5508/5508
f 5509/5509 5510/5510 5511/5511
f 5509/5509 5511/5511 5512/5512
f 5513/5513 5514/5514 5515/5515
f 5513/5513 5515/5515 5516/5516
f 5517/5517 5518/5518 5519/5519
f 5517/5517 5519/5519 5520/5520
f 5521/5521 5522/5522 5523/5523
f 5521/5521 5523/5523 5524/5524
f 5525/5525 5526/5526 5527/5527
f 5525/5525 5527/5527 5528/5528
f 5529/5529 5530/5530 5531/5531
f 5529/5529 5531/5531 5532/5532
f 5533/5533 5534/5534 5535/5535
f 5533/5533 5535/5535 5536/5536
f 5537/5537 5538/5538 5539/5539
f 5537/5537 5539/5539 5540/5540
f 5541/5541 5542/5542 5543/5543
f 5541/5541 5543/5543 5544/5544
f 5545/5545 5546/5546 5547/5547
f 5545/5545 5547/5547 5548/5548
f 5549/5549 5550/5550 5551/5551
f 5549/5549 5551/5551 5552/5552
f 5553/5553 5554/5554 5555/5555
f 5553/5553 5555/5555 5556/5556
f 5557/5557 5558/5558 5559/5559
f 5557/5557 5559/5559 5560/5560
f 5561/5561 5562/5562 5563/5563
f 5561/5561 5563/5563 5564/5564
f 5565/5565 5566/5566 5567/5567
f 5565/5565 5567/5567 5568/5568
f 5569/5569 5570/5570 5571/5571
f 5569/5569 5571/5571 5572/5572
f 5573/5573 5574/5574 5575/5575
f 5573/5573 5575/5575 5576/5576
f 5577/5577 5578/5578 5579/5579
f 5577/5577 5579/5579 5580/5580
f 5581/5581 5582/5582 5583/5583
f 5581/5581 5583/5583 5584/5584
f 5585/5585 5586/5586 5587/5587
f 5585/5585 5587/5587 5588/5588
f 5589/5589 5590/5590 5591/5591
f 5589/5589 5591/5591 5592/5592
f 5593/5593 5594/5594 5595/5595
f 5593/5593 5595/5595 5596/5596
f 5597/5597 5598/5598 5599/5599
f 5597/5597 5599/5599 5600/5600
f 5601/5601 5602/5602 5603/5603
f 5601/5601 5603/5603 5604/5604
f 5605/5605 5606/5606 5607/5607
f 5605/5605 5607/5607 5608/5608
f 5609/5609 5610/5610 5611/5611
f 5609/5609 5611/5611 5612/5612
f 5613/5613 5614/5614 5615/5615
f 5613/5613 5615/5615 5616/5616
f 5617/5617 5618/5618 5619/5619
f 5617/5617 5619/5619 5620/5620
f 5621/5621 5622/5622 5623/5623
f 5621/5621 5623/5623 5624/5624
f 5625/5625 5626/5626 5627/5627
f 5625/5625 5627/5627 5628/5628
f 5629/5629 5630/5630 5631/5631
f 5629/5629 5631/5631 5632/5632
f 5633/5633 5634/5634 5635/5635
f 5633/5633 5635/5635 5636/5636
f 5637/5637 5638/5638 5639/5639
f 5637/5637 5639/5639 5640/5640
f 5641/5641 5642/5642 5643/5643
f 5641/5641 5643/5643 5644/5644
f 5645/5645 5646/5646 5647/5647
f 5645/5645 5647/5647 5648/5648
f 5649/5649 5650/5650 5651/5651
f 5649/5649 5651/5651 5652/5652
f 5653/5653 5654/5654 5655/5655
f 5653/5653 5655/5655 5656/5656
f 5657/5657 5658/5658 5659/5659
f 5657/5657 5659/5659 5660/5660
f 5661/5661 5662/5662 5663/5663
f 5661/5661 5663/5663 5664/5664
f 5665/5665 5666/5666 5667/5667
f 5665/5665 5667/5667 5668/5668
f 5669/5669 5670/5670 5671/5671
f 5669/5669 5671/5671 5672/5672
f 5673/5673 5674/5674 5675/5675
f 5673/5673 5675/5675 5676/5676
f 5677/5677 5678/5678 5679/5679
f 5677/5677 5679/5679 5680/5680
f 5681/5681 5682/5682 5683/5683
f 5681/5681 5683/5683 5684/5684
f 5685/5685 5686/5686 5687/5687
f 5685/5685 5687/5687 5688/5688
f 5689/5689 5690/5690 5691/5691
f 5689/5689 5691/5691 5692/5692
f 5693/5693 5694/5694 5695/5695
f 5693/5693 5695/5695 5696/5696
f 5697/5697 5698/5698 5699/5699
f 5697/5697 5699/5699 5700/5700
f 5701/5701 5702/5702 5703/5703
f 5701/5701 5703/5703 5704/5704
f 5705/5705 5706/5706 5707/5707
f 5705/5705 5707/5707 5708/5708
f 5709/5709 5710/5710 5711/5711
f 5709/5709 5711/5711 5712/5712
f 5713/5713 5714/5714 5715/5715
f 5713/5713 5715/5715 5716/5716
f 5717/5717 5718/5718 5719/5719
f 5717/5717 5719/5719 5720/5720
f 5721/5721 5722/5722 5723/5723
f 5721/5721 5723/5723 5724/5724
f 5725/5725 5726/5726 5727/5727
f 5725/5725 5727/5727 5728/5728
f 5729/5729 5730/5730 5731/5731
f 5729/5729 5731/5731 5732/5732
f 5733/5733 5734/5734 5735/5735
f 5733/5733 5735/5735 5736/5736
f 5737/5737 5738/5738 5739/5739
f 5737/5737 5739/5739 5740/5740
f 5741/5741 5742/5742 5743/5743
f 5741/5741 5743/5743 5744/5744
f 5745/5745 5746/5746 5747/5747
f 5745/5745 5747/5747 5748/5748
f 5749/5749 5750/5750 5751/5751
f 5749/5749 5751/5751 5752/5752
f 5753/5753 5754/5754 5755/5755
f 5753/5753 5755/5755 5756/5756
f 5757/5757 5758/5758 5759/5759
f 5757/5757 5759/5759 5760/5760
f 5761/5761 5762/5762 5763/5763
f 5761/5761 5763/5763 5764/5764
f 5765/5765 5766/5766 5767/5767
f 5765/5765 5767/5767 5768/5768
f 5769/5769 5770/5770 5771/5771
f 5769/5769 5771/5771 5772/5772
f 5773/5773 5774/5774 5775/5775
f 5773/5773 5775/5775 5776/5776
f 5777/5777 5778/5778 5779/5779
f 5777/5777 5779/5779 5780/5780
f 5781/5781 5782/5782 5783/5783
f 5781/5781 5783/5783 5784/5784
f 5785/5785 5786/5786 5787/5787
f 5785/5785 5787/5787 5788/5788
f 5789/5789 5790/5790 5791/5791
f 5789/5789 5791/5791 5792/5792
f 5793/5793 5794/5794 5795/5795
f 5793/5793 5795/5795 5796/5796
f 5797/5797 5798/5798 5799/5799
f 5797/5797 5799/5799 5800/5800
f 5801/5801 5802/5802 5803/5803
f 5801/5801 5803/5803 5804/5804
f 5805/5805 5806/5806 5807/5807
f 5805/5805 5807/5807 5808/5808
f 5809/5809 5810/5810 5811/5811
f 5809/5809 5811/5811 5812/5812
f 5813/5813 5814/5814 5815/5815
f 5813/5813 5815/5815 5816/5816
f 5817/5817 5818/5818 5819/5819
f 5817/5817 5819/5819 5820/5820
f 5821/5821 5822/5822 5823/5823
f 5821/5821 5823/5823 5824/5824
f 5825/5825 5826/5826 5827/5827
f 5825/5825 5827/5827 5828/5828
f 5829/5829 5830/5830 5831/5831
f 5829/5829 5831/5831 5832/5832
f 5833/5833 5834/5834 5835/5835
f 5833/5833 5835/5835 5836/5836
f 5837/5837 5838/5838 5839/5839
f 5837/5837 5839/5839 5840/5840
f 5841/5841 5842/5842 5843/5843
f 5841/5841 5843/5843 5844/5844
f 5845/5845 5846/5846 5847/5847
f 5845/5845 5847/5847 5848/5848
f 5849/5849 5850/5850 5851/5851
f 5849/5849 5851/5851 5852/5852
f 5853/5853 5854/5854 5855/5855
f 5853/5853 5855/5855 5856/5856
f 5857/5857 5858/5858 5859/5859
f 5857/5857 5859/5859 5860/5860
f 5861/5861 5862/5862 5863/5863
f 5861/5861 5863/5863 5864/5864
f 5865/5865 5866/5866 5867/5867
f 5865/5865 5867/5867 5868/5868
f 5869/5869 5870/5870 5871/5871
f 5869/5869 5871/5871 5872/5872
f 5873/5873 5874/5874 5875/5875
f 5873/5873 5875/5875 5876/5876
f 5877/5877 5878/5878 5879/5879
f 5877/5877 5879/5879 5880/5880
f 5881/5881 5882/5882 5883/5883
f 5881/5881 5883/5883 5884/5884
f 5885/5885 5886/5886 5887/5887
f 5885/5885 5887/5887 5888/5888
f 5889/5889 5890/5890 5891/5891
f 5889/5889 5891/5891 5892/5892
f 5893/5893 5894/5894 5895/5895
f 5893/5893 5895/5895 5896/5896
f 5897/5897 5898/5898 5899/5899
f 5897/5897 5899/5899 5900/5900
f 5901/5901 5902/5902 5903/5903
f 5901/5901 5903/5903 5904/5904
f 5905/5905 5906/5906 5907/5907
f 5905/5905 5907/5907 5908/5908
f 5909/5909 5910/5910 5911/5911
f 5909/5909 5911/5911 5912/5912
f 5913/5913 5914/5914 5915/5915
f 5913/5913 5915/5915 5916/5916
f 5917/5917 5918/5918 5919/5919
f 5917/5917 5919/5919 5920/5920
f 5921/5921 5922/5922 5923/5923
f 5921/5921 5923/5923 5924/5924
f 5925/5925 5926/5926 5927/5927
f 5925/5925 5927/5927 5928/5928
f 5929/5929 5925/5925 5928/5928
f 5929/5929 5928/5928 5930/5930
f 5931/5931 5932/5932 5933/5933
f 5931/5931 5933/5933 5934/5934
f 5935/5935 5936/5936 5937/5937
f 5935/5935 5937/5937 5938/5938
f 5939/5939 5935/5935 5938/5938
f 5939/5939 5938/5938 5940/5940
f 5941/5941 5939/5939 5940/5940
f 5941/5941 5940/5940 5942/5942
f 5943/5943 5941/5941 5942/5942
f 5943/5943 5942/5942 5944/5944
f 5945/5945 5943/5943 5944/5944
f 5945/5945 5944/5944 5946/5946
f 5947/5947 5948/5948 5949/5949
f 5947/5947 5949/5949 5950/5950
f 5951/5951 5952/5952 5953/5953
f 5951/5951 5953/5953 5954/5954
f 5955/5955 5956/5956 5957/5957
f 5955/5955 5957/5957 5958/5958
f 5959/5959 5960/5960 5961/5961
f 5959/5959 5961/5961 5962/5962
f 5963/5963 5964/5964 5965/5965
f 5963/5963 5965/5965 5966/5966
f 5967/5967 5968/5968 5969/5969
f 5967/5967 5969/5969 5970/5970
f 5971/5971 5967/5967 5970/5970
f 5971/5971 5970/5970 5972/5972
f 5973/5973 5974/5974 5975/5975
f 5973/5973 5975/5975 5976/5976
f 5977/5977 5978/5978 5979/5979
f 5977/5977 5979/5979 5980/5980
f 5981/5981 5977/5977 5980/5980
f 5981/5981 5980/5980 5982/5982
f 5983/5983 5984/5984 5985/5985
f 5983/5983 5985/5985 5986/5986
f 5987/5987 5988/5988 5989/5989
f 5987/5987 5989/5989 5990/5990
f 5991/5991 5987/5987 5990/5990
f 5991/5991 5990/5990 5992/5992
f 5993/5993 5991/5991 5992/5992
f 5993/5993 5992/5992 5994/5994
f 5995/5995 5993/5993 5994/5994
f 5995/5995 5994/5994 5996/5996
f 5997/5997 5995/5995 5996/5996
f 5997/5997 5996/5996 5998/5998
f 5999/5999 5997/5997 5998/5998
f 5999/5999 5998/5998 6000/6000
f 6001/6001 6002/6002 6003/6003
f 6001/6001 6003/6003 6004/6004
f 6005/6005 6006/6006 6007/6007
f 6005/6005 6007/6007 6008/6008
f 6009/6009 6010/6010 6011/6011
f 6009/6009 6011/6011 6012/6012
f 6013/6013 6014/6014 6015/6015
f 6013/6013 6015/6015 6016/6016
f 6017/6017 6018/6018 6019/6019
f 6017/6017 6019/6019 6020/6020
f 6021/6021 6022/6022 6023/6023
f 6021/6021 6023/6023 6024/6024
f 6025/6025 6026/6026 6027/6027
f 6025/6025 6027/6027 6028/6028
f 6029/6029 6030/6030 6031/6031
f 6029/6029 6031/6031 6032/6032
f 6033/6033 6034/6034 6035/6035
f 6033/6033 6035/6035 6036/6036
f 6037/6037 6038/6038 6039/6039
f 6037/6037 6039/6039 6040/6040
f 6041/6041 6042/6042 6043/6043
f 6041/6041 6043/6043 6044/6044
f 6045/6045 6046/6046 6047/6047
f 6045/6045 6047/6047 6048/6048
f 6049/6049 6050/6050 6051/6051
f 6049/6049 6051/6051 6052/6052
f 6053/6053 6054/6054 6055/6055
f 6053/6053 6055/6055 6056/6056
f 6057/6057 6058/6058 6059/6059
f 6057/6057 6059/6059 6060/6060
f 6061/6061 6062/6062 6063/6063
f 6061/6061 6063/6063 6064/6064
f 6065/6065 6066/6066 6067/6067
f 6065/6065 6067/6067 6068/6068
f 6069/6069 6070/6070 6071/6071
f 6069/6069 6071/6071 6072/6072
f 6073/6073 6074/6074 6075/6075
f 6073/6073 6075/6075 6076/6076
f 6077/6077 6078/6078 6079/6079
f 6077/6077 6079/6079 6080/6080
f 6081/6081 6082/6082 6083/6083
f 6081/6081 6083/6083 6084/6084
f 6085/6085 6086/6086 6087/6087
f 6085/6085 6087/6087 6088/6088
f 6089/6089 6090/6090 6091/6091
f 6089/6089 6091/6091 6092/6092
f 6093/6093 6094/6094 6095/6095
f 6093/6093 6095/6095 6096/6096
f 6097/6097 6098/6098 6099/6099
f 6097/6097 6099/6099 6100/6100
f 6101/6101 6102/6102 6103/6103
f 6101/6101 6103/6103 6104/6104
f 6105/6105 6106/6106 6107/6107
f 6105/6105 6107/6107 6108/6108
f 6109/6109 6110/6110 6111/6111
f 6109/6109 6111/6111 6112/6112
f 6113/6113 6114/6114 6115/6115
f 6113/6113 6115/6115 6116/6116
f 6117/6117 6118/6118 6119/6119
f 6117/6117 6119/6119 6120/6120
f 6121/6121 6122/6122 6123/6123
f 6121/6121 6123/6123 6124/6124
f 6125/6125 6126/6126 6127/6127
f 6125/6125 6127/6127 6128/6128
f 6129/6129 6130/6130 6131/6131
f 6129/6129 6131/6131 6132/6132
f 6133/6133 6134/6134 6135/6135
f 6133/6133 6135/6135 6136/6136
f 6137/6137 6138/6138 6139/6139
f 6137/6137 6139/6139 6140/6140
f 6141/6141 6142/6142 6143/6143
f 6141/6141 6143/6143 6144/6144
f 6145/6145 6146/6146 6147/6147
f 6145/6145 6147/6147 6148/6148
f 6149/6149 6150/6150 6151/6151
f 6149/6149 6151/6151 6152/6152
f 6153/6153 6154/6154 6155/6155
f 6153/6153 6155/6155 6156/6156
f 6157/6157 6158/6158 6159/6159
f 6157/6157 6159/6159 6160/6160
f 6161/6161 6162/6162 6163/6163
f 6161/6161 6163/6163 6164/6164
f 6165/6165 6166/6166 6167/6167
f 6165/6165 6167/6167 6168/6168
f 6169/6169 6170/6170 6171/6171
f 6169/6169 6171/6171 6172/6172
f 6173/6173 6174/6174 6175/6175
f 6173/6173 6175/6175 6176/6176
f 6177/6177 6178/6178 6179/6179
f 6177/6177 6179/6179 6180/6180
f 6181/6181 6182/6182 6183/6183
f 6181/6181 6183/6183 6184/6184
f 6185/6185 6186/6186 6187/6187
f 6185/6185 6187/6187 6188/6188
f 6189/6189 6190/6190 6191/6191
f 6189/6189 6191/6191 6192/6192
f 6193/6193 6194/6194 6195/6195
f 6193/6193 6195/6195 6196/6196
f 6197/6197 6198/6198 6199/6199
f 6197/6197 6199/6199 6200/6200
f 6201/6201 6202/6202 6203/6203
f 6201/6201 6203/6203 6204/6204
f 6205/6205 6206/6206 6207/6207
f 6205/6205 6207/6207 6208/6208
f 6209/6209 6210/6210 6211/6211
f 6209/6209 6211/6211 6212/6212
f 6213/6213 6214/6214 6215/6215
f 6213/6213 6215/6215 6216/6216
f 6217/6217 6218/6218 6219/6219
f 6217/6217 6219/6219 6220/6220
f 6221/6221 6222/6222 6223/6223
f 6221/6221 6223/6223 6224/6224
f 6225/6225 6226/6226 6227/6227
f 6225/6225 6227/6227 6228/6228
f 6229/6229 6230/6230 6231/6231
f 6229/6229 6231/6231 6232/6232
f 6233/6233 6234/6234 6235/6235
f 6233/6233 6235/6235 6236/6236
f 6237/6237 6238/6238 6239/6239
f 6237/6237 6239/6239 6240/6240
f 6241/6241 6242/6242 6243/6243
f 6241/6241 6243/6243 6244/6244
f 6245/6245 6246/6246 6247/6247
f 6245/6245 6247/6247 6248/6248
f 6249/6249 6250/6250 6251/6251
f 6249/6249 6251/6251 6252/6252
f 6253/6253 6254/6254 6255/6255
f 6253/6253 6255/6255 6256/6256
f 6257/6257 6258/6258 6259/6259
f 6257/6257 6259/6259 6260/6260
f 6261/6261 6262/6262 6263/6263
f 6261/6261 6263/6263 6264/6264
f 6265/6265 6266/6266 6267/6267
f 6265/6265 6267/6267 6268/6268
f 6269/6269 6270/6270 6271/6271
f 6269/6269 6271/6271 6272/6272
f 6273/6273 6274/6274 6275/6275
f 6273/6273 6275/6275 6276/6276
f 6277/6277 6278/6278 6279/6279
f 6277/6277 6279/6279 6280/6280
f 6281/6281 6282/6282 6283/6283
f 6281/6281 6283/6283 6284/6284
f 6285/6285 6286/6286 6287/6287
f 6285/6285 6287/6287 6288/6288
f 6289/6289 6290/6290 6291/6291
f 6289/6289 6291/6291 6292/6292
f 6293/6293 6294/6294 6295/6295
f 6293/6293 6295/6295 6296/6296
f 6297/6297 6293/6293 6296/6296
f 6297/6297 6296/6296 6298/6298
f 6299/6299 6297/6297 6298/6298
f 6299/6299 6298/6298 6300/6300
f 6301/6301 6299/6299 6300/6300
f 6301/6301 6300/6300 6302/6302
f 6303/6303 6301/6301 6302/6302
f 6303/6303 6302/6302 6304/6304
f 6305/6305 6303/6303 6304/6304
f 6305/6305 6304/6304 6306/6306
f 6307/6307 6305/6305 6306/6306
f 6307/6307 6306/6306 6308/6308
f 6309/6309 6307/6307 6308/6308
f 6309/6309 6308/6308 6310/6310
f 6311/6311 6309/6309 6310/6310
f 6311/6311 6310/6310 6312/6312
f 6313/6313 6314/6314 6315/6315
f 6313/6313 6315/6315 6316/6316
f 6317/6317 6318/6318 6319/6319
f 6317/6317 6319/6319 6320/6320
f 6321/6321 6322/6322 6323/6323
f 6321/6321 6323/6323 6324/6324
f 6325/6325 6321/6321 6324/6324
f 6325/6325 6324/6324 6326/6326
f 6327/6327 6328/6328 6329/6329
f 6327/6327 6329/6329 6330/6330
f 6331/6331 6332/6332 6333/6333
f 6331/6331 6333/6333 6334/6334
f 6335/6335 6336/6336 6337/6337
f 6335/6335 6337/6337 6338/6338
f 6339/6339 6340/6340 6341/6341
f 6339/6339 6341/6341 6342/6342
f 6343/6343 6339/6339 6342/6342
f 6343/6343 6342/6342 6344/6344
f 6345/6345 6343/6343 6344/6344
f 6345/6345 6344/6344 6346/6346
f 6347/6347 6345/6345 6346/6346
f 6347/6347 6346/6346 6348/6348
f 6349/6349 6347/6347 6348/6348
f 6349/6349 6348/6348 6350/6350
f 6351/6351 6349/6349 6350/6350
f 6351/6351 6350/6350 6352/6352
f 6353/6353 6351/6351 6352/6352
f 6353/6353 6352/6352 6354/6354
f 6355/6355 6353/6353 6354/6354
f 6355/6355 6354/6354 6356/6356
f 6357/6357 6358/6358 6359/6359
f 6357/6357 6359/6359 6360/6360
f 6361/6361 6362/6362 6363/6363
f 6361/6361 6363/6363 6364/6364
f 6365/6365 6366/6366 6367/6367
f 6365/6365 6367/6367 6368/6368
f 6369/6369 6370/6370 6371/6371
f 6369/6369 6371/6371 6372/6372
f 6373/6373 6374/6374 6375/6375
f 6373/6373 6375/6375 6376/6376
f 6377/6377 6378/6378 6379/6379
f 6377/6377 6379/6379 6380/6380
f 6381/6381 6382/6382 6383/6383
f 6381/6381 6383/6383 6384/6384
f 6385/6385 6386/6386 6387/6387
f 6385/6385 6387/6387 6388/6388
f 6389/6389 6390/6390 6391/6391
f 6389/6389 6391/6391 6392/6392
f 6393/6393 6394/6394 6395/6395
f 6393/6393 6395/6395 6396/6396
f 6397/6397 6398/6398 6399/6399
f 6397/6397 6399/6399 6400/6400
f 6401/6401 6402/6402 6403/6403
f 6401/6401 6403/6403 6404/6404
f 6405/6405 6406/6406 6407/6407
f 6405/6405 6407/6407 6408/6408
f 6409/6409 6410/6410 6411/6411
f 6409/6409 6411/6411 6412/6412
f 6413/6413 6414/6414 6415/6415
f 6413/6413 6415/6415 6416/6416
f 6417/6417 6418/6418 6419/6419
f 6417/6417 6419/6419 6420/6420
f 6421/6421 6422/6422 6423/6423
f 6421/6421 6423/6423 6424/6424
f 6425/6425 6426/6426 6427/6427
f 6425/6425 6427/6427 6428/6428
f 6429/6429 6430/6430 6431/6431
f 6429/6429 6431/6431 6432/6432
f 6433/6433 6434/6434 6435/6435
f 6433/6433 6435/6435 6436/6436
f 6437/6437 6438/6438 6439/6439
f 6437/6437 6439/6439 6440/6440
f 6441/6441 6442/6442 6443/6443
f 6441/6441 6443/6443 6444/6444
f 6445/6445 6446/6446 6447/6447
f 6445/6445 6447/6447 6448/6448
f 6449/6449 6450/6450 6451/6451
f 6449/6449 6451/6451 6452/6452
f 6453/6453 6454/6454 6455/6455
f 6453/6453 6455/6455 6456/6456
f 6457/6457 6458/6458 6459/6459
f 6457/6457 6459/6459 6460/6460
f 6461/6461 6462/6462 6463/6463
f 6461/6461 6463/6463 6464/6464
f 6465/6465 6466/6466 6467/6467
f 6465/6465 6467/6467 6468/6468
f 6469/6469 6470/6470 6471/6471
f 6469/6469 6471/6471 6472/6472
f 6473/6473 6474/6474 6475/6475
f 6473/6473 6475/6475 6476/6476
f 6477/6477 6478/6478 6479/6479
f 6477/6477 6479/6479 6480/6480
f 6481/6481 6482/6482 6483/6483
f 6481/6481 6483/6483 6484/6484
f 6485/6485 6486/6486 6487/6487
f 6485/6485 6487/6487 6488/6488
f 6489/6489 6490/6490 6491/6491
f 6489/6489 6491/6491 6492/6492
f 6493/6493 6494/6494 6495/6495
f 6493/6493 6495/6495 6496/6496
f 6497/6497 6498/6498 6499/6499
f 6497/6497 6499/6499 6500/6500
f 6501/6501 6502/6502 6503/6503
f 6501/6501 6503/6503 6504/6504
f 6507/6507 6505/6505 6506/6506
f 6505/6505 6507/6507 6508/6508
f 6505/6505 6508/6508 6536/6536
f 6536/6536 6508/6508 6509/6509
f 6536/6536 6509/6509 6535/6535
f 6535/6535 6509/6509 6510/6510
f 6535/6535 6510/6510 6534/6534
f 6534/6534 6510/6510 6511/6511
f 6534/6534 6511/6511 6533/6533
f 6533/6533 6511/6511 6532/6532
f 6532/6532 6511/6511 6512/6512
f 6532/6532 6512/6512 6513/6513
f 6532/6532 6513/6513 6531/6531
f 6531/6531 6513/6513 6514/6514
f 6531/6531 6514/6514 6530/6530
f 6530/6530 6514/6514 6515/6515
f 6530/6530 6515/6515 6529/6529
f 6529/6529 6515/6515 6528/6528
f 6528/6528 6515/6515 6516/6516
f 6528/6528 6516/6516 6527/6527
f 6527/6527 6516/6516 6517/6517
f 6527/6527 6517/6517 6526/6526
f 6526/6526 6517/6517 6518/6518
f 6526/6526 6518/6518 6525/6525
f 6525/6525 6518/6518 6519/6519
f 6525/6525 6519/6519 6520/6520
f 6525/6525 6520/6520 6524/6524
f 6524/6524 6520/6520 6521/6521
f 6524/6524 6521/6521 6523/6523
f 6523/6523 6521/6521 6522/6522

o FW.006_gray_0
usemtl gray
v -78.54499297 0.73259084 240.67261128
v -78.54499296 0.77023743 240.66890346
v -78.47790429 0.75337537 240.58413300
v -78.47790429 0.73259085 240.58618007
v -78.52410503 1.23881650 240.37894866
v -78.52410504 1.24873403 240.47964329
v -78.52410504 1.27289857 240.47964329
v -78.52410503 1.26251672 240.37423441
v -78.52410503 1.20944501 240.28212348
v -78.52410503 1.23177010 240.27287613
v -78.52410503 1.16174833 240.19288937
v -78.52410503 1.18184038 240.17946425
v -78.52410503 1.09755936 240.11467516
v -78.52410503 1.16174833 240.19288937
v -78.52410503 1.18184038 240.17946425
v -78.52410503 1.11464624 240.09758824
v -78.52410503 1.01934457 240.05048590
v -78.52410503 1.09755936 240.11467516
v -78.52410503 1.11464624 240.09758824
v -78.52410503 1.03276969 240.03039382
v -78.52410503 0.93011019 240.00278903
v -78.52410503 1.01934457 240.05048590
v -78.52410503 1.03276969 240.03039382
v -78.52410503 0.93935756 239.98046391
v -78.52410503 0.83328547 239.97341754
v -78.52410503 0.93011019 240.00278903
v -78.52410503 0.93935756 239.98046391
v -78.52410503 0.83799972 239.94971735
v -78.52410504 0.73259081 239.96350004
v -78.52410504 0.73259080 239.93933554
v -78.52410504 0.63189622 239.97341754
v -78.52410504 0.73259081 239.96350004
v -78.52410504 0.73259080 239.93933554
v -78.52410504 0.62718196 239.94971735
v -78.52410505 0.53507152 240.00278903
v -78.52410504 0.63189622 239.97341754
v -78.52410504 0.62718196 239.94971735
v -78.52410505 0.52582416 239.98046391
v -78.52410506 0.44583721 240.05048590
v -78.52410505 0.53507152 240.00278903
v -78.52410505 0.52582416 239.98046391
v -78.52410505 0.43241215 240.03039382
v -78.52410506 0.36762239 240.11467516
v -78.52410506 0.44583721 240.05048590
v -78.52410505 0.43241215 240.03039382
v -78.52410506 0.35053551 240.09758827
v -78.52410507 0.30343336 240.19288937
v -78.52410506 0.36762239 240.11467516
v -78.52410506 0.35053551 240.09758827
v -78.52410507 0.28334131 240.17946425
v -78.52410507 0.25573680 240.28212348
v -78.52410507 0.23341168 240.27287613
v -78.52410508 0.22636519 240.37894866
v -78.52410507 0.25573680 240.28212348
v -78.52410507 0.23341168 240.27287613
v -78.52410508 0.20266497 240.37423441
v -78.52410508 0.21644772 240.47964325
v -78.52410508 0.22636519 240.37894866
v -78.52410508 0.20266497 240.37423441
v -78.52410509 0.19228318 240.47964325
v -78.52410509 0.22636525 240.58033783
v -78.52410508 0.21644772 240.47964325
v -78.52410509 0.19228318 240.47964325
v -78.52410509 0.20266503 240.58505209
v -78.52410509 0.25573674 240.67716298
v -78.52410509 0.23341165 240.68641033
v -78.52410509 0.30343349 240.76639721
v -78.52410509 0.28334140 240.77982233
v -78.52410509 0.36762239 240.84461149
v -78.52410509 0.30343349 240.76639721
v -78.52410509 0.28334140 240.77982233
v -78.52410509 0.35053551 240.86169837
v -78.52410509 0.44583711 240.90880068
v -78.52410509 0.36762239 240.84461149
v -78.52410509 0.35053551 240.86169837
v -78.52410509 0.43241199 240.92889276
v -78.52410509 0.53507136 240.95649752
v -78.52410509 0.44583711 240.90880068
v -78.52410509 0.43241199 240.92889276
v -78.52410509 0.52582400 240.97882261
v -78.52410509 0.63189614 240.98586898
v -78.52410509 0.53507136 240.95649752
v -78.52410509 0.52582400 240.97882261
v -78.52410509 0.62718189 241.00956920
v -78.52410508 0.73259084 240.99578645
v -78.52410509 0.73259084 241.01995098
v -78.52410508 0.83328554 240.98586898
v -78.52410508 0.73259084 240.99578645
v -78.52410509 0.73259084 241.01995098
v -78.52410508 0.83799978 241.00956920
v -78.52410507 0.93011023 240.95649756
v -78.52410508 0.83328554 240.98586898
v -78.52410508 0.83799978 241.00956920
v -78.52410507 0.93935761 240.97882267
v -78.52410507 1.01934438 240.90880068
v -78.52410507 0.93011023 240.95649756
v -78.52410507 0.93935761 240.97882267
v -78.52410507 1.03276950 240.92889276
v -78.52410506 1.09755945 240.84461130
v -78.52410507 1.01934438 240.90880068
v -78.52410507 1.03276950 240.92889276
v -78.52410506 1.11464631 240.86169821
v -78.52410506 1.16174842 240.76639715
v -78.52410506 1.09755945 240.84461130
v -78.52410506 1.11464631 240.86169821
v -78.52410505 1.18184048 240.77982227
v -78.52410505 1.20944504 240.67716301
v -78.52410506 1.16174842 240.76639715
v -78.52410505 1.18184048 240.77982227
v -78.52410505 1.23177016 240.68641036
v -78.52410504 1.23881650 240.58033791
v -78.52410504 1.26251672 240.58505217
v -78.54499294 1.11589446 240.40339927
v -78.54499294 1.12340377 240.47964329
v -78.54499294 1.23590859 240.47964329
v -78.54499293 1.22623754 240.38145076
v -78.54499294 1.09365498 240.33008524
v -78.54499294 1.11589446 240.40339927
v -78.54499293 1.22623754 240.38145076
v -78.54499293 1.19759589 240.28703154
v -78.54499293 1.05754013 240.26251922
v -78.54499294 1.09365498 240.33008524
v -78.54499293 1.19759589 240.28703154
v -78.54499293 1.15108440 240.20001481
v -78.54499293 1.00893757 240.20329704
v -78.54499293 1.05754013 240.26251922
v -78.54499293 1.15108440 240.20001481
v -78.54499293 1.08849043 240.12374409
v -78.54499293 0.94971474 240.15469407
v -78.54499293 1.00893757 240.20329704
v -78.54499293 1.08849043 240.12374409
v -78.54499293 1.01221914 240.06114983
v -78.54499294 0.88214834 240.11857900
v -78.54499293 0.94971474 240.15469407
v -78.54499293 1.01221914 240.06114983
v -78.54499293 0.92520212 240.01463812
v -78.54499294 0.80883480 240.09633958
v -78.54499293 0.83078335 239.98599654
v -78.54499294 0.73259081 240.08883024
v -78.54499294 0.73259081 239.97632545
v -78.54499294 0.65634691 240.09633958
v -78.54499294 0.63439834 239.98599654
v -78.54499295 0.58303340 240.11857900
v -78.54499295 0.53997960 240.01463812
v -78.54499295 0.51546704 240.15469407
v -78.54499295 0.45296265 240.06114983
v -78.54499296 0.45624415 240.20329711
v -78.54499296 0.37669133 240.12374412
v -78.54499296 0.40764156 240.26251922
v -78.54499296 0.31409729 240.20001481
v -78.54499297 0.37152680 240.33008524
v -78.54499296 0.40764156 240.26251922
v -78.54499296 0.31409729 240.20001481
v -78.54499297 0.26758593 240.28703154
v -78.54499297 0.34928726 240.40339931
v -78.54499297 0.37152680 240.33008524
v -78.54499297 0.26758593 240.28703154
v -78.54499297 0.23894415 240.38145077
v -78.54499297 0.34177792 240.47964322
v -78.54499297 0.34928726 240.40339931
v -78.54499297 0.23894415 240.38145077
v -78.54499298 0.22927313 240.47964324
v -78.54499298 0.34928729 240.55588720
v -78.54499297 0.34177792 240.47964322
v -78.54499298 0.22927313 240.47964324
v -78.54499298 0.23894422 240.57783573
v -78.54499298 0.37152677 240.62920120
v -78.54499298 0.34928729 240.55588720
v -78.54499298 0.23894422 240.57783573
v -78.54499299 0.26758587 240.67225491
v -78.54499298 0.40764169 240.69676738
v -78.54499298 0.37152677 240.62920120
v -78.54499299 0.26758587 240.67225491
v -78.54499299 0.31409742 240.75927177
v -78.54499298 0.45624422 240.75598963
v -78.54499298 0.40764169 240.69676738
v -78.54499299 0.31409742 240.75927177
v -78.54499299 0.37669133 240.83554255
v -78.54499298 0.51546692 240.80459248
v -78.54499298 0.45624422 240.75598963
v -78.54499299 0.37669133 240.83554255
v -78.54499299 0.45296252 240.89813675
v -78.54499298 0.58303322 240.84070752
v -78.54499299 0.53997944 240.94464839
v -78.54499298 0.65634677 240.86294690
v -78.54499298 0.63439825 240.97329001
v -78.54499297 0.73259084 240.87045625
v -78.54499298 0.73259084 240.98296100
v -78.54499297 0.80883492 240.86294690
v -78.54499297 0.83078344 240.97329001
v -78.54499297 0.88214834 240.84070758
v -78.54499297 0.80883492 240.86294690
v -78.54499297 0.83078344 240.97329001
v -78.54499297 0.92520215 240.94464846
v -78.54499296 0.94971458 240.80459251
v -78.54499297 0.88214834 240.84070758
v -78.54499297 0.92520215 240.94464846
v -78.54499296 1.01221898 240.89813675
v -78.54499296 1.00893769 240.75598935
v -78.54499296 1.08849052 240.83554236
v -78.54499295 1.05754022 240.69676728
v -78.54499295 1.15108449 240.75927171
v -78.54499295 1.09365501 240.62920128
v -78.54499295 1.05754022 240.69676728
v -78.54499295 1.15108449 240.75927171
v -78.54499295 1.19759592 240.67225493
v -78.54499294 1.11589449 240.55588731
v -78.54499295 1.09365501 240.62920128
v -78.54499295 1.19759592 240.67225493
v -78.54499294 1.22623754 240.57783580
v -78.54499294 1.12340377 240.47964329
v -78.54499294 1.11589449 240.55588731
v -78.54499294 1.22623754 240.57783580
v -78.54499294 1.23590859 240.47964329
v -78.54499295 0.92185096 240.44199674
v -78.54499295 0.92555880 240.47964332
v -78.54499294 1.10709593 240.47964329
v -78.54499294 1.09989996 240.40658077
v -78.54499295 0.91086998 240.40579717
v -78.54499295 0.92185096 240.44199674
v -78.54499294 1.09989996 240.40658077
v -78.54499294 1.07858850 240.33632598
v -78.54499295 0.89303813 240.37243618
v -78.54499295 0.91086998 240.40579717
v -78.54499294 1.07858850 240.33632598
v -78.54499293 1.04398066 240.27157936
v -78.54499295 0.86904016 240.34319464
v -78.54499295 0.89303813 240.37243618
v -78.54499293 1.04398066 240.27157936
v -78.54499293 0.99740622 240.21482844
v -78.54499295 0.83979782 240.31919604
v -78.54499295 0.86904016 240.34319464
v -78.54499293 0.99740622 240.21482844
v -78.54499293 0.94065460 240.16825354
v -78.54499295 0.80643626 240.30136388
v -78.54499295 0.83979782 240.31919604
v -78.54499293 0.94065460 240.16825354
v -78.54499294 0.87590758 240.13364547
v -78.54499295 0.77023721 240.29038301
v -78.54499295 0.80643626 240.30136388
v -78.54499294 0.87590758 240.13364547
v -78.54499294 0.80565330 240.11233408
v -78.54499295 0.73259082 240.28667517
v -78.54499295 0.77023721 240.29038301
v -78.54499294 0.80565330 240.11233408
v -78.54499294 0.73259081 240.10513807
v -78.54499295 0.69494452 240.29038301
v -78.54499295 0.73259082 240.28667517
v -78.54499294 0.73259081 240.10513807
v -78.54499294 0.65952841 240.11233408
v -78.54499295 0.65874552 240.30136390
v -78.54499295 0.69494452 240.29038301
v -78.54499294 0.65952841 240.11233408
v -78.54499295 0.58927416 240.13364547
v -78.54499296 0.62538393 240.31919605
v -78.54499295 0.65874552 240.30136390
v -78.54499295 0.58927416 240.13364547
v -78.54499295 0.52452720 240.16825354
v -78.54499296 0.59614150 240.34319475
v -78.54499296 0.62538393 240.31919605
v -78.54499295 0.52452720 240.16825354
v -78.54499296 0.46777550 240.21482849
v -78.54499296 0.57214353 240.37243616
v -78.54499296 0.59614150 240.34319475
v -78.54499296 0.46777550 240.21482849
v -78.54499296 0.42120103 240.27157936
v -78.54499296 0.55431172 240.40579716
v -78.54499296 0.57214353 240.37243616
v -78.54499296 0.42120103 240.27157936
v -78.54499297 0.38659328 240.33632598
v -78.54499296 0.54333069 240.44199686
v -78.54499296 0.55431172 240.40579716
v -78.54499297 0.38659328 240.33632598
v -78.54499297 0.36528173 240.40658081
v -78.54499297 0.53962286 240.47964316
v -78.54499296 0.54333069 240.44199686
v -78.54499297 0.36528173 240.40658081
v -78.54499297 0.35808575 240.47964321
v -78.54499297 0.54333074 240.51728967
v -78.54499297 0.53962286 240.47964316
v -78.54499297 0.35808575 240.47964321
v -78.54499298 0.36528179 240.55270571
v -78.54499297 0.55431171 240.55348925
v -78.54499297 0.54333074 240.51728967
v -78.54499298 0.36528179 240.55270571
v -78.54499298 0.38659325 240.62296047
v -78.54499297 0.57214364 240.58685046
v -78.54499297 0.55431171 240.55348925
v -78.54499298 0.38659325 240.62296047
v -78.54499298 0.42120116 240.68770723
v -78.54499297 0.59614166 240.61609203
v -78.54499297 0.57214364 240.58685046
v -78.54499298 0.42120116 240.68770723
v -78.54499298 0.46777558 240.74445824
v -78.54499297 0.62538379 240.64009045
v -78.54499297 0.59614166 240.61609203
v -78.54499298 0.46777558 240.74445824
v -78.54499298 0.52452708 240.79103301
v -78.54499297 0.65874528 240.65792260
v -78.54499297 0.62538379 240.64009045
v -78.54499298 0.52452708 240.79103301
v -78.54499298 0.58927397 240.82564104
v -78.54499297 0.69494431 240.66890344
v -78.54499297 0.65874528 240.65792260
v -78.54499298 0.58927397 240.82564104
v -78.54499298 0.65952827 240.84695244
v -78.54499297 0.73259084 240.67261128
v -78.54499297 0.69494431 240.66890344
v -78.54499298 0.65952827 240.84695244
v -78.54499297 0.73259084 240.85414841
v -78.54499296 0.77023743 240.66890346
v -78.54499297 0.80565344 240.84695244
v -78.54499296 0.80643619 240.65792268
v -78.54499297 0.87590758 240.82564111
v -78.54499296 0.83979762 240.64009053
v -78.54499296 0.94065442 240.79103304
v -78.54499296 0.86904035 240.61609162
v -78.54499296 0.83979762 240.64009053
v -78.54499296 0.94065442 240.79103304
v -78.54499296 0.99740635 240.74445797
v -78.54499296 0.89303824 240.58685026
v -78.54499296 0.86904035 240.61609162
v -78.54499296 0.99740635 240.74445797
v -78.54499295 1.04398075 240.68770714
v -78.54499295 0.91087003 240.55348937
v -78.54499296 0.89303824 240.58685026
v -78.54499295 1.04398075 240.68770714
v -78.54499295 1.07858857 240.62296055
v -78.54499295 0.92185098 240.51728989
v -78.54499295 0.91087003 240.55348937
v -78.54499295 1.07858857 240.62296055
v -78.54499294 1.09989999 240.55270582
v -78.54499295 0.92555880 240.47964332
v -78.54499295 0.92185098 240.51728989
v -78.54499294 1.09989999 240.55270582
v -78.54499294 1.10709593 240.47964329
v -78.54499296 0.62538393 240.31919605
v -78.54499296 0.59614150 240.34319475
v -78.47790429 0.65725776 240.40431063
v -78.47790428 0.67340239 240.39106105
v -78.54499296 0.77023743 240.66890346
v -78.54499296 0.80643619 240.65792268
v -78.47790429 0.77336054 240.57807056
v -78.47790429 0.75337537 240.58413300
v -78.54499296 0.59614150 240.34319475
v -78.54499296 0.57214353 240.37243616
v -78.47790429 0.64400859 240.42045469
v -78.47790429 0.65725776 240.40431063
v -78.54499296 0.80643619 240.65792268
v -78.54499296 0.83979762 240.64009053
v -78.47790429 0.79177925 240.56822550
v -78.47790429 0.77336054 240.57807056
v -78.54499296 0.57214353 240.37243616
v -78.54499296 0.55431172 240.40579716
v -78.47790429 0.63416373 240.43887315
v -78.47790429 0.64400859 240.42045469
v -78.54499295 0.92555880 240.47964332
v -78.54499295 0.92185096 240.44199674
v -78.47790428 0.83708054 240.45885878
v -78.47790428 0.83912762 240.47964330
v -78.54499296 0.83979762 240.64009053
v -78.54499296 0.86904035 240.61609162
v -78.47790429 0.80792403 240.55497582
v -78.47790429 0.79177925 240.56822550
v -78.54499296 0.55431172 240.40579716
v -78.54499296 0.54333069 240.44199686
v -78.47790429 0.62810115 240.45885885
v -78.47790429 0.63416373 240.43887315
v -78.54499295 0.92185096 240.44199674
v -78.54499295 0.91086998 240.40579717
v -78.47790428 0.83101799 240.43887316
v -78.47790428 0.83708054 240.45885878
v -78.54499296 0.86904035 240.61609162
v -78.54499296 0.89303824 240.58685026
v -78.47790428 0.82117317 240.53883178
v -78.47790429 0.80792403 240.55497582
v -78.54499296 0.54333069 240.44199686
v -78.54499297 0.53962286 240.47964316
v -78.47790429 0.62605406 240.47964321
v -78.47790429 0.62810115 240.45885885
v -78.54499295 0.91086998 240.40579717
v -78.54499295 0.89303813 240.37243618
v -78.47790428 0.82117310 240.42045470
v -78.47790428 0.83101799 240.43887316
v -78.54499296 0.89303824 240.58685026
v -78.54499295 0.91087003 240.55348937
v -78.47790428 0.83101802 240.52041338
v -78.47790428 0.82117317 240.53883178
v -78.54499297 0.53962286 240.47964316
v -78.54499297 0.54333074 240.51728967
v -78.47790429 0.62810117 240.50042769
v -78.47790429 0.62605406 240.47964321
v -78.54499295 0.89303813 240.37243618
v -78.54499295 0.86904016 240.34319464
v -78.47790428 0.80792393 240.40431057
v -78.47790428 0.82117310 240.42045470
v -78.54499295 0.91087003 240.55348937
v -78.54499295 0.92185098 240.51728989
v -78.47790428 0.83708056 240.50042781
v -78.47790428 0.83101802 240.52041338
v -78.54499297 0.54333074 240.51728967
v -78.54499297 0.55431171 240.55348925
v -78.47790429 0.63416373 240.52041332
v -78.47790429 0.62810117 240.50042769
v -78.54499295 0.86904016 240.34319464
v -78.54499295 0.83979782 240.31919604
v -78.47790428 0.79177936 240.39106105
v -78.47790428 0.80792393 240.40431057
v -78.54499295 0.92185098 240.51728989
v -78.54499295 0.92555880 240.47964332
v -78.47790428 0.83912762 240.47964330
v -78.47790428 0.83708056 240.50042781
v -78.54499297 0.55431171 240.55348925
v -78.54499297 0.57214364 240.58685046
v -78.47790429 0.64400866 240.53883190
v -78.47790429 0.63416373 240.52041332
v -78.54499295 0.83979782 240.31919604
v -78.54499295 0.80643626 240.30136388
v -78.47790428 0.77336058 240.38121599
v -78.47790428 0.79177936 240.39106105
v -78.54499297 0.57214364 240.58685046
v -78.54499297 0.59614166 240.61609203
v -78.47790429 0.65725786 240.55497604
v -78.47790429 0.64400866 240.53883190
v -78.54499295 0.80643626 240.30136388
v -78.54499295 0.77023721 240.29038301
v -78.47790428 0.75337524 240.37515352
v -78.47790428 0.77336058 240.38121599
v -78.54499297 0.59614166 240.61609203
v -78.54499297 0.62538379 240.64009045
v -78.47790429 0.67340231 240.56822546
v -78.47790429 0.65725786 240.55497604
v -78.54499295 0.77023721 240.29038301
v -78.54499295 0.73259082 240.28667517
v -78.47790428 0.73259084 240.37310644
v -78.47790428 0.75337524 240.37515352
v -78.54499297 0.62538379 240.64009045
v -78.54499297 0.65874528 240.65792260
v -78.47790429 0.69182103 240.57807051
v -78.47790429 0.67340231 240.56822546
v -78.54499295 0.73259082 240.28667517
v -78.54499295 0.69494452 240.29038301
v -78.47790428 0.71180648 240.37515352
v -78.47790428 0.73259084 240.37310644
v -78.54499297 0.65874528 240.65792260
v -78.54499297 0.69494431 240.66890344
v -78.47790429 0.71180636 240.58413300
v -78.47790429 0.69182103 240.57807051
v -78.54499295 0.69494452 240.29038301
v -78.54499295 0.65874552 240.30136390
v -78.47790428 0.69182116 240.38121600
v -78.47790428 0.71180648 240.37515352
v -78.54499297 0.69494431 240.66890344
v -78.54499297 0.73259084 240.67261128
v -78.47790429 0.73259085 240.58618007
v -78.47790429 0.71180636 240.58413300
v -78.54499295 0.65874552 240.30136390
v -78.54499296 0.62538393 240.31919605
v -78.47790428 0.67340239 240.39106105
v -78.47790428 0.69182116 240.38121600
v -78.47790428 0.83708054 240.45885878
v -78.47790428 0.83101799 240.43887316
v -78.47790428 0.82117310 240.42045470
v -78.47790428 0.80792393 240.40431057
v -78.47790428 0.79177936 240.39106105
v -78.47790428 0.77336058 240.38121599
v -78.47790428 0.75337524 240.37515352
v -78.47790428 0.73259084 240.37310644
v -78.47790428 0.71180648 240.37515352
v -78.47790428 0.69182116 240.38121600
v -78.47790428 0.67340239 240.39106105
v -78.47790429 0.65725776 240.40431063
v -78.47790429 0.64400859 240.42045469
v -78.47790429 0.63416373 240.43887315
v -78.47790429 0.62810115 240.45885885
v -78.47790429 0.62605406 240.47964321
v -78.47790429 0.62810117 240.50042769
v -78.47790429 0.63416373 240.52041332
v -78.47790429 0.64400866 240.53883190
v -78.47790429 0.65725786 240.55497604
v -78.47790429 0.67340231 240.56822546
v -78.47790429 0.69182103 240.57807051
v -78.47790429 0.71180636 240.58413300
v -78.47790429 0.73259085 240.58618007
v -78.47790429 0.75337537 240.58413300
v -78.47790429 0.77336054 240.57807056
v -78.47790429 0.79177925 240.56822550
v -78.47790429 0.80792403 240.55497582
v -78.47790428 0.82117317 240.53883178
v -78.47790428 0.83101802 240.52041338
v -78.47790428 0.83708056 240.50042781
v -78.47790428 0.83912762 240.47964330
vt 0.00000000 1.00000000
vt 0.00000000 1.00000000
vt 0.00000000 1.00000000
vt 0.00000000 1.00000000
vt 0.00000000 1.00000000
vt 0.00000000 1.00000000
vt 0.00000000 1.00000000
vt 0.00000000 1.00000000
vt 0.00000000 1.00000000
vt 0.00000000 1.00000000
vt 0.00000000 1.00000000
vt 0.00000000 1.00000000
vt 0.00000000 1.00000000
vt 0.00000000 1.00000000
vt 0.00000000 1.00000000
vt 0.00000000 1.00000000
vt 0.00000000 1.00000000
vt 0.00000000 1.00000000
vt 0.00000000 1.00000000
vt 0.00000000 1.00000000
vt 0.00000000 1.00000000
vt 0.00000000 1.00000000
vt 0.00000000 1.00000000
vt 0.00000000 1.00000000
vt 0.00000000 1.00000000
vt 0.00000000 1.00000000
vt 0.00000000 1.00000000
vt 0.00000000 1.00000000
vt 0.00000000 1.00000000
vt 0.00000000 1.00000000
vt 0.00000000 1.00000000
vt 0.00000000 1.00000000
vt 0.00000000 1.00000000
vt 0.00000000 1.00000000
vt 0.00000000 1.00000000
vt 0.00000000 1.00000000
vt 0.00000000 1.00000000
vt 0.00000000 1.00000000
vt 0.00000000 1.00000000
vt 0.00000000 1.00000000
vt 0.00000000 1.00000000
vt 0.00000000 1.00000000
vt 0.00000000 1.00000000
vt 0.00000000 1.00000000
vt 0.00000000 1.00000000
vt 0.00000000 1.00000000
vt 0.00000000 1.00000000
vt 0.00000000 1.00000000
vt 0.00000000 1.00000000
vt 0.00000000 1.00000000
vt 0.00000000 1.00000000
vt 0.00000000 1.00000000
vt 0.00000000 1.00000000
vt 0.00000000 1.00000000
vt 0.00000000 1.00000000
vt 0.00000000 1.00000000
vt 0.00000000 1.00000000
vt 0.00000000 1.00000000
vt 0.00000000 1.00000000
vt 0.00000000 1.00000000
vt 0.00000000 1.00000000
vt 0.00000000 1.00000000
vt 0.00000000 1.00000000
vt 0.00000000 1.00000000
vt 0.00000000 1.00000000
vt 0.00000000 1.00000000
vt 0.00000000 1.00000000
vt 0.00000000 1.00000000
vt 0.00000000 1.00000000
vt 0.00000000 1.00000000
vt 0.00000000 1.00000000
vt 0.00000000 1.00000000
vt 0.00000000 1.00000000
vt 0.00000000 1.00000000
vt 0.00000000 1.00000000
vt 0.00000000 1.00000000
vt 0.00000000 1.00000000
vt 0.00000000 1.00000000
vt 0.00000000 1.00000000
vt 0.00000000 1.00000000
vt 0.00000000 1.00000000
vt 0.00000000 1.00000000
vt 0.00000000 1.00000000
vt 0.00000000 1.00000000
vt 0.00000000 1.00000000
vt 0.00000000 1.00000000
vt 0.00000000 1.00000000
vt 0.00000000 1.00000000
vt 0.00000000 1.00000000
vt 0.00000000 1.00000000
vt 0.00000000 1.00000000
vt 0.00000000 1.00000000
vt 0.00000000 1.00000000
vt 0.00000000 1.00000000
vt 0.00000000 1.00000000
vt 0.00000000 1.00000000
vt 0.00000000 1.00000000
vt 0.00000000 1.00000000
vt 0.00000000 1.00000000
vt 0.00000000 1.00000000
vt 0.00000000 1.00000000
vt 0.00000000 1.00000000
vt 0.00000000 1.00000000
vt 0.00000000 1.00000000
vt 0.00000000 1.00000000
vt 0.00000000 1.00000000
vt 0.00000000 1.00000000
vt 0.00000000 1.00000000
vt 0.00000000 1.00000000
vt 0.00000000 1.00000000
vt 0.00000000 1.00000000
vt 0.00000000 1.00000000
vt 0.00000000 1.00000000
vt 0.00000000 1.00000000
vt 0.00000000 1.00000000
vt 0.00000000 1.00000000
vt 0.00000000 1.00000000
vt 0.00000000 1.00000000
vt 0.00000000 1.00000000
vt 0.00000000 1.00000000
vt 0.00000000 1.00000000
vt 0.00000000 1.00000000
vt 0.00000000 1.00000000
vt 0.00000000 1.00000000
vt 0.00000000 1.00000000
vt 0.00000000 1.00000000
vt 0.00000000 1.00000000
vt 0.00000000 1.00000000
vt 0.00000000 1.00000000
vt 0.00000000 1.00000000
vt 0.00000000 1.00000000
vt 0.00000000 1.00000000
vt 0.00000000 1.00000000
vt 0.00000000 1.00000000
vt 0.00000000 1.00000000
vt 0.00000000 1.00000000
vt 0.00000000 1.00000000
vt 0.00000000 1.00000000
vt 0.00000000 1.00000000
vt 0.00000000 1.00000000
vt 0.00000000 1.00000000
vt 0.00000000 1.00000000
vt 0.00000000 1.00000000
vt 0.00000000 1.00000000
vt 0.00000000 1.00000000
vt 0.00000000 1.00000000
vt 0.00000000 1.00000000
vt 0.00000000 1.00000000
vt 0.00000000 1.00000000
vt 0.00000000 1.00000000
vt 0.00000000 1.00000000
vt 0.00000000 1.00000000
vt 0.00000000 1.00000000
vt 0.00000000 1.00000000
vt 0.00000000 1.00000000
vt 0.00000000 1.00000000
vt 0.00000000 1.00000000
vt 0.00000000 1.00000000
vt 0.00000000 1.00000000
vt 0.00000000 1.00000000
vt 0.00000000 1.00000000
vt 0.00000000 1.00000000
vt 0.00000000 1.00000000
vt 0.00000000 1.00000000
vt 0.00000000 1.00000000
vt 0.00000000 1.00000000
vt 0.00000000 1.00000000
vt 0.00000000 1.00000000
vt 0.00000000 1.00000000
vt 0.00000000 1.00000000
vt 0.00000000 1.00000000
vt 0.00000000 1.00000000
vt 0.00000000 1.00000000
vt 0.00000000 1.00000000
vt 0.00000000 1.00000000
vt 0.00000000 1.00000000
vt 0.00000000 1.00000000
vt 0.00000000 1.00000000
vt 0.00000000 1.00000000
vt 0.00000000 1.00000000
vt 0.00000000 1.00000000
vt 0.00000000 1.00000000
vt 0.00000000 1.00000000
vt 0.00000000 1.00000000
vt 0.00000000 1.00000000
vt 0.00000000 1.00000000
vt 0.00000000 1.00000000
vt 0.00000000 1.00000000
vt 0.00000000 1.00000000
vt 0.00000000 1.00000000
vt 0.00000000 1.00000000
vt 0.00000000 1.00000000
vt 0.00000000 1.00000000
vt 0.00000000 1.00000000
vt 0.00000000 1.00000000
vt 0.00000000 1.00000000
vt 0.00000000 1.00000000
vt 0.00000000 1.00000000
vt 0.00000000 1.00000000
vt 0.00000000 1.00000000
vt 0.00000000 1.00000000
vt 0.00000000 1.00000000
vt 0.00000000 1.00000000
vt 0.00000000 1.00000000
vt 0.00000000 1.00000000
vt 0.00000000 1.00000000
vt 0.00000000 1.00000000
vt 0.00000000 1.00000000
vt 0.00000000 1.00000000
vt 0.00000000 1.00000000
vt 0.00000000 1.00000000
vt 0.00000000 1.00000000
vt 0.00000000 1.00000000
vt 0.00000000 1.00000000
vt 0.00000000 1.00000000
vt 0.00000000 1.00000000
vt 0.00000000 1.00000000
vt 0.00000000 1.00000000
vt 0.00000000 1.00000000
vt 0.00000000 1.00000000
vt 0.00000000 1.00000000
vt 0.00000000 1.00000000
vt 0.00000000 1.00000000
vt 0.00000000 1.00000000
vt 0.00000000 1.00000000
vt 0.00000000 1.00000000
vt 0.00000000 1.00000000
vt 0.00000000 1.00000000
vt 0.00000000 1.00000000
vt 0.00000000 1.00000000
vt 0.00000000 1.00000000
vt 0.00000000 1.00000000
vt 0.00000000 1.00000000
vt 0.00000000 1.00000000
vt 0.00000000 1.00000000
vt 0.00000000 1.00000000
vt 0.00000000 1.00000000
vt 0.00000000 1.00000000
vt 0.00000000 1.00000000
vt 0.00000000 1.00000000
vt 0.00000000 1.00000000
vt 0.00000000 1.00000000
vt 0.00000000 1.00000000
vt 0.00000000 1.00000000
vt 0.00000000 1.00000000
vt 0.00000000 1.00000000
vt 0.00000000 1.00000000
vt 0.00000000 1.00000000
vt 0.00000000 1.00000000
vt 0.00000000 1.00000000
vt 0.00000000 1.00000000
vt 0.00000000 1.00000000
vt 0.00000000 1.00000000
vt 0.00000000 1.00000000
vt 0.00000000 1.00000000
vt 0.00000000 1.00000000
vt 0.00000000 1.00000000
vt 0.00000000 1.00000000
vt 0.00000000 1.00000000
vt 0.00000000 1.00000000
vt 0.00000000 1.00000000
vt 0.00000000 1.00000000
vt 0.00000000 1.00000000
vt 0.00000000 1.00000000
vt 0.00000000 1.00000000
vt 0.00000000 1.00000000
vt 0.00000000 1.00000000
vt 0.00000000 1.00000000
vt 0.00000000 1.00000000
vt 0.00000000 1.00000000
vt 0.00000000 1.00000000
vt 0.00000000 1.00000000
vt 0.00000000 1.00000000
vt 0.00000000 1.00000000
vt 0.00000000 1.00000000
vt 0.00000000 1.00000000
vt 0.00000000 1.00000000
vt 0.00000000 1.00000000
vt 0.00000000 1.00000000
vt 0.00000000 1.00000000
vt 0.00000000 1.00000000
vt 0.00000000 1.00000000
vt 0.00000000 1.00000000
vt 0.00000000 1.00000000
vt 0.00000000 1.00000000
vt 0.00000000 1.00000000
vt 0.00000000 1.00000000
vt 0.00000000 1.00000000
vt 0.00000000 1.00000000
vt 0.00000000 1.00000000
vt 0.00000000 1.00000000
vt 0.00000000 1.00000000
vt 0.00000000 1.00000000
vt 0.00000000 1.00000000
vt 0.00000000 1.00000000
vt 0.00000000 1.00000000
vt 0.00000000 1.00000000
vt 0.00000000 1.00000000
vt 0.00000000 1.00000000
vt 0.00000000 1.00000000
vt 0.00000000 1.00000000
vt 0.00000000 1.00000000
vt 0.00000000 1.00000000
vt 0.00000000 1.00000000
vt 0.00000000 1.00000000
vt 0.00000000 1.00000000
vt 0.00000000 1.00000000
vt 0.00000000 1.00000000
vt 0.00000000 1.00000000
vt 0.00000000 1.00000000
vt 0.00000000 1.00000000
vt 0.00000000 1.00000000
vt 0.00000000 1.00000000
vt 0.00000000 1.00000000
vt 0.00000000 1.00000000
vt 0.00000000 1.00000000
vt 0.00000000 1.00000000
vt 0.00000000 1.00000000
vt 0.00000000 1.00000000
vt 0.00000000 1.00000000
vt 0.00000000 1.00000000
vt 0.00000000 1.00000000
vt 0.00000000 1.00000000
vt 0.00000000 1.00000000
vt 0.00000000 1.00000000
vt 0.00000000 1.00000000
vt 0.00000000 1.00000000
vt 0.00000000 1.00000000
vt 0.00000000 1.00000000
vt 0.00000000 1.00000000
vt 0.00000000 1.00000000
vt 0.00000000 1.00000000
vt 0.00000000 1.00000000
vt 0.00000000 1.00000000
vt 0.00000000 1.00000000
vt 0.00000000 1.00000000
vt 0.00000000 1.00000000
vt 0.00000000 1.00000000
vt 0.00000000 1.00000000
vt 0.00000000 1.00000000
vt 0.00000000 1.00000000
vt 0.00000000 1.00000000
vt 0.00000000 1.00000000
vt 0.00000000 1.00000000
vt 0.00000000 1.00000000
vt 0.00000000 1.00000000
vt 0.00000000 1.00000000
vt 0.00000000 1.00000000
vt 0.00000000 1.00000000
vt 0.00000000 1.00000000
vt 0.00000000 1.00000000
vt 0.00000000 1.00000000
vt 0.00000000 1.00000000
vt 0.00000000 1.00000000
vt 0.00000000 1.00000000
vt 0.00000000 1.00000000
vt 0.00000000 1.00000000
vt 0.00000000 1.00000000
vt 0.00000000 1.00000000
vt 0.00000000 1.00000000
vt 0.00000000 1.00000000
vt 0.00000000 1.00000000
vt 0.00000000 1.00000000
vt 0.00000000 1.00000000
vt 0.00000000 1.00000000
vt 0.00000000 1.00000000
vt 0.00000000 1.00000000
vt 0.00000000 1.00000000
vt 0.00000000 1.00000000
vt 0.00000000 1.00000000
vt 0.00000000 1.00000000
vt 0.00000000 1.00000000
vt 0.00000000 1.00000000
vt 0.00000000 1.00000000
vt 0.00000000 1.00000000
vt 0.00000000 1.00000000
vt 0.00000000 1.00000000
vt 0.00000000 1.00000000
vt 0.00000000 1.00000000
vt 0.00000000 1.00000000
vt 0.00000000 1.00000000
vt 0.00000000 1.00000000
vt 0.00000000 1.00000000
vt 0.00000000 1.00000000
vt 0.00000000 1.00000000
vt 0.00000000 1.00000000
vt 0.00000000 1.00000000
vt 0.00000000 1.00000000
vt 0.00000000 1.00000000
vt 0.00000000 1.00000000
vt 0.00000000 1.00000000
vt 0.00000000 1.00000000
vt 0.00000000 1.00000000
vt 0.00000000 1.00000000
vt 0.00000000 1.00000000
vt 0.00000000 1.00000000
vt 0.00000000 1.00000000
vt 0.00000000 1.00000000
vt 0.00000000 1.00000000
vt 0.00000000 1.00000000
vt 0.00000000 1.00000000
vt 0.00000000 1.00000000
vt 0.00000000 1.00000000
vt 0.00000000 1.00000000
vt 0.00000000 1.00000000
vt 0.00000000 1.00000000
vt 0.00000000 1.00000000
vt 0.00000000 1.00000000
vt 0.00000000 1.00000000
vt 0.00000000 1.00000000
vt 0.00000000 1.00000000
vt 0.00000000 1.00000000
vt 0.00000000 1.00000000
vt 0.00000000 1.00000000
vt 0.00000000 1.00000000
vt 0.00000000 1.00000000
vt 0.00000000 1.00000000
vt 0.00000000 1.00000000
vt 0.00000000 1.00000000
vt 0.00000000 1.00000000
vt 0.00000000 1.00000000
vt 0.00000000 1.00000000
vt 0.00000000 1.00000000
vt 0.00000000 1.00000000
vt 0.00000000 1.00000000
vt 0.00000000 1.00000000
vt 0.00000000 1.00000000
vt 0.00000000 1.00000000
vt 0.00000000 1.00000000
vt 0.00000000 1.00000000
vt 0.00000000 1.00000000
vt 0.00000000 1.00000000
vt 0.00000000 1.00000000
vt 0.00000000 1.00000000
vt 0.00000000 1.00000000
vt 0.00000000 1.00000000
vt 0.00000000 1.00000000
vt 0.00000000 1.00000000
vt 0.00000000 1.00000000
vt 0.00000000 1.00000000
vt 0.00000000 1.00000000
vt 0.00000000 1.00000000
vt 0.00000000 1.00000000
vt 0.00000000 1.00000000
vt 0.00000000 1.00000000
vt 0.00000000 1.00000000
vt 0.00000000 1.00000000
vt 0.00000000 1.00000000
vt 0.00000000 1.00000000
vt 0.00000000 1.00000000
vt 0.00000000 1.00000000
vt 0.00000000 1.00000000
vt 0.00000000 1.00000000
vt 0.00000000 1.00000000
vt 0.00000000 1.00000000
vt 0.00000000 1.00000000
vt 0.00000000 1.00000000
vt 0.00000000 1.00000000
vt 0.00000000 1.00000000
vt 0.00000000 1.00000000
vt 0.00000000 1.00000000
vt 0.00000000 1.00000000
vt 0.00000000 1.00000000
vt 0.00000000 1.00000000
vt 0.00000000 1.00000000
vt 0.00000000 1.00000000
vt 0.00000000 1.00000000
vt 0.00000000 1.00000000
vt 0.00000000 1.00000000
vt 0.00000000 1.00000000
vt 0.00000000 1.00000000
vt 0.00000000 1.00000000
vt 0.00000000 1.00000000
vt 0.00000000 1.00000000
vt 0.00000000 1.00000000
vt 0.00000000 1.00000000
vt 0.00000000 1.00000000
vt 0.00000000 1.00000000
vt 0.00000000 1.00000000
vt 0.00000000 1.00000000
vt 0.00000000 1.00000000
vt 0.00000000 1.00000000
vt 0.00000000 1.00000000
vt 0.00000000 1.00000000
vt 0.00000000 1.00000000
vt 0.00000000 1.00000000
vt 0.00000000 1.00000000
vt 0.00000000 1.00000000
vt 0.00000000 1.00000000
vt 0.00000000 1.00000000
vt 0.00000000 1.00000000
vt 0.00000000 1.00000000
f 6537/6537 6538/6538 6539/6539
f 6537/6537 6539/6539 6540/6540
f 6541/6541 6542/6542 6543/6543
f 6541/6541 6543/6543 6544/6544
f 6545/6545 6541/6541 6544/6544
f 6545/6545 6544/6544 6546/6546
f 6547/6547 6545/6545 6546/6546
f 6547/6547 6546/6546 6548/6548
f 6549/6549 6550/6550 6551/6551
f 6549/6549 6551/6551 6552/6552
f 6553/6553 6554/6554 6555/6555
f 6553/6553 6555/6555 6556/6556
f 6557/6557 6558/6558 6559/6559
f 6557/6557 6559/6559 6560/6560
f 6561/6561 6562/6562 6563/6563
f 6561/6561 6563/6563 6564/6564
f 6565/6565 6561/6561 6564/6564
f 6565/6565 6564/6564 6566/6566
f 6567/6567 6568/6568 6569/6569
f 6567/6567 6569/6569 6570/6570
f 6571/6571 6572/6572 6573/6573
f 6571/6571 6573/6573 6574/6574
f 6575/6575 6576/6576 6577/6577
f 6575/6575 6577/6577 6578/6578
f 6579/6579 6580/6580 6581/6581
f 6579/6579 6581/6581 6582/6582
f 6583/6583 6584/6584 6585/6585
f 6583/6583 6585/6585 6586/6586
f 6587/6587 6583/6583 6586/6586
f 6587/6587 6586/6586 6588/6588
f 6589/6589 6590/6590 6591/6591
f 6589/6589 6591/6591 6592/6592
f 6593/6593 6594/6594 6595/6595
f 6593/6593 6595/6595 6596/6596
f 6597/6597 6598/6598 6599/6599
f 6597/6597 6599/6599 6600/6600
f 6601/6601 6597/6597 6600/6600
f 6601/6601 6600/6600 6602/6602
f 6603/6603 6601/6601 6602/6602
f 6603/6603 6602/6602 6604/6604
f 6605/6605 6606/6606 6607/6607
f 6605/6605 6607/6607 6608/6608
f 6609/6609 6610/6610 6611/6611
f 6609/6609 6611/6611 6612/6612
f 6613/6613 6614/6614 6615/6615
f 6613/6613 6615/6615 6616/6616
f 6617/6617 6618/6618 6619/6619
f 6617/6617 6619/6619 6620/6620
f 6621/6621 6617/6617 6620/6620
f 6621/6621 6620/6620 6622/6622
f 6623/6623 6624/6624 6625/6625
f 6623/6623 6625/6625 6626/6626
f 6627/6627 6628/6628 6629/6629
f 6627/6627 6629/6629 6630/6630
f 6631/6631 6632/6632 6633/6633
f 6631/6631 6633/6633 6634/6634
f 6635/6635 6636/6636 6637/6637
f 6635/6635 6637/6637 6638/6638
f 6639/6639 6640/6640 6641/6641
f 6639/6639 6641/6641 6642/6642
f 6643/6643 6644/6644 6645/6645
f 6643/6643 6645/6645 6646/6646
f 6647/6647 6643/6643 6646/6646
f 6647/6647 6646/6646 6648/6648
f 6542/6542 6647/6647 6648/6648
f 6542/6542 6648/6648 6543/6543
f 6649/6649 6650/6650 6651/6651
f 6649/6649 6651/6651 6652/6652
f 6653/6653 6654/6654 6655/6655
f 6653/6653 6655/6655 6656/6656
f 6657/6657 6658/6658 6659/6659
f 6657/6657 6659/6659 6660/6660
f 6661/6661 6662/6662 6663/6663
f 6661/6661 6663/6663 6664/6664
f 6665/6665 6666/6666 6667/6667
f 6665/6665 6667/6667 6668/6668
f 6669/6669 6670/6670 6671/6671
f 6669/6669 6671/6671 6672/6672
f 6673/6673 6669/6669 6672/6672
f 6673/6673 6672/6672 6674/6674
f 6675/6675 6673/6673 6674/6674
f 6675/6675 6674/6674 6676/6676
f 6677/6677 6675/6675 6676/6676
f 6677/6677 6676/6676 6678/6678
f 6679/6679 6677/6677 6678/6678
f 6679/6679 6678/6678 6680/6680
f 6681/6681 6679/6679 6680/6680
f 6681/6681 6680/6680 6682/6682
f 6683/6683 6681/6681 6682/6682
f 6683/6683 6682/6682 6684/6684
f 6685/6685 6683/6683 6684/6684
f 6685/6685 6684/6684 6686/6686
f 6687/6687 6688/6688 6689/6689
f 6687/6687 6689/6689 6690/6690
f 6691/6691 6692/6692 6693/6693
f 6691/6691 6693/6693 6694/6694
f 6695/6695 6696/6696 6697/6697
f 6695/6695 6697/6697 6698/6698
f 6699/6699 6700/6700 6701/6701
f 6699/6699 6701/6701 6702/6702
f 6703/6703 6704/6704 6705/6705
f 6703/6703 6705/6705 6706/6706
f 6707/6707 6708/6708 6709/6709
f 6707/6707 6709/6709 6710/6710
f 6711/6711 6712/6712 6713/6713
f 6711/6711 6713/6713 6714/6714
f 6715/6715 6716/6716 6717/6717
f 6715/6715 6717/6717 6718/6718
f 6719/6719 6715/6715 6718/6718
f 6719/6719 6718/6718 6720/6720
f 6721/6721 6719/6719 6720/6720
f 6721/6721 6720/6720 6722/6722
f 6723/6723 6721/6721 6722/6722
f 6723/6723 6722/6722 6724/6724
f 6725/6725 6723/6723 6724/6724
f 6725/6725 6724/6724 6726/6726
f 6727/6727 6728/6728 6729/6729
f 6727/6727 6729/6729 6730/6730
f 6731/6731 6732/6732 6733/6733
f 6731/6731 6733/6733 6734/6734
f 6735/6735 6731/6731 6734/6734
f 6735/6735 6734/6734 6736/6736
f 6737/6737 6735/6735 6736/6736
f 6737/6737 6736/6736 6738/6738
f 6739/6739 6740/6740 6741/6741
f 6739/6739 6741/6741 6742/6742
f 6743/6743 6744/6744 6745/6745
f 6743/6743 6745/6745 6746/6746
f 6747/6747 6748/6748 6749/6749
f 6747/6747 6749/6749 6750/6750
f 6751/6751 6752/6752 6753/6753
f 6751/6751 6753/6753 6754/6754
f 6755/6755 6756/6756 6757/6757
f 6755/6755 6757/6757 6758/6758
f 6759/6759 6760/6760 6761/6761
f 6759/6759 6761/6761 6762/6762
f 6763/6763 6764/6764 6765/6765
f 6763/6763 6765/6765 6766/6766
f 6767/6767 6768/6768 6769/6769
f 6767/6767 6769/6769 6770/6770
f 6771/6771 6772/6772 6773/6773
f 6771/6771 6773/6773 6774/6774
f 6775/6775 6776/6776 6777/6777
f 6775/6775 6777/6777 6778/6778
f 6779/6779 6780/6780 6781/6781
f 6779/6779 6781/6781 6782/6782
f 6783/6783 6784/6784 6785/6785
f 6783/6783 6785/6785 6786/6786
f 6787/6787 6788/6788 6789/6789
f 6787/6787 6789/6789 6790/6790
f 6791/6791 6792/6792 6793/6793
f 6791/6791 6793/6793 6794/6794
f 6795/6795 6796/6796 6797/6797
f 6795/6795 6797/6797 6798/6798
f 6799/6799 6800/6800 6801/6801
f 6799/6799 6801/6801 6802/6802
f 6803/6803 6804/6804 6805/6805
f 6803/6803 6805/6805 6806/6806
f 6807/6807 6808/6808 6809/6809
f 6807/6807 6809/6809 6810/6810
f 6811/6811 6812/6812 6813/6813
f 6811/6811 6813/6813 6814/6814
f 6815/6815 6816/6816 6817/6817
f 6815/6815 6817/6817 6818/6818
f 6819/6819 6820/6820 6821/6821
f 6819/6819 6821/6821 6822/6822
f 6823/6823 6824/6824 6825/6825
f 6823/6823 6825/6825 6826/6826
f 6827/6827 6828/6828 6829/6829
f 6827/6827 6829/6829 6830/6830
f 6831/6831 6832/6832 6833/6833
f 6831/6831 6833/6833 6834/6834
f 6835/6835 6836/6836 6837/6837
f 6835/6835 6837/6837 6838/6838
f 6839/6839 6840/6840 6841/6841
f 6839/6839 6841/6841 6842/6842
f 6843/6843 6844/6844 6845/6845
f 6843/6843 6845/6845 6846/6846
f 6847/6847 6843/6843 6846/6846
f 6847/6847 6846/6846 6848/6848
f 6849/6849 6847/6847 6848/6848
f 6849/6849 6848/6848 6850/6850
f 6851/6851 6849/6849 6850/6850
f 6851/6851 6850/6850 6852/6852
f 6853/6853 6854/6854 6855/6855
f 6853/6853 6855/6855 6856/6856
f 6857/6857 6858/6858 6859/6859
f 6857/6857 6859/6859 6860/6860
f 6861/6861 6862/6862 6863/6863
f 6861/6861 6863/6863 6864/6864
f 6865/6865 6866/6866 6867/6867
f 6865/6865 6867/6867 6868/6868
f 6869/6869 6870/6870 6871/6871
f 6869/6869 6871/6871 6872/6872
f 6873/6873 6874/6874 6875/6875
f 6873/6873 6875/6875 6876/6876
f 6877/6877 6878/6878 6879/6879
f 6877/6877 6879/6879 6880/6880
f 6881/6881 6882/6882 6883/6883
f 6881/6881 6883/6883 6884/6884
f 6885/6885 6886/6886 6887/6887
f 6885/6885 6887/6887 6888/6888
f 6889/6889 6890/6890 6891/6891
f 6889/6889 6891/6891 6892/6892
f 6893/6893 6894/6894 6895/6895
f 6893/6893 6895/6895 6896/6896
f 6897/6897 6898/6898 6899/6899
f 6897/6897 6899/6899 6900/6900
f 6901/6901 6902/6902 6903/6903
f 6901/6901 6903/6903 6904/6904
f 6905/6905 6906/6906 6907/6907
f 6905/6905 6907/6907 6908/6908
f 6909/6909 6910/6910 6911/6911
f 6909/6909 6911/6911 6912/6912
f 6913/6913 6914/6914 6915/6915
f 6913/6913 6915/6915 6916/6916
f 6917/6917 6918/6918 6919/6919
f 6917/6917 6919/6919 6920/6920
f 6921/6921 6922/6922 6923/6923
f 6921/6921 6923/6923 6924/6924
f 6925/6925 6926/6926 6927/6927
f 6925/6925 6927/6927 6928/6928
f 6929/6929 6930/6930 6931/6931
f 6929/6929 6931/6931 6932/6932
f 6933/6933 6934/6934 6935/6935
f 6933/6933 6935/6935 6936/6936
f 6937/6937 6938/6938 6939/6939
f 6937/6937 6939/6939 6940/6940
f 6941/6941 6942/6942 6943/6943
f 6941/6941 6943/6943 6944/6944
f 6945/6945 6946/6946 6947/6947
f 6945/6945 6947/6947 6948/6948
f 6949/6949 6950/6950 6951/6951
f 6949/6949 6951/6951 6952/6952
f 6953/6953 6954/6954 6955/6955
f 6953/6953 6955/6955 6956/6956
f 6957/6957 6958/6958 6959/6959
f 6957/6957 6959/6959 6960/6960
f 6961/6961 6962/6962 6963/6963
f 6961/6961 6963/6963 6964/6964
f 6965/6965 6966/6966 6967/6967
f 6965/6965 6967/6967 6968/6968
f 6969/6969 6970/6970 6971/6971
f 6969/6969 6971/6971 6972/6972
f 6973/6973 6974/6974 6975/6975
f 6973/6973 6975/6975 6976/6976
f 6977/6977 6978/6978 6979/6979
f 6977/6977 6979/6979 6980/6980
f 6981/6981 6982/6982 6983/6983
f 6981/6981 6983/6983 6984/6984
f 6985/6985 6986/6986 6987/6987
f 6985/6985 6987/6987 6988/6988
f 6989/6989 6990/6990 6991/6991
f 6989/6989 6991/6991 6992/6992
f 6993/6993 6994/6994 6995/6995
f 6993/6993 6995/6995 6996/6996
f 6997/6997 7027/7027 7028/7028
f 7027/7027 6997/6997 7026/7026
f 7026/7026 6997/6997 6998/6998
f 7026/7026 6998/6998 7025/7025
f 7025/7025 6998/6998 6999/6999
f 7025/7025 6999/6999 7024/7024
f 7024/7024 6999/6999 7000/7000
f 7024/7024 7000/7000 7023/7023
f 7023/7023 7000/7000 7001/7001
f 7023/7023 7001/7001 7002/7002
f 7023/7023 7002/7002 7022/7022
f 7022/7022 7002/7002 7003/7003
f 7022/7022 7003/7003 7021/7021
f 7021/7021 7003/7003 7020/7020
f 7020/7020 7003/7003 7004/7004
f 7020/7020 7004/7004 7019/7019
f 7019/7019 7004/7004 7005/7005
f 7019/7019 7005/7005 7006/7006
f 7019/7019 7006/7006 7018/7018
f 7018/7018 7006/7006 7007/7007
f 7018/7018 7007/7007 7017/7017
f 7017/7017 7007/7007 7008/7008
f 7017/7017 7008/7008 7016/7016
f 7016/7016 7008/7008 7015/7015
f 7015/7015 7008/7008 7009/7009
f 7015/7015 7009/7009 7014/7014
f 7014/7014 7009/7009 7010/7010
f 7014/7014 7010/7010 7011/7011
f 7014/7014 7011/7011 7013/7013
f 7013/7013 7011/7011 7012/7012

o BUS_red lightr_0
usemtl red_lightr
v -82.61287667 1.11447202 251.26371950
v -82.34481596 1.11447202 251.26371950
v -82.34481596 1.11447202 251.32999976
v -82.61287667 1.11447202 251.32999976
v -82.34481758 1.46456713 251.26371950
v -82.61287667 1.46457278 251.26371950
v -82.61287667 1.46457278 251.32999976
v -82.34481758 1.46456713 251.32999976
v -82.61287667 1.11447202 251.32999976
v -82.34481596 1.11447202 251.32999976
v -82.34481758 1.46456713 251.32999976
v -82.61287667 1.46457278 251.32999976
v -79.32934152 1.11447195 251.32999976
v -79.08014706 1.11447195 251.32999976
v -79.08014706 1.46457579 251.32999976
v -79.32933975 1.46456948 251.32999976
v -79.32934152 1.11447195 251.26371950
v -79.08014706 1.11447195 251.26371950
v -79.08014706 1.11447195 251.32999976
v -79.32934152 1.11447195 251.32999976
v -79.08014706 1.46457579 251.26371950
v -79.32933975 1.46456948 251.26371950
v -79.32933975 1.46456948 251.32999976
v -79.08014706 1.46457579 251.32999976
v -82.34481596 1.11447202 251.26371950
v -82.34481758 1.46456713 251.26371950
v -82.34481758 1.46456713 251.32999976
v -82.34481596 1.11447202 251.32999976
v -79.32933975 1.46456948 251.26371950
v -79.32934152 1.11447195 251.26371950
v -79.32934152 1.11447195 251.32999976
v -79.32933975 1.46456948 251.32999976
v -79.08014706 1.11447195 251.26371950
v -79.08014706 1.46457579 251.26371950
v -79.08014706 1.46457579 251.32999976
v -79.08014706 1.11447195 251.32999976
v -82.61287667 1.46457278 251.26371950
v -82.61287667 1.11447202 251.26371950
v -82.61287667 1.11447202 251.32999976
v -82.61287667 1.46457278 251.32999976
vt 0.11032636 1.00000000
vt 0.16946265 1.00000000
vt 0.16946265 1.00000000
vt 0.11032636 1.00000000
vt 0.16946226 1.00000000
vt 0.11032636 1.00000000
vt 0.11032636 1.00000000
vt 0.16946226 1.00000000
vt 0.11032636 1.00000000
vt 0.16946265 1.00000000
vt 0.16946226 1.00000000
vt 0.11032636 1.00000000
vt 0.83469945 1.00000000
vt 0.88967377 1.00000000
vt 0.88967371 1.00000000
vt 0.83469981 1.00000000
vt 0.83469945 1.00000000
vt 0.88967377 1.00000000
vt 0.88967377 1.00000000
vt 0.83469945 1.00000000
vt 0.88967371 1.00000000
vt 0.83469981 1.00000000
vt 0.83469981 1.00000000
vt 0.88967371 1.00000000
vt 0.16946265 1.00000000
vt 0.16946226 1.00000000
vt 0.16946226 1.00000000
vt 0.16946265 1.00000000
vt 0.83469981 1.00000000
vt 0.83469945 1.00000000
vt 0.83469945 1.00000000
vt 0.83469981 1.00000000
vt 0.88967377 1.00000000
vt 0.88967371 1.00000000
vt 0.88967371 1.00000000
vt 0.88967377 1.00000000
vt 0.11032636 1.00000000
vt 0.11032636 1.00000000
vt 0.11032636 1.00000000
vt 0.11032636 1.00000000
f 7029/7029 7030/7030 7031/7031
f 7029/7029 7031/7031 7032/7032
f 7033/7033 7034/7034 7035/7035
f 7033/7033 7035/7035 7036/7036
f 7037/7037 7038/7038 7039/7039
f 7037/7037 7039/7039 7040/7040
f 7041/7041 7042/7042 7043/7043
f 7041/7041 7043/7043 7044/7044
f 7045/7045 7046/7046 7047/7047
f 7045/7045 7047/7047 7048/7048
f 7049/7049 7050/7050 7051/7051
f 7049/7049 7051/7051 7052/7052
f 7053/7053 7054/7054 7055/7055
f 7053/7053 7055/7055 7056/7056
f 7057/7057 7058/7058 7059/7059
f 7057/7057 7059/7059 7060/7060
f 7061/7061 7062/7062 7063/7063
f 7061/7061 7063/7063 7064/7064
f 7065/7065 7066/7066 7067/7067
f 7065/7065 7067/7067 7068/7068

o BUS_gray_0
usemtl gray
v -79.08014706 2.20446326 251.30747295
v -79.08014706 1.85436977 251.30747295
v -79.05181434 1.86380525 251.30747295
v -79.05181434 2.23279598 251.30747295
v -79.35767042 1.86381920 251.26371950
v -79.35767056 1.83733483 251.26371950
v -79.35767056 1.83733483 251.30747295
v -79.35767042 1.86381920 251.30747295
v -79.08014706 2.20446326 251.26371950
v -79.08014706 1.85436977 251.26371950
v -79.08014706 1.85436977 251.30747295
v -79.08014706 2.20446326 251.30747295
v -82.61287667 1.82789010 251.26371950
v -82.34481934 1.82788731 251.26371950
v -82.34481934 1.82788731 251.30747295
v -82.61287667 1.82789010 251.30747295
v -82.64120939 1.48157695 251.26371950
v -82.64120939 1.45513936 251.26371950
v -82.64120939 1.45513936 251.30747295
v -82.64120939 1.48157695 251.30747295
v -82.34481963 1.85437843 251.26371950
v -82.61287667 1.85437564 251.26371950
v -82.61287667 1.85437564 251.30747295
v -82.34481963 1.85437843 251.30747295
v -79.35766851 2.23279598 251.26371950
v -79.35767042 1.86381920 251.26371950
v -79.35767042 1.86381920 251.30747295
v -79.35766851 2.23279598 251.30747295
v -79.32933770 1.85437403 251.26371950
v -79.32933593 2.20446326 251.26371950
v -79.32933593 2.20446326 251.30747295
v -79.32933770 1.85437403 251.30747295
v -79.05181434 1.45514340 251.26371950
v -79.05181434 1.48157276 251.26371950
v -79.05181434 1.48157276 251.30747295
v -79.05181434 1.45514340 251.30747295
v -82.61287667 1.46457278 251.26371950
v -82.34481758 1.46456713 251.26371950
v -82.34481758 1.46456713 251.30747295
v -82.61287667 1.46457278 251.30747295
v -79.35767056 1.83733483 251.26371950
v -79.35767233 1.48159384 251.26371950
v -79.35767233 1.48159384 251.30747295
v -79.35767056 1.83733483 251.30747295
v -79.05181434 1.83734878 251.26371950
v -79.05181434 1.83734878 251.30747295
v -79.32933946 1.49103527 251.26371950
v -79.32933784 1.82789157 251.26371950
v -79.32933784 1.82789157 251.30747295
v -79.32933946 1.49103527 251.30747295
v -82.34481787 1.49103762 251.26371950
v -82.61287667 1.49103196 251.26371950
v -82.61287667 1.49103196 251.30747295
v -82.34481787 1.49103762 251.30747295
v -79.35767233 1.48159384 251.26371950
v -79.35767262 1.45512247 251.26371950
v -79.35767262 1.45512247 251.30747295
v -79.35767233 1.48159384 251.30747295
v -79.32934152 1.11447195 251.26371950
v -79.32933975 1.46456948 251.26371950
v -79.32933975 1.46456948 251.30747295
v -79.32934152 1.11447195 251.30747295
v -79.35767262 1.45512247 251.26371950
v -79.35767438 1.08613923 251.26371950
v -79.35767438 1.08613923 251.30747295
v -79.35767262 1.45512247 251.30747295
v -82.31648471 1.45512085 251.26371950
v -82.31648500 1.48159546 251.26371950
v -82.31648500 1.48159546 251.30747295
v -82.31648471 1.45512085 251.30747295
v -79.32933593 2.20446326 251.26371950
v -79.08014706 2.20446326 251.26371950
v -79.08014706 2.20446326 251.30747295
v -79.32933593 2.20446326 251.30747295
v -82.34481758 1.46456713 251.26371950
v -82.34481596 1.11447202 251.26371950
v -82.34481596 1.11447202 251.30747295
v -82.34481758 1.46456713 251.30747295
v -79.08014706 1.11447195 251.26371950
v -79.32934152 1.11447195 251.26371950
v -79.32934152 1.11447195 251.30747295
v -79.08014706 1.11447195 251.30747295
v -82.34481934 1.82788731 251.26371950
v -82.34481787 1.49103762 251.26371950
v -82.34481787 1.49103762 251.30747295
v -82.34481934 1.82788731 251.30747295
v -79.05181434 1.86380525 251.26371950
v -79.05181434 1.86380525 251.30747295
v -82.31648309 1.08613923 251.26371950
v -82.31648471 1.45512085 251.26371950
v -82.31648471 1.45512085 251.30747295
v -82.31648309 1.08613923 251.30747295
v -79.32933784 1.82789157 251.26371950
v -79.08014706 1.82789583 251.26371950
v -79.08014706 1.82789583 251.30747295
v -79.32933784 1.82789157 251.30747295
v -79.05181434 2.23279598 251.26371950
v -79.05181434 2.23279598 251.30747295
v -82.61287667 2.20446326 251.26371950
v -82.34482125 2.20446326 251.26371950
v -82.34482125 2.20446326 251.30747295
v -82.61287667 2.20446326 251.30747295
v -82.34482125 2.20446326 251.26371950
v -82.34481963 1.85437843 251.26371950
v -82.34481963 1.85437843 251.30747295
v -82.34482125 2.20446326 251.30747295
v -82.64120939 2.23279598 251.26371950
v -82.64120939 1.86381332 251.26371950
v -82.64120939 1.86381332 251.30747295
v -82.64120939 2.23279598 251.30747295
v -82.61287667 1.11447202 251.30747295
v -82.61287667 1.46457278 251.30747295
v -82.64120939 1.45513936 251.30747295
v -82.64120939 1.08613923 251.30747295
v -82.34482125 2.20446326 251.30747295
v -82.34481963 1.85437843 251.30747295
v -82.31648691 1.86382228 251.30747295
v -82.31648868 2.23279598 251.30747295
v -79.32934152 1.11447195 251.30747295
v -79.32933975 1.46456948 251.30747295
v -79.35767262 1.45512247 251.30747295
v -79.35767438 1.08613923 251.30747295
v -82.34481596 1.11447202 251.30747295
v -82.31648309 1.08613923 251.30747295
v -82.61287667 2.20446326 251.30747295
v -82.34482125 2.20446326 251.30747295
v -82.31648868 2.23279598 251.30747295
v -82.64120939 2.23279598 251.30747295
v -79.08014706 1.11447195 251.30747295
v -79.32934152 1.11447195 251.30747295
v -79.35767438 1.08613923 251.30747295
v -79.05181434 1.08613923 251.30747295
v -79.32933593 2.20446326 251.30747295
v -79.35766851 2.23279598 251.30747295
v -79.32933946 1.49103527 251.30747295
v -79.32933784 1.82789157 251.30747295
v -79.35767056 1.83733483 251.30747295
v -79.35767233 1.48159384 251.30747295
v -79.32933770 1.85437403 251.30747295
v -79.32933593 2.20446326 251.30747295
v -79.35766851 2.23279598 251.30747295
v -79.35767042 1.86381920 251.30747295
v -82.34481934 1.82788731 251.30747295
v -82.34481787 1.49103762 251.30747295
v -82.31648500 1.48159546 251.30747295
v -82.31648677 1.83733174 251.30747295
v -82.34481758 1.46456713 251.30747295
v -82.34481596 1.11447202 251.30747295
v -82.31648309 1.08613923 251.30747295
v -82.31648471 1.45512085 251.30747295
v -82.61287667 1.49103196 251.30747295
v -82.61287667 1.82789010 251.30747295
v -82.64120939 1.83734070 251.30747295
v -82.64120939 1.48157695 251.30747295
v -82.61287667 1.85437564 251.30747295
v -82.64120939 1.86381332 251.30747295
v -79.08014706 1.82789583 251.30747295
v -79.08014706 1.49102902 251.30747295
v -79.05181434 1.48157276 251.30747295
v -79.05181434 1.83734878 251.30747295
v -79.08014706 1.46457579 251.30747295
v -79.05181434 1.45514340 251.30747295
v -79.32933946 1.49103527 251.30747295
v -79.35767233 1.48159384 251.30747295
v -79.35767262 1.45512247 251.30747295
v -79.32933975 1.46456948 251.30747295
v -79.32933770 1.85437403 251.30747295
v -79.35767042 1.86381920 251.30747295
v -79.35767056 1.83733483 251.30747295
v -79.32933784 1.82789157 251.30747295
v -82.34481934 1.82788731 251.30747295
v -82.31648677 1.83733174 251.30747295
v -82.31648691 1.86382228 251.30747295
v -82.34481963 1.85437843 251.30747295
v -82.34481758 1.46456713 251.30747295
v -82.31648471 1.45512085 251.30747295
v -82.31648500 1.48159546 251.30747295
v -82.34481787 1.49103762 251.30747295
v -82.61287667 1.49103196 251.30747295
v -79.08014706 1.49102902 251.30747295
v -79.05181434 1.08613923 251.26371950
v -79.05181434 1.08613923 251.30747295
v -79.08014706 1.82789583 251.26371950
v -79.08014706 1.49102902 251.26371950
v -79.08014706 1.49102902 251.30747295
v -79.08014706 1.82789583 251.30747295
v -79.08014706 1.46457579 251.26371950
v -79.08014706 1.11447195 251.26371950
v -79.08014706 1.11447195 251.30747295
v -79.08014706 1.46457579 251.30747295
v -82.64120939 1.08613923 251.26371950
v -82.31648309 1.08613923 251.26371950
v -82.31648309 1.08613923 251.30747295
v -82.64120939 1.08613923 251.30747295
v -82.64120939 1.83734070 251.26371950
v -82.64120939 1.83734070 251.30747295
v -82.61287667 1.11447202 251.26371950
v -82.61287667 1.46457278 251.26371950
v -82.61287667 1.46457278 251.30747295
v -82.61287667 1.11447202 251.30747295
v -79.08014706 1.49102902 251.26371950
v -79.32933946 1.49103527 251.26371950
v -79.32933946 1.49103527 251.30747295
v -79.08014706 1.49102902 251.30747295
v -82.31648868 2.23279598 251.26371950
v -82.64120939 2.23279598 251.26371950
v -82.64120939 2.23279598 251.30747295
v -82.31648868 2.23279598 251.30747295
v -82.64120939 1.08613923 251.26371950
v -82.64120939 1.08613923 251.30747295
v -82.61287667 1.49103196 251.26371950
v -82.61287667 1.82789010 251.26371950
v -82.61287667 1.82789010 251.30747295
v -82.61287667 1.49103196 251.30747295
v -79.32933975 1.46456948 251.26371950
v -79.08014706 1.46457579 251.26371950
v -79.08014706 1.46457579 251.30747295
v -79.32933975 1.46456948 251.30747295
v -82.31648677 1.83733174 251.26371950
v -82.31648691 1.86382228 251.26371950
v -82.31648691 1.86382228 251.30747295
v -82.31648677 1.83733174 251.30747295
v -82.31648691 1.86382228 251.26371950
v -82.31648868 2.23279598 251.26371950
v -82.31648868 2.23279598 251.30747295
v -82.31648691 1.86382228 251.30747295
v -79.35767438 1.08613923 251.26371950
v -79.05181434 1.08613923 251.26371950
v -79.05181434 1.08613923 251.30747295
v -79.35767438 1.08613923 251.30747295
v -82.61287667 1.85437564 251.26371950
v -82.61287667 2.20446326 251.26371950
v -82.61287667 2.20446326 251.30747295
v -82.61287667 1.85437564 251.30747295
v -82.34481596 1.11447202 251.26371950
v -82.61287667 1.11447202 251.26371950
v -82.61287667 1.11447202 251.30747295
v -82.34481596 1.11447202 251.30747295
v -79.08014706 1.85436977 251.26371950
v -79.32933770 1.85437403 251.26371950
v -79.32933770 1.85437403 251.30747295
v -79.08014706 1.85436977 251.30747295
v -82.31648500 1.48159546 251.26371950
v -82.31648677 1.83733174 251.26371950
v -82.31648677 1.83733174 251.30747295
v -82.31648500 1.48159546 251.30747295
v -79.05181434 2.23279598 251.26371950
v -79.35766851 2.23279598 251.26371950
v -79.35766851 2.23279598 251.30747295
v -79.05181434 2.23279598 251.30747295
vt 0.88967365 1.00000000
vt 0.88967371 1.00000000
vt 0.89592409 1.00000000
vt 0.89592409 1.00000000
vt 0.82844979 1.00000000
vt 0.82844979 1.00000000
vt 0.82844979 1.00000000
vt 0.82844979 1.00000000
vt 0.88967365 1.00000000
vt 0.88967371 1.00000000
vt 0.88967371 1.00000000
vt 0.88967365 1.00000000
vt 0.11032636 1.00000000
vt 0.16946186 1.00000000
vt 0.16946186 1.00000000
vt 0.11032636 1.00000000
vt 0.10407595 1.00000000
vt 0.10407595 1.00000000
vt 0.10407595 1.00000000
vt 0.10407595 1.00000000
vt 0.16946183 1.00000000
vt 0.11032636 1.00000000
vt 0.11032636 1.00000000
vt 0.16946183 1.00000000
vt 0.82845020 1.00000000
vt 0.82844979 1.00000000
vt 0.82844979 1.00000000
vt 0.82845020 1.00000000
vt 0.83470023 1.00000000
vt 0.83470058 1.00000000
vt 0.83470058 1.00000000
vt 0.83470023 1.00000000
vt 0.89592415 1.00000000
vt 0.89592415 1.00000000
vt 0.89592415 1.00000000
vt 0.89592415 1.00000000
vt 0.11032636 1.00000000
vt 0.16946226 1.00000000
vt 0.16946226 1.00000000
vt 0.11032636 1.00000000
vt 0.82844979 1.00000000
vt 0.82844943 1.00000000
vt 0.82844943 1.00000000
vt 0.82844979 1.00000000
vt 0.89592409 1.00000000
vt 0.89592409 1.00000000
vt 0.83469981 1.00000000
vt 0.83470023 1.00000000
vt 0.83470023 1.00000000
vt 0.83469981 1.00000000
vt 0.16946223 1.00000000
vt 0.11032636 1.00000000
vt 0.11032636 1.00000000
vt 0.16946223 1.00000000
vt 0.82844943 1.00000000
vt 0.82844937 1.00000000
vt 0.82844937 1.00000000
vt 0.82844943 1.00000000
vt 0.83469945 1.00000000
vt 0.83469981 1.00000000
vt 0.83469981 1.00000000
vt 0.83469945 1.00000000
vt 0.82844937 1.00000000
vt 0.82844895 1.00000000
vt 0.82844895 1.00000000
vt 0.82844937 1.00000000
vt 0.17571269 1.00000000
vt 0.17571266 1.00000000
vt 0.17571266 1.00000000
vt 0.17571269 1.00000000
vt 0.83470058 1.00000000
vt 0.88967365 1.00000000
vt 0.88967365 1.00000000
vt 0.83470058 1.00000000
vt 0.16946226 1.00000000
vt 0.16946265 1.00000000
vt 0.16946265 1.00000000
vt 0.16946226 1.00000000
vt 0.88967377 1.00000000
vt 0.83469945 1.00000000
vt 0.83469945 1.00000000
vt 0.88967377 1.00000000
vt 0.16946186 1.00000000
vt 0.16946223 1.00000000
vt 0.16946223 1.00000000
vt 0.16946186 1.00000000
vt 0.89592409 1.00000000
vt 0.89592409 1.00000000
vt 0.17571309 1.00000000
vt 0.17571269 1.00000000
vt 0.17571269 1.00000000
vt 0.17571309 1.00000000
vt 0.83470023 1.00000000
vt 0.88967371 1.00000000
vt 0.88967371 1.00000000
vt 0.83470023 1.00000000
vt 0.89592409 1.00000000
vt 0.89592409 1.00000000
vt 0.11032637 1.00000000
vt 0.16946146 1.00000000
vt 0.16946146 1.00000000
vt 0.11032637 1.00000000
vt 0.16946146 1.00000000
vt 0.16946183 1.00000000
vt 0.16946183 1.00000000
vt 0.16946146 1.00000000
vt 0.10407595 1.00000000
vt 0.10407595 1.00000000
vt 0.10407595 1.00000000
vt 0.10407595 1.00000000
vt 0.11032636 1.00000000
vt 0.11032636 1.00000000
vt 0.10407595 1.00000000
vt 0.10407595 1.00000000
vt 0.16946146 1.00000000
vt 0.16946183 1.00000000
vt 0.17571224 1.00000000
vt 0.17571186 1.00000000
vt 0.83469945 1.00000000
vt 0.83469981 1.00000000
vt 0.82844937 1.00000000
vt 0.82844895 1.00000000
vt 0.16946265 1.00000000
vt 0.17571309 1.00000000
vt 0.11032637 1.00000000
vt 0.16946146 1.00000000
vt 0.17571186 1.00000000
vt 0.10407595 1.00000000
vt 0.88967377 1.00000000
vt 0.83469945 1.00000000
vt 0.82844895 1.00000000
vt 0.89592421 1.00000000
vt 0.83470058 1.00000000
vt 0.82845020 1.00000000
vt 0.83469981 1.00000000
vt 0.83470023 1.00000000
vt 0.82844973 1.00000000
vt 0.82844937 1.00000000
vt 0.83470023 1.00000000
vt 0.83470058 1.00000000
vt 0.82845020 1.00000000
vt 0.82844979 1.00000000
vt 0.16946186 1.00000000
vt 0.16946223 1.00000000
vt 0.17571266 1.00000000
vt 0.17571227 1.00000000
vt 0.16946226 1.00000000
vt 0.16946265 1.00000000
vt 0.17571309 1.00000000
vt 0.17571269 1.00000000
vt 0.11032636 1.00000000
vt 0.11032636 1.00000000
vt 0.10407595 1.00000000
vt 0.10407595 1.00000000
vt 0.11032636 1.00000000
vt 0.10407595 1.00000000
vt 0.88967371 1.00000000
vt 0.88967371 1.00000000
vt 0.89592415 1.00000000
vt 0.89592409 1.00000000
vt 0.88967371 1.00000000
vt 0.89592415 1.00000000
vt 0.83469981 1.00000000
vt 0.82844937 1.00000000
vt 0.82844937 1.00000000
vt 0.83469981 1.00000000
vt 0.83470023 1.00000000
vt 0.82844979 1.00000000
vt 0.82844973 1.00000000
vt 0.83470023 1.00000000
vt 0.16946186 1.00000000
vt 0.17571227 1.00000000
vt 0.17571224 1.00000000
vt 0.16946183 1.00000000
vt 0.16946226 1.00000000
vt 0.17571269 1.00000000
vt 0.17571266 1.00000000
vt 0.16946223 1.00000000
vt 0.11032636 1.00000000
vt 0.88967365 1.00000000
vt 0.89592421 1.00000000
vt 0.89592421 1.00000000
vt 0.88967371 1.00000000
vt 0.88967365 1.00000000
vt 0.88967365 1.00000000
vt 0.88967371 1.00000000
vt 0.88967371 1.00000000
vt 0.88967377 1.00000000
vt 0.88967377 1.00000000
vt 0.88967371 1.00000000
vt 0.10407595 1.00000000
vt 0.17571309 1.00000000
vt 0.17571309 1.00000000
vt 0.10407595 1.00000000
vt 0.10407595 1.00000000
vt 0.10407595 1.00000000
vt 0.11032636 1.00000000
vt 0.11032636 1.00000000
vt 0.11032636 1.00000000
vt 0.11032636 1.00000000
vt 0.88967365 1.00000000
vt 0.83469981 1.00000000
vt 0.83469981 1.00000000
vt 0.88967365 1.00000000
vt 0.17571186 1.00000000
vt 0.10407595 1.00000000
vt 0.10407595 1.00000000
vt 0.17571186 1.00000000
vt 0.10407595 1.00000000
vt 0.10407595 1.00000000
vt 0.11032636 1.00000000
vt 0.11032636 1.00000000
vt 0.11032636 1.00000000
vt 0.11032636 1.00000000
vt 0.83469981 1.00000000
vt 0.88967371 1.00000000
vt 0.88967371 1.00000000
vt 0.83469981 1.00000000
vt 0.17571227 1.00000000
vt 0.17571224 1.00000000
vt 0.17571224 1.00000000
vt 0.17571227 1.00000000
vt 0.17571224 1.00000000
vt 0.17571186 1.00000000
vt 0.17571186 1.00000000
vt 0.17571224 1.00000000
vt 0.82844895 1.00000000
vt 0.89592421 1.00000000
vt 0.89592421 1.00000000
vt 0.82844895 1.00000000
vt 0.11032636 1.00000000
vt 0.11032637 1.00000000
vt 0.11032637 1.00000000
vt 0.11032636 1.00000000
vt 0.16946265 1.00000000
vt 0.11032636 1.00000000
vt 0.11032636 1.00000000
vt 0.16946265 1.00000000
vt 0.88967371 1.00000000
vt 0.83470023 1.00000000
vt 0.83470023 1.00000000
vt 0.88967371 1.00000000
vt 0.17571266 1.00000000
vt 0.17571227 1.00000000
vt 0.17571227 1.00000000
vt 0.17571266 1.00000000
vt 0.89592409 1.00000000
vt 0.82845020 1.00000000
vt 0.82845020 1.00000000
vt 0.89592409 1.00000000
f 7069/7069 7070/7070 7071/7071
f 7069/7069 7071/7071 7072/7072
f 7073/7073 7074/7074 7075/7075
f 7073/7073 7075/7075 7076/7076
f 7077/7077 7078/7078 7079/7079
f 7077/7077 7079/7079 7080/7080
f 7081/7081 7082/7082 7083/7083
f 7081/7081 7083/7083 7084/7084
f 7085/7085 7086/7086 7087/7087
f 7085/7085 7087/7087 7088/7088
f 7089/7089 7090/7090 7091/7091
f 7089/7089 7091/7091 7092/7092
f 7093/7093 7094/7094 7095/7095
f 7093/7093 7095/7095 7096/7096
f 7097/7097 7098/7098 7099/7099
f 7097/7097 7099/7099 7100/7100
f 7101/7101 7102/7102 7103/7103
f 7101/7101 7103/7103 7104/7104
f 7105/7105 7106/7106 7107/7107
f 7105/7105 7107/7107 7108/7108
f 7109/7109 7110/7110 7111/7111
f 7109/7109 7111/7111 7112/7112
f 7102/7102 7113/7113 7114/7114
f 7102/7102 7114/7114 7103/7103
f 7115/7115 7116/7116 7117/7117
f 7115/7115 7117/7117 7118/7118
f 7119/7119 7120/7120 7121/7121
f 7119/7119 7121/7121 7122/7122
f 7123/7123 7124/7124 7125/7125
f 7123/7123 7125/7125 7126/7126
f 7127/7127 7128/7128 7129/7129
f 7127/7127 7129/7129 7130/7130
f 7131/7131 7132/7132 7133/7133
f 7131/7131 7133/7133 7134/7134
f 7135/7135 7136/7136 7137/7137
f 7135/7135 7137/7137 7138/7138
f 7139/7139 7140/7140 7141/7141
f 7139/7139 7141/7141 7142/7142
f 7143/7143 7144/7144 7145/7145
f 7143/7143 7145/7145 7146/7146
f 7147/7147 7148/7148 7149/7149
f 7147/7147 7149/7149 7150/7150
f 7151/7151 7152/7152 7153/7153
f 7151/7151 7153/7153 7154/7154
f 7113/7113 7155/7155 7156/7156
f 7113/7113 7156/7156 7114/7114
f 7157/7157 7158/7158 7159/7159
f 7157/7157 7159/7159 7160/7160
f 7161/7161 7162/7162 7163/7163
f 7161/7161 7163/7163 7164/7164
f 7155/7155 7165/7165 7166/7166
f 7155/7155 7166/7166 7156/7156
f 7167/7167 7168/7168 7169/7169
f 7167/7167 7169/7169 7170/7170
f 7171/7171 7172/7172 7173/7173
f 7171/7171 7173/7173 7174/7174
f 7175/7175 7176/7176 7177/7177
f 7175/7175 7177/7177 7178/7178
f 7179/7179 7180/7180 7181/7181
f 7179/7179 7181/7181 7182/7182
f 7183/7183 7184/7184 7185/7185
f 7183/7183 7185/7185 7186/7186
f 7187/7187 7188/7188 7189/7189
f 7187/7187 7189/7189 7190/7190
f 7191/7191 7179/7179 7182/7182
f 7191/7191 7182/7182 7192/7192
f 7193/7193 7194/7194 7195/7195
f 7193/7193 7195/7195 7196/7196
f 7197/7197 7198/7198 7199/7199
f 7197/7197 7199/7199 7200/7200
f 7201/7201 7069/7069 7072/7072
f 7201/7201 7072/7072 7202/7202
f 7203/7203 7204/7204 7205/7205
f 7203/7203 7205/7205 7206/7206
f 7207/7207 7208/7208 7209/7209
f 7207/7207 7209/7209 7210/7210
f 7211/7211 7212/7212 7213/7213
f 7211/7211 7213/7213 7214/7214
f 7215/7215 7216/7216 7217/7217
f 7215/7215 7217/7217 7218/7218
f 7219/7219 7220/7220 7221/7221
f 7219/7219 7221/7221 7222/7222
f 7223/7223 7193/7193 7196/7196
f 7223/7223 7196/7196 7224/7224
f 7225/7225 7226/7226 7227/7227
f 7225/7225 7227/7227 7228/7228
f 7229/7229 7197/7197 7200/7200
f 7229/7229 7200/7200 7230/7230
f 7231/7231 7232/7232 7233/7233
f 7231/7231 7233/7233 7234/7234
f 7235/7235 7236/7236 7237/7237
f 7235/7235 7237/7237 7238/7238
f 7239/7239 7240/7240 7241/7241
f 7239/7239 7241/7241 7242/7242
f 7243/7243 7244/7244 7245/7245
f 7243/7243 7245/7245 7246/7246
f 7219/7219 7222/7222 7181/7181
f 7219/7219 7181/7181 7180/7180
f 7223/7223 7224/7224 7221/7221
f 7223/7223 7221/7221 7220/7220
f 7225/7225 7228/7228 7071/7071
f 7225/7225 7071/7071 7070/7070
f 7229/7229 7230/7230 7227/7227
f 7229/7229 7227/7227 7226/7226
f 7246/7246 7247/7247 7180/7180
f 7246/7246 7180/7180 7243/7243
f 7242/7242 7223/7223 7220/7220
f 7242/7242 7220/7220 7239/7239
f 7248/7248 7231/7231 7234/7234
f 7248/7248 7234/7234 7229/7229
f 7070/7070 7235/7235 7238/7238
f 7070/7070 7238/7238 7225/7225
f 7249/7249 7101/7101 7104/7104
f 7249/7249 7104/7104 7250/7250
f 7251/7251 7252/7252 7253/7253
f 7251/7251 7253/7253 7254/7254
f 7255/7255 7256/7256 7257/7257
f 7255/7255 7257/7257 7258/7258
f 7259/7259 7260/7260 7261/7261
f 7259/7259 7261/7261 7262/7262
f 7176/7176 7263/7263 7264/7264
f 7176/7176 7264/7264 7177/7177
f 7265/7265 7266/7266 7267/7267
f 7265/7265 7267/7267 7268/7268
f 7269/7269 7270/7270 7271/7271
f 7269/7269 7271/7271 7272/7272
f 7273/7273 7274/7274 7275/7275
f 7273/7273 7275/7275 7276/7276
f 7086/7086 7277/7277 7278/7278
f 7086/7086 7278/7278 7087/7087
f 7279/7279 7280/7280 7281/7281
f 7279/7279 7281/7281 7282/7282
f 7283/7283 7284/7284 7285/7285
f 7283/7283 7285/7285 7286/7286
f 7287/7287 7288/7288 7289/7289
f 7287/7287 7289/7289 7290/7290
f 7291/7291 7292/7292 7293/7293
f 7291/7291 7293/7293 7294/7294
f 7295/7295 7296/7296 7297/7297
f 7295/7295 7297/7297 7298/7298
f 7263/7263 7085/7085 7088/7088
f 7263/7263 7088/7088 7264/7264
f 7299/7299 7300/7300 7301/7301
f 7299/7299 7301/7301 7302/7302
f 7303/7303 7304/7304 7305/7305
f 7303/7303 7305/7305 7306/7306
f 7307/7307 7308/7308 7309/7309
f 7307/7307 7309/7309 7310/7310
f 7311/7311 7312/7312 7313/7313
f 7311/7311 7313/7313 7314/7314
f 7315/7315 7316/7316 7317/7317
f 7315/7315 7317/7317 7318/7318

o BUS_cheragh\_0
usemtl cheragh
v -81.88313646 1.17321303 237.24538757
v -82.07688503 1.17321303 237.24538757
v -82.07688326 1.17321303 237.18692019
v -81.88313646 1.17321303 237.18692019
v -82.11021647 1.23641180 237.18692019
v -82.30396092 1.23642209 237.18692019
v -82.30396092 1.26036542 237.18692019
v -82.11021735 1.26038297 237.18692019
v -82.30396092 1.28661324 237.24538757
v -82.30396092 1.32360495 237.24538757
v -82.30396092 1.32360495 237.18692019
v -82.30396092 1.28658320 237.18692019
v -79.78255202 1.32360495 237.24538757
v -79.59729441 1.32360503 237.24538757
v -79.59728428 1.32360503 237.18692019
v -79.78255202 1.32360495 237.18692019
v -81.88313646 1.17321303 237.18692019
v -82.07688326 1.17321303 237.18692019
v -82.07688187 1.21027664 237.18692019
v -81.88313661 1.21026864 237.18692019
v -79.59728281 1.28655963 237.18692019
v -79.78255202 1.28656374 237.18692019
v -79.78255202 1.32360495 237.18692019
v -79.59728428 1.32360503 237.18692019
v -79.78255202 1.23643692 237.24538757
v -79.78255202 1.26036975 237.24538757
v -79.78255202 1.26038488 237.18692019
v -79.78255202 1.23641900 237.18692019
v -79.37867188 1.26033502 237.24538757
v -79.37867188 1.23644309 237.24538757
v -79.37867188 1.23642253 237.18692019
v -79.37867188 1.26036513 237.18692019
v -79.37867188 1.17321303 237.24538757
v -79.56394689 1.17321303 237.24538757
v -79.56394542 1.17321303 237.18692019
v -79.37867188 1.17321303 237.18692019
v -79.59727723 1.17321303 237.24538757
v -79.78255216 1.17321303 237.24538757
v -79.78255216 1.17321303 237.18692019
v -79.59727869 1.17321303 237.18692019
v -81.88313668 1.26036997 237.24538757
v -81.88313661 1.23643677 237.24538757
v -81.88313661 1.23641878 237.18692019
v -81.88313668 1.26038518 237.18692019
v -82.30396092 1.23644250 237.24538757
v -82.30396092 1.26033538 237.24538757
v -82.30396092 1.26036542 237.18692019
v -82.30396092 1.23642209 237.18692019
v -82.30396092 1.32360495 237.24538757
v -82.11022969 1.32360495 237.24538757
v -82.11021970 1.32360495 237.18692019
v -82.30396092 1.32360495 237.18692019
v -82.11021250 1.17321303 237.24538757
v -82.30396092 1.17321303 237.24538757
v -82.30396092 1.17321303 237.18692019
v -82.11021426 1.17321303 237.18692019
v -82.07686777 1.32360495 237.24538757
v -81.88313668 1.32360495 237.24538757
v -81.88313668 1.32360495 237.18692019
v -82.07687775 1.32360495 237.18692019
v -79.56392970 1.32360503 237.24538757
v -79.37867188 1.32360510 237.24538757
v -79.37867188 1.32360510 237.18692019
v -79.56393984 1.32360503 237.18692019
v -79.59728090 1.23641100 237.18692019
v -79.78255202 1.23641900 237.18692019
v -79.78255202 1.26038488 237.18692019
v -79.59728193 1.26038914 237.18692019
v -79.59727869 1.17321303 237.18692019
v -79.78255216 1.17321303 237.18692019
v -79.78255202 1.21026827 237.18692019
v -79.59728002 1.21027642 237.18692019
v -79.37867188 1.21024433 237.24538757
v -79.37867188 1.17321303 237.24538757
v -79.37867188 1.17321303 237.18692019
v -79.37867188 1.21026489 237.18692019
v -82.30396092 1.17321303 237.24538757
v -82.30396092 1.21024484 237.24538757
v -82.30396092 1.21026526 237.18692019
v -82.30396092 1.17321303 237.18692019
v -79.78255202 1.28657887 237.24538757
v -79.78255202 1.32360495 237.24538757
v -79.78255202 1.32360495 237.18692019
v -79.78255202 1.28656374 237.18692019
v -81.88313668 1.32360495 237.24538757
v -81.88313668 1.28657858 237.24538757
v -81.88313668 1.28656345 237.18692019
v -81.88313668 1.32360495 237.18692019
v -81.88313661 1.21025064 237.24538757
v -81.88313646 1.17321303 237.24538757
v -81.88313646 1.17321303 237.18692019
v -81.88313661 1.21026864 237.18692019
v -79.37867188 1.32360510 237.24538757
v -79.37867188 1.28661383 237.24538757
v -79.37867188 1.28658372 237.18692019
v -79.37867188 1.32360510 237.18692019
v -82.11021838 1.28656565 237.18692019
v -82.30396092 1.28658320 237.18692019
v -82.30396092 1.32360495 237.18692019
v -82.11021970 1.32360495 237.18692019
v -79.78255216 1.17321303 237.24538757
v -79.78255202 1.21025035 237.24538757
v -79.78255202 1.21026827 237.18692019
v -79.78255216 1.17321303 237.18692019
v -81.88313661 1.23641878 237.18692019
v -82.07688099 1.23641063 237.18692019
v -82.07688010 1.26038936 237.18692019
v -81.88313668 1.26038518 237.18692019
v -81.88313668 1.28656345 237.18692019
v -82.07687915 1.28655926 237.18692019
v -82.07687775 1.32360495 237.18692019
v -81.88313668 1.32360495 237.18692019
v -79.37867188 1.23642253 237.18692019
v -79.56394307 1.23641210 237.18692019
v -79.56394204 1.26038268 237.18692019
v -79.37867188 1.26036513 237.18692019
v -79.37867188 1.28658372 237.18692019
v -79.56394116 1.28656602 237.18692019
v -79.56393984 1.32360503 237.18692019
v -79.37867188 1.32360510 237.18692019
v -79.37867188 1.17321303 237.18692019
v -79.56394542 1.17321303 237.18692019
v -79.56394410 1.21027532 237.18692019
v -79.37867188 1.21026489 237.18692019
v -82.11021426 1.17321303 237.18692019
v -82.30396092 1.17321303 237.18692019
v -82.30396092 1.21026526 237.18692019
v -82.11021559 1.21027561 237.18692019
v -79.78255202 1.28656374 237.18692019
v -79.59728281 1.28655963 237.18692019
v -79.59728193 1.26038914 237.18692019
v -79.78255202 1.26038488 237.18692019
v -82.30396092 1.23644250 237.24538757
v -82.30396092 1.23642209 237.18692019
v -82.30396092 1.21026526 237.18692019
v -82.30396092 1.21024484 237.24538757
v -82.30396092 1.28661324 237.24538757
v -82.30396092 1.28658320 237.18692019
v -82.30396092 1.26036542 237.18692019
v -82.30396092 1.26033538 237.24538757
v -81.88313668 1.26036997 237.24538757
v -81.88313668 1.26038518 237.18692019
v -81.88313668 1.28656345 237.18692019
v -81.88313668 1.28657858 237.24538757
v -81.88313661 1.21025064 237.24538757
v -81.88313661 1.21026864 237.18692019
v -81.88313661 1.23641878 237.18692019
v -81.88313661 1.23643677 237.24538757
v -79.37867188 1.26033502 237.24538757
v -79.37867188 1.26036513 237.18692019
v -79.37867188 1.28658372 237.18692019
v -79.37867188 1.28661383 237.24538757
v -79.37867188 1.21024433 237.24538757
v -79.37867188 1.21026489 237.18692019
v -79.37867188 1.23642253 237.18692019
v -79.37867188 1.23644309 237.24538757
v -79.78255202 1.23643692 237.24538757
v -79.78255202 1.23641900 237.18692019
v -79.78255202 1.21026827 237.18692019
v -79.78255202 1.21025035 237.24538757
v -79.78255202 1.28657887 237.24538757
v -79.78255202 1.28656374 237.18692019
v -79.78255202 1.26038488 237.18692019
v -79.78255202 1.26036975 237.24538757
v -79.56394116 1.28656602 237.18692019
v -79.37867188 1.28658372 237.18692019
v -79.37867188 1.26036513 237.18692019
v -79.56394204 1.26038268 237.18692019
vt 0.32824385 0.00000006
vt 0.23307899 0.00000006
vt 0.23307984 0.00000006
vt 0.32824385 0.00000006
vt 0.21670729 0.00000012
vt 0.12154441 0.00000012
vt 0.12154441 0.00000012
vt 0.21670684 0.00000012
vt 0.12154441 0.00000012
vt 0.12154441 0.00000006
vt 0.12154441 0.00000006
vt 0.12154441 0.00000012
vt 0.68007886 0.00000006
vt 0.77107334 0.00000006
vt 0.77107829 0.00000006
vt 0.68007886 0.00000006
vt 0.32824385 0.00000006
vt 0.23307984 0.00000006
vt 0.23308048 0.00000012
vt 0.32824382 0.00000012
vt 0.77107894 0.00000012
vt 0.68007886 0.00000012
vt 0.68007886 0.00000006
vt 0.77107829 0.00000006
vt 0.68007886 0.00000006
vt 0.68007886 0.00000012
vt 0.68007886 0.00000012
vt 0.68007886 0.00000012
vt 0.87845564 0.00000012
vt 0.87845564 0.00000012
vt 0.87845564 0.00000012
vt 0.87845564 0.00000012
vt 0.87845564 0.00000000
vt 0.78745282 0.00000000
vt 0.78745353 0.00000000
vt 0.87845564 0.00000000
vt 0.77108175 0.00000000
vt 0.68007886 0.00000000
vt 0.68007886 0.00000000
vt 0.77108097 0.00000000
vt 0.32824379 0.00000006
vt 0.32824379 0.00000012
vt 0.32824382 0.00000006
vt 0.32824379 0.00000012
vt 0.12154441 0.00000012
vt 0.12154441 0.00000012
vt 0.12154441 0.00000012
vt 0.12154441 0.00000012
vt 0.12154441 0.00000006
vt 0.21670079 0.00000006
vt 0.21670571 0.00000006
vt 0.12154441 0.00000006
vt 0.21670927 0.00000006
vt 0.12154441 0.00000006
vt 0.12154441 0.00000006
vt 0.21670844 0.00000006
vt 0.23308742 0.00000006
vt 0.32824379 0.00000006
vt 0.32824379 0.00000006
vt 0.23308252 0.00000006
vt 0.78746128 0.00000006
vt 0.87845570 0.00000006
vt 0.87845570 0.00000006
vt 0.78745633 0.00000006
vt 0.77107978 0.00000012
vt 0.68007886 0.00000012
vt 0.68007886 0.00000012
vt 0.77107936 0.00000012
vt 0.77108097 0.00000000
vt 0.68007886 0.00000000
vt 0.68007886 0.00000006
vt 0.77108026 0.00000006
vt 0.87845564 0.00000006
vt 0.87845564 0.00000000
vt 0.87845564 0.00000000
vt 0.87845564 0.00000006
vt 0.12154441 0.00000006
vt 0.12154441 0.00000012
vt 0.12154441 0.00000006
vt 0.12154441 0.00000006
vt 0.68007886 0.00000012
vt 0.68007886 0.00000006
vt 0.68007886 0.00000006
vt 0.68007886 0.00000012
vt 0.32824379 0.00000006
vt 0.32824379 0.00000012
vt 0.32824379 0.00000012
vt 0.32824379 0.00000006
vt 0.32824382 0.00000012
vt 0.32824385 0.00000006
vt 0.32824385 0.00000006
vt 0.32824382 0.00000012
vt 0.87845570 0.00000006
vt 0.87845564 0.00000012
vt 0.87845564 0.00000012
vt 0.87845570 0.00000006
vt 0.21670637 0.00000012
vt 0.12154441 0.00000012
vt 0.12154441 0.00000006
vt 0.21670569 0.00000006
vt 0.68007886 0.00000000
vt 0.68007886 0.00000006
vt 0.68007886 0.00000006
vt 0.68007886 0.00000000
vt 0.32824379 0.00000012
vt 0.23308095 0.00000012
vt 0.23308137 0.00000012
vt 0.32824379 0.00000012
vt 0.32824379 0.00000012
vt 0.23308185 0.00000006
vt 0.23308250 0.00000006
vt 0.32824379 0.00000006
vt 0.87845564 0.00000012
vt 0.78745461 0.00000012
vt 0.78745508 0.00000012
vt 0.87845564 0.00000012
vt 0.87845570 0.00000012
vt 0.78745556 0.00000012
vt 0.78745633 0.00000006
vt 0.87845570 0.00000006
vt 0.87845564 0.00000000
vt 0.78745353 0.00000000
vt 0.78745419 0.00000006
vt 0.87845564 0.00000012
vt 0.21670844 0.00000006
vt 0.12154441 0.00000006
vt 0.12154441 0.00000012
vt 0.21670777 0.00000012
vt 0.68007886 0.00000012
vt 0.77107894 0.00000012
vt 0.77107936 0.00000012
vt 0.68007886 0.00000012
vt 0.12154441 0.00000012
vt 0.12154441 0.00000012
vt 0.12154441 0.00000006
vt 0.12154441 0.00000012
vt 0.12154441 0.00000012
vt 0.12154441 0.00000012
vt 0.12154441 0.00000012
vt 0.12154441 0.00000012
vt 0.32824379 0.00000006
vt 0.32824379 0.00000012
vt 0.32824379 0.00000012
vt 0.32824379 0.00000012
vt 0.32824382 0.00000012
vt 0.32824382 0.00000012
vt 0.32824382 0.00000006
vt 0.32824379 0.00000012
vt 0.87845564 0.00000012
vt 0.87845564 0.00000012
vt 0.87845564 0.00000012
vt 0.87845564 0.00000012
vt 0.87845564 0.00000006
vt 0.87845564 0.00000006
vt 0.87845564 0.00000012
vt 0.87845564 0.00000012
vt 0.68007886 0.00000006
vt 0.68007886 0.00000012
vt 0.68007886 0.00000006
vt 0.68007886 0.00000006
vt 0.68007886 0.00000012
vt 0.68007886 0.00000012
vt 0.68007886 0.00000012
vt 0.68007886 0.00000012
vt 0.78745556 0.00000012
vt 0.87845570 0.00000012
vt 0.87845564 0.00000012
vt 0.78745508 0.00000012
f 7319/7319 7320/7320 7321/7321
f 7319/7319 7321/7321 7322/7322
f 7323/7323 7324/7324 7325/7325
f 7323/7323 7325/7325 7326/7326
f 7327/7327 7328/7328 7329/7329
f 7327/7327 7329/7329 7330/7330
f 7331/7331 7332/7332 7333/7333
f 7331/7331 7333/7333 7334/7334
f 7335/7335 7336/7336 7337/7337
f 7335/7335 7337/7337 7338/7338
f 7339/7339 7340/7340 7341/7341
f 7339/7339 7341/7341 7342/7342
f 7343/7343 7344/7344 7345/7345
f 7343/7343 7345/7345 7346/7346
f 7347/7347 7348/7348 7349/7349
f 7347/7347 7349/7349 7350/7350
f 7351/7351 7352/7352 7353/7353
f 7351/7351 7353/7353 7354/7354
f 7355/7355 7356/7356 7357/7357
f 7355/7355 7357/7357 7358/7358
f 7359/7359 7360/7360 7361/7361
f 7359/7359 7361/7361 7362/7362
f 7363/7363 7364/7364 7365/7365
f 7363/7363 7365/7365 7366/7366
f 7367/7367 7368/7368 7369/7369
f 7367/7367 7369/7369 7370/7370
f 7371/7371 7372/7372 7373/7373
f 7371/7371 7373/7373 7374/7374
f 7375/7375 7376/7376 7377/7377
f 7375/7375 7377/7377 7378/7378
f 7379/7379 7380/7380 7381/7381
f 7379/7379 7381/7381 7382/7382
f 7383/7383 7384/7384 7385/7385
f 7383/7383 7385/7385 7386/7386
f 7387/7387 7388/7388 7389/7389
f 7387/7387 7389/7389 7390/7390
f 7391/7391 7392/7392 7393/7393
f 7391/7391 7393/7393 7394/7394
f 7395/7395 7396/7396 7397/7397
f 7395/7395 7397/7397 7398/7398
f 7399/7399 7400/7400 7401/7401
f 7399/7399 7401/7401 7402/7402
f 7403/7403 7404/7404 7405/7405
f 7403/7403 7405/7405 7406/7406
f 7407/7407 7408/7408 7409/7409
f 7407/7407 7409/7409 7410/7410
f 7411/7411 7412/7412 7413/7413
f 7411/7411 7413/7413 7414/7414
f 7415/7415 7416/7416 7417/7417
f 7415/7415 7417/7417 7418/7418
f 7419/7419 7420/7420 7421/7421
f 7419/7419 7421/7421 7422/7422
f 7423/7423 7424/7424 7425/7425
f 7423/7423 7425/7425 7426/7426
f 7427/7427 7428/7428 7429/7429
f 7427/7427 7429/7429 7430/7430
f 7431/7431 7432/7432 7433/7433
f 7431/7431 7433/7433 7434/7434
f 7435/7435 7436/7436 7437/7437
f 7435/7435 7437/7437 7438/7438
f 7439/7439 7440/7440 7441/7441
f 7439/7439 7441/7441 7442/7442
f 7443/7443 7444/7444 7445/7445
f 7443/7443 7445/7445 7446/7446
f 7384/7384 7383/7383 7390/7390
f 7384/7384 7390/7390 7389/7389
f 7447/7447 7448/7448 7449/7449
f 7447/7447 7449/7449 7450/7450
f 7451/7451 7452/7452 7453/7453
f 7451/7451 7453/7453 7454/7454
f 7455/7455 7456/7456 7457/7457
f 7455/7455 7457/7457 7458/7458
f 7459/7459 7460/7460 7461/7461
f 7459/7459 7461/7461 7462/7462
f 7463/7463 7464/7464 7465/7465
f 7463/7463 7465/7465 7466/7466
f 7467/7467 7468/7468 7469/7469
f 7467/7467 7469/7469 7470/7470
f 7471/7471 7472/7472 7473/7473
f 7471/7471 7473/7473 7474/7474
f 7475/7475 7476/7476 7477/7477
f 7475/7475 7477/7477 7478/7478
f 7479/7479 7480/7480 7481/7481
f 7479/7479 7481/7481 7482/7482
f 7424/7424 7423/7423 7338/7338
f 7424/7424 7338/7338 7337/7337
f 7428/7428 7427/7427 7426/7426
f 7428/7428 7426/7426 7425/7425
f 7432/7432 7431/7431 7442/7442
f 7432/7432 7442/7442 7441/7441
f 7483/7483 7484/7484 7485/7485
f 7483/7483 7485/7485 7486/7486
f 7324/7324 7323/7323 7446/7446
f 7324/7324 7446/7446 7445/7445
f 7416/7416 7415/7415 7326/7326
f 7416/7416 7326/7326 7325/7325

o BUS_orange light_0
usemtl orange_light
v -82.61287667 2.20446326 251.26371950
v -82.61287667 1.85437564 251.26371950
v -82.61287667 1.85437564 251.32999976
v -82.61287667 2.20446326 251.32999976
v -82.61287667 1.85437564 251.26371950
v -82.34481963 1.85437843 251.26371950
v -82.34481963 1.85437843 251.32999976
v -82.61287667 1.85437564 251.32999976
v -82.61287667 1.82789010 251.26371950
v -82.61287667 1.49103196 251.26371950
v -82.61287667 1.49103196 251.32999976
v -82.61287667 1.82789010 251.32999976
v -79.32933593 2.20446326 251.26371950
v -79.32933770 1.85437403 251.26371950
v -79.32933770 1.85437403 251.32999976
v -79.32933593 2.20446326 251.32999976
v -79.32933946 1.49103527 251.32999976
v -79.08014706 1.49102902 251.32999976
v -79.08014706 1.82789583 251.32999976
v -79.32933784 1.82789157 251.32999976
v -79.32933770 1.85437403 251.32999976
v -79.08014706 1.85436977 251.32999976
v -79.08014706 2.20446326 251.32999976
v -79.32933593 2.20446326 251.32999976
v -82.61287667 1.49103196 251.32999976
v -82.34481787 1.49103762 251.32999976
v -82.34481934 1.82788731 251.32999976
v -82.61287667 1.82789010 251.32999976
v -82.61287667 1.85437564 251.32999976
v -82.34481963 1.85437843 251.32999976
v -82.34482125 2.20446326 251.32999976
v -82.61287667 2.20446326 251.32999976
v -82.34482125 2.20446326 251.26371950
v -82.61287667 2.20446326 251.26371950
v -82.61287667 2.20446326 251.32999976
v -82.34482125 2.20446326 251.32999976
v -82.34481934 1.82788731 251.26371950
v -82.61287667 1.82789010 251.26371950
v -82.61287667 1.82789010 251.32999976
v -82.34481934 1.82788731 251.32999976
v -79.32933946 1.49103527 251.26371950
v -79.08014706 1.49102902 251.26371950
v -79.08014706 1.49102902 251.32999976
v -79.32933946 1.49103527 251.32999976
v -82.34481963 1.85437843 251.26371950
v -82.34482125 2.20446326 251.26371950
v -82.34482125 2.20446326 251.32999976
v -82.34481963 1.85437843 251.32999976
v -82.34481787 1.49103762 251.26371950
v -82.34481934 1.82788731 251.26371950
v -82.34481934 1.82788731 251.32999976
v -82.34481787 1.49103762 251.32999976
v -79.08014706 2.20446326 251.26371950
v -79.32933593 2.20446326 251.26371950
v -79.32933593 2.20446326 251.32999976
v -79.08014706 2.20446326 251.32999976
v -79.32933770 1.85437403 251.26371950
v -79.08014706 1.85436977 251.26371950
v -79.08014706 1.85436977 251.32999976
v -79.32933770 1.85437403 251.32999976
v -79.08014706 1.85436977 251.26371950
v -79.08014706 2.20446326 251.26371950
v -79.08014706 2.20446326 251.32999976
v -79.08014706 1.85436977 251.32999976
v -79.08014706 1.49102902 251.26371950
v -79.08014706 1.82789583 251.26371950
v -79.08014706 1.82789583 251.32999976
v -79.08014706 1.49102902 251.32999976
v -79.08014706 1.82789583 251.26371950
v -79.32933784 1.82789157 251.26371950
v -79.32933784 1.82789157 251.32999976
v -79.08014706 1.82789583 251.32999976
v -82.61287667 1.49103196 251.26371950
v -82.34481787 1.49103762 251.26371950
v -82.34481787 1.49103762 251.32999976
v -82.61287667 1.49103196 251.32999976
v -79.32933784 1.82789157 251.26371950
v -79.32933946 1.49103527 251.26371950
v -79.32933946 1.49103527 251.32999976
v -79.32933784 1.82789157 251.32999976
vt 0.11032637 1.00000000
vt 0.11032636 1.00000000
vt 0.11032636 1.00000000
vt 0.11032637 1.00000000
vt 0.11032636 1.00000000
vt 0.16946183 1.00000000
vt 0.16946183 1.00000000
vt 0.11032636 1.00000000
vt 0.11032636 1.00000000
vt 0.11032636 1.00000000
vt 0.11032636 1.00000000
vt 0.11032636 1.00000000
vt 0.83470058 1.00000000
vt 0.83470023 1.00000000
vt 0.83470023 1.00000000
vt 0.83470058 1.00000000
vt 0.83469981 1.00000000
vt 0.88967365 1.00000000
vt 0.88967371 1.00000000
vt 0.83470023 1.00000000
vt 0.83470023 1.00000000
vt 0.88967371 1.00000000
vt 0.88967365 1.00000000
vt 0.83470058 1.00000000
vt 0.11032636 1.00000000
vt 0.16946223 1.00000000
vt 0.16946186 1.00000000
vt 0.11032636 1.00000000
vt 0.11032636 1.00000000
vt 0.16946183 1.00000000
vt 0.16946146 1.00000000
vt 0.11032637 1.00000000
vt 0.16946146 1.00000000
vt 0.11032637 1.00000000
vt 0.11032637 1.00000000
vt 0.16946146 1.00000000
vt 0.16946186 1.00000000
vt 0.11032636 1.00000000
vt 0.11032636 1.00000000
vt 0.16946186 1.00000000
vt 0.83469981 1.00000000
vt 0.88967365 1.00000000
vt 0.88967365 1.00000000
vt 0.83469981 1.00000000
vt 0.16946183 1.00000000
vt 0.16946146 1.00000000
vt 0.16946146 1.00000000
vt 0.16946183 1.00000000
vt 0.16946223 1.00000000
vt 0.16946186 1.00000000
vt 0.16946186 1.00000000
vt 0.16946223 1.00000000
vt 0.88967365 1.00000000
vt 0.83470058 1.00000000
vt 0.83470058 1.00000000
vt 0.88967365 1.00000000
vt 0.83470023 1.00000000
vt 0.88967371 1.00000000
vt 0.88967371 1.00000000
vt 0.83470023 1.00000000
vt 0.88967371 1.00000000
vt 0.88967365 1.00000000
vt 0.88967365 1.00000000
vt 0.88967371 1.00000000
vt 0.88967365 1.00000000
vt 0.88967371 1.00000000
vt 0.88967371 1.00000000
vt 0.88967365 1.00000000
vt 0.88967371 1.00000000
vt 0.83470023 1.00000000
vt 0.83470023 1.00000000
vt 0.88967371 1.00000000
vt 0.11032636 1.00000000
vt 0.16946223 1.00000000
vt 0.16946223 1.00000000
vt 0.11032636 1.00000000
vt 0.83470023 1.00000000
vt 0.83469981 1.00000000
vt 0.83469981 1.00000000
vt 0.83470023 1.00000000
f 7487/7487 7488/7488 7489/7489
f 7487/7487 7489/7489 7490/7490
f 7491/7491 7492/7492 7493/7493
f 7491/7491 7493/7493 7494/7494
f 7495/7495 7496/7496 7497/7497
f 7495/7495 7497/7497 7498/7498
f 7499/7499 7500/7500 7501/7501
f 7499/7499 7501/7501 7502/7502
f 7503/7503 7504/7504 7505/7505
f 7503/7503 7505/7505 7506/7506
f 7507/7507 7508/7508 7509/7509
f 7507/7507 7509/7509 7510/7510
f 7511/7511 7512/7512 7513/7513
f 7511/7511 7513/7513 7514/7514
f 7515/7515 7516/7516 7517/7517
f 7515/7515 7517/7517 7518/7518
f 7519/7519 7520/7520 7521/7521
f 7519/7519 7521/7521 7522/7522
f 7523/7523 7524/7524 7525/7525
f 7523/7523 7525/7525 7526/7526
f 7527/7527 7528/7528 7529/7529
f 7527/7527 7529/7529 7530/7530
f 7531/7531 7532/7532 7533/7533
f 7531/7531 7533/7533 7534/7534
f 7535/7535 7536/7536 7537/7537
f 7535/7535 7537/7537 7538/7538
f 7539/7539 7540/7540 7541/7541
f 7539/7539 7541/7541 7542/7542
f 7543/7543 7544/7544 7545/7545
f 7543/7543 7545/7545 7546/7546
f 7547/7547 7548/7548 7549/7549
f 7547/7547 7549/7549 7550/7550
f 7551/7551 7552/7552 7553/7553
f 7551/7551 7553/7553 7554/7554
f 7555/7555 7556/7556 7557/7557
f 7555/7555 7557/7557 7558/7558
f 7559/7559 7560/7560 7561/7561
f 7559/7559 7561/7561 7562/7562
f 7563/7563 7564/7564 7565/7565
f 7563/7563 7565/7565 7566/7566

o BUS_dark_0
usemtl dark
v -81.82859183 1.27856197 237.26021489
v -81.82859169 1.21824801 237.26021489
v -81.82859169 1.21825888 237.24538757
v -81.82859183 1.27854993 237.24538757
v -78.84561587 4.64722109 237.48046384
v -79.56376343 4.64722109 237.48046384
v -79.56368823 4.86747033 238.01219175
v -78.84561587 4.86747033 238.01219175
v -81.33944507 0.45574142 237.17523024
v -82.08953403 0.45574141 237.17523024
v -82.09049375 0.54421160 237.17594702
v -81.33942700 0.54421160 237.17594702
v -78.84561587 4.86747033 250.94551692
v -79.56377078 4.86747033 250.94551692
v -79.56381631 4.54926716 251.26371950
v -78.84561587 4.54926716 251.26371950
v -82.84740786 0.45574134 237.26021489
v -83.11297894 0.72131236 237.52578538
v -83.19248023 0.72131240 237.48635258
v -82.87296439 0.45574141 237.17523024
v -83.11297894 0.72131236 238.72666406
v -83.11297894 0.72131236 238.84311352
v -83.20172271 0.72131236 238.84311352
v -83.20090561 0.72131236 238.72317888
v -83.11297894 0.76890415 238.84311352
v -83.11297894 0.96840493 238.84311352
v -83.20172271 0.96840493 238.84311352
v -83.20172271 0.76890415 238.84311352
v -83.11297894 4.07470819 241.46816057
v -83.11297894 4.07197503 244.09428788
v -83.11297894 4.60189925 244.08368953
v -83.11297894 4.60189925 241.45341696
v -83.11297894 0.97799239 237.52578538
v -82.84740786 0.91507141 237.26021489
v -82.88306524 0.91507144 237.17894985
v -83.19569913 0.97799239 237.49364845
v -83.11297894 4.07755621 238.73134545
v -83.11297894 4.07480513 241.37505311
v -83.11297894 4.60189925 241.36036680
v -83.11297894 4.60189925 238.71249653
v -78.58004479 4.07345177 244.09428777
v -78.58004479 4.07560563 241.46816086
v -78.58004479 4.60189925 241.45341755
v -78.58004479 4.60189925 244.08368920
v -82.87490983 0.54421160 237.17594702
v -82.87296439 0.45574141 237.17523024
v -83.19248023 0.72131240 237.48635258
v -83.19310037 0.77075077 237.48775794
v -78.49992234 0.77075081 237.48776088
v -78.50054350 0.72131243 237.48635258
v -78.82005934 0.45574142 237.17523024
v -78.81811390 0.54421161 237.17594702
v -82.84740786 4.29203715 251.26371950
v -82.11030944 4.29203715 251.26371950
v -82.11033970 4.54926716 251.26371950
v -82.84740786 4.54926716 251.26371950
v -78.49206319 0.76942436 238.72330284
v -78.49992234 0.77075081 237.48776088
v -78.49731814 0.97799250 237.49366548
v -78.49183332 0.97110570 238.72382515
v -83.20096054 0.76906737 238.72330284
v -83.20172271 0.76890415 238.84311352
v -83.20172271 0.96840493 238.84311352
v -83.20119027 0.96925243 238.72382339
v -78.58004479 0.72131234 238.72666406
v -78.58004479 0.72131234 237.52578538
v -78.50054350 0.72131243 237.48635258
v -78.49211812 0.72131243 238.72317888
v -79.59728589 1.11866833 237.26021489
v -79.83709701 1.11866833 237.26021489
v -79.83709701 1.11866833 237.24538757
v -79.59727943 1.11866833 237.24538757
v -78.58004479 0.76929566 238.84311352
v -78.58004479 0.72131234 238.84311352
v -78.49130102 0.72131243 238.84311352
v -78.49130102 0.76929573 238.84311352
v -78.58004508 0.97110563 238.72666406
v -78.58004508 0.97043783 238.84311352
v -78.49130131 0.97043791 238.84311352
v -78.49183332 0.97110570 238.72382515
v -78.84561587 0.91507141 237.26021489
v -78.58004508 0.97799247 237.52578538
v -78.49731814 0.97799250 237.49366548
v -78.80995849 0.91507148 237.17894985
v -83.11297894 0.96925243 238.72666406
v -83.11297894 0.97799239 237.52578538
v -83.19569913 0.97799239 237.49364845
v -83.20119027 0.96925243 238.72382339
v -78.58004479 0.72131234 237.52578538
v -78.84561587 0.45574134 237.26021489
v -78.82005934 0.45574142 237.17523024
v -78.50054350 0.72131243 237.48635258
v -83.11297894 0.96840493 238.84311352
v -83.11297894 0.96925243 238.72666406
v -83.20119027 0.96925243 238.72382339
v -83.20172271 0.96840493 238.84311352
v -78.58004508 0.97799247 237.52578538
v -78.58004508 0.97110563 238.72666406
v -78.49183332 0.97110570 238.72382515
v -78.49731814 0.97799250 237.49366548
v -78.58004479 0.72131234 238.84311352
v -78.58004479 0.72131234 238.72666406
v -78.49211812 0.72131243 238.72317888
v -78.49130102 0.72131243 238.84311352
v -83.19310037 0.77075077 237.48775794
v -83.20096054 0.76906737 238.72330284
v -83.20119027 0.96925243 238.72382339
v -83.19569913 0.97799239 237.49364845
v -78.49130102 0.76929573 238.84311352
v -78.49206319 0.76942436 238.72330284
v -78.49183332 0.97110570 238.72382515
v -78.49130131 0.97043791 238.84311352
v -83.11297894 0.72131236 237.52578538
v -83.11297894 0.72131236 238.72666406
v -83.20090561 0.72131236 238.72317888
v -83.19248023 0.72131240 237.48635258
v -78.81811390 0.54421161 237.17594702
v -79.55005637 0.54421161 237.17594702
v -79.54593078 0.91507148 237.17894985
v -78.80995849 0.91507148 237.17894985
v -78.58004479 4.07568172 241.37505282
v -78.58004479 4.07784968 238.73134545
v -78.58004479 4.60189925 238.71249653
v -78.58004479 4.60189925 241.36036621
v -79.56384715 4.29203715 251.26371950
v -78.84561587 4.29203715 251.26371950
v -78.84561587 4.54926716 251.26371950
v -79.56381631 4.54926716 251.26371950
v -83.11297894 4.07187809 244.18732807
v -83.11297894 4.06918371 246.77645530
v -83.11297894 4.60189925 246.76991234
v -83.11297894 4.60189925 244.17685361
v -78.58004479 4.07125238 246.77645559
v -78.58004479 4.07337569 244.18732862
v -78.58004479 4.60189925 244.17685392
v -78.58004479 4.60189925 246.76991234
v -78.58004479 4.06958000 248.81609125
v -78.58004479 4.07117512 246.87071370
v -78.58004479 4.60189925 246.86442809
v -78.58004479 4.60189925 248.81264866
v -83.11297894 4.06908530 246.87071341
v -83.11297894 4.06706099 248.81609125
v -83.11297894 4.60189925 248.81264866
v -83.11297894 4.60189925 246.86442809
v -78.58004479 0.75586974 250.99814901
v -78.58004479 0.75663563 250.30479111
v -78.52824154 0.75657389 250.30487219
v -78.53347740 0.75583010 251.02084386
v -82.07678250 4.29203715 251.26371950
v -81.33968419 4.29203715 251.26371950
v -81.33968500 4.54926716 251.26371950
v -82.07675327 4.54926716 251.26371950
v -80.33183108 5.07407405 243.40073363
v -80.44095750 5.07407405 243.40073371
v -80.44095758 5.07407405 242.26226813
v -80.33183123 5.07407405 242.26226813
v -81.10970707 5.07407405 243.40073393
v -81.21635230 5.07407405 243.40073400
v -81.21635219 5.07407405 242.26226813
v -81.10970707 5.07407405 242.26226813
v -81.10970707 5.12612508 242.26226813
v -81.10970707 5.12612508 243.40073393
v -81.10970707 5.07407405 243.40073393
v -81.10970707 5.07407405 242.26226813
v -81.24958504 5.07407405 243.40073400
v -81.35623028 5.07407405 243.40073400
v -81.35623009 5.07407405 242.26226813
v -81.24958497 5.07407405 242.26226813
v -80.58331666 5.12612508 243.40073378
v -80.58331666 5.12612508 242.26226813
v -80.58331666 5.07407405 242.26226813
v -80.58331666 5.07407405 243.40073378
v -81.33968500 4.54926716 251.26371950
v -80.31561284 4.54926716 251.26371950
v -80.31669854 5.11112591 251.22841171
v -81.34077070 5.11112591 251.22841171
v -81.10970707 5.12612508 243.40073393
v -81.21793601 5.12612508 243.40073400
v -81.21635230 5.07407405 243.40073400
v -81.10970707 5.07407405 243.40073393
v -80.33181753 5.12612508 243.40073363
v -80.44247710 5.12612508 243.40073371
v -80.44095750 5.07407405 243.40073371
v -80.33183108 5.07407405 243.40073363
v -80.47419024 5.07407405 243.40073371
v -80.58331666 5.07407405 243.40073378
v -80.58331666 5.07407405 242.26226813
v -80.47419031 5.07407405 242.26226813
v -78.84561587 0.87994090 251.26371950
v -79.56387389 0.87994090 251.26371950
v -79.55379111 0.87995140 251.31342867
v -78.82542328 0.87994699 251.31142580
v -78.58004508 0.90470783 250.30476643
v -78.58004479 0.90073143 250.99814901
v -78.53202152 0.90068766 251.01757488
v -78.52824184 0.90464610 250.30484810
v -80.31561364 4.29203715 251.26371950
v -79.59738239 4.29203715 251.26371950
v -79.59741236 4.54926716 251.26371950
v -80.31561284 4.54926716 251.26371950
v -81.33942700 0.54421160 237.17594702
v -82.09049375 0.54421160 237.17594702
v -82.09452475 0.91507148 237.17894985
v -81.33935103 0.91507148 237.17894985
v -81.33968507 0.45574134 237.26021489
v -82.07688297 0.45574134 237.26021489
v -82.08953403 0.45574141 237.17523024
v -81.33944507 0.45574142 237.17523024
v -81.33968599 4.86747033 250.94551692
v -82.07670987 4.86747033 250.94551692
v -82.07675327 4.54926716 251.26371950
v -81.33968500 4.54926716 251.26371950
v -78.82005934 0.45574142 237.17523024
v -79.55104267 0.45574142 237.17523024
v -79.55005637 0.54421161 237.17594702
v -78.81811390 0.54421161 237.17594702
v -81.33969642 4.64722109 237.48046384
v -82.07671127 4.64722109 237.48046384
v -82.07664186 4.86747033 238.01219175
v -81.33970101 4.86747033 238.01219175
v -81.35624324 5.12612508 242.26226813
v -81.35623009 5.07407405 242.26226813
v -80.33183123 5.07407405 242.26226813
v -80.33181809 5.12612508 242.26226813
v -80.33183108 5.07407405 243.40073363
v -80.33183123 5.07407405 242.26226813
v -81.35623009 5.07407405 242.26226813
v -81.35623028 5.07407405 243.40073400
v -80.33181753 5.12612508 243.40073363
v -80.33183108 5.07407405 243.40073363
v -81.35623028 5.07407405 243.40073400
v -81.35624379 5.12612508 243.40073400
v -80.31561364 4.29203715 251.26371950
v -80.31561284 4.54926716 251.26371950
v -81.33968500 4.54926716 251.26371950
v -81.33968419 4.29203715 251.26371950
v -80.31560924 0.91507141 237.26021489
v -80.31527450 0.91507148 237.17894985
v -81.33935103 0.91507148 237.17894985
v -81.33968863 0.91507141 237.26021489
v -81.33942700 0.54421160 237.17594702
v -81.33935103 0.91507148 237.17894985
v -80.31527450 0.91507148 237.17894985
v -80.31535238 0.54421161 237.17594702
v -78.58004479 0.90073143 250.99814901
v -78.84561587 0.87994090 251.26371950
v -78.82542328 0.87994699 251.31142580
v -78.53202152 0.90068766 251.01757488
v -81.33968507 0.45574134 237.26021489
v -81.33944507 0.45574142 237.17523024
v -80.31537096 0.45574142 237.17523024
v -80.31561280 0.45574134 237.26021489
v -81.33969297 4.11549288 237.26021489
v -81.33969642 4.64722109 237.48046384
v -80.31560142 4.64722109 237.48046384
v -80.31560487 4.11549288 237.26021489
v -81.33969642 4.64722109 237.48046384
v -81.33970101 4.86747033 238.01219175
v -80.31559683 4.86747033 238.01219175
v -80.31560142 4.64722109 237.48046384
v -83.11297894 0.88498728 250.30476643
v -83.11297894 0.75283730 250.30479111
v -83.16478219 0.75277548 250.30487336
v -83.16478219 0.88492544 250.30484927
v -81.33944507 0.45574142 237.17523024
v -81.33942700 0.54421160 237.17594702
v -80.31535238 0.54421161 237.17594702
v -80.31537096 0.45574142 237.17523024
v -82.11033750 4.11549288 237.26021489
v -82.84740786 4.11549288 237.26021489
v -82.84740786 4.64722109 237.48046384
v -82.11039316 4.64722109 237.48046384
v -78.49130102 0.72131243 238.84311352
v -78.49211812 0.72131243 238.72317888
v -78.49206319 0.76942436 238.72330284
v -78.49130102 0.76929573 238.84311352
v -83.19248023 0.72131240 237.48635258
v -83.20090561 0.72131236 238.72317888
v -83.20096054 0.76906737 238.72330284
v -83.19310037 0.77075077 237.48775794
v -78.58004508 0.97043783 238.84311352
v -78.58004479 0.76929566 238.84311352
v -78.49130102 0.76929573 238.84311352
v -78.49130131 0.97043791 238.84311352
v -83.20090561 0.72131236 238.72317888
v -83.20172271 0.72131236 238.84311352
v -83.20172271 0.76890415 238.84311352
v -83.20096054 0.76906737 238.72330284
v -78.49211812 0.72131243 238.72317888
v -78.50054350 0.72131243 237.48635258
v -78.49992234 0.77075081 237.48776088
v -78.49206319 0.76942436 238.72330284
v -78.49731814 0.97799250 237.49366548
v -78.49992234 0.77075081 237.48776088
v -78.81811390 0.54421161 237.17594702
v -78.80995849 0.91507148 237.17894985
v -82.88306524 0.91507144 237.17894985
v -82.87490983 0.54421160 237.17594702
v -83.19310037 0.77075077 237.48775794
v -83.19569913 0.97799239 237.49364845
v -83.11297894 0.72131236 238.84311352
v -83.20172271 0.72131236 238.84311352
v -83.11297894 0.87994086 250.99814901
v -83.11297894 0.88498728 250.30476643
v -83.16478219 0.88492544 250.30484927
v -83.16086297 0.87989738 251.01791506
v -80.31560068 0.53746029 251.31552378
v -79.58939648 0.53745862 251.31431172
v -79.58723249 0.87995166 251.31352091
v -80.31560046 0.87995603 251.31552378
v -78.53347740 0.75583010 251.02084386
v -78.53202152 0.90068766 251.01757488
v -78.82542328 0.87994699 251.31142580
v -78.82978211 0.53745688 251.31304443
v -83.16478219 0.75277548 250.30487336
v -83.15956145 0.75182554 251.02081272
v -83.16086297 0.87989738 251.01791506
v -83.16478219 0.88492544 250.30484927
v -79.83709672 1.37814973 237.26021489
v -79.59733157 1.37814980 237.26021489
v -79.59730969 1.37814980 237.24538757
v -79.83709672 1.37814973 237.24538757
v -80.31560068 0.53746029 251.31552378
v -80.31560046 0.87995603 251.31552378
v -81.33969679 0.87995448 251.31552378
v -81.33969653 0.53745874 251.31552378
v -82.35850569 1.37814973 237.26021489
v -82.11026641 1.37814973 237.26021489
v -82.11024496 1.37814973 237.24538757
v -82.35850569 1.37814973 237.24538757
v -83.16086297 0.87989738 251.01791506
v -83.15956145 0.75182554 251.02081272
v -82.86331682 0.53745473 251.31301975
v -82.86726130 0.87994571 251.31156798
v -78.53347740 0.75583010 251.02084386
v -78.52824154 0.75657389 250.30487219
v -78.52824184 0.90464610 250.30484810
v -78.53202152 0.90068766 251.01757488
v -82.86331682 0.53745473 251.31301975
v -82.11821031 0.53745669 251.31424474
v -82.12019746 0.87995000 251.31350270
v -82.86726130 0.87994571 251.31156798
v -80.31561464 0.87994090 251.26371950
v -81.33968324 0.87994090 251.26371950
v -81.33969679 0.87995448 251.31552378
v -80.31560046 0.87995603 251.31552378
v -81.33968298 0.53744515 251.26371950
v -80.31561486 0.53744515 251.26371950
v -80.31560068 0.53746029 251.31552378
v -81.33969653 0.53745874 251.31552378
v -78.84561587 0.53744515 251.26371950
v -78.58004479 0.75586974 250.99814901
v -78.53347740 0.75583010 251.02084386
v -78.82978211 0.53745688 251.31304443
v -83.11297894 0.75283730 250.30479111
v -83.11297894 0.75186533 250.99814901
v -83.15956145 0.75182554 251.02081272
v -83.16478219 0.75277548 250.30487336
v -78.58004479 0.75663563 250.30479111
v -78.58004508 0.90470783 250.30476643
v -78.52824184 0.90464610 250.30484810
v -78.52824154 0.75657389 250.30487219
v -82.84740786 0.87994090 251.26371950
v -83.11297894 0.87994086 250.99814901
v -83.16086297 0.87989738 251.01791506
v -82.86726130 0.87994571 251.31156798
v -83.11297894 0.75186533 250.99814901
v -82.84740786 0.53744515 251.26371950
v -82.86331682 0.53745473 251.31301975
v -83.15956145 0.75182554 251.02081272
v -79.58341006 0.54421161 237.17594702
v -80.31535238 0.54421161 237.17594702
v -80.31527450 0.91507148 237.17894985
v -79.57930225 0.91507148 237.17894985
v -82.84740786 0.91507141 237.26021489
v -82.11023086 0.91507141 237.26021489
v -82.12789166 0.91507148 237.17894985
v -82.88306524 0.91507144 237.17894985
v -82.35850569 1.21826086 237.26021489
v -82.35850569 1.27848625 237.26021489
v -82.35850569 1.27849587 237.24538757
v -82.35850569 1.21826799 237.24538757
v -82.11022969 1.32360495 237.24538757
v -82.30396092 1.32360495 237.24538757
v -82.35850569 1.37814973 237.24538757
v -82.11024496 1.37814973 237.24538757
v -81.82859161 1.11866833 237.26021489
v -82.07687665 1.11866833 237.26021489
v -82.07688268 1.11866833 237.24538757
v -81.82859161 1.11866833 237.24538757
v -79.83709694 1.21824838 237.26021489
v -79.83709679 1.27856175 237.26021489
v -79.83709679 1.27854963 237.24538757
v -79.83709694 1.21825917 237.24538757
v -79.32412725 1.27848552 237.26021489
v -79.32412725 1.21826167 237.26021489
v -79.32412725 1.21826872 237.24538757
v -79.32412725 1.27849529 237.24538757
v -79.32412725 1.11866833 237.26021489
v -79.56393822 1.11866833 237.26021489
v -79.56394468 1.11866833 237.24538757
v -79.32412725 1.11866833 237.24538757
v -79.37867188 1.17321303 237.24538757
v -79.37867188 1.21024433 237.24538757
v -79.32412725 1.19205564 237.24538757
v -79.32412725 1.11866833 237.24538757
v -81.88313646 1.17321303 237.24538757
v -81.88313661 1.21025064 237.24538757
v -81.82859169 1.19206533 237.24538757
v -81.82859161 1.11866833 237.24538757
v -79.78255202 1.32360495 237.24538757
v -79.78255202 1.28657887 237.24538757
v -79.83709679 1.30476213 237.24538757
v -79.83709672 1.37814973 237.24538757
v -79.37867188 1.32360510 237.24538757
v -79.56392970 1.32360503 237.24538757
v -79.56391428 1.37814980 237.24538757
v -79.32412725 1.37814980 237.24538757
v -81.88313668 1.32360495 237.24538757
v -82.07686777 1.32360495 237.24538757
v -82.07685278 1.37814973 237.24538757
v -81.82859205 1.37814973 237.24538757
v -82.30396092 1.17321303 237.24538757
v -82.11021250 1.17321303 237.24538757
v -82.11021456 1.11866833 237.24538757
v -82.35850569 1.11866833 237.24538757
v -82.07688503 1.17321303 237.24538757
v -81.88313646 1.17321303 237.24538757
v -81.82859161 1.11866833 237.24538757
v -82.07688268 1.11866833 237.24538757
v -82.07683127 1.37814973 237.26021489
v -81.82859205 1.37814973 237.26021489
v -81.82859205 1.37814973 237.24538757
v -82.07685278 1.37814973 237.24538757
v -82.11022058 1.11866833 237.26021489
v -82.35850569 1.11866833 237.26021489
v -82.35850569 1.11866833 237.24538757
v -82.11021456 1.11866833 237.24538757
v -82.12384319 0.54421160 237.17594702
v -82.87490983 0.54421160 237.17594702
v -82.88306524 0.91507144 237.17894985
v -82.12789166 0.91507148 237.17894985
v -82.07685367 0.53744515 251.26371950
v -81.33968298 0.53744515 251.26371950
v -81.33969653 0.53745874 251.31552378
v -82.08480315 0.53745679 251.31429938
v -82.08480315 0.53745679 251.31429938
v -81.33969653 0.53745874 251.31552378
v -81.33969679 0.87995448 251.31552378
v -82.08676063 0.87995019 251.31358906
v -82.12287539 0.45574141 237.17523024
v -82.87296439 0.45574141 237.17523024
v -82.87490983 0.54421160 237.17594702
v -82.12384319 0.54421160 237.17594702
v -82.11039316 4.64722109 237.48046384
v -82.84740786 4.64722109 237.48046384
v -82.84740786 4.86747033 238.01219175
v -82.11046705 4.86747033 238.01219175
v -81.33969297 4.11549288 237.26021489
v -82.07676311 4.11549288 237.26021489
v -82.07671127 4.64722109 237.48046384
v -81.33969642 4.64722109 237.48046384
v -82.07686571 0.91507141 237.26021489
v -81.33968863 0.91507141 237.26021489
v -81.33935103 0.91507148 237.17894985
v -82.09452475 0.91507148 237.17894985
v -81.35624324 5.12612508 242.26226813
v -81.24802374 5.12612508 242.26226813
v -81.24958497 5.07407405 242.26226813
v -81.35623009 5.07407405 242.26226813
v -81.21792657 5.12612508 242.26739236
v -81.10970707 5.12612508 242.26226813
v -81.10970707 5.07407405 242.26226813
v -81.21635219 5.07407405 242.26226813
v -82.84740786 0.53744515 251.26371950
v -82.11023718 0.53744515 251.26371950
v -82.11821031 0.53745669 251.31424474
v -82.86331682 0.53745473 251.31301975
v -81.24801485 5.12612508 243.40588834
v -81.35624379 5.12612508 243.40073400
v -81.35623028 5.07407405 243.40073400
v -81.24958504 5.07407405 243.40073400
v -81.33968324 0.87994090 251.26371950
v -82.07680740 0.87994090 251.26371950
v -82.08676063 0.87995019 251.31358906
v -81.33969679 0.87995448 251.31552378
v -82.11038391 4.86747033 250.94551692
v -82.84740786 4.86747033 250.94551692
v -82.84740786 4.54926716 251.26371950
v -82.11033970 4.54926716 251.26371950
v -82.11028359 0.87994090 251.26371950
v -82.84740786 0.87994090 251.26371950
v -82.86726130 0.87994571 251.31156798
v -82.12019746 0.87995000 251.31350270
v -82.11021000 0.45574134 237.26021489
v -82.84740786 0.45574134 237.26021489
v -82.87296439 0.45574141 237.17523024
v -82.12287539 0.45574141 237.17523024
v -79.56394689 1.17321303 237.24538757
v -79.56394468 1.11866833 237.24538757
v -79.78255216 1.17321303 237.24538757
v -79.59727723 1.17321303 237.24538757
v -79.59727943 1.11866833 237.24538757
v -79.83709701 1.11866833 237.24538757
v -79.59729441 1.32360503 237.24538757
v -79.78255202 1.32360495 237.24538757
v -79.83709672 1.37814973 237.24538757
v -79.59730969 1.37814980 237.24538757
v -79.56392779 0.91507141 237.26021489
v -78.84561587 0.91507141 237.26021489
v -78.80995849 0.91507148 237.17894985
v -79.54593078 0.91507148 237.17894985
v -78.84561587 4.11549288 237.26021489
v -79.56381998 4.11549288 237.26021489
v -79.56376343 4.64722109 237.48046384
v -78.84561587 4.64722109 237.48046384
v -79.55598624 0.53745856 251.31425590
v -78.82978211 0.53745688 251.31304443
v -78.82542328 0.87994699 251.31142580
v -79.55379111 0.87995140 251.31342867
v -79.56392250 0.53744515 251.26371950
v -78.84561587 0.53744515 251.26371950
v -78.82978211 0.53745688 251.31304443
v -79.55598624 0.53745856 251.31425590
v -79.58438785 0.45574142 237.17523024
v -80.31537096 0.45574142 237.17523024
v -80.31535238 0.54421161 237.17594702
v -79.58341006 0.54421161 237.17594702
v -79.59745378 4.64722109 237.48046384
v -80.31560142 4.64722109 237.48046384
v -80.31559683 4.86747033 238.01219175
v -79.59752443 4.86747033 238.01219175
v -78.84561587 0.45574134 237.26021489
v -79.56394924 0.45574134 237.26021489
v -79.55104267 0.45574142 237.17523024
v -78.82005934 0.45574142 237.17523024
v -79.59745701 4.86747033 250.94551692
v -80.31561188 4.86747033 250.94551692
v -80.31561284 4.54926716 251.26371950
v -79.59741236 4.54926716 251.26371950
v -80.31560924 0.91507141 237.26021489
v -79.59729720 0.91507141 237.26021489
v -79.57930225 0.91507148 237.17894985
v -80.31527450 0.91507148 237.17894985
v -79.59735669 0.87994090 251.26371950
v -80.31561464 0.87994090 251.26371950
v -80.31560046 0.87995603 251.31552378
v -79.58723249 0.87995166 251.31352091
v -80.47265710 5.12612508 243.39564972
v -80.58331666 5.12612508 243.40073378
v -80.58331666 5.07407405 243.40073378
v -80.47419024 5.07407405 243.40073371
v -80.44246817 5.12612508 242.25721484
v -80.33181809 5.12612508 242.26226813
v -80.33183123 5.07407405 242.26226813
v -80.44095758 5.07407405 242.26226813
v -80.31561486 0.53744515 251.26371950
v -79.59730822 0.53744515 251.26371950
v -79.58939648 0.53745862 251.31431172
v -80.31560068 0.53746029 251.31552378
v -80.58331666 5.12612508 242.26226813
v -80.47266657 5.12612508 242.26226813
v -80.47419031 5.07407405 242.26226813
v -80.58331666 5.07407405 242.26226813
v -79.59727943 0.45574134 237.26021489
v -80.31561280 0.45574134 237.26021489
v -80.31537096 0.45574142 237.17523024
v -79.58438785 0.45574142 237.17523024
v -79.56389225 1.37814980 237.26021489
v -79.32412725 1.37814980 237.26021489
v -79.32412725 1.37814980 237.24538757
v -79.56391428 1.37814980 237.24538757
v -79.59740090 4.11549288 237.26021489
v -80.31560487 4.11549288 237.26021489
v -80.31560142 4.64722109 237.48046384
v -79.59745378 4.64722109 237.48046384
v -82.07688503 1.17321303 237.24538757
v -82.07688268 1.11866833 237.24538757
v -82.11021456 1.11866833 237.24538757
v -82.11021250 1.17321303 237.24538757
v -82.11022969 1.32360495 237.24538757
v -82.11024496 1.37814973 237.24538757
v -82.07685278 1.37814973 237.24538757
v -82.07686777 1.32360495 237.24538757
v -82.11021250 1.17321303 237.24538757
v -82.11021426 1.17321303 237.18692019
v -82.07688326 1.17321303 237.18692019
v -82.07688503 1.17321303 237.24538757
v -82.07686777 1.32360495 237.24538757
v -82.07687775 1.32360495 237.18692019
v -82.11021970 1.32360495 237.18692019
v -82.11022969 1.32360495 237.24538757
v -82.07685367 0.53744515 251.26371950
v -82.08480315 0.53745679 251.31429938
v -82.11821031 0.53745669 251.31424474
v -82.11023718 0.53744515 251.26371950
v -82.08480315 0.53745679 251.31429938
v -82.08676063 0.87995019 251.31358906
v -82.12019746 0.87995000 251.31350270
v -82.11821031 0.53745669 251.31424474
v -82.12287539 0.45574141 237.17523024
v -82.12384319 0.54421160 237.17594702
v -82.09049375 0.54421160 237.17594702
v -82.08953403 0.45574141 237.17523024
v -82.11039316 4.64722109 237.48046384
v -82.11046705 4.86747033 238.01219175
v -82.07664186 4.86747033 238.01219175
v -82.07671127 4.64722109 237.48046384
v -82.11033750 4.11549288 237.26021489
v -82.11039316 4.64722109 237.48046384
v -82.07671127 4.64722109 237.48046384
v -82.07676311 4.11549288 237.26021489
v -82.11038391 4.86747033 250.94551692
v -82.11033970 4.54926716 251.26371950
v -82.07675327 4.54926716 251.26371950
v -82.07670987 4.86747033 250.94551692
v -82.12384319 0.54421160 237.17594702
v -82.12789166 0.91507148 237.17894985
v -82.09452475 0.91507148 237.17894985
v -82.09049375 0.54421160 237.17594702
v -82.07686571 0.91507141 237.26021489
v -82.09452475 0.91507148 237.17894985
v -82.12789166 0.91507148 237.17894985
v -82.11023086 0.91507141 237.26021489
v -81.21792657 5.12612508 242.26739236
v -81.21635219 5.07407405 242.26226813
v -81.24958497 5.07407405 242.26226813
v -81.24802374 5.12612508 242.26226813
v -81.24801485 5.12612508 243.40588834
v -81.24958504 5.07407405 243.40073400
v -81.21635230 5.07407405 243.40073400
v -81.21793601 5.12612508 243.40073400
v -82.07678250 4.29203715 251.26371950
v -82.07675327 4.54926716 251.26371950
v -82.11033970 4.54926716 251.26371950
v -82.11030944 4.29203715 251.26371950
v -82.11028359 0.87994090 251.26371950
v -82.12019746 0.87995000 251.31350270
v -82.08676063 0.87995019 251.31358906
v -82.07680740 0.87994090 251.26371950
v -82.11021000 0.45574134 237.26021489
v -82.12287539 0.45574141 237.17523024
v -82.08953403 0.45574141 237.17523024
v -82.07688297 0.45574134 237.26021489
v -79.56392970 1.32360503 237.24538757
v -79.56393984 1.32360503 237.18692019
v -79.59728428 1.32360503 237.18692019
v -79.59729441 1.32360503 237.24538757
v -79.59727723 1.17321303 237.24538757
v -79.59727869 1.17321303 237.18692019
v -79.56394542 1.17321303 237.18692019
v -79.56394689 1.17321303 237.24538757
v -79.56394689 1.17321303 237.24538757
v -79.56394468 1.11866833 237.24538757
v -79.59727943 1.11866833 237.24538757
v -79.59727723 1.17321303 237.24538757
v -79.59729441 1.32360503 237.24538757
v -79.59730969 1.37814980 237.24538757
v -79.56391428 1.37814980 237.24538757
v -79.56392970 1.32360503 237.24538757
v -79.59735669 0.87994090 251.26371950
v -79.58723249 0.87995166 251.31352091
v -79.55379111 0.87995140 251.31342867
v -79.56387389 0.87994090 251.26371950
v -79.55598624 0.53745856 251.31425590
v -79.55379111 0.87995140 251.31342867
v -79.58723249 0.87995166 251.31352091
v -79.58939648 0.53745862 251.31431172
v -79.56392250 0.53744515 251.26371950
v -79.55598624 0.53745856 251.31425590
v -79.58939648 0.53745862 251.31431172
v -79.59730822 0.53744515 251.26371950
v -79.58438785 0.45574142 237.17523024
v -79.58341006 0.54421161 237.17594702
v -79.55005637 0.54421161 237.17594702
v -79.55104267 0.45574142 237.17523024
v -79.59745378 4.64722109 237.48046384
v -79.59752443 4.86747033 238.01219175
v -79.56368823 4.86747033 238.01219175
v -79.56376343 4.64722109 237.48046384
v -79.56392779 0.91507141 237.26021489
v -79.54593078 0.91507148 237.17894985
v -79.57930225 0.91507148 237.17894985
v -79.59729720 0.91507141 237.26021489
v -79.56384715 4.29203715 251.26371950
v -79.56381631 4.54926716 251.26371950
v -79.59741236 4.54926716 251.26371950
v -79.59738239 4.29203715 251.26371950
v -80.47265710 5.12612508 243.39564972
v -80.47419024 5.07407405 243.40073371
v -80.44095750 5.07407405 243.40073371
v -80.44247710 5.12612508 243.40073371
v -80.44246817 5.12612508 242.25721484
v -80.44095758 5.07407405 242.26226813
v -80.47419031 5.07407405 242.26226813
v -80.47266657 5.12612508 242.26226813
v -80.44095758 5.07407405 242.26226813
v -80.44095750 5.07407405 243.40073371
v -79.59727943 0.45574134 237.26021489
v -79.58438785 0.45574142 237.17523024
v -79.55104267 0.45574142 237.17523024
v -79.56394924 0.45574134 237.26021489
v -79.58341006 0.54421161 237.17594702
v -79.57930225 0.91507148 237.17894985
v -79.54593078 0.91507148 237.17894985
v -79.55005637 0.54421161 237.17594702
v -79.56389225 1.37814980 237.26021489
v -79.56391428 1.37814980 237.24538757
v -79.59730969 1.37814980 237.24538757
v -79.59733157 1.37814980 237.26021489
v -79.59745701 4.86747033 250.94551692
v -79.59741236 4.54926716 251.26371950
v -79.56381631 4.54926716 251.26371950
v -79.56377078 4.86747033 250.94551692
v -79.59740090 4.11549288 237.26021489
v -79.59745378 4.64722109 237.48046384
v -79.56376343 4.64722109 237.48046384
v -79.56381998 4.11549288 237.26021489
v -79.59727869 1.17321303 237.18692019
v -79.59728002 1.21027642 237.18692019
v -79.56394410 1.21027532 237.18692019
v -79.56394542 1.17321303 237.18692019
v -79.59728090 1.23641100 237.18692019
v -79.59728193 1.26038914 237.18692019
v -79.56394204 1.26038268 237.18692019
v -79.56394307 1.23641210 237.18692019
v -79.59728281 1.28655963 237.18692019
v -79.59728428 1.32360503 237.18692019
v -79.56393984 1.32360503 237.18692019
v -79.56394116 1.28656602 237.18692019
v -82.11021647 1.23641180 237.18692019
v -82.11021735 1.26038297 237.18692019
v -82.07688010 1.26038936 237.18692019
v -82.07688099 1.23641063 237.18692019
v -82.11021838 1.28656565 237.18692019
v -82.11021970 1.32360495 237.18692019
v -82.07687775 1.32360495 237.18692019
v -82.07687915 1.28655926 237.18692019
v -82.11021426 1.17321303 237.18692019
v -82.11021559 1.21027561 237.18692019
v -82.07688187 1.21027664 237.18692019
v -82.07688326 1.17321303 237.18692019
v -79.78255202 1.26036975 237.24538757
v -79.78255202 1.23643692 237.24538757
v -79.83709694 1.21825917 237.24538757
v -79.83709679 1.27854963 237.24538757
v -79.78255202 1.21025035 237.24538757
v -79.78255216 1.17321303 237.24538757
v -79.83709701 1.11866833 237.24538757
v -79.83709694 1.19206504 237.24538757
v -81.88313661 1.23643677 237.24538757
v -81.88313668 1.26036997 237.24538757
v -81.82859183 1.27854993 237.24538757
v -81.82859169 1.21825888 237.24538757
v -81.88313668 1.28657858 237.24538757
v -81.88313668 1.32360495 237.24538757
v -81.82859205 1.37814973 237.24538757
v -81.82859183 1.30476183 237.24538757
v -79.37867188 1.23644309 237.24538757
v -79.37867188 1.26033502 237.24538757
v -79.32412725 1.27849529 237.24538757
v -79.32412725 1.21826872 237.24538757
v -79.37867188 1.28661383 237.24538757
v -79.32412725 1.30481669 237.24538757
v -82.30396092 1.26033538 237.24538757
v -82.30396092 1.23644250 237.24538757
v -82.35850569 1.21826799 237.24538757
v -82.35850569 1.27849587 237.24538757
v -82.30396092 1.21024484 237.24538757
v -82.35850569 1.19205622 237.24538757
v -81.82859169 1.19207620 237.26021489
v -81.82859161 1.11866833 237.26021489
v -81.82859161 1.11866833 237.24538757
v -81.82859169 1.19206533 237.24538757
v -79.32412725 1.37814980 237.26021489
v -79.32412725 1.30482639 237.26021489
v -79.32412725 1.30481669 237.24538757
v -79.32412725 1.37814980 237.24538757
v -82.30396092 1.28661324 237.24538757
v -82.35850569 1.30481596 237.24538757
v -79.83709701 1.11866833 237.26021489
v -79.83709694 1.19207583 237.26021489
v -79.83709694 1.19206504 237.24538757
v -79.83709701 1.11866833 237.24538757
v -79.32412725 1.19206261 237.26021489
v -79.32412725 1.11866833 237.26021489
v -79.32412725 1.11866833 237.24538757
v -79.32412725 1.19205564 237.24538757
v -82.35850569 1.11866833 237.26021489
v -82.35850569 1.19206335 237.26021489
v -82.35850569 1.19205622 237.24538757
v -82.35850569 1.11866833 237.24538757
v -82.35850569 1.30482558 237.26021489
v -82.35850569 1.37814973 237.26021489
v -82.35850569 1.37814973 237.24538757
v -82.35850569 1.30481596 237.24538757
v -79.83709679 1.30475008 237.26021489
v -79.83709672 1.37814973 237.26021489
v -79.83709672 1.37814973 237.24538757
v -79.83709679 1.30476213 237.24538757
v -81.82859205 1.37814973 237.26021489
v -81.82859183 1.30474979 237.26021489
v -81.82859183 1.30476183 237.24538757
v -81.82859205 1.37814973 237.24538757
v -79.59728090 1.23641100 237.18692019
v -79.56394307 1.23641210 237.18692019
v -79.56394410 1.21027532 237.18692019
v -79.59728002 1.21027642 237.18692019
v -79.59728281 1.28655963 237.18692019
v -79.56394116 1.28656602 237.18692019
v -79.56394204 1.26038268 237.18692019
v -79.59728193 1.26038914 237.18692019
v -82.11021647 1.23641180 237.18692019
v -82.07688099 1.23641063 237.18692019
v -82.07688187 1.21027664 237.18692019
v -82.11021559 1.21027561 237.18692019
v -82.11021838 1.28656565 237.18692019
v -82.07687915 1.28655926 237.18692019
v -82.07688010 1.26038936 237.18692019
v -82.11021735 1.26038297 237.18692019
v -79.78255202 1.26036975 237.24538757
v -79.83709679 1.27854963 237.24538757
v -79.83709679 1.30476213 237.24538757
v -79.78255202 1.28657887 237.24538757
v -79.78255202 1.21025035 237.24538757
v -79.83709694 1.19206504 237.24538757
v -79.83709694 1.21825917 237.24538757
v -79.78255202 1.23643692 237.24538757
v -81.88313661 1.23643677 237.24538757
v -81.82859169 1.21825888 237.24538757
v -81.82859169 1.19206533 237.24538757
v -81.88313661 1.21025064 237.24538757
v -81.88313668 1.28657858 237.24538757
v -81.82859183 1.30476183 237.24538757
v -81.82859183 1.27854993 237.24538757
v -81.88313668 1.26036997 237.24538757
v -79.32412725 1.27848552 237.26021489
v -79.32412725 1.27849529 237.24538757
v -79.32412725 1.30481669 237.24538757
v -79.32412725 1.30482639 237.26021489
v -79.32412725 1.19206261 237.26021489
v -79.32412725 1.19205564 237.24538757
v -79.32412725 1.21826872 237.24538757
v -79.32412725 1.21826167 237.26021489
v -79.83709694 1.21824838 237.26021489
v -79.83709694 1.21825917 237.24538757
v -79.83709694 1.19206504 237.24538757
v -79.83709694 1.19207583 237.26021489
v -79.83709679 1.30475008 237.26021489
v -79.83709679 1.30476213 237.24538757
v -79.83709679 1.27854963 237.24538757
v -79.83709679 1.27856175 237.26021489
v -82.35850569 1.21826086 237.26021489
v -82.35850569 1.21826799 237.24538757
v -82.35850569 1.19205622 237.24538757
v -82.35850569 1.19206335 237.26021489
v -82.35850569 1.30482558 237.26021489
v -82.35850569 1.30481596 237.24538757
v -82.35850569 1.27849587 237.24538757
v -82.35850569 1.27848625 237.26021489
v -81.82859183 1.27856197 237.26021489
v -81.82859183 1.27854993 237.24538757
v -81.82859183 1.30476183 237.24538757
v -81.82859183 1.30474979 237.26021489
v -81.82859169 1.19207620 237.26021489
v -81.82859169 1.19206533 237.24538757
v -81.82859169 1.21825888 237.24538757
v -81.82859169 1.21824801 237.26021489
v -78.58004479 4.44396184 237.68372279
v -78.58004479 4.07650748 238.62477696
v -78.58004479 4.06266749 237.52578538
v -78.58004479 4.60189925 238.60160269
v -78.58004479 4.60189925 238.06501714
v -83.11297894 4.07624016 238.62477696
v -83.11297894 4.44396184 237.68372279
v -83.11297894 4.06266749 237.52578538
v -83.11297894 4.60189925 238.60160269
v -83.11297894 4.60189925 238.06501714
v -78.58004479 4.06836441 250.29825433
v -78.58004479 4.28263854 250.99814901
v -78.58004479 4.06779069 250.99814901
v -78.58004479 4.06950156 248.91184373
v -78.58004479 4.60189925 248.90872692
v -78.58004479 4.60189925 250.67888830
v -83.11297894 4.28263854 250.99814901
v -83.11297894 4.06551845 250.29825433
v -83.11297894 4.06479021 250.99814901
v -83.11297894 4.06696140 248.91184285
v -83.11297894 4.60189925 248.90872692
v -83.11297894 4.60189925 250.67888830
vt 0.35503495 0.00000000
vt 0.35503501 0.00000000
vt 0.35503498 0.00000000
vt 0.35503495 0.00000000
vt 0.94141299 0.00524271
vt 0.78298408 0.00524271
vt 0.78300077 0.05369925
vt 0.94141304 0.05369925
vt 0.39262664 0.00000000
vt 0.22923812 0.00000000
vt 0.22928879 0.00000000
vt 0.39273316 0.00000000
vt 0.94141299 0.97727692
vt 0.78298253 0.97727692
vt 0.78297251 1.00000000
vt 0.94141299 1.00000000
vt 0.05858701 0.00000000
vt 0.00000000 0.01894480
vt 0.00000000 0.01894480
vt 0.05858701 0.00000000
vt 0.00000000 0.10470188
vt 0.00000000 0.11301780
vt 0.00000000 0.11301780
vt 0.00000000 0.10470188
vt 0.00000000 0.11299324
vt 0.00000000 0.11289036
vt 0.00000000 0.11289036
vt 0.00000000 0.11299324
vt 0.00000000 0.29929924
vt 0.00000000 0.48716116
vt 0.00000000 0.48627234
vt 0.00000000 0.29806417
vt 0.00000000 0.01880348
vt 0.05858701 0.00000000
vt 0.05858701 0.00000000
vt 0.00000000 0.01880348
vt 0.00000000 0.10351920
vt 0.00000000 0.29263872
vt 0.00000000 0.29140610
vt 0.00000000 0.10193872
vt 0.99999988 0.48716098
vt 0.99999988 0.29929924
vt 0.99999982 0.29806435
vt 0.99999976 0.48627234
vt 0.05858701 0.00000000
vt 0.05858701 0.00000000
vt 0.00000000 0.01894480
vt 0.00000000 0.01891762
vt 0.99999982 0.01891762
vt 0.99999994 0.01894480
vt 0.94141299 0.00000000
vt 0.94141304 0.00000000
vt 0.05858701 1.00000000
vt 0.22119656 1.00000000
vt 0.22118993 1.00000000
vt 0.05858701 1.00000000
vt 0.99999988 0.10467720
vt 0.99999982 0.01891762
vt 0.99999994 0.01880348
vt 0.99999988 0.10457325
vt 0.00000000 0.10467708
vt 0.00000000 0.11299324
vt 0.00000000 0.11289036
vt 0.00000000 0.10457313
vt 0.99999988 0.10470200
vt 0.99999994 0.01894480
vt 0.99999994 0.01894480
vt 0.99999988 0.10470206
vt 0.77107739 0.00000000
vt 0.65328759 0.00000000
vt 0.65328759 0.00000000
vt 0.77108055 0.00000000
vt 0.99999988 0.11299330
vt 0.99999988 0.11301786
vt 0.99999988 0.11301786
vt 0.99999988 0.11299330
vt 0.99999988 0.10457331
vt 0.99999988 0.11289036
vt 0.99999988 0.11289036
vt 0.99999988 0.10457325
vt 0.94141304 0.00000000
vt 0.99999994 0.01880348
vt 0.99999994 0.01880348
vt 0.94141304 0.00000000
vt 0.00000000 0.10457331
vt 0.00000000 0.01880348
vt 0.00000000 0.01880348
vt 0.00000000 0.10457313
vt 0.99999994 0.01894480
vt 0.94141299 0.00000000
vt 0.94141299 0.00000000
vt 0.99999994 0.01894480
vt 0.00000000 0.11289036
vt 0.00000000 0.10457331
vt 0.00000000 0.10457313
vt 0.00000000 0.11289036
vt 0.99999994 0.01880348
vt 0.99999988 0.10457331
vt 0.99999988 0.10457325
vt 0.99999994 0.01880348
vt 0.99999988 0.11301786
vt 0.99999988 0.10470200
vt 0.99999988 0.10470206
vt 0.99999988 0.11301786
vt 0.00000000 0.01891762
vt 0.00000000 0.10467708
vt 0.00000000 0.10457313
vt 0.00000000 0.01880348
vt 0.99999988 0.11299330
vt 0.99999988 0.10467720
vt 0.99999988 0.10457325
vt 0.99999988 0.11289036
vt 0.00000000 0.01894480
vt 0.00000000 0.10470188
vt 0.00000000 0.10470188
vt 0.00000000 0.01894480
vt 0.94141304 0.00000000
vt 0.78213042 0.00000000
vt 0.78189468 0.00000000
vt 0.94141304 0.00000000
vt 0.99999988 0.29263866
vt 0.99999994 0.10351920
vt 0.99999988 0.10193884
vt 0.99999982 0.29140610
vt 0.78296566 1.00000000
vt 0.94141299 1.00000000
vt 0.94141299 1.00000000
vt 0.78297251 1.00000000
vt 0.00000000 0.49381685
vt 0.00000000 0.67903191
vt 0.00000000 0.67848396
vt 0.00000000 0.49293864
vt 0.99999994 0.67903185
vt 0.99999988 0.49381679
vt 0.99999976 0.49293870
vt 0.99999982 0.67848402
vt 1.00000000 0.82493860
vt 0.99999994 0.68577456
vt 0.99999976 0.68524706
vt 0.99999976 0.82465118
vt 0.00000000 0.68577468
vt 0.00000000 0.82493865
vt 0.00000000 0.82465112
vt 0.00000000 0.68524694
vt 0.99999988 0.98103350
vt 0.99999988 0.93151802
vt 0.99999988 0.93151802
vt 0.99999988 0.98103350
vt 0.22859287 1.00000000
vt 0.39120242 1.00000000
vt 0.39120224 1.00000000
vt 0.22859934 1.00000000
vt 1.06424415 0.44467258
vt 0.94460899 0.44467258
vt 0.94460887 0.35102618
vt 1.06424403 0.35102612
vt 0.21145931 0.44467288
vt 0.09454425 0.44467294
vt 0.09454431 0.35102642
vt 0.21145929 0.35102636
vt 0.21145929 0.35102636
vt 0.21145931 0.44467288
vt 0.21145931 0.44467288
vt 0.21145929 0.35102636
vt 0.05811120 0.44467294
vt -0.05880387 0.44467294
vt -0.05880371 0.35102642
vt 0.05811128 0.35102642
vt 0.78854066 0.44467264
vt 0.78854072 0.35102618
vt 0.78854072 0.35102618
vt 0.78854066 0.44467264
vt 0.39120224 1.00000000
vt 0.61712044 1.00000000
vt 0.61712044 1.00000000
vt 0.39120224 1.00000000
vt 0.21145931 0.44467288
vt 0.09280802 0.44467294
vt 0.09454425 0.44467294
vt 0.21145931 0.44467288
vt 1.06425893 0.44467258
vt 0.94294298 0.44467258
vt 0.94460899 0.44467258
vt 1.06424427 0.44467258
vt 0.90817595 0.44467258
vt 0.78854066 0.44467264
vt 0.78854072 0.35102618
vt 0.90817583 0.35102618
vt 0.94141304 1.00000000
vt 0.78295982 1.00000000
vt 0.78290528 1.00000000
vt 0.94141304 1.00000000
vt 1.00000000 0.93151039
vt 1.00000000 0.98103350
vt 1.00000000 0.98103350
vt 1.00000000 0.93151039
vt 0.61712021 1.00000000
vt 0.77556759 1.00000000
vt 0.77556098 1.00000000
vt 0.61712044 1.00000000
vt 0.39273316 0.00000000
vt 0.22928879 0.00000000
vt 0.22949931 0.00000000
vt 0.39317951 0.00000000
vt 0.39120221 0.00000000
vt 0.22857071 0.00000000
vt 0.22923814 0.00000000
vt 0.39262667 0.00000000
vt 0.39120200 0.97727692
vt 0.22860888 0.97727692
vt 0.22859935 1.00000000
vt 0.39120227 1.00000000
vt 0.94141299 0.00000000
vt 0.78218627 0.00000000
vt 0.78213042 0.00000000
vt 0.94141304 0.00000000
vt 0.39119971 0.00524271
vt 0.22860858 0.00524271
vt 0.22862393 0.05369925
vt 0.39119869 0.05369925
vt -0.05881810 0.35102654
vt -0.05880366 0.35102642
vt 1.06424403 0.35102606
vt 1.06425834 0.35102612
vt 1.06424415 0.44467258
vt 1.06424403 0.35102612
vt -0.05880371 0.35102642
vt -0.05880387 0.44467294
vt 1.06425893 0.44467258
vt 1.06424427 0.44467258
vt -0.05880386 0.44467294
vt -0.05881867 0.44467294
vt 0.61712021 1.00000000
vt 0.61712044 1.00000000
vt 0.39120224 1.00000000
vt 0.39120242 1.00000000
vt 0.61712122 0.00000000
vt 0.61514306 0.00000000
vt 0.39317954 0.00000000
vt 0.39120141 0.00000000
vt 0.39273316 0.00000000
vt 0.39317951 0.00000000
vt 0.61514312 0.00000000
vt 0.61558956 0.00000000
vt 1.00000000 0.98103350
vt 0.94141304 1.00000000
vt 0.94141304 1.00000000
vt 1.00000000 0.98103350
vt 0.39120221 0.00000000
vt 0.39262667 0.00000000
vt 0.61569601 0.00000000
vt 0.61712039 0.00000000
vt 0.39120045 0.00000000
vt 0.39119968 0.00524271
vt 0.61712289 0.00524271
vt 0.61712217 0.00000000
vt 0.39119971 0.00524271
vt 0.39119869 0.05369925
vt 0.61712396 0.05369925
vt 0.61712289 0.00524271
vt 0.00000000 0.93151045
vt 0.00000000 0.93151802
vt 0.00000000 0.93151802
vt 0.00000000 0.93151045
vt 0.39262664 0.00000000
vt 0.39273316 0.00000000
vt 0.61558956 0.00000000
vt 0.61569607 0.00000000
vt 0.22119035 0.00000000
vt 0.05858701 0.00000000
vt 0.05858701 0.00524265
vt 0.22117813 0.00524271
vt 0.99999988 0.11301786
vt 0.99999988 0.10470206
vt 0.99999988 0.10467720
vt 0.99999988 0.11299330
vt 0.00000000 0.01894480
vt 0.00000000 0.10470188
vt 0.00000000 0.10467708
vt 0.00000000 0.01891762
vt 0.99999988 0.11289036
vt 0.99999988 0.11299330
vt 0.99999988 0.11299330
vt 0.99999988 0.11289036
vt 0.00000000 0.10470188
vt 0.00000000 0.11301780
vt 0.00000000 0.11299324
vt 0.00000000 0.10467708
vt 0.99999988 0.10470206
vt 0.99999994 0.01894480
vt 0.99999982 0.01891762
vt 0.99999988 0.10467720
vt 0.99999994 0.01880348
vt 0.99999982 0.01891762
vt 0.94141304 0.00000000
vt 0.94141304 0.00000000
vt 0.05858701 0.00000000
vt 0.05858701 0.00000000
vt 0.00000000 0.01891762
vt 0.00000000 0.01880348
vt 0.00000000 0.11301780
vt 0.00000000 0.11301780
vt 0.00000000 0.98103350
vt 0.00000000 0.93151045
vt 0.00000000 0.93151045
vt 0.00000000 0.98103350
vt 0.61711991 1.00000000
vt 0.77562040 1.00000000
vt 0.77562779 1.00000000
vt 0.61712003 1.00000000
vt 0.99999988 0.98103350
vt 1.00000000 0.98103350
vt 0.94141304 1.00000000
vt 0.94141304 1.00000000
vt 0.00000000 0.93151802
vt 0.00000000 0.98103350
vt 0.00000000 0.98103350
vt 0.00000000 0.93151045
vt 0.65328783 0.00000000
vt 0.77105498 0.00000000
vt 0.77106577 0.00000000
vt 0.65328783 0.00000000
vt 0.61711991 1.00000000
vt 0.61712003 1.00000000
vt 0.39120263 1.00000000
vt 0.39120266 1.00000000
vt 0.09475325 0.00000006
vt 0.21668279 0.00000000
vt 0.21669333 0.00000000
vt 0.09475325 0.00000006
vt 0.00000000 0.98103350
vt 0.00000000 0.98103350
vt 0.05858701 1.00000000
vt 0.05858701 1.00000000
vt 0.99999988 0.98103350
vt 0.99999988 0.93151802
vt 1.00000000 0.93151039
vt 1.00000000 0.98103350
vt 0.05858701 1.00000000
vt 0.22124836 1.00000000
vt 0.22125451 1.00000000
vt 0.05858701 1.00000000
vt 0.61712003 1.00000000
vt 0.39120260 1.00000000
vt 0.39120260 1.00000000
vt 0.61712003 1.00000000
vt 0.39120266 1.00000000
vt 0.61711991 1.00000000
vt 0.61711991 1.00000000
vt 0.39120266 1.00000000
vt 0.94141304 1.00000000
vt 0.99999988 0.98103350
vt 0.99999988 0.98103350
vt 0.94141304 1.00000000
vt 0.00000000 0.93151802
vt 0.00000000 0.98103350
vt 0.00000000 0.98103350
vt 0.00000000 0.93151802
vt 0.99999988 0.93151802
vt 1.00000000 0.93151039
vt 1.00000000 0.93151039
vt 0.99999988 0.93151802
vt 0.05858701 1.00000000
vt 0.00000000 0.98103350
vt 0.00000000 0.98103350
vt 0.05858701 1.00000000
vt 0.00000000 0.98103350
vt 0.05858701 1.00000000
vt 0.05858701 1.00000000
vt 0.00000000 0.98103350
vt 0.77487212 0.00000000
vt 0.61558956 0.00000000
vt 0.61514312 0.00000000
vt 0.77466154 0.00000000
vt 0.05858701 0.00000000
vt 0.22121389 0.00000000
vt 0.22226721 0.00000000
vt 0.05858701 0.00000000
vt 0.09475325 0.00000012
vt 0.09475325 0.00000012
vt 0.09475325 0.00000012
vt 0.09475325 0.00000012
vt 0.21670081 0.00000006
vt 0.12154441 0.00000006
vt 0.09475325 0.00000006
vt 0.21669333 0.00000000
vt 0.35503510 0.00000000
vt 0.23308308 0.00000000
vt 0.23308009 0.00000000
vt 0.35503510 0.00000000
vt 0.65328765 0.00000000
vt 0.65328771 0.00000000
vt 0.65328771 0.00000000
vt 0.65328765 0.00000000
vt 0.90524685 0.00000000
vt 0.90524685 0.00000000
vt 0.90524685 0.00000000
vt 0.90524685 0.00000000
vt 0.90524685 -0.00000012
vt 0.78745705 0.00000000
vt 0.78745383 0.00000000
vt 0.90524685 -0.00000012
vt 0.87845564 0.00000000
vt 0.87845564 0.00000006
vt 0.90524685 0.00000000
vt 0.90524685 -0.00000012
vt 0.32824385 0.00000006
vt 0.32824385 0.00000012
vt 0.35503501 0.00000000
vt 0.35503510 0.00000000
vt 0.68007886 0.00000006
vt 0.68007886 0.00000012
vt 0.65328771 0.00000000
vt 0.65328783 0.00000000
vt 0.87845570 0.00000006
vt 0.78746128 0.00000006
vt 0.78746885 0.00000000
vt 0.90524685 0.00000006
vt 0.32824379 0.00000006
vt 0.23308742 0.00000006
vt 0.23309483 0.00000000
vt 0.35503489 0.00000000
vt 0.12154441 0.00000006
vt 0.21670929 0.00000006
vt 0.21670823 0.00000000
vt 0.09475325 0.00000006
vt 0.23307899 0.00000006
vt 0.32824385 0.00000006
vt 0.35503510 0.00000000
vt 0.23308009 0.00000000
vt 0.23310536 0.00000000
vt 0.35503489 0.00000000
vt 0.35503489 0.00000000
vt 0.23309484 0.00000000
vt 0.21670525 0.00000000
vt 0.09475325 0.00000006
vt 0.09475325 0.00000006
vt 0.21670824 0.00000000
vt 0.22203140 0.00000000
vt 0.05858701 0.00000000
vt 0.05858701 0.00000000
vt 0.22226721 0.00000000
vt 0.22857717 1.00000000
vt 0.39120266 1.00000000
vt 0.39120266 1.00000000
vt 0.22854133 1.00000000
vt 0.22854134 1.00000000
vt 0.39120266 1.00000000
vt 0.39120263 1.00000000
vt 0.22853510 1.00000000
vt 0.22197555 0.00000000
vt 0.05858701 0.00000000
vt 0.05858701 0.00000000
vt 0.22203137 0.00000000
vt 0.22117810 0.00524271
vt 0.05858696 0.00524265
vt 0.05858702 0.05369925
vt 0.22116180 0.05369925
vt 0.39120045 0.00000000
vt 0.22859712 0.00000000
vt 0.22860859 0.00524271
vt 0.39119968 0.00524271
vt 0.22857450 0.00000000
vt 0.39120141 0.00000000
vt 0.39317954 0.00000000
vt 0.22949933 0.00000000
vt -0.05881810 0.35102654
vt 0.05982284 0.35102648
vt 0.05811130 0.35102642
vt -0.05880366 0.35102642
vt 0.09281833 0.35102642
vt 0.21145929 0.35102636
vt 0.21145929 0.35102636
vt 0.09454433 0.35102642
vt 0.05858701 1.00000000
vt 0.22121251 1.00000000
vt 0.22124834 1.00000000
vt 0.05858701 1.00000000
vt 0.05983262 0.44467294
vt -0.05881867 0.44467294
vt -0.05880386 0.44467294
vt 0.05811120 0.44467294
vt 0.39120260 1.00000000
vt 0.22858734 1.00000000
vt 0.22853510 1.00000000
vt 0.39120260 1.00000000
vt 0.22118013 0.97727692
vt 0.05858701 0.97727692
vt 0.05858701 1.00000000
vt 0.22118995 1.00000000
vt 0.22120224 1.00000000
vt 0.05858701 1.00000000
vt 0.05858701 1.00000000
vt 0.22125450 1.00000000
vt 0.22121851 0.00000000
vt 0.05858701 0.00000000
vt 0.05858701 0.00000000
vt 0.22197556 0.00000000
vt 0.78745282 0.00000000
vt 0.78745383 0.00000000
vt 0.68007886 0.00000000
vt 0.77108175 0.00000000
vt 0.77108055 0.00000000
vt 0.65328759 0.00000000
vt 0.77107328 0.00000012
vt 0.68007886 0.00000006
vt 0.65328783 0.00000000
vt 0.77106577 0.00000000
vt 0.78294790 0.00000000
vt 0.94141304 0.00000000
vt 0.94141304 0.00000000
vt 0.78189462 0.00000000
vt 0.94141299 0.00000000
vt 0.78297168 0.00000000
vt 0.78298408 0.00524271
vt 0.94141299 0.00524271
vt 0.78291255 1.00000000
vt 0.94141304 1.00000000
vt 0.94141304 1.00000000
vt 0.78290534 1.00000000
vt 0.78294903 1.00000000
vt 0.94141304 1.00000000
vt 0.94141304 1.00000000
vt 0.78291255 1.00000000
vt 0.77492285 0.00000000
vt 0.61569607 0.00000000
vt 0.61558956 0.00000000
vt 0.77487212 0.00000000
vt 0.77555174 0.00524271
vt 0.61712289 0.00524271
vt 0.61712396 0.05369925
vt 0.77553624 0.05369925
vt 0.94141299 0.00000000
vt 0.78294319 0.00000000
vt 0.78218615 0.00000000
vt 0.94141299 0.00000000
vt 0.77555114 0.97727692
vt 0.61712062 0.97727692
vt 0.61712044 1.00000000
vt 0.77556098 1.00000000
vt 0.61712122 0.00000000
vt 0.77558637 0.00000000
vt 0.77466148 0.00000000
vt 0.61514306 0.00000000
vt 0.77557325 1.00000000
vt 0.61712003 1.00000000
vt 0.61712003 1.00000000
vt 0.77562773 1.00000000
vt 0.90985668 0.44467258
vt 0.78854066 0.44467264
vt 0.78854066 0.44467264
vt 0.90817595 0.44467258
vt 0.94295275 0.35102618
vt 1.06425834 0.35102612
vt 1.06424403 0.35102606
vt 0.94460893 0.35102612
vt 0.61711991 1.00000000
vt 0.77558392 1.00000000
vt 0.77562046 1.00000000
vt 0.61711991 1.00000000
vt 0.78854072 0.35102618
vt 0.90984631 0.35102618
vt 0.90817583 0.35102612
vt 0.78854072 0.35102618
vt 0.77559024 0.00000000
vt 0.61712039 0.00000000
vt 0.61569601 0.00000000
vt 0.77492279 0.00000000
vt 0.78747964 0.00000000
vt 0.90524685 0.00000006
vt 0.90524685 0.00000006
vt 0.78746885 0.00000000
vt 0.77556342 0.00000000
vt 0.61712217 0.00000000
vt 0.61712289 0.00524271
vt 0.77555174 0.00524271
vt 0.23307899 0.00000006
vt 0.23308009 0.00000000
vt 0.21670823 0.00000000
vt 0.21670929 0.00000006
vt 0.21670081 0.00000006
vt 0.21669333 0.00000000
vt 0.23309483 0.00000000
vt 0.23308742 0.00000006
vt 0.21670927 0.00000006
vt 0.21670844 0.00000006
vt 0.23307984 0.00000006
vt 0.23307899 0.00000006
vt 0.23308742 0.00000006
vt 0.23308252 0.00000006
vt 0.21670571 0.00000006
vt 0.21670079 0.00000006
vt 0.22857717 1.00000000
vt 0.22854133 1.00000000
vt 0.22124834 1.00000000
vt 0.22121251 1.00000000
vt 0.22854134 1.00000000
vt 0.22853510 1.00000000
vt 0.22125451 1.00000000
vt 0.22124836 1.00000000
vt 0.22197555 0.00000000
vt 0.22203137 0.00000000
vt 0.22928879 0.00000000
vt 0.22923812 0.00000000
vt 0.22117810 0.00524271
vt 0.22116180 0.05369925
vt 0.22862393 0.05369925
vt 0.22860858 0.00524271
vt 0.22119035 0.00000000
vt 0.22117813 0.00524271
vt 0.22860859 0.00524271
vt 0.22859712 0.00000000
vt 0.22118013 0.97727692
vt 0.22118995 1.00000000
vt 0.22859935 1.00000000
vt 0.22860888 0.97727692
vt 0.22203140 0.00000000
vt 0.22226721 0.00000000
vt 0.22949931 0.00000000
vt 0.22928879 0.00000000
vt 0.22857450 0.00000000
vt 0.22949933 0.00000000
vt 0.22226721 0.00000000
vt 0.22121389 0.00000000
vt 0.09281833 0.35102642
vt 0.09454433 0.35102642
vt 0.05811130 0.35102642
vt 0.05982284 0.35102648
vt 0.05983262 0.44467294
vt 0.05811120 0.44467294
vt 0.09454425 0.44467294
vt 0.09280802 0.44467294
vt 0.22859287 1.00000000
vt 0.22859934 1.00000000
vt 0.22118993 1.00000000
vt 0.22119656 1.00000000
vt 0.22120224 1.00000000
vt 0.22125450 1.00000000
vt 0.22853510 1.00000000
vt 0.22858734 1.00000000
vt 0.22121851 0.00000000
vt 0.22197556 0.00000000
vt 0.22923814 0.00000000
vt 0.22857071 0.00000000
vt 0.78746128 0.00000006
vt 0.78745633 0.00000006
vt 0.77107829 0.00000006
vt 0.77107334 0.00000006
vt 0.77108175 0.00000000
vt 0.77108097 0.00000000
vt 0.78745353 0.00000000
vt 0.78745282 0.00000000
vt 0.78745282 0.00000000
vt 0.78745383 0.00000000
vt 0.77108055 0.00000000
vt 0.77108175 0.00000000
vt 0.77107328 0.00000012
vt 0.77106577 0.00000000
vt 0.78746885 0.00000000
vt 0.78746128 0.00000006
vt 0.77557325 1.00000000
vt 0.77562773 1.00000000
vt 0.78290528 1.00000000
vt 0.78295982 1.00000000
vt 0.78291255 1.00000000
vt 0.78290534 1.00000000
vt 0.77562779 1.00000000
vt 0.77562040 1.00000000
vt 0.78294903 1.00000000
vt 0.78291255 1.00000000
vt 0.77562046 1.00000000
vt 0.77558392 1.00000000
vt 0.77492285 0.00000000
vt 0.77487212 0.00000000
vt 0.78213042 0.00000000
vt 0.78218627 0.00000000
vt 0.77555174 0.00524271
vt 0.77553624 0.05369925
vt 0.78300077 0.05369925
vt 0.78298408 0.00524271
vt 0.78294790 0.00000000
vt 0.78189462 0.00000000
vt 0.77466148 0.00000000
vt 0.77558637 0.00000000
vt 0.78296566 1.00000000
vt 0.78297251 1.00000000
vt 0.77556098 1.00000000
vt 0.77556759 1.00000000
vt 0.90985668 0.44467258
vt 0.90817595 0.44467258
vt 0.94460899 0.44467258
vt 0.94294298 0.44467258
vt 0.94295275 0.35102618
vt 0.94460893 0.35102612
vt 0.90817583 0.35102612
vt 0.90984631 0.35102618
vt 0.94460887 0.35102618
vt 0.94460899 0.44467258
vt 0.77559024 0.00000000
vt 0.77492279 0.00000000
vt 0.78218615 0.00000000
vt 0.78294319 0.00000000
vt 0.77487212 0.00000000
vt 0.77466154 0.00000000
vt 0.78189468 0.00000000
vt 0.78213042 0.00000000
vt 0.78747964 0.00000000
vt 0.78746885 0.00000000
vt 0.77106577 0.00000000
vt 0.77105498 0.00000000
vt 0.77555114 0.97727692
vt 0.77556098 1.00000000
vt 0.78297251 1.00000000
vt 0.78298253 0.97727692
vt 0.77556342 0.00000000
vt 0.77555174 0.00524271
vt 0.78298408 0.00524271
vt 0.78297168 0.00000000
vt 0.77108097 0.00000000
vt 0.77108026 0.00000006
vt 0.78745419 0.00000006
vt 0.78745353 0.00000000
vt 0.77107978 0.00000012
vt 0.77107942 0.00000012
vt 0.78745508 0.00000012
vt 0.78745461 0.00000012
vt 0.77107894 0.00000012
vt 0.77107829 0.00000006
vt 0.78745633 0.00000006
vt 0.78745562 0.00000012
vt 0.21670729 0.00000012
vt 0.21670684 0.00000012
vt 0.23308139 0.00000006
vt 0.23308095 0.00000012
vt 0.21670637 0.00000012
vt 0.21670569 0.00000006
vt 0.23308250 0.00000006
vt 0.23308185 0.00000012
vt 0.21670844 0.00000006
vt 0.21670777 0.00000012
vt 0.23308048 0.00000012
vt 0.23307984 0.00000006
vt 0.68007886 0.00000012
vt 0.68007886 0.00000012
vt 0.65328771 0.00000000
vt 0.65328771 0.00000000
vt 0.68007886 0.00000012
vt 0.68007886 0.00000000
vt 0.65328759 0.00000000
vt 0.65328765 0.00000000
vt 0.32824379 0.00000012
vt 0.32824379 0.00000012
vt 0.35503498 0.00000000
vt 0.35503498 0.00000000
vt 0.32824379 0.00000012
vt 0.32824379 0.00000006
vt 0.35503489 0.00000000
vt 0.35503495 0.00000000
vt 0.87845564 0.00000012
vt 0.87845564 0.00000012
vt 0.90524685 0.00000000
vt 0.90524685 0.00000000
vt 0.87845570 0.00000006
vt 0.90524685 0.00000000
vt 0.12154441 0.00000012
vt 0.12154441 0.00000012
vt 0.09475325 0.00000012
vt 0.09475325 0.00000012
vt 0.12154441 0.00000012
vt 0.09475325 0.00000012
vt 0.35503501 0.00000000
vt 0.35503510 0.00000000
vt 0.35503510 0.00000000
vt 0.35503501 0.00000000
vt 0.90524685 0.00000006
vt 0.90524685 0.00000000
vt 0.90524685 0.00000000
vt 0.90524685 0.00000006
vt 0.12154441 0.00000012
vt 0.09475325 0.00000012
vt 0.65328759 0.00000000
vt 0.65328765 0.00000000
vt 0.65328765 0.00000000
vt 0.65328759 0.00000000
vt 0.90524685 0.00000000
vt 0.90524685 -0.00000012
vt 0.90524685 -0.00000012
vt 0.90524685 0.00000000
vt 0.09475325 0.00000006
vt 0.09475325 0.00000012
vt 0.09475325 0.00000012
vt 0.09475325 0.00000006
vt 0.09475325 0.00000018
vt 0.09475325 0.00000006
vt 0.09475325 0.00000006
vt 0.09475325 0.00000012
vt 0.65328777 0.00000000
vt 0.65328783 0.00000000
vt 0.65328783 0.00000000
vt 0.65328771 0.00000000
vt 0.35503489 0.00000000
vt 0.35503492 0.00000000
vt 0.35503495 0.00000000
vt 0.35503489 0.00000000
vt 0.77107978 0.00000012
vt 0.78745461 0.00000012
vt 0.78745419 0.00000006
vt 0.77108026 0.00000006
vt 0.77107894 0.00000012
vt 0.78745562 0.00000012
vt 0.78745508 0.00000012
vt 0.77107942 0.00000012
vt 0.21670729 0.00000012
vt 0.23308095 0.00000012
vt 0.23308048 0.00000012
vt 0.21670777 0.00000012
vt 0.21670637 0.00000012
vt 0.23308185 0.00000012
vt 0.23308139 0.00000006
vt 0.21670684 0.00000012
vt 0.68007886 0.00000012
vt 0.65328771 0.00000000
vt 0.65328771 0.00000000
vt 0.68007886 0.00000012
vt 0.68007886 0.00000012
vt 0.65328765 0.00000000
vt 0.65328771 0.00000000
vt 0.68007886 0.00000012
vt 0.32824379 0.00000012
vt 0.35503498 0.00000000
vt 0.35503501 0.00000000
vt 0.32824385 0.00000012
vt 0.32824379 0.00000012
vt 0.35503495 0.00000000
vt 0.35503498 0.00000000
vt 0.32824379 0.00000012
vt 0.90524685 0.00000000
vt 0.90524685 0.00000000
vt 0.90524685 0.00000000
vt 0.90524685 0.00000000
vt 0.90524685 0.00000000
vt 0.90524685 0.00000000
vt 0.90524685 0.00000000
vt 0.90524685 0.00000000
vt 0.65328765 0.00000000
vt 0.65328765 0.00000000
vt 0.65328765 0.00000000
vt 0.65328765 0.00000000
vt 0.65328777 0.00000000
vt 0.65328771 0.00000000
vt 0.65328771 0.00000000
vt 0.65328771 0.00000000
vt 0.09475325 0.00000012
vt 0.09475325 0.00000012
vt 0.09475325 0.00000012
vt 0.09475325 0.00000012
vt 0.09475325 0.00000018
vt 0.09475325 0.00000012
vt 0.09475325 0.00000012
vt 0.09475325 0.00000012
vt 0.35503495 0.00000000
vt 0.35503495 0.00000000
vt 0.35503495 0.00000000
vt 0.35503492 0.00000000
vt 0.35503501 0.00000000
vt 0.35503501 0.00000000
vt 0.35503498 0.00000000
vt 0.35503501 0.00000000
vt 1.00000000 0.02466369
vt 0.99999988 0.09588057
vt 0.99999994 0.01710582
vt 0.99999994 0.09400380
vt 0.99999994 0.05560875
vt 0.00000000 0.09588045
vt 0.00000000 0.02466375
vt 0.00000000 0.01710582
vt 0.00000000 0.09400380
vt 0.00000000 0.05560863
vt 1.00000000 0.93096626
vt 1.00000000 0.98103374
vt 1.00000000 0.98103368
vt 1.00000000 0.83178830
vt 0.99999976 0.83152604
vt 1.00000000 0.95818919
vt 0.00000000 0.98103374
vt 0.00000000 0.93096626
vt 0.00000000 0.98103368
vt 0.00000000 0.83178830
vt 0.00000000 0.83152598
vt 0.00000000 0.95818919
f 7567/7567 7568/7568 7569/7569
f 7567/7567 7569/7569 7570/7570
f 7571/7571 7572/7572 7573/7573
f 7571/7571 7573/7573 7574/7574
f 7575/7575 7576/7576 7577/7577
f 7575/7575 7577/7577 7578/7578
f 7579/7579 7580/7580 7581/7581
f 7579/7579 7581/7581 7582/7582
f 7583/7583 7584/7584 7585/7585
f 7583/7583 7585/7585 7586/7586
f 7587/7587 7588/7588 7589/7589
f 7587/7587 7589/7589 7590/7590
f 7591/7591 7592/7592 7593/7593
f 7591/7591 7593/7593 7594/7594
f 7595/7595 7596/7596 7597/7597
f 7595/7595 7597/7597 7598/7598
f 7599/7599 7600/7600 7601/7601
f 7599/7599 7601/7601 7602/7602
f 7603/7603 7604/7604 7605/7605
f 7603/7603 7605/7605 7606/7606
f 7607/7607 7608/7608 7609/7609
f 7607/7607 7609/7609 7610/7610
f 7611/7611 7612/7612 7613/7613
f 7611/7611 7613/7613 7614/7614
f 7615/7615 7616/7616 7617/7617
f 7615/7615 7617/7617 7618/7618
f 7619/7619 7620/7620 7621/7621
f 7619/7619 7621/7621 7622/7622
f 7623/7623 7624/7624 7625/7625
f 7623/7623 7625/7625 7626/7626
f 7627/7627 7628/7628 7629/7629
f 7627/7627 7629/7629 7630/7630
f 7631/7631 7632/7632 7633/7633
f 7631/7631 7633/7633 7634/7634
f 7635/7635 7636/7636 7637/7637
f 7635/7635 7637/7637 7638/7638
f 7639/7639 7640/7640 7641/7641
f 7639/7639 7641/7641 7642/7642
f 7643/7643 7644/7644 7645/7645
f 7643/7643 7645/7645 7646/7646
f 7647/7647 7648/7648 7649/7649
f 7647/7647 7649/7649 7650/7650
f 7651/7651 7652/7652 7653/7653
f 7651/7651 7653/7653 7654/7654
f 7655/7655 7656/7656 7657/7657
f 7655/7655 7657/7657 7658/7658
f 7659/7659 7660/7660 7661/7661
f 7659/7659 7661/7661 7662/7662
f 7663/7663 7664/7664 7665/7665
f 7663/7663 7665/7665 7666/7666
f 7667/7667 7668/7668 7669/7669
f 7667/7667 7669/7669 7670/7670
f 7671/7671 7672/7672 7673/7673
f 7671/7671 7673/7673 7674/7674
f 7675/7675 7676/7676 7677/7677
f 7675/7675 7677/7677 7678/7678
f 7679/7679 7680/7680 7681/7681
f 7679/7679 7681/7681 7682/7682
f 7683/7683 7684/7684 7685/7685
f 7683/7683 7685/7685 7686/7686
f 7687/7687 7688/7688 7689/7689
f 7687/7687 7689/7689 7690/7690
f 7691/7691 7692/7692 7693/7693
f 7691/7691 7693/7693 7694/7694
f 7695/7695 7696/7696 7697/7697
f 7695/7695 7697/7697 7698/7698
f 7699/7699 7700/7700 7701/7701
f 7699/7699 7701/7701 7702/7702
f 7703/7703 7704/7704 7705/7705
f 7703/7703 7705/7705 7706/7706
f 7707/7707 7708/7708 7709/7709
f 7707/7707 7709/7709 7710/7710
f 7711/7711 7712/7712 7713/7713
f 7711/7711 7713/7713 7714/7714
f 7715/7715 7716/7716 7717/7717
f 7715/7715 7717/7717 7718/7718
f 7719/7719 7720/7720 7721/7721
f 7719/7719 7721/7721 7722/7722
f 7723/7723 7724/7724 7725/7725
f 7723/7723 7725/7725 7726/7726
f 7727/7727 7728/7728 7729/7729
f 7727/7727 7729/7729 7730/7730
f 7731/7731 7732/7732 7733/7733
f 7731/7731 7733/7733 7734/7734
f 7735/7735 7736/7736 7737/7737
f 7735/7735 7737/7737 7738/7738
f 7739/7739 7740/7740 7741/7741
f 7739/7739 7741/7741 7742/7742
f 7743/7743 7744/7744 7745/7745
f 7743/7743 7745/7745 7746/7746
f 7747/7747 7748/7748 7749/7749
f 7747/7747 7749/7749 7750/7750
f 7751/7751 7752/7752 7753/7753
f 7751/7751 7753/7753 7754/7754
f 7755/7755 7756/7756 7757/7757
f 7755/7755 7757/7757 7758/7758
f 7759/7759 7760/7760 7761/7761
f 7759/7759 7761/7761 7762/7762
f 7763/7763 7764/7764 7765/7765
f 7763/7763 7765/7765 7766/7766
f 7767/7767 7768/7768 7769/7769
f 7767/7767 7769/7769 7770/7770
f 7771/7771 7772/7772 7773/7773
f 7771/7771 7773/7773 7774/7774
f 7775/7775 7776/7776 7777/7777
f 7775/7775 7777/7777 7778/7778
f 7779/7779 7780/7780 7781/7781
f 7779/7779 7781/7781 7782/7782
f 7783/7783 7784/7784 7785/7785
f 7783/7783 7785/7785 7786/7786
f 7787/7787 7788/7788 7789/7789
f 7787/7787 7789/7789 7790/7790
f 7791/7791 7792/7792 7793/7793
f 7791/7791 7793/7793 7794/7794
f 7795/7795 7796/7796 7797/7797
f 7795/7795 7797/7797 7798/7798
f 7799/7799 7800/7800 7801/7801
f 7799/7799 7801/7801 7802/7802
f 7803/7803 7804/7804 7805/7805
f 7803/7803 7805/7805 7806/7806
f 7807/7807 7808/7808 7809/7809
f 7807/7807 7809/7809 7810/7810
f 7811/7811 7812/7812 7813/7813
f 7811/7811 7813/7813 7814/7814
f 7815/7815 7816/7816 7817/7817
f 7815/7815 7817/7817 7818/7818
f 7819/7819 7820/7820 7821/7821
f 7819/7819 7821/7821 7822/7822
f 7823/7823 7824/7824 7825/7825
f 7823/7823 7825/7825 7826/7826
f 7827/7827 7828/7828 7829/7829
f 7827/7827 7829/7829 7830/7830
f 7831/7831 7832/7832 7833/7833
f 7831/7831 7833/7833 7834/7834
f 7835/7835 7836/7836 7837/7837
f 7835/7835 7837/7837 7838/7838
f 7839/7839 7840/7840 7841/7841
f 7839/7839 7841/7841 7842/7842
f 7843/7843 7844/7844 7845/7845
f 7843/7843 7845/7845 7846/7846
f 7847/7847 7848/7848 7849/7849
f 7847/7847 7849/7849 7850/7850
f 7851/7851 7852/7852 7853/7853
f 7851/7851 7853/7853 7854/7854
f 7855/7855 7856/7856 7857/7857
f 7855/7855 7857/7857 7858/7858
f 7859/7859 7860/7860 7861/7861
f 7859/7859 7861/7861 7862/7862
f 7863/7863 7864/7864 7865/7865
f 7863/7863 7865/7865 7866/7866
f 7867/7867 7591/7591 7594/7594
f 7867/7867 7594/7594 7868/7868
f 7869/7869 7870/7870 7871/7871
f 7869/7869 7871/7871 7872/7872
f 7873/7873 7874/7874 7875/7875
f 7873/7873 7875/7875 7876/7876
f 7877/7877 7878/7878 7879/7879
f 7877/7877 7879/7879 7880/7880
f 7881/7881 7882/7882 7883/7883
f 7881/7881 7883/7883 7884/7884
f 7885/7885 7886/7886 7887/7887
f 7885/7885 7887/7887 7888/7888
f 7889/7889 7890/7890 7891/7891
f 7889/7889 7891/7891 7892/7892
f 7893/7893 7894/7894 7895/7895
f 7893/7893 7895/7895 7896/7896
f 7897/7897 7898/7898 7899/7899
f 7897/7897 7899/7899 7900/7900
f 7901/7901 7902/7902 7903/7903
f 7901/7901 7903/7903 7904/7904
f 7905/7905 7906/7906 7907/7907
f 7905/7905 7907/7907 7908/7908
f 7909/7909 7910/7910 7911/7911
f 7909/7909 7911/7911 7912/7912
f 7913/7913 7914/7914 7915/7915
f 7913/7913 7915/7915 7916/7916
f 7917/7917 7918/7918 7919/7919
f 7917/7917 7919/7919 7920/7920
f 7921/7921 7922/7922 7923/7923
f 7921/7921 7923/7923 7924/7924
f 7925/7925 7926/7926 7927/7927
f 7925/7925 7927/7927 7928/7928
f 7929/7929 7930/7930 7931/7931
f 7929/7929 7931/7931 7932/7932
f 7933/7933 7934/7934 7935/7935
f 7933/7933 7935/7935 7936/7936
f 7937/7937 7938/7938 7939/7939
f 7937/7937 7939/7939 7940/7940
f 7941/7941 7942/7942 7943/7943
f 7941/7941 7943/7943 7944/7944
f 7945/7945 7946/7946 7947/7947
f 7945/7945 7947/7947 7948/7948
f 7949/7949 7950/7950 7951/7951
f 7949/7949 7951/7951 7952/7952
f 7953/7953 7954/7954 7955/7955
f 7953/7953 7955/7955 7956/7956
f 7957/7957 7958/7958 7959/7959
f 7957/7957 7959/7959 7960/7960
f 7961/7961 7962/7962 7963/7963
f 7961/7961 7963/7963 7964/7964
f 7965/7965 7966/7966 7967/7967
f 7965/7965 7967/7967 7968/7968
f 7969/7969 7970/7970 7971/7971
f 7969/7969 7971/7971 7972/7972
f 7973/7973 7974/7974 7975/7975
f 7973/7973 7975/7975 7976/7976
f 7977/7977 7978/7978 7979/7979
f 7977/7977 7979/7979 7980/7980
f 7981/7981 7982/7982 7983/7983
f 7981/7981 7983/7983 7984/7984
f 7985/7985 7986/7986 7987/7987
f 7985/7985 7987/7987 7988/7988
f 7989/7989 7990/7990 7991/7991
f 7989/7989 7991/7991 7992/7992
f 7993/7993 7994/7994 7995/7995
f 7993/7993 7995/7995 7996/7996
f 7997/7997 7998/7998 7999/7999
f 7997/7997 7999/7999 8000/8000
f 8001/8001 8002/8002 8003/8003
f 8001/8001 8003/8003 8004/8004
f 8005/8005 8006/8006 8007/8007
f 8005/8005 8007/8007 8008/8008
f 8009/8009 8010/8010 8011/8011
f 8009/8009 8011/8011 8012/8012
f 8013/8013 8014/8014 8015/8015
f 8013/8013 8015/8015 8016/8016
f 8017/8017 8018/8018 8019/8019
f 8017/8017 8019/8019 8020/8020
f 8021/8021 8022/8022 8023/8023
f 8021/8021 8023/8023 8024/8024
f 8025/8025 8026/8026 8027/8027
f 8025/8025 8027/8027 8028/8028
f 8029/8029 8030/8030 8031/8031
f 8029/8029 8031/8031 8032/8032
f 8033/8033 8034/8034 8035/8035
f 8033/8033 8035/8035 8036/8036
f 8037/8037 8038/8038 8039/8039
f 8037/8037 8039/8039 8040/8040
f 8041/8041 8042/8042 8043/8043
f 8041/8041 8043/8043 8044/8044
f 8045/8045 8046/8046 8047/8047
f 8045/8045 8047/8047 8048/8048
f 8049/8049 8050/8050 8051/8051
f 8049/8049 8051/8051 8052/8052
f 8053/8053 8054/8054 8055/8055
f 8053/8053 8055/8055 8056/8056
f 8057/8057 8058/8058 8059/8059
f 8057/8057 8059/8059 8060/8060
f 8061/8061 8062/8062 8063/8063
f 8061/8061 8063/8063 8064/8064
f 8065/8065 7969/7969 7972/7972
f 8065/8065 7972/7972 8066/8066
f 8067/8067 8068/8068 8069/8069
f 8067/8067 8069/8069 8070/8070
f 8071/8071 8072/8072 8073/8073
f 8071/8071 8073/8073 8074/8074
f 8075/8075 8076/8076 8077/8077
f 8075/8075 8077/8077 8078/8078
f 8079/8079 8080/8080 8081/8081
f 8079/8079 8081/8081 8082/8082
f 8083/8083 8084/8084 8085/8085
f 8083/8083 8085/8085 8086/8086
f 8087/8087 8088/8088 8089/8089
f 8087/8087 8089/8089 8090/8090
f 8091/8091 8092/8092 8093/8093
f 8091/8091 8093/8093 8094/8094
f 8095/8095 8096/8096 8097/8097
f 8095/8095 8097/8097 8098/8098
f 8099/8099 8100/8100 8101/8101
f 8099/8099 8101/8101 8102/8102
f 8103/8103 8104/8104 8105/8105
f 8103/8103 8105/8105 8106/8106
f 8107/8107 8108/8108 8109/8109
f 8107/8107 8109/8109 8110/8110
f 8111/8111 8112/8112 8113/8113
f 8111/8111 8113/8113 8114/8114
f 8115/8115 8116/8116 8117/8117
f 8115/8115 8117/8117 8118/8118
f 8119/8119 8120/8120 8121/8121
f 8119/8119 8121/8121 8122/8122
f 8123/8123 8124/8124 8125/8125
f 8123/8123 8125/8125 8126/8126
f 8127/8127 8128/8128 8129/8129
f 8127/8127 8129/8129 8130/8130
f 8131/8131 8132/8132 8133/8133
f 8131/8131 8133/8133 8134/8134
f 8135/8135 8136/8136 8137/8137
f 8135/8135 8137/8137 8138/8138
f 8139/8139 8140/8140 8141/8141
f 8139/8139 8141/8141 8142/8142
f 8143/8143 8144/8144 8145/8145
f 8143/8143 8145/8145 8146/8146
f 8147/8147 8148/8148 8149/8149
f 8147/8147 8149/8149 8150/8150
f 7997/7997 8000/8000 7895/7895
f 7997/7997 7895/7895 7894/7894
f 8001/8001 8004/8004 7955/7955
f 8001/8001 7955/7955 7954/7954
f 8151/8151 8152/8152 8153/8153
f 8151/8151 8153/8153 8154/8154
f 8155/8155 8156/8156 8157/8157
f 8155/8155 8157/8157 8158/8158
f 8159/8159 8160/8160 8161/8161
f 8159/8159 8161/8161 8162/8162
f 8163/8163 8164/8164 8165/8165
f 8163/8163 8165/8165 8166/8166
f 8167/8167 8168/8168 8169/8169
f 8167/8167 8169/8169 8170/8170
f 8171/8171 8172/8172 8173/8173
f 8171/8171 8173/8173 8174/8174
f 8175/8175 8176/8176 8177/8177
f 8175/8175 8177/8177 8178/8178
f 8179/8179 8180/8180 8181/8181
f 8179/8179 8181/8181 8182/8182
f 8183/8183 8184/8184 8185/8185
f 8183/8183 8185/8185 8186/8186
f 8187/8187 8188/8188 8189/8189
f 8187/8187 8189/8189 8190/8190
f 8191/8191 8192/8192 8193/8193
f 8191/8191 8193/8193 8194/8194
f 8195/8195 8196/8196 8197/8197
f 8195/8195 8197/8197 8198/8198
f 7731/7731 7734/7734 7725/7725
f 7731/7731 7725/7725 7724/7724
f 8199/8199 8200/8200 8201/8201
f 8199/8199 8201/8201 8202/8202
f 8203/8203 8204/8204 8205/8205
f 8203/8203 8205/8205 8206/8206
f 8207/8207 8208/8208 8209/8209
f 8207/8207 8209/8209 8210/8210
f 8211/8211 8212/8212 8213/8213
f 8211/8211 8213/8213 8214/8214
f 8215/8215 8216/8216 8217/8217
f 8215/8215 8217/8217 8218/8218
f 8219/8219 8220/8220 8221/8221
f 8219/8219 8221/8221 8222/8222
f 8223/8223 8224/8224 8225/8225
f 8223/8223 8225/8225 8226/8226
f 7635/7635 7638/7638 7967/7967
f 7635/7635 7967/7967 7966/7966
f 8227/8227 8228/8228 8229/8229
f 8227/8227 8229/8229 8230/8230
f 8231/8231 8232/8232 8233/8233
f 8231/8231 8233/8233 8234/8234
f 8235/8235 8236/8236 8237/8237
f 8235/8235 8237/8237 8238/8238
f 8239/8239 8240/8240 8241/8241
f 8239/8239 8241/8241 8242/8242
f 8243/8243 8244/8244 8245/8245
f 8243/8243 8245/8245 8246/8246
f 8247/8247 8248/8248 8249/8249
f 8247/8247 8249/8249 8250/8250
f 8251/8251 8252/8252 8253/8253
f 8251/8251 8253/8253 8254/8254
f 8255/8255 8256/8256 8257/8257
f 8255/8255 8257/8257 8258/8258
f 8259/8259 8260/8260 8261/8261
f 8259/8259 8261/8261 8262/8262
f 7751/7751 7754/7754 8263/8263
f 7751/7751 8263/8263 8264/8264
f 8265/8265 8266/8266 8267/8267
f 8265/8265 8267/8267 8268/8268
f 8269/8269 8270/8270 8271/8271
f 8269/8269 8271/8271 8272/8272
f 8273/8273 8274/8274 8275/8275
f 8273/8273 8275/8275 8276/8276
f 8277/8277 8278/8278 8279/8279
f 8277/8277 8279/8279 8280/8280
f 8281/8281 8282/8282 8283/8283
f 8281/8281 8283/8283 8284/8284
f 8285/8285 8286/8286 8287/8287
f 8285/8285 8287/8287 8288/8288
f 8289/8289 8290/8290 8291/8291
f 8289/8289 8291/8291 8292/8292
f 8293/8293 8294/8294 8295/8295
f 8293/8293 8295/8295 8296/8296
f 8297/8297 8298/8298 8299/8299
f 8297/8297 8299/8299 8300/8300
f 8301/8301 8302/8302 8303/8303
f 8301/8301 8303/8303 8304/8304
f 8305/8305 8306/8306 8307/8307
f 8305/8305 8307/8307 8308/8308
f 8309/8309 8310/8310 8311/8311
f 8309/8309 8311/8311 8312/8312
f 8313/8313 8314/8314 8315/8315
f 8313/8313 8315/8315 8316/8316
f 8317/8317 8318/8318 8319/8319
f 8317/8317 8319/8319 8320/8320
f 8321/8321 8322/8322 8323/8323
f 8321/8321 8323/8323 8324/8324
f 8325/8325 8326/8326 8327/8327
f 8325/8325 8327/8327 8328/8328
f 8329/8329 7981/7981 7984/7984
f 8329/8329 7984/7984 8330/8330
f 8331/8331 8332/8332 8333/8333
f 8331/8331 8333/8333 8334/8334
f 8335/8335 7989/7989 7992/7992
f 8335/8335 7992/7992 8336/8336
f 8337/8337 8338/8338 8339/8339
f 8337/8337 8339/8339 8340/8340
f 8341/8341 8342/8342 8343/8343
f 8341/8341 8343/8343 8344/8344
f 7950/7950 8345/8345 8346/8346
f 7950/7950 8346/8346 7951/7951
f 8347/8347 8348/8348 8349/8349
f 8347/8347 8349/8349 8350/8350
f 8351/8351 8352/8352 8353/8353
f 8351/8351 8353/8353 8354/8354
f 8355/8355 8356/8356 8357/8357
f 8355/8355 8357/8357 8358/8358
f 8359/8359 8360/8360 8361/8361
f 8359/8359 8361/8361 8362/8362
f 8363/8363 8364/8364 8365/8365
f 8363/8363 8365/8365 8366/8366
f 8367/8367 8368/8368 8369/8369
f 8367/8367 8369/8369 8370/8370
f 8371/8371 8372/8372 8373/8373
f 8371/8371 8373/8373 8374/8374
f 8375/8375 8376/8376 8377/8377
f 8375/8375 8377/8377 8378/8378
f 8379/8379 8380/8380 8381/8381
f 8379/8379 8381/8381 8382/8382
f 8383/8383 8384/8384 8385/8385
f 8383/8383 8385/8385 8386/8386
f 8387/8387 8388/8388 8389/8389
f 8387/8387 8389/8389 8390/8390
f 8391/8391 8392/8392 8393/8393
f 8391/8391 8393/8393 8394/8394
f 8395/8395 8396/8396 8397/8397
f 8395/8395 8397/8397 8398/8398
f 8399/8399 8400/8400 8401/8401
f 8399/8399 8401/8401 8402/8402
f 8325/8325 8328/8328 7971/7971
f 8325/8325 7971/7971 7970/7970
f 8329/8329 8330/8330 8327/8327
f 8329/8329 8327/8327 8326/8326
f 8331/8331 8334/8334 8346/8346
f 8331/8331 8346/8346 8345/8345
f 8335/8335 8336/8336 8333/8333
f 8335/8335 8333/8333 8332/8332
f 8403/8403 8404/8404 8405/8405
f 8403/8403 8405/8405 8406/8406
f 8407/8407 8408/8408 8409/8409
f 8407/8407 8409/8409 8410/8410
f 8411/8411 8412/8412 8413/8413
f 8411/8411 8413/8413 8414/8414
f 8415/8415 8416/8416 8417/8417
f 8415/8415 8417/8417 8418/8418
f 8419/8419 8420/8420 8421/8421
f 8419/8419 8421/8421 8422/8422
f 8423/8423 8424/8424 8425/8425
f 8423/8423 8425/8425 8426/8426
f 8427/8427 8428/8428 8429/8429
f 8427/8427 8429/8429 8430/8430
f 8431/8431 8432/8432 8433/8433
f 8431/8431 8433/8433 8434/8434
f 8435/8435 8436/8436 8437/8437
f 8436/8436 8435/8435 8438/8438
f 8438/8438 8435/8435 8439/8439
f 8440/8440 8441/8441 8442/8442
f 8441/8441 8440/8440 8443/8443
f 8441/8441 8443/8443 8444/8444
f 8445/8445 8446/8446 8447/8447
f 8446/8446 8445/8445 8448/8448
f 8446/8446 8448/8448 8449/8449
f 8446/8446 8449/8449 8450/8450
f 8451/8451 8452/8452 8453/8453
f 8452/8452 8451/8451 8454/8454
f 8454/8454 8451/8451 8455/8455
f 8455/8455 8451/8451 8456/8456

o BUS_GLASS_0
usemtl GLASS
v -78.58004508 2.35024437 250.30179122
v -78.58004508 2.35504150 248.92238508
v -78.58004479 4.06950156 248.91184373
v -78.58004479 4.06836441 250.29825433
v -83.11297894 2.33823407 250.30179122
v -83.11297894 2.33516074 250.99814901
v -83.11297894 4.06479021 250.99814901
v -83.11297894 4.06551845 250.29825433
v -78.58004508 2.37171629 244.12824053
v -78.58004508 2.38080219 241.51557722
v -78.58004479 4.07560563 241.46816086
v -78.58004479 4.07345177 244.09428777
v -78.58004508 2.39002439 238.68010990
v -78.58004508 1.62055689 237.52578538
v -78.58004479 4.06266749 237.52578538
v -78.58004479 4.07650748 238.62477696
v -83.11297894 1.62055667 237.52578538
v -83.11297894 2.38889591 238.68010990
v -83.11297894 4.07624016 238.62477696
v -83.11297894 4.06266749 237.52578538
v -83.11297894 2.37701472 241.51557780
v -83.11297894 2.36548428 244.12824048
v -83.11297894 4.07197503 244.09428788
v -83.11297894 4.07470819 241.46816057
v -78.58004508 2.38112709 241.42240984
v -78.58004508 2.39027497 238.79204424
v -78.58004479 4.07784968 238.73134545
v -78.58004479 4.07568172 241.37505282
v -78.58004508 2.36243386 246.79714404
v -78.58004508 2.37139198 244.22123885
v -78.58004479 4.07337569 244.18732862
v -78.58004479 4.07125238 246.77645559
v -83.11297894 2.38903677 238.79204424
v -83.11297894 2.37742760 241.42240984
v -83.11297894 4.07480513 241.37505311
v -83.11297894 4.07755621 238.73134545
v -78.58004508 2.35537521 248.82666932
v -78.58004508 2.36210544 246.89133871
v -78.58004479 4.07117512 246.87071370
v -78.58004479 4.06958000 248.81609125
v -83.11297894 2.36507258 244.22123917
v -83.11297894 2.35370400 246.79714346
v -83.11297894 4.06918371 246.77645530
v -83.11297894 4.07187809 244.18732807
v -83.11297894 2.35328701 246.89133871
v -83.11297894 2.34474574 248.82666961
v -83.11297894 4.06706099 248.81609125
v -83.11297894 4.06908530 246.87071341
v -81.33969047 1.58174658 237.26021489
v -82.07680204 1.58174658 237.26021489
v -82.07676311 4.11549288 237.26021489
v -81.33969297 4.11549288 237.26021489
v -80.31561416 2.43899446 251.26371950
v -80.31561364 4.29203715 251.26371950
v -81.33968419 4.29203715 251.26371950
v -81.33968368 2.43899446 251.26371950
v -81.33969047 1.58174658 237.26021489
v -81.33969297 4.11549288 237.26021489
v -80.31560487 4.11549288 237.26021489
v -80.31560740 1.58174658 237.26021489
v -83.11297894 2.34432214 248.92238508
v -83.11297894 2.33823407 250.30179122
v -83.11297894 4.06551845 250.29825433
v -83.11297894 4.06696140 248.91184285
v -78.58004479 2.34782260 250.99814901
v -78.58004508 2.35024437 250.30179122
v -78.58004479 4.06836441 250.29825433
v -78.58004479 4.06779069 250.99814901
v -78.84561587 1.58174672 237.26021489
v -79.56386184 1.58174658 237.26021489
v -79.56381998 4.11549288 237.26021489
v -78.84561587 4.11549288 237.26021489
v -82.11029637 1.58174658 237.26021489
v -82.84740786 1.58174658 237.26021489
v -82.84740786 4.11549288 237.26021489
v -82.11033750 4.11549288 237.26021489
v -82.84740786 2.43899446 251.26371950
v -82.11029138 2.43899446 251.26371950
v -82.11030944 4.29203715 251.26371950
v -82.84740786 4.29203715 251.26371950
v -82.07680020 2.43899446 251.26371950
v -81.33968368 2.43899446 251.26371950
v -81.33968419 4.29203715 251.26371950
v -82.07678250 4.29203715 251.26371950
v -80.31561416 2.43899446 251.26371950
v -79.59736433 2.43899446 251.26371950
v -79.59738239 4.29203715 251.26371950
v -80.31561364 4.29203715 251.26371950
v -79.56386581 2.43899446 251.26371950
v -78.84561587 2.43899446 251.26371950
v -78.84561587 4.29203715 251.26371950
v -79.56384715 4.29203715 251.26371950
v -79.59736124 1.58174658 237.26021489
v -80.31560740 1.58174658 237.26021489
v -80.31560487 4.11549288 237.26021489
v -79.59740090 4.11549288 237.26021489
v -82.11029637 1.58174658 237.26021489
v -82.11033750 4.11549288 237.26021489
v -82.07676311 4.11549288 237.26021489
v -82.07680204 1.58174658 237.26021489
v -82.07680020 2.43899446 251.26371950
v -82.07678250 4.29203715 251.26371950
v -82.11030944 4.29203715 251.26371950
v -82.11029138 2.43899446 251.26371950
v -79.56386581 2.43899446 251.26371950
v -79.56384715 4.29203715 251.26371950
v -79.59738239 4.29203715 251.26371950
v -79.59736433 2.43899446 251.26371950
v -79.59736124 1.58174658 237.26021489
v -79.59740090 4.11549288 237.26021489
v -79.56381998 4.11549288 237.26021489
v -79.56386184 1.58174658 237.26021489
vt 1.00000000 0.93126178
vt 1.00000000 0.83266938
vt 1.00000000 0.83178830
vt 1.00000000 0.93096626
vt 0.00000000 0.93126178
vt 0.00000000 0.98103362
vt 0.00000000 0.98103368
vt 0.00000000 0.93096626
vt 0.99999988 0.49001038
vt 0.99999988 0.30327159
vt 0.99999988 0.29929924
vt 0.99999988 0.48716104
vt 0.99999988 0.10060143
vt 1.00000000 0.01844978
vt 0.99999994 0.01710582
vt 0.99999988 0.09588057
vt 0.00000000 0.01844978
vt 0.00000000 0.10060132
vt 0.00000000 0.09588045
vt 0.00000000 0.01710582
vt 0.00000000 0.30327165
vt 0.00000000 0.49001038
vt 0.00000000 0.48716116
vt 0.00000000 0.29929930
vt 0.99999988 0.29661250
vt 0.99999988 0.10860860
vt 0.99999994 0.10351920
vt 0.99999988 0.29263866
vt 0.99999988 0.68076885
vt 0.99999988 0.49665737
vt 0.99999988 0.49381679
vt 0.99999994 0.67903185
vt 0.00000000 0.10860848
vt 0.00000000 0.29661250
vt 0.00000000 0.29263872
vt 0.00000000 0.10351920
vt 1.00000000 0.82582819
vt 1.00000000 0.68750131
vt 0.99999994 0.68577456
vt 1.00000000 0.82493860
vt 0.00000000 0.49665743
vt 0.00000000 0.68076891
vt 0.00000000 0.67903191
vt 0.00000000 0.49381685
vt 0.00000000 0.68750143
vt 0.00000000 0.82582825
vt 0.00000000 0.82493865
vt 0.00000000 0.68577468
vt 0.39120105 0.00000012
vt 0.22858858 0.00000012
vt 0.22859710 0.00000000
vt 0.39120042 0.00000000
vt 0.61712009 1.00000000
vt 0.61712015 1.00000000
vt 0.39120239 1.00000000
vt 0.39120248 1.00000000
vt 0.39120105 0.00000012
vt 0.39120042 0.00000000
vt 0.61712217 0.00000000
vt 0.61712158 0.00000012
vt 0.00000000 0.83266938
vt 0.00000000 0.93126178
vt 0.00000000 0.93096626
vt 0.00000000 0.83178830
vt 0.99999994 0.98103362
vt 1.00000000 0.93126178
vt 1.00000000 0.93096626
vt 1.00000000 0.98103368
vt 0.94141304 0.00000006
vt 0.78296238 0.00000012
vt 0.78297162 0.00000000
vt 0.94141299 0.00000000
vt 0.22119948 0.00000012
vt 0.05858701 0.00000006
vt 0.05858701 0.00000000
vt 0.22119035 0.00000000
vt 0.05858701 1.00000000
vt 0.22120056 1.00000000
vt 0.22119656 1.00000000
vt 0.05858701 1.00000000
vt 0.22858894 1.00000000
vt 0.39120248 1.00000000
vt 0.39120239 1.00000000
vt 0.22859284 1.00000000
vt 0.61712009 1.00000000
vt 0.77557153 1.00000000
vt 0.77556759 1.00000000
vt 0.61712015 1.00000000
vt 0.78296155 1.00000000
vt 0.94141299 1.00000000
vt 0.94141299 1.00000000
vt 0.78296566 1.00000000
vt 0.77557218 0.00000012
vt 0.61712158 0.00000012
vt 0.61712217 0.00000000
vt 0.77556348 0.00000000
vt 0.22119948 0.00000012
vt 0.22119035 0.00000000
vt 0.22859710 0.00000000
vt 0.22858858 0.00000012
vt 0.22858894 1.00000000
vt 0.22859284 1.00000000
vt 0.22119656 1.00000000
vt 0.22120056 1.00000000
vt 0.78296155 1.00000000
vt 0.78296566 1.00000000
vt 0.77556759 1.00000000
vt 0.77557153 1.00000000
vt 0.77557218 0.00000012
vt 0.77556348 0.00000000
vt 0.78297162 0.00000000
vt 0.78296238 0.00000012
f 8457/8457 8458/8458 8459/8459
f 8457/8457 8459/8459 8460/8460
f 8461/8461 8462/8462 8463/8463
f 8461/8461 8463/8463 8464/8464
f 8465/8465 8466/8466 8467/8467
f 8465/8465 8467/8467 8468/8468
f 8469/8469 8470/8470 8471/8471
f 8469/8469 8471/8471 8472/8472
f 8473/8473 8474/8474 8475/8475
f 8473/8473 8475/8475 8476/8476
f 8477/8477 8478/8478 8479/8479
f 8477/8477 8479/8479 8480/8480
f 8481/8481 8482/8482 8483/8483
f 8481/8481 8483/8483 8484/8484
f 8485/8485 8486/8486 8487/8487
f 8485/8485 8487/8487 8488/8488
f 8489/8489 8490/8490 8491/8491
f 8489/8489 8491/8491 8492/8492
f 8493/8493 8494/8494 8495/8495
f 8493/8493 8495/8495 8496/8496
f 8497/8497 8498/8498 8499/8499
f 8497/8497 8499/8499 8500/8500
f 8501/8501 8502/8502 8503/8503
f 8501/8501 8503/8503 8504/8504
f 8505/8505 8506/8506 8507/8507
f 8505/8505 8507/8507 8508/8508
f 8509/8509 8510/8510 8511/8511
f 8509/8509 8511/8511 8512/8512
f 8513/8513 8514/8514 8515/8515
f 8513/8513 8515/8515 8516/8516
f 8517/8517 8518/8518 8519/8519
f 8517/8517 8519/8519 8520/8520
f 8521/8521 8522/8522 8523/8523
f 8521/8521 8523/8523 8524/8524
f 8525/8525 8526/8526 8527/8527
f 8525/8525 8527/8527 8528/8528
f 8529/8529 8530/8530 8531/8531
f 8529/8529 8531/8531 8532/8532
f 8533/8533 8534/8534 8535/8535
f 8533/8533 8535/8535 8536/8536
f 8537/8537 8538/8538 8539/8539
f 8537/8537 8539/8539 8540/8540
f 8541/8541 8542/8542 8543/8543
f 8541/8541 8543/8543 8544/8544
f 8545/8545 8546/8546 8547/8547
f 8545/8545 8547/8547 8548/8548
f 8549/8549 8550/8550 8551/8551
f 8549/8549 8551/8551 8552/8552
f 8553/8553 8554/8554 8555/8555
f 8553/8553 8555/8555 8556/8556
f 8557/8557 8558/8558 8559/8559
f 8557/8557 8559/8559 8560/8560
f 8561/8561 8562/8562 8563/8563
f 8561/8561 8563/8563 8564/8564
f 8565/8565 8566/8566 8567/8567
f 8565/8565 8567/8567 8568/8568

o BUS_white_0
usemtl white
v -83.11297894 1.39114780 248.92821859
v -83.11297894 1.39128704 248.90536394
v -83.11297894 1.37243673 248.92833287
v -78.58004508 1.37235903 248.92842746
v -78.58004508 1.38040626 248.91862228
v -78.58004508 1.38035536 248.92837840
v -80.31559069 4.86747033 238.56198777
v -79.59761872 4.86747033 238.56198777
v -79.59752443 4.86747033 238.01219175
v -80.31559683 4.86747033 238.01219175
v -82.84740786 4.86747033 238.67561182
v -82.11069633 4.86747033 238.67561182
v -82.11056546 4.86747033 238.56198777
v -82.84740786 4.86747033 238.56198777
v -78.84561587 0.45574134 238.50843737
v -78.84561587 0.45574134 237.26021489
v -78.58004479 0.72131234 237.52578538
v -78.58004479 0.72131234 238.72666406
v -83.11297894 0.75186533 250.99814901
v -83.11297894 0.72131236 250.99814901
v -82.84740786 0.45574134 251.26371950
v -82.84740786 0.53744515 251.26371950
v -78.58004479 4.44396184 237.68372279
v -78.58004479 4.06266749 237.52578538
v -78.84561587 4.11549288 237.26021489
v -78.84561587 4.64722109 237.48046384
v -83.11297894 4.06266749 237.52578538
v -83.11297894 4.44396184 237.68372279
v -82.84740786 4.64722109 237.48046384
v -82.84740786 4.11549288 237.26021489
v -78.58004479 4.60189925 238.06501714
v -78.58004479 4.44396184 237.68372279
v -78.84561587 4.64722109 237.48046384
v -78.84561587 4.86747033 238.01219175
v -83.11297894 4.44396184 237.68372279
v -83.11297894 4.60189925 238.06501714
v -82.84740786 4.86747033 238.01219175
v -82.84740786 4.64722109 237.48046384
v -82.84740786 4.86747033 238.56198777
v -82.84740786 4.86747033 238.01219175
v -83.11297894 4.60189925 238.06501714
v -83.11297894 4.60189925 238.60160269
v -78.58004479 4.60189925 238.60160269
v -78.58004479 4.60189925 238.06501714
v -78.84561587 4.86747033 238.01219175
v -78.84561587 4.86747033 238.56198777
v -79.32412725 1.37814980 237.26021489
v -79.56389225 1.37814980 237.26021489
v -79.56386184 1.58174658 237.26021489
v -78.84561587 1.58174672 237.26021489
v -83.11297894 4.28263854 250.99814901
v -83.11297894 4.06479021 250.99814901
v -82.84740786 4.29203715 251.26371950
v -82.84740786 4.54926716 251.26371950
v -79.05181434 2.23279598 251.26371950
v -79.05181434 1.86380525 251.26371950
v -78.84561587 1.93249538 251.26371950
v -78.84561587 2.43899446 251.26371950
v -78.58004508 1.62055689 237.52578538
v -78.58004508 1.41959398 237.52578538
v -78.84561587 1.37271448 237.26021489
v -78.84561587 1.58174672 237.26021489
v -83.11297894 1.92852284 238.80859888
v -83.11297894 1.91441685 241.43532771
v -83.11297894 2.37742760 241.42240984
v -83.11297894 2.38903677 238.79204424
v -82.07680490 1.41279744 251.26371950
v -81.33968335 1.41278099 251.26371950
v -81.33968353 1.90614951 251.26371950
v -82.07680270 1.90613248 251.26371950
v -80.31561519 0.45574134 249.01762524
v -79.59725989 0.45574134 249.01762524
v -79.59726694 0.45574134 249.11359628
v -80.31561508 0.45574134 249.11359628
v -78.58004479 4.60189925 244.08368920
v -78.58004479 4.60189925 241.45341755
v -78.84561587 4.86747033 241.48285129
v -78.84561587 4.86747033 244.18015050
v -82.44808786 4.86747033 241.88217130
v -82.44808786 4.86747033 243.78083076
v -82.33191821 5.00922940 243.71197161
v -82.33191821 5.00922940 241.95103034
v -78.58004479 0.76342639 244.15682908
v -78.58004479 0.76629969 241.55553085
v -78.58004508 0.95488305 241.55547122
v -78.58004508 0.93996502 244.15680659
v -82.84740786 0.45574134 238.50843737
v -82.84740786 0.45574134 238.62947715
v -83.11297894 0.72131236 238.84311352
v -83.11297894 0.72131236 238.72666406
v -83.11297894 4.07624016 238.62477696
v -83.11297894 4.07755621 238.73134545
v -83.11297894 4.60189925 238.71249653
v -83.11297894 4.60189925 238.60160269
v -79.56327799 4.86747033 241.38982727
v -78.84561587 4.86747033 241.38982697
v -78.84561587 4.86747033 238.67561182
v -79.56345484 4.86747033 238.67561182
v -78.58004479 2.34782260 250.99814901
v -78.58004479 4.06779069 250.99814901
v -78.84561587 4.29203715 251.26371950
v -78.84561587 2.43899446 251.26371950
v -82.07670987 4.86747033 250.94551692
v -81.33968599 4.86747033 250.94551692
v -81.33968643 4.86747033 250.37386387
v -82.07664877 4.86747033 250.37386387
v -83.11297894 2.38889591 238.68010990
v -83.11297894 2.38903677 238.79204424
v -83.11297894 4.07755621 238.73134545
v -83.11297894 4.07624016 238.62477696
v -78.58004508 2.39027497 238.79204424
v -78.58004508 2.39002439 238.68010990
v -78.58004479 4.07650748 238.62477696
v -78.58004479 4.07784968 238.73134545
v -82.84740786 0.45574134 237.26021489
v -82.84740786 0.45574134 238.50843737
v -83.11297894 0.72131236 238.72666406
v -83.11297894 0.72131236 237.52578538
v -78.84561587 0.45574134 238.62947715
v -78.84561587 0.45574134 238.50843737
v -78.58004479 0.72131234 238.72666406
v -78.58004479 0.72131234 238.84311352
v -78.58004479 4.60189925 238.71249653
v -78.58004479 4.60189925 238.60160269
v -78.84561587 4.86747033 238.56198777
v -78.84561587 4.86747033 238.67561182
v -82.84740786 4.86747033 238.67561182
v -82.84740786 4.86747033 238.56198777
v -83.11297894 4.60189925 238.60160269
v -83.11297894 4.60189925 238.71249653
v -80.31557171 4.86747033 241.38982727
v -79.59790955 4.86747033 241.38982727
v -79.59774357 4.86747033 238.67561182
v -80.31558254 4.86747033 238.67561182
v -78.58004479 4.07784968 238.73134545
v -78.58004479 4.07650748 238.62477696
v -78.58004479 4.60189925 238.60160269
v -78.58004479 4.60189925 238.71249653
v -78.84561587 0.45574134 244.15453453
v -78.84561587 0.45574134 241.44704381
v -78.58004479 0.72131234 241.55554495
v -78.58004479 0.72131234 244.15683444
v -78.58004479 4.60189925 241.36036621
v -78.58004479 4.60189925 238.71249653
v -78.84561587 4.86747033 238.67561182
v -78.84561587 4.86747033 241.38982697
v -83.11297894 0.76510199 241.55553173
v -83.11297894 0.76145547 244.15682895
v -83.11297894 0.92973202 244.15680643
v -83.11297894 0.94866448 241.55547210
v -82.84740786 4.86747033 241.38982756
v -82.84740786 4.86747033 238.67561182
v -83.11297894 4.60189925 238.71249653
v -83.11297894 4.60189925 241.36036680
v -82.84740786 0.45574134 241.44704381
v -82.84740786 0.45574134 244.15453396
v -83.11297894 0.72131236 244.15683432
v -83.11297894 0.72131236 241.55554613
v -82.03830289 4.86747033 245.08248393
v -82.03830289 4.86747033 246.12337475
v -82.03830289 4.89912490 246.12337475
v -82.03830289 4.89912490 245.08248393
v -78.84561587 0.45574134 246.91703668
v -78.84561587 0.45574134 244.24741536
v -78.58004479 0.72131234 244.24974173
v -78.58004479 0.72131234 246.81454736
v -82.84740786 4.86747033 246.93248002
v -82.84740786 4.86747033 244.27337900
v -83.11297894 4.60189925 244.17685361
v -83.11297894 4.60189925 246.76991234
v -82.84740786 0.45574134 244.24741501
v -82.84740786 0.45574134 246.91703609
v -83.11297894 0.72131236 246.81454736
v -83.11297894 0.72131236 244.24974231
v -83.11297894 0.76132513 244.24974768
v -83.11297894 0.75772986 246.81454766
v -83.11297894 0.91038903 246.81454942
v -83.11297894 0.92905545 244.24977020
v -80.31561530 0.45574134 247.01118522
v -79.59725519 0.45574134 247.01118522
v -79.59725989 0.45574134 249.01762524
v -82.84740786 4.86747033 244.18015083
v -82.84740786 4.86747033 241.48285129
v -83.11297894 4.60189925 241.45341696
v -83.11297894 4.60189925 244.08368953
v -82.07689303 0.45574134 238.50843737
v -82.07688297 0.45574134 237.26021489
v -81.33968507 0.45574134 237.26021489
v -81.33968426 0.45574134 238.50843737
v -82.84740786 4.86747033 249.02549540
v -82.84740786 4.86747033 247.02714265
v -83.11297894 4.60189925 246.86442809
v -83.11297894 4.60189925 248.81264866
v -78.58004479 4.60189925 248.81264866
v -78.58004479 4.60189925 246.86442809
v -78.84561587 4.86747033 247.02714265
v -78.84561587 4.86747033 249.02549540
v -81.67540499 4.86747033 246.12337475
v -81.34732390 4.86747033 246.12337475
v -81.34732482 4.89912490 246.12337475
v -81.67542071 4.89912490 246.12337475
v -78.58004479 4.60189925 246.76991234
v -78.58004479 4.60189925 244.17685392
v -78.84561587 4.86747033 244.27337887
v -78.84561587 4.86747033 246.93247973
v -78.58004479 0.76049072 246.81454795
v -78.58004479 0.76332369 244.24974700
v -78.58004508 0.93943188 244.24976913
v -78.58004508 0.92472346 246.81454971
v -78.58004479 4.60189925 250.12402901
v -78.58004479 4.60189925 248.90872692
v -78.84561587 4.86747033 249.12178047
v -78.84561587 4.86747033 250.37386387
v -82.84740786 4.86747033 250.37386387
v -82.84740786 4.86747033 249.12178047
v -83.11297894 4.60189925 248.90872692
v -83.11297894 4.60189925 250.12402901
v -82.84740786 0.45574134 250.54241664
v -82.84740786 0.45574134 251.26371950
v -83.11297894 0.72131236 250.99814901
v -83.11297894 0.72131236 250.30479640
v -78.58004479 4.06779069 250.99814901
v -78.58004479 4.28263854 250.99814901
v -78.84561587 4.54926716 251.26371950
v -78.84561587 4.29203715 251.26371950
v -79.56396055 0.45574134 238.50843737
v -79.56394924 0.45574134 237.26021489
v -78.84561587 0.45574134 237.26021489
v -78.84561587 0.45574134 238.50843737
v -82.16154235 4.86747033 247.58315466
v -82.16154235 4.86747033 248.46948369
v -82.16154235 4.93099716 248.46948369
v -82.16154235 4.93099716 247.58315466
v -78.58004479 4.60189925 250.67888830
v -78.84561587 4.86747033 250.94551692
v -78.84561587 4.54926716 251.26371950
v -78.58004479 4.28263854 250.99814901
v -82.84740786 4.86747033 250.94551692
v -83.11297894 4.60189925 250.67888830
v -83.11297894 4.28263854 250.99814901
v -82.84740786 4.54926716 251.26371950
v -79.56377078 4.86747033 250.94551692
v -78.84561587 4.86747033 250.94551692
v -78.84561587 4.86747033 250.37386387
v -79.56370747 4.86747033 250.37386387
v -83.11297894 2.37701472 241.51557780
v -83.11297894 4.07470819 241.46816057
v -83.11297894 4.07480513 241.37505311
v -83.11297894 2.37742760 241.42240984
v -78.58004508 2.38112709 241.42240984
v -78.58004479 4.07568172 241.37505282
v -78.58004479 4.07560563 241.46816086
v -78.58004508 2.38080219 241.51557722
v -78.58004479 4.07568172 241.37505282
v -78.58004479 4.60189925 241.36036621
v -78.58004479 4.60189925 241.45341755
v -78.58004479 4.07560563 241.46816086
v -78.84561587 0.45574134 241.35360088
v -78.58004479 0.72131234 241.46217987
v -78.58004479 0.72131234 241.55554495
v -78.84561587 0.45574134 241.44704381
v -78.58004479 0.76640269 241.46219397
v -78.58004508 0.95541769 241.46225390
v -78.58004508 0.95488305 241.55547122
v -78.58004479 0.76629969 241.55553085
v -80.31561456 0.45574134 241.35360088
v -80.31561416 0.45574134 238.62947715
v -79.59726151 0.45574134 238.62947715
v -79.59725622 0.45574134 241.35360088
v -82.84740786 4.86747033 241.38982756
v -83.11297894 4.60189925 241.36036680
v -83.11297894 4.60189925 241.45341696
v -82.84740786 4.86747033 241.48285129
v -78.58004479 4.60189925 241.36036621
v -78.84561587 4.86747033 241.38982697
v -78.84561587 4.86747033 241.48285129
v -78.58004479 4.60189925 241.45341755
v -83.11297894 0.76510199 241.55553173
v -83.11297894 0.94866448 241.55547210
v -83.11297894 0.94934289 241.46225273
v -83.11297894 0.76523264 241.46219368
v -83.11297894 4.07470819 241.46816057
v -83.11297894 4.60189925 241.45341696
v -83.11297894 4.60189925 241.36036680
v -82.84740786 0.45574134 241.44704381
v -83.11297894 0.72131236 241.55554613
v -83.11297894 0.72131236 241.46217928
v -82.84740786 0.45574134 241.35360088
v -78.58004479 4.60189925 244.08368920
v -78.84561587 4.86747033 244.18015050
v -78.84561587 4.86747033 244.27337887
v -78.58004479 4.60189925 244.17685392
v -82.84740786 4.86747033 244.18015083
v -83.11297894 4.60189925 244.08368953
v -83.11297894 4.60189925 244.17685361
v -82.84740786 4.86747033 244.27337900
v -79.97127733 4.86747033 245.08248393
v -79.65472077 4.86747033 245.08248386
v -78.84561587 4.86747033 244.27337887
v -79.56277022 4.86747033 244.27337889
v -78.58004479 0.76342639 244.15682908
v -78.58004508 0.93996502 244.15680659
v -78.58004508 0.93943188 244.24976913
v -78.58004479 0.76332369 244.24974700
v -78.84561587 0.45574134 244.15453453
v -78.58004479 0.72131234 244.15683444
v -81.87799703 4.86747033 241.88217130
v -81.34352314 4.86747033 241.88217130
v -81.33974048 4.86747033 241.48285129
v -82.07604825 4.86747033 241.48285129
v -78.58004479 4.07345177 244.09428777
v -78.58004479 4.60189925 244.08368920
v -78.58004479 4.60189925 244.17685392
v -78.58004479 4.07337569 244.18732862
v -78.58004508 2.37171629 244.12824053
v -78.58004479 4.07345177 244.09428777
v -78.58004479 4.07337569 244.18732862
v -78.58004508 2.37139198 244.22123885
v -83.11297894 2.36507258 244.22123917
v -83.11297894 4.07187809 244.18732807
v -83.11297894 4.07197503 244.09428788
v -83.11297894 2.36548428 244.12824048
v -83.11297894 0.76132513 244.24974768
v -83.11297894 0.92905545 244.24977020
v -83.11297894 0.92973202 244.15680643
v -83.11297894 0.76145547 244.15682895
v -83.11297894 4.60189925 244.17685361
v -83.11297894 4.60189925 244.08368953
v -82.84740786 0.45574134 244.24741501
v -83.11297894 0.72131236 244.24974231
v -78.58004508 2.36243386 246.79714404
v -78.58004479 4.07125238 246.77645559
v -78.58004479 4.07117512 246.87071370
v -78.58004508 2.36210544 246.89133871
v -78.58004479 4.07125238 246.77645559
v -78.58004479 4.60189925 246.76991234
v -78.58004479 4.60189925 246.86442809
v -78.58004479 4.07117512 246.87071370
v -78.84561587 0.45574134 246.91703668
v -78.58004479 0.72131234 246.81454736
v -78.58004479 0.72131234 246.90869385
v -78.84561587 0.45574134 247.01118522
v -78.58004479 0.76049072 246.81454795
v -78.58004508 0.92472346 246.81454971
v -78.58004508 0.92418356 246.90869121
v -78.58004479 0.76038677 246.90869356
v -79.90935165 4.86747033 247.58315466
v -79.53148138 4.86747033 247.58315466
v -78.84561587 4.86747033 247.02714265
v -79.56315681 4.86747033 247.02714265
v -82.84740786 4.86747033 246.93248002
v -83.11297894 4.60189925 246.76991234
v -83.11297894 4.60189925 246.86442809
v -82.84740786 4.86747033 247.02714265
v -78.58004479 4.60189925 246.76991234
v -78.84561587 4.86747033 246.93247973
v -78.84561587 4.86747033 247.02714265
v -78.58004479 4.60189925 246.86442809
v -83.11297894 2.35328701 246.89133871
v -83.11297894 4.06908530 246.87071341
v -83.11297894 4.06918371 246.77645530
v -83.11297894 2.35370400 246.79714346
v -83.11297894 0.75759789 246.90869385
v -83.11297894 0.90970383 246.90869179
v -83.11297894 0.91038903 246.81454942
v -83.11297894 0.75772986 246.81454766
v -83.11297894 4.06908530 246.87071341
v -83.11297894 4.60189925 246.86442809
v -83.11297894 4.60189925 246.76991234
v -83.11297894 4.06918371 246.77645530
v -82.84740786 0.45574134 247.01118522
v -83.11297894 0.72131236 246.90869414
v -83.11297894 0.72131236 246.81454736
v -82.84740786 0.45574134 246.91703609
v -78.58004479 4.60189925 248.81264866
v -78.84561587 4.86747033 249.02549540
v -78.84561587 4.86747033 249.12178047
v -78.58004479 4.60189925 248.90872692
v -82.84740786 4.86747033 249.02549540
v -83.11297894 4.60189925 248.81264866
v -83.11297894 4.60189925 248.90872692
v -82.84740786 4.86747033 249.12178047
v -79.53148138 4.86747033 248.46948369
v -79.90957821 4.86747033 248.46948369
v -79.56350331 4.86747033 249.02549540
v -78.84561587 4.86747033 249.02549540
v -82.84740786 0.45574134 238.62947715
v -82.84740786 0.45574134 238.50843737
v -82.11019899 0.45574134 238.50843737
v -82.11019120 0.45574134 238.62947715
v -78.58004479 4.06958000 248.81609125
v -78.58004479 4.60189925 248.81264866
v -78.58004479 4.60189925 248.90872692
v -78.58004479 4.06950156 248.91184373
v -78.58004508 2.35537521 248.82666932
v -78.58004479 4.06958000 248.81609125
v -78.58004479 4.06950156 248.91184373
v -78.58004508 2.35504150 248.92238508
v -83.11297894 2.34432214 248.92238508
v -83.11297894 4.06696140 248.91184285
v -83.11297894 4.06706099 248.81609125
v -83.11297894 2.34474574 248.82666961
v -83.11297894 4.06696140 248.91184285
v -83.11297894 4.60189925 248.90872692
v -83.11297894 4.60189925 248.81264866
v -83.11297894 4.06706099 248.81609125
v -83.11297894 0.90970383 246.90869179
v -83.11297894 1.37788490 246.90306391
v -83.11297894 1.37849203 246.80890420
v -83.11297894 0.91038903 246.81454942
v -78.58004508 0.92472346 246.81454971
v -78.58004508 1.39095972 246.80890508
v -78.58004508 1.39047942 246.90306391
v -78.58004508 0.92418356 246.90869121
v -83.11297894 1.39473272 244.24051805
v -83.11297894 1.39532524 244.14754292
v -78.58004508 0.93996502 244.15680659
v -78.58004508 1.40422548 244.14754373
v -78.58004508 1.40375796 244.24051792
v -78.58004508 0.93943188 244.24976913
v -78.58004508 0.95541769 241.46225390
v -78.58004508 1.41766302 241.44933544
v -78.58004508 1.41720005 241.54253660
v -78.58004508 0.95488305 241.55547122
v -83.11297894 0.94866448 241.55547210
v -83.11297894 1.41179109 241.54253689
v -83.11297894 1.41237935 241.44933426
v -83.11297894 0.94934289 241.46225273
v -83.11297894 1.40391159 246.90275105
v -83.11297894 1.85906702 246.89727974
v -83.11297894 1.85958433 246.80310241
v -83.11297894 1.40449589 246.80859076
v -78.58004508 1.41696078 246.80859017
v -78.58004508 1.87018501 246.80310329
v -78.58004508 1.86977580 246.89728004
v -78.58004508 1.41650229 246.90275017
v -83.11297894 1.43777151 241.54181130
v -83.11297894 1.88788753 241.52923948
v -83.11297894 1.88838193 241.43605389
v -83.11297894 1.43836278 241.44860955
v -78.58004508 1.43020531 244.14702539
v -78.58004508 1.88146002 244.13802204
v -78.58004508 1.88106492 244.23100809
v -78.58004508 1.42974572 244.24000014
v -83.11297894 0.96925243 238.72666406
v -83.11297894 0.96840493 238.84311352
v -83.11297894 1.42895198 238.82655770
v -83.11297894 1.42946239 238.71157294
v -83.11297894 1.42072291 244.24000167
v -83.11297894 1.87339113 244.23100797
v -83.11297894 1.87389287 244.13802126
v -83.11297894 1.42130698 244.14702598
v -79.32412725 1.11866833 237.26021489
v -79.32412725 1.19206261 237.26021489
v -78.84561587 1.12419744 237.26021489
v -78.84561587 0.91507141 237.26021489
v -78.58004508 1.91890729 241.43532742
v -78.58004508 1.93002543 238.80859888
v -78.58004508 2.39027497 238.79204424
v -78.58004508 2.38112709 241.42240984
v -78.58004508 1.39314354 237.52578538
v -78.58004508 1.20528027 237.52578538
v -78.84561587 1.15039561 237.26021489
v -78.84561587 1.34632874 237.26021489
v -82.11056546 4.86747033 238.56198777
v -82.11046705 4.86747033 238.01219175
v -82.84740786 4.86747033 238.01219175
v -78.58004479 0.90073143 250.99814901
v -78.58004479 1.36997926 250.99814901
v -78.84561587 1.38645775 251.26371950
v -78.84561587 0.87994090 251.26371950
v -78.58004508 1.44364535 241.44860955
v -78.58004508 1.89287399 241.43605506
v -78.58004508 1.89248651 241.52923919
v -78.58004508 1.44317893 241.54180983
v -83.11297894 1.83694412 250.99814901
v -83.11297894 1.37813533 250.99814901
v -82.84740786 1.41279869 251.26371950
v -82.84740786 1.90611353 251.26371950
v -83.11297894 4.06479021 250.99814901
v -83.11297894 2.33516074 250.99814901
v -82.84740786 2.43899446 251.26371950
v -82.84740786 4.29203715 251.26371950
v -82.84740786 4.11549288 237.26021489
v -82.84740786 1.58174658 237.26021489
v -83.11297894 1.62055667 237.52578538
v -83.11297894 4.06266749 237.52578538
v -78.58004479 4.06266749 237.52578538
v -78.58004508 1.62055689 237.52578538
v -78.84561587 1.58174672 237.26021489
v -78.84561587 4.11549288 237.26021489
v -82.07688466 0.45574134 250.54241664
v -82.07689443 0.45574134 249.11359628
v -81.33968276 0.45574134 249.11359628
v -81.33968287 0.45574134 250.54241664
v -82.44808786 4.86747033 241.88217130
v -81.91361379 4.86747033 241.88217130
v -82.11110025 4.86747033 241.48285129
v -82.84740786 4.86747033 241.48285129
v -79.24493587 4.86747033 243.78083050
v -79.76396036 4.86747033 243.78083054
v -79.56263230 4.86747033 244.18015057
v -78.84561587 4.86747033 244.18015050
v -82.44808786 4.86747033 243.78083076
v -82.84740786 4.86747033 244.18015083
v -79.24493587 4.86747033 241.88217130
v -79.24493587 4.86747033 243.78083050
v -78.84561587 4.86747033 244.18015050
v -78.84561587 4.86747033 241.48285129
v -80.33181809 5.12612508 242.26226813
v -80.44246817 5.12612508 242.25721484
v -79.95726762 5.12612508 242.10648517
v -80.32213831 5.12612508 242.10648517
v -81.34352604 4.86747033 243.78083069
v -81.87768351 4.86747033 243.78083072
v -82.07565475 4.86747033 244.18015077
v -81.33974452 4.86747033 244.18015071
v -79.24493587 4.86747033 243.78083050
v -79.24493587 4.86747033 241.88217130
v -79.36110552 5.00922940 241.95103034
v -79.36110552 5.00922940 243.71197139
v -80.32134504 5.00922940 242.05694359
v -79.91250701 5.00922940 242.05694359
v -79.85881040 5.00922940 241.95103034
v -80.32037603 5.00922940 241.95103034
v -82.22600510 5.00922940 242.05694359
v -81.80413464 5.00922940 242.05694359
v -81.85632330 5.00922940 241.95103034
v -82.33191821 5.00922940 241.95103034
v -79.46701863 5.00922940 243.60605824
v -79.87561320 5.00922940 243.60605824
v -79.82239461 5.00922940 243.71197142
v -79.36110552 5.00922940 243.71197139
v -82.22600510 5.00922940 243.60605846
v -82.33191821 5.00922940 243.71197161
v -79.46701863 5.00922940 242.05694359
v -79.46701863 5.00922940 243.60605824
v -79.36110552 5.00922940 243.71197139
v -79.36110552 5.00922940 241.95103034
v -82.22600510 5.00922940 242.05694359
v -82.22600510 5.00922940 243.60605846
v -82.13777145 5.12612508 243.55651696
v -82.13777145 5.12612508 242.10648517
v -81.24802374 5.12612508 242.26226813
v -81.35624324 5.12612508 242.26226813
v -81.34653941 5.12612508 242.10648517
v -81.72360966 5.12612508 242.10648517
v -79.46701863 5.00922940 243.60605824
v -79.46701863 5.00922940 242.05694359
v -79.55525228 5.12612508 242.10648517
v -79.55525228 5.12612508 243.55651682
v -81.10970707 5.12612508 242.26226813
v -81.21792657 5.12612508 242.26739236
v -81.76070132 5.12612508 242.10648517
v -82.13777145 5.12612508 242.10648517
v -80.58331666 5.12612508 243.40073378
v -80.47265710 5.12612508 243.39564972
v -79.91989086 5.12612508 243.55651682
v -79.55525228 5.12612508 243.55651682
v -81.10970707 5.12612508 243.40073393
v -81.10970707 5.12612508 242.26226813
v -82.13777145 5.12612508 242.10648517
v -82.13777145 5.12612508 243.55651696
v -80.58331666 5.12612508 242.26226813
v -79.55525228 5.12612508 242.10648517
v -82.03830289 4.86747033 245.08248393
v -81.71048402 4.86747033 245.08248393
v -82.11136096 4.86747033 244.27337897
v -82.84740786 4.86747033 244.27337900
v -79.65472077 4.86747033 246.12337475
v -79.97154304 4.86747033 246.12337475
v -79.56316342 4.86747033 246.93247973
v -78.84561587 4.86747033 246.93247973
v -82.03830289 4.86747033 246.12337475
v -82.03830289 4.86747033 245.08248393
v -82.84740786 4.86747033 244.27337900
v -82.84740786 4.86747033 246.93248002
v -79.65472077 4.86747033 245.08248386
v -78.84561587 4.86747033 244.27337887
v -80.32413963 4.94353990 246.02640316
v -80.05527413 4.94353990 246.02640316
v -80.05530152 4.94353990 245.17945552
v -80.32413640 4.94353990 245.17945552
v -81.33969561 4.86747033 246.93247973
v -82.07613020 4.86747033 246.93247973
v -82.07612315 4.86747033 247.02714265
v -81.33969517 4.86747033 247.02714265
v -79.65472077 4.86747033 246.12337475
v -79.65472077 4.86747033 245.08248386
v -79.65472077 4.89912490 245.08248386
v -79.65472077 4.89912490 246.12337475
v -80.32413167 4.89912490 245.17945552
v -80.05538995 4.89912490 245.17945552
v -80.00655568 4.89912490 245.08248393
v -80.32321146 4.89912490 245.08248393
v -81.94133122 4.89912490 245.17945559
v -81.66224579 4.89912490 245.17945552
v -81.71038634 4.89912490 245.08248393
v -82.03830289 4.89912490 245.08248393
v -79.75169236 4.89912490 246.02640316
v -80.02052852 4.89912490 246.02640316
v -79.97155846 4.89912490 246.12337475
v -79.65472077 4.89912490 246.12337475
v -81.94133122 4.89912490 246.02640316
v -81.94133122 4.89912490 245.17945559
v -82.03830289 4.89912490 245.08248393
v -82.03830289 4.89912490 246.12337475
v -79.75169236 4.89912490 245.17945552
v -79.75169236 4.89912490 246.02640316
v -79.65472077 4.89912490 246.12337475
v -79.65472077 4.89912490 245.08248386
v -81.94133122 4.94353990 246.02640316
v -81.66212432 4.94353990 246.02640316
v -81.66215458 4.94353990 245.17945552
v -81.94133122 4.94353990 245.17945559
v -81.94133122 4.89912490 245.17945559
v -81.94133122 4.89912490 246.02640316
v -81.94133122 4.94353990 246.02640316
v -81.94133122 4.94353990 245.17945559
v -81.62744877 4.94353990 246.02640316
v -81.34824183 4.94353990 246.02640316
v -81.34824484 4.94353990 245.17945552
v -81.62742153 4.94353990 245.17945552
v -79.75169236 4.89912490 246.02640316
v -79.75169236 4.89912490 245.17945552
v -79.75169236 4.94353990 245.17945552
v -79.75169236 4.94353990 246.02640316
v -82.16154235 4.86747033 247.58315466
v -81.77125177 4.86747033 247.58315466
v -82.11097981 4.86747033 247.02714265
v -82.84740786 4.86747033 247.02714265
v -79.56362066 4.86747033 249.12178047
v -78.84561587 4.86747033 249.12178047
v -82.16154235 4.86747033 248.46948369
v -82.16154235 4.86747033 247.58315466
v -82.84740786 4.86747033 247.02714265
v -82.84740786 4.86747033 249.02549540
v -79.53148138 4.86747033 247.58315466
v -78.84561587 4.86747033 247.02714265
v -82.05483087 4.93099716 247.68986650
v -82.05483087 4.93099716 248.36277184
v -82.05483087 4.99417882 248.36277184
v -82.05483087 4.99417882 247.68986650
v -81.34615598 4.86747033 248.46948369
v -81.73666648 4.86747033 248.46948369
v -82.07645275 4.86747033 249.02549540
v -81.33968915 4.86747033 249.02549540
v -79.53148138 4.86747033 248.46948369
v -79.53148138 4.86747033 247.58315466
v -79.53148138 4.93099716 247.58315466
v -79.53148138 4.93099716 248.46948369
v -80.32307765 4.93099716 247.68986650
v -79.99793348 4.93099716 247.68986650
v -79.94414903 4.93099716 247.58315466
v -80.32207045 4.93099716 247.58315466
v -82.05483087 4.93099716 247.68986650
v -81.71827605 4.93099716 247.68986650
v -81.77120183 4.93099716 247.58315466
v -82.16154235 4.93099716 247.58315466
v -79.63819286 4.93099716 248.36277184
v -79.96341737 4.93099716 248.36277184
v -79.90955809 4.93099716 248.46948369
v -79.53148138 4.93099716 248.46948369
v -82.05483087 4.93099716 248.36277184
v -82.05483087 4.93099716 247.68986650
v -82.16154235 4.93099716 247.58315466
v -82.16154235 4.93099716 248.46948369
v -79.63819286 4.93099716 247.68986621
v -79.53148138 4.93099716 247.58315466
v -82.05483087 4.99417882 248.36277184
v -81.71817771 4.99417882 248.36277184
v -81.71820312 4.99417882 247.68986650
v -82.05483087 4.99417882 247.68986650
v -81.68381524 4.99417882 248.36277184
v -81.34716204 4.99417882 248.36277184
v -81.34716255 4.99417882 247.68986650
v -81.68379034 4.99417882 247.68986650
v -79.63819286 4.93099716 248.36277184
v -79.63819286 4.93099716 247.68986621
v -79.63819286 4.99417882 247.68986621
v -79.63819286 4.99417882 248.36277184
v -80.32307938 4.99417882 248.36277184
v -79.99783412 4.99417882 248.36277184
v -79.99785960 4.99417882 247.68986650
v -80.32307886 4.99417882 247.68986650
v -79.96343815 4.99417882 248.36277184
v -79.63819286 4.99417882 248.36277184
v -79.63819286 4.99417882 247.68986621
v -79.96341208 4.99417882 247.68986650
v -82.05483087 4.93099716 248.36277184
v -81.71819791 4.93099716 248.36277184
v -81.71817771 4.99417882 248.36277184
v -82.05483087 4.99417882 248.36277184
v -80.32307927 4.93099716 248.36277184
v -79.99785483 4.93099716 248.36277184
v -79.99783412 4.99417882 248.36277184
v -80.32307938 4.99417882 248.36277184
v -81.34716222 4.93099716 248.36277184
v -81.68379512 4.93099716 248.36277184
v -81.73664738 4.93099716 248.46948369
v -81.34615620 4.93099716 248.46948369
v -79.87585658 5.00922940 242.05694359
v -79.82267104 5.00922940 241.95103034
v -82.16154235 4.86747033 248.46948369
v -81.77103189 4.86747033 248.46948369
v -81.77105120 4.93099716 248.46948369
v -82.16154235 4.93099716 248.46948369
v -80.31561497 0.45574134 250.54241664
v -79.59726694 0.45574134 249.11359628
v -79.59727679 0.45574134 250.54241664
v -81.73666648 4.86747033 248.46948369
v -81.34615598 4.86747033 248.46948369
v -81.34615620 4.93099716 248.46948369
v -81.73664738 4.93099716 248.46948369
v -81.94133122 4.89912490 246.02640316
v -81.66215238 4.89912490 246.02640316
v -81.66212432 4.94353990 246.02640316
v -81.94133122 4.94353990 246.02640316
v -79.94397667 4.86747033 248.46948369
v -80.32207354 4.86747033 248.46948369
v -80.31560872 4.86747033 249.02549540
v -79.59772125 4.86747033 249.02549540
v -80.32414129 4.89912490 246.02640316
v -80.05530520 4.89912490 246.02640316
v -80.05527413 4.94353990 246.02640316
v -80.32413963 4.94353990 246.02640316
v -81.34824018 4.89912490 246.02640316
v -81.62741903 4.89912490 246.02640316
v -81.67542071 4.89912490 246.12337475
v -81.34732482 4.89912490 246.12337475
v -79.53148138 4.86747033 247.58315466
v -79.90935165 4.86747033 247.58315466
v -79.90940276 4.93099716 247.58315466
v -79.53148138 4.93099716 247.58315466
v -82.84740786 0.45574134 246.91703609
v -82.84740786 0.45574134 244.24741501
v -82.11018033 0.45574134 244.24741508
v -82.11018151 0.45574134 246.91703609
v -80.02055797 4.94353990 246.02640316
v -79.75169236 4.94353990 246.02640316
v -79.75169236 4.94353990 245.17945552
v -80.02052727 4.94353990 245.17945552
v -80.32206928 4.86747033 247.58315466
v -79.94419905 4.86747033 247.58315466
v -79.59806186 4.86747033 247.02714265
v -80.31560270 4.86747033 247.02714265
v -79.76428812 4.86747033 241.88217130
v -79.56304357 4.86747033 241.48285129
v -80.31561526 0.45574134 246.91703639
v -80.31561519 0.45574134 244.24741523
v -79.59725093 0.45574134 244.24741529
v -79.59725240 0.45574134 246.91703668
v -81.35624379 5.12612508 243.40073400
v -81.24801485 5.12612508 243.40588834
v -81.72338640 5.12612508 243.55651689
v -81.34654037 5.12612508 243.55651689
v -82.22600510 5.00922940 243.60605846
v -81.80436972 5.00922940 243.60605846
v -81.76092546 5.12612508 243.55651689
v -82.13777145 5.12612508 243.55651696
v -80.32134343 5.00922940 243.60605824
v -79.91274871 5.00922940 243.60605824
v -79.95749866 5.12612508 243.55651682
v -80.32213728 5.12612508 243.55651689
v -81.34567069 5.00922940 243.60605839
v -81.76730611 5.00922940 243.60605846
v -81.81997132 5.00922940 243.71197157
v -81.34464333 5.00922940 243.71197157
v -79.65472077 4.86747033 245.08248386
v -79.97127733 4.86747033 245.08248393
v -79.97137655 4.89912490 245.08248393
v -79.65472077 4.89912490 245.08248386
v -82.44808786 4.86747033 243.78083076
v -81.91393054 4.86747033 243.78083072
v -81.85659032 5.00922940 243.71197157
v -82.33191821 5.00922940 243.71197161
v -80.47266657 5.12612508 242.26226813
v -79.92012293 5.12612508 242.10648517
v -80.32320378 4.86747033 245.08248393
v -80.00664718 4.86747033 245.08248393
v -79.59841217 4.86747033 244.27337889
v -80.31556631 4.86747033 244.27337892
v -81.87768351 4.86747033 243.78083072
v -81.34352604 4.86747033 243.78083069
v -81.34464333 5.00922940 243.71197157
v -81.81997132 5.00922940 243.71197157
v -82.35850569 1.11866833 237.26021489
v -82.11022058 1.11866833 237.26021489
v -82.11023086 0.91507141 237.26021489
v -82.84740786 0.91507141 237.26021489
v -79.59853702 4.86747033 244.18015057
v -80.31555335 4.86747033 244.18015063
v -80.31556631 4.86747033 244.27337892
v -79.59841217 4.86747033 244.27337889
v -81.33968915 4.86747033 249.02549540
v -82.07645275 4.86747033 249.02549540
v -82.07656505 4.86747033 249.12178047
v -81.33968735 4.86747033 249.12178047
v -81.73645086 4.86747033 247.58315466
v -81.34616017 4.86747033 247.58315466
v -81.33969517 4.86747033 247.02714265
v -82.07612315 4.86747033 247.02714265
v -82.03830289 4.86747033 246.12337475
v -81.71022176 4.86747033 246.12337475
v -81.71020693 4.89912490 246.12337475
v -82.03830289 4.89912490 246.12337475
v -82.11018151 0.45574134 246.91703609
v -82.11018445 0.45574134 247.01118522
v -82.84740786 0.45574134 247.01118522
v -81.67516792 4.86747033 245.08248393
v -81.34734913 4.86747033 245.08248393
v -81.33973149 4.86747033 244.27337895
v -82.07577820 4.86747033 244.27337897
v -80.31930373 4.86747033 241.88217130
v -79.79995166 4.86747033 241.88217130
v -79.59812958 4.86747033 241.48285129
v -80.31555735 4.86747033 241.48285129
v -82.84740786 0.45574134 244.15453396
v -82.11018048 0.45574134 244.15453407
v -82.11018033 0.45574134 244.24741508
v -79.59725622 0.45574134 241.35360088
v -79.59725284 0.45574134 241.44704381
v -80.31561486 0.45574134 241.44704381
v -79.59805467 4.86747033 246.93247973
v -80.31560222 4.86747033 246.93247973
v -80.31560270 4.86747033 247.02714265
v -79.59733157 1.37814980 237.26021489
v -79.83709672 1.37814973 237.26021489
v -80.31560740 1.58174658 237.26021489
v -79.59736124 1.58174658 237.26021489
v -79.59725240 0.45574134 246.91703668
v -79.59774357 4.86747033 238.67561182
v -82.84740786 4.86747033 241.38982756
v -82.11086994 4.86747033 241.38982727
v -82.11069633 4.86747033 238.67561182
v -82.84740786 0.45574134 241.35360088
v -82.11018577 0.45574134 241.35360088
v -82.11018224 0.45574134 241.44704381
v -82.84740786 0.45574134 241.44704381
v -82.07626409 4.86747033 241.38982727
v -81.33972609 4.86747033 241.38982727
v -81.33971526 4.86747033 238.67561182
v -82.07642690 4.86747033 238.67561182
v -79.56393822 1.11866833 237.26021489
v -79.56392779 0.91507141 237.26021489
v -80.31561508 0.45574134 244.15453431
v -79.59725123 0.45574134 244.15453442
v -80.31561519 0.45574134 244.24741523
v -82.11026641 1.37814973 237.26021489
v -82.35850569 1.37814973 237.26021489
v -82.84740786 1.58174658 237.26021489
v -82.11029637 1.58174658 237.26021489
v -79.56358806 4.86747033 238.56198777
v -78.84561587 4.86747033 238.56198777
v -78.84561587 4.86747033 238.01219175
v -79.56368823 4.86747033 238.01219175
v -80.32307927 4.93099716 248.36277184
v -80.32307938 4.99417882 248.36277184
v -81.34716204 4.99417882 248.36277184
v -81.34716222 4.93099716 248.36277184
v -81.34716384 4.93099716 247.68986650
v -81.34716255 4.99417882 247.68986650
v -80.32307886 4.99417882 247.68986650
v -80.32307765 4.93099716 247.68986650
v -80.32207324 4.93099716 248.46948369
v -80.32307927 4.93099716 248.36277184
v -81.34615899 4.93099716 247.58315466
v -81.34716384 4.93099716 247.68986650
v -80.32207354 4.86747033 248.46948369
v -80.32207324 4.93099716 248.46948369
v -81.34615620 4.93099716 248.46948369
v -81.34615598 4.86747033 248.46948369
v -81.34616017 4.86747033 247.58315466
v -81.34615899 4.93099716 247.58315466
v -80.32207045 4.93099716 247.58315466
v -80.32206928 4.86747033 247.58315466
v -81.34824958 4.89912490 245.17945552
v -81.34824484 4.94353990 245.17945552
v -80.32413640 4.94353990 245.17945552
v -80.32413167 4.89912490 245.17945552
v -80.32322835 4.89912490 246.12337475
v -80.32414129 4.89912490 246.02640316
v -81.34734145 4.89912490 245.08248393
v -81.34824958 4.89912490 245.17945552
v -80.32322923 4.86747033 246.12337475
v -80.32322835 4.89912490 246.12337475
v -81.34732482 4.89912490 246.12337475
v -81.34732390 4.86747033 246.12337475
v -81.34734913 4.86747033 245.08248393
v -81.34734145 4.89912490 245.08248393
v -80.32321146 4.89912490 245.08248393
v -80.32320378 4.86747033 245.08248393
v -80.32414129 4.89912490 246.02640316
v -80.32413963 4.94353990 246.02640316
v -81.34824183 4.94353990 246.02640316
v -81.34824018 4.89912490 246.02640316
v -81.34732390 4.86747033 246.12337475
v -81.33969561 4.86747033 246.93247973
v -80.32322923 4.86747033 246.12337475
v -80.32320378 4.86747033 245.08248393
v -80.31556631 4.86747033 244.27337892
v -81.33973149 4.86747033 244.27337895
v -81.34734913 4.86747033 245.08248393
v -80.32213728 5.12612508 243.55651689
v -80.33181753 5.12612508 243.40073363
v -81.34566914 5.00922940 242.05694359
v -81.34653941 5.12612508 242.10648517
v -80.32213831 5.12612508 242.10648517
v -80.32134504 5.00922940 242.05694359
v -80.32037387 5.00922940 243.71197142
v -80.32134343 5.00922940 243.60605824
v -81.34464116 5.00922940 241.95103034
v -81.34566914 5.00922940 242.05694359
v -80.31930076 4.86747033 243.78083058
v -80.32037387 5.00922940 243.71197142
v -81.34464333 5.00922940 243.71197157
v -81.34352604 4.86747033 243.78083069
v -81.34352314 4.86747033 241.88217130
v -81.34464116 5.00922940 241.95103034
v -80.32037603 5.00922940 241.95103034
v -80.31930373 4.86747033 241.88217130
v -80.32134343 5.00922940 243.60605824
v -80.32213728 5.12612508 243.55651689
v -81.34654037 5.12612508 243.55651689
v -81.34567069 5.00922940 243.60605839
v -81.34352604 4.86747033 243.78083069
v -81.33974452 4.86747033 244.18015071
v -80.31555335 4.86747033 244.18015063
v -80.31930076 4.86747033 243.78083058
v -79.83709672 1.37814973 237.26021489
v -79.83709679 1.30475008 237.26021489
v -80.31560795 1.37260975 237.26021489
v -80.31560740 1.58174658 237.26021489
v -82.07680248 1.93248730 251.26371950
v -81.33968353 1.93247026 251.26371950
v -81.33968368 2.43899446 251.26371950
v -82.07680020 2.43899446 251.26371950
v -81.33968276 0.45574134 249.11359628
v -81.33968261 0.45574134 249.01762524
v -80.31561049 4.86747033 249.12178047
v -81.33968254 0.45574134 247.01118522
v -81.33968254 0.45574134 246.91703639
v -81.33968265 0.45574134 244.24741514
v -81.33968276 0.45574134 244.15453417
v -81.33974452 4.86747033 244.18015071
v -81.33973149 4.86747033 244.27337895
v -80.31556631 4.86747033 244.27337892
v -81.33972609 4.86747033 241.38982727
v -81.33974048 4.86747033 241.48285129
v -80.31555735 4.86747033 241.48285129
v -80.31557171 4.86747033 241.38982727
v -81.33968294 0.45574134 241.44704381
v -81.33968327 0.45574134 241.35360088
v -80.31561188 4.86747033 250.94551692
v -80.31561140 4.86747033 250.37386387
v -80.31669711 5.37106822 250.67803522
v -80.31669759 5.38620987 250.97474091
v -80.31561493 0.45574134 251.26371950
v -81.33968294 0.45574134 251.26371950
v -81.33968261 0.45574134 249.01762524
v -81.33968254 0.45574134 247.01118522
v -81.33968368 0.45574134 238.62947715
v -81.33968254 0.45574134 246.91703639
v -81.33968265 0.45574134 244.24741514
v -81.33970710 4.86747033 238.56198777
v -80.31561361 0.45574134 238.50843737
v -81.33968368 0.45574134 238.62947715
v -80.31561486 0.45574134 241.44704381
v -80.31561140 4.86747033 250.37386387
v -80.31561049 4.86747033 249.12178047
v -81.33968735 4.86747033 249.12178047
v -80.31561280 0.45574134 237.26021489
v -80.31561361 0.45574134 238.50843737
v -81.33970101 4.86747033 238.01219175
v -79.56394072 0.45574134 251.26371950
v -79.56395423 0.45574134 250.54241664
v -78.84561587 0.45574134 250.54241664
v -78.84561587 0.45574134 251.26371950
v -82.84740786 4.86747033 250.94551692
v -82.84740786 4.86747033 250.37386387
v -83.11297894 4.60189925 250.12402901
v -83.11297894 4.60189925 250.67888830
v -78.58004479 4.60189925 250.67888830
v -78.58004479 4.60189925 250.12402901
v -78.84561587 4.86747033 250.37386387
v -78.84561587 4.86747033 250.94551692
v -82.07687159 0.45574134 251.26371950
v -80.31669759 5.38620987 250.97474091
v -80.31669711 5.37106822 250.67803522
v -81.34077214 5.37106822 250.67803522
v -81.34077170 5.38620987 250.97474091
v -81.34077170 5.38620987 250.97474091
v -81.34077070 5.11112591 251.22841171
v -80.31669854 5.11112591 251.22841171
v -80.31669759 5.38620987 250.97474091
v -81.33968643 4.86747033 250.37386387
v -81.33968599 4.86747033 250.94551692
v -81.34077170 5.38620987 250.97474091
v -81.34077214 5.37106822 250.67803522
v -80.31561284 4.54926716 251.26371950
v -80.31561188 4.86747033 250.94551692
v -80.31669759 5.38620987 250.97474091
v -80.31669854 5.11112591 251.22841171
v -80.31561140 4.86747033 250.37386387
v -81.33968643 4.86747033 250.37386387
v -81.34077214 5.37106822 250.67803522
v -80.31669711 5.37106822 250.67803522
v -81.33968599 4.86747033 250.94551692
v -81.33968500 4.54926716 251.26371950
v -81.34077070 5.11112591 251.22841171
v -81.34077170 5.38620987 250.97474091
v -82.84740786 0.45574134 251.26371950
v -82.84740786 0.45574134 250.54241664
v -82.11020589 0.45574134 250.54241664
v -82.11021926 0.45574134 251.26371950
v -80.31561493 0.45574134 251.26371950
v -80.31561486 0.53744515 251.26371950
v -81.33968298 0.53744515 251.26371950
v -81.33968294 0.45574134 251.26371950
v -79.59727679 0.45574134 250.54241664
v -79.59729030 0.45574134 251.26371950
v -83.11297894 0.72131236 246.90869414
v -83.11297894 0.72131236 246.81454736
v -78.58004479 0.72131234 246.81454736
v -78.58004479 0.76049072 246.81454795
v -78.58004479 0.76038677 246.90869356
v -78.58004479 0.72131234 246.90869385
v -83.11297894 0.72131236 244.24974231
v -83.11297894 0.72131236 244.15683432
v -78.58004479 0.72131234 244.15683444
v -78.58004479 0.76342639 244.15682908
v -78.58004479 0.76332369 244.24974700
v -78.58004479 0.72131234 244.24974173
v -83.11297894 0.72131236 241.55554613
v -83.11297894 0.72131236 241.46217928
v -78.58004479 0.72131234 241.46217987
v -78.58004479 0.76640269 241.46219397
v -78.58004479 0.76629969 241.55553085
v -78.58004479 0.72131234 241.55554495
v -83.11297894 0.72131236 250.30479640
v -83.11297894 0.72131236 250.99814901
v -83.11297894 0.75186533 250.99814901
v -83.11297894 0.75283730 250.30479111
v -78.58004479 0.72131234 246.81454736
v -78.58004479 0.72131234 244.24974173
v -78.58004479 0.76332369 244.24974700
v -78.58004479 0.76049072 246.81454795
v -83.11297894 0.72131236 244.24974231
v -83.11297894 0.72131236 246.81454736
v -83.11297894 0.75772986 246.81454766
v -83.11297894 0.76132513 244.24974768
v -83.11297894 0.72131236 241.55554613
v -83.11297894 0.72131236 244.15683432
v -83.11297894 0.76145547 244.15682895
v -83.11297894 0.76510199 241.55553173
v -79.59726900 0.45574134 238.50843737
v -79.59726151 0.45574134 238.62947715
v -78.58004479 0.72131234 244.15683444
v -78.58004479 0.72131234 241.55554495
v -78.58004479 0.76629969 241.55553085
v -78.58004479 0.76342639 244.15682908
v -78.58004479 0.72131236 250.99814901
v -78.58004479 0.75586974 250.99814901
v -78.84561587 0.53744515 251.26371950
v -78.84561587 0.45574134 251.26371950
v -78.58004479 0.72131236 250.99814901
v -78.58004479 0.72131234 250.30479640
v -78.58004479 0.75663563 250.30479111
v -78.58004479 0.75586974 250.99814901
v -82.84740786 0.45574134 251.26371950
v -82.11021926 0.45574134 251.26371950
v -82.11023718 0.53744515 251.26371950
v -82.84740786 0.53744515 251.26371950
v -82.64120939 1.08613923 251.26371950
v -82.64120939 1.45513936 251.26371950
v -82.84740786 1.38645209 251.26371950
v -82.84740786 0.87994090 251.26371950
v -81.33968863 0.91507141 237.26021489
v -81.33968918 1.12421572 237.26021489
v -80.31560872 1.12421558 237.26021489
v -80.31560924 0.91507141 237.26021489
v -80.31561493 0.45574134 251.26371950
v -79.59729030 0.45574134 251.26371950
v -79.59730822 0.53744515 251.26371950
v -80.31561486 0.53744515 251.26371950
v -78.84561587 0.45574134 251.26371950
v -78.84561587 0.45574134 250.54241664
v -78.58004479 0.72131234 250.30479640
v -78.58004479 0.72131236 250.99814901
v -82.84740786 1.12419825 237.26021489
v -82.84740786 0.91507141 237.26021489
v -83.11297894 0.97799239 237.52578538
v -83.11297894 1.17908151 237.52578538
v -78.58004479 0.90073143 250.99814901
v -78.58004508 0.90470783 250.30476643
v -78.58004508 1.37347627 250.30380172
v -78.58004479 1.36997926 250.99814901
v -81.33968996 1.37260960 237.26021489
v -81.33969047 1.58174658 237.26021489
v -80.31560740 1.58174658 237.26021489
v -80.31560795 1.37260975 237.26021489
v -80.31561464 0.87994090 251.26371950
v -80.31561445 1.38647001 251.26371950
v -81.33968335 1.38646979 251.26371950
v -81.33968324 0.87994090 251.26371950
v -81.82859205 1.37814973 237.26021489
v -82.07683127 1.37814973 237.26021489
v -82.07680204 1.58174658 237.26021489
v -81.33969047 1.58174658 237.26021489
v -79.59751987 4.86747033 250.37386387
v -79.59760565 4.86747033 249.12178047
v -82.07642690 4.86747033 238.67561182
v -82.07654948 4.86747033 238.56198777
v -82.07687159 0.45574134 251.26371950
v -81.33968294 0.45574134 251.26371950
v -81.33968298 0.53744515 251.26371950
v -82.07685367 0.53744515 251.26371950
v -82.07656505 4.86747033 249.12178047
v -82.11064433 4.86747033 249.02549540
v -82.84740786 4.86747033 249.02549540
v -82.84740786 4.86747033 249.12178047
v -82.11053006 4.86747033 249.12178047
v -82.07690037 0.45574134 238.62947715
v -82.07690133 0.45574134 249.01762524
v -82.07690529 0.45574134 241.35360088
v -82.07690037 0.45574134 238.62947715
v -82.07626409 4.86747033 241.38982727
v -82.07604825 4.86747033 241.48285129
v -82.07691014 0.45574134 244.15453407
v -82.07690838 0.45574134 241.44704381
v -82.11149756 4.86747033 244.18015077
v -82.84740786 4.86747033 244.18015083
v -82.84740786 4.86747033 244.27337900
v -82.11136096 4.86747033 244.27337897
v -82.07690889 0.45574134 246.91703609
v -82.07691022 0.45574134 244.24741508
v -82.07690133 0.45574134 249.01762524
v -82.07690603 0.45574134 247.01118522
v -82.11097334 4.86747033 246.93247973
v -82.84740786 4.86747033 246.93248002
v -82.84740786 4.86747033 247.02714265
v -82.11097981 4.86747033 247.02714265
v -82.11018048 0.45574134 244.15453407
v -81.33974452 4.86747033 244.18015071
v -82.07565475 4.86747033 244.18015077
v -82.07577820 4.86747033 244.27337897
v -81.33973149 4.86747033 244.27337895
v -81.91361379 4.86747033 241.88217130
v -82.44808786 4.86747033 241.88217130
v -82.33191821 5.00922940 241.95103034
v -81.85632330 5.00922940 241.95103034
v -81.34566914 5.00922940 242.05694359
v -81.76753965 5.00922940 242.05694359
v -81.72360966 5.12612508 242.10648517
v -81.34653941 5.12612508 242.10648517
v -81.80413464 5.00922940 242.05694359
v -82.22600510 5.00922940 242.05694359
v -82.13777145 5.12612508 242.10648517
v -81.76070132 5.12612508 242.10648517
v -81.71048402 4.86747033 245.08248393
v -82.03830289 4.86747033 245.08248393
v -82.03830289 4.89912490 245.08248393
v -81.71038634 4.89912490 245.08248393
v -81.34824958 4.89912490 245.17945552
v -81.62733509 4.89912490 245.17945552
v -81.62742153 4.94353990 245.17945552
v -81.34824484 4.94353990 245.17945552
v -81.66224579 4.89912490 245.17945552
v -81.94133122 4.89912490 245.17945559
v -81.94133122 4.94353990 245.17945559
v -81.66215458 4.94353990 245.17945552
v -81.76753965 5.00922940 242.05694359
v -81.82023630 5.00922940 241.95103034
v -81.77125177 4.86747033 247.58315466
v -82.16154235 4.86747033 247.58315466
v -82.16154235 4.93099716 247.58315466
v -81.77120183 4.93099716 247.58315466
v -81.34716384 4.93099716 247.68986650
v -81.68371866 4.93099716 247.68986650
v -81.68379034 4.99417882 247.68986650
v -81.34716255 4.99417882 247.68986650
v -81.71827605 4.93099716 247.68986650
v -82.05483087 4.93099716 247.68986650
v -82.05483087 4.99417882 247.68986650
v -81.71820312 4.99417882 247.68986650
v -81.68379512 4.93099716 248.36277184
v -81.34716222 4.93099716 248.36277184
v -81.34716204 4.99417882 248.36277184
v -81.68381524 4.99417882 248.36277184
v -81.71819791 4.93099716 248.36277184
v -82.05483087 4.93099716 248.36277184
v -82.16154235 4.93099716 248.46948369
v -81.77105120 4.93099716 248.46948369
v -81.77103189 4.86747033 248.46948369
v -82.16154235 4.86747033 248.46948369
v -82.11064433 4.86747033 249.02549540
v -81.34616017 4.86747033 247.58315466
v -81.73645086 4.86747033 247.58315466
v -81.73649962 4.93099716 247.58315466
v -81.34615899 4.93099716 247.58315466
v -81.62741903 4.89912490 246.02640316
v -81.34824018 4.89912490 246.02640316
v -81.34824183 4.94353990 246.02640316
v -81.62744877 4.94353990 246.02640316
v -81.68371866 4.93099716 247.68986650
v -81.73649962 4.93099716 247.58315466
v -81.66215238 4.89912490 246.02640316
v -81.94133122 4.89912490 246.02640316
v -82.03830289 4.89912490 246.12337475
v -81.71020693 4.89912490 246.12337475
v -81.67540499 4.86747033 246.12337475
v -82.07613020 4.86747033 246.93247973
v -81.34734913 4.86747033 245.08248393
v -81.67516792 4.86747033 245.08248393
v -81.67525796 4.89912490 245.08248393
v -81.34734145 4.89912490 245.08248393
v -81.62733509 4.89912490 245.17945552
v -81.67525796 4.89912490 245.08248393
v -81.21793601 5.12612508 243.40073400
v -81.10970707 5.12612508 243.40073393
v -82.13777145 5.12612508 243.55651696
v -81.76092546 5.12612508 243.55651689
v -81.76730611 5.00922940 243.60605846
v -81.34567069 5.00922940 243.60605839
v -81.34654037 5.12612508 243.55651689
v -81.72338640 5.12612508 243.55651689
v -81.80436972 5.00922940 243.60605846
v -82.22600510 5.00922940 243.60605846
v -82.33191821 5.00922940 243.71197161
v -81.85659032 5.00922940 243.71197157
v -81.91393054 4.86747033 243.78083072
v -82.44808786 4.86747033 243.78083076
v -82.84740786 4.86747033 244.18015083
v -82.11149756 4.86747033 244.18015077
v -81.34352314 4.86747033 241.88217130
v -81.87799703 4.86747033 241.88217130
v -81.82023630 5.00922940 241.95103034
v -81.34464116 5.00922940 241.95103034
v -82.07687665 1.11866833 237.26021489
v -81.82859161 1.11866833 237.26021489
v -81.33968863 0.91507141 237.26021489
v -82.07686571 0.91507141 237.26021489
v -82.07690889 0.45574134 246.91703609
v -82.07691014 0.45574134 244.15453407
v -82.07690529 0.45574134 241.35360088
v -82.07690838 0.45574134 241.44704381
v -81.71022176 4.86747033 246.12337475
v -82.03830289 4.86747033 246.12337475
v -82.84740786 4.86747033 246.93248002
v -82.11097334 4.86747033 246.93247973
v -82.84740786 0.45574134 237.26021489
v -82.11021000 0.45574134 237.26021489
v -82.11019899 0.45574134 238.50843737
v -82.84740786 4.86747033 250.94551692
v -82.11038391 4.86747033 250.94551692
v -82.11044560 4.86747033 250.37386387
v -82.84740786 4.86747033 250.37386387
v -82.11086994 4.86747033 241.38982727
v -82.11110025 4.86747033 241.48285129
v -82.07654948 4.86747033 238.56198777
v -82.07664186 4.86747033 238.01219175
v -79.56397097 0.45574134 249.01762524
v -79.08942317 0.45574134 249.01762524
v -79.08942317 0.45574134 249.11359686
v -79.56396407 0.45574134 249.11359628
v -80.31561427 1.93246997 251.26371950
v -80.31561416 2.43899446 251.26371950
v -81.33968368 2.43899446 251.26371950
v -81.33968353 1.93247026 251.26371950
v -79.56394072 0.45574134 251.26371950
v -78.84561587 0.45574134 251.26371950
v -78.84561587 0.53744515 251.26371950
v -79.56392250 0.53744515 251.26371950
v -79.56362066 4.86747033 249.12178047
v -79.56397979 0.45574134 244.15453442
v -79.56397788 0.45574134 241.44704381
v -78.84561587 0.45574134 241.44704381
v -78.84561587 0.45574134 244.15453453
v -79.83709701 1.11866833 237.26021489
v -79.59728589 1.11866833 237.26021489
v -79.59729720 0.91507141 237.26021489
v -80.31560924 0.91507141 237.26021489
v -79.56397876 0.45574134 246.91703668
v -79.56397993 0.45574134 244.24741530
v -78.84561587 0.45574134 244.24741536
v -78.84561587 0.45574134 246.91703668
v -79.56396862 0.45574134 238.62947715
v -79.56396055 0.45574134 238.50843737
v -78.84561587 0.45574134 238.62947715
v -79.24493587 4.86747033 241.88217130
v -79.76428812 4.86747033 241.88217130
v -79.82267104 5.00922940 241.95103034
v -79.36110552 5.00922940 241.95103034
v -79.79995166 4.86747033 241.88217130
v -79.85881040 5.00922940 241.95103034
v -80.31930076 4.86747033 243.78083058
v -79.80027620 4.86747033 243.78083054
v -79.85908478 5.00922940 243.71197142
v -80.32037387 5.00922940 243.71197142
v -79.87561320 5.00922940 243.60605824
v -79.46701863 5.00922940 243.60605824
v -79.55525228 5.12612508 243.55651682
v -79.91989086 5.12612508 243.55651682
v -79.76396036 4.86747033 243.78083054
v -79.24493587 4.86747033 243.78083050
v -79.36110552 5.00922940 243.71197139
v -79.82239461 5.00922940 243.71197142
v -79.91250701 5.00922940 242.05694359
v -80.32134504 5.00922940 242.05694359
v -80.32213831 5.12612508 242.10648517
v -79.95726762 5.12612508 242.10648517
v -80.00664718 4.86747033 245.08248393
v -80.32320378 4.86747033 245.08248393
v -80.32321146 4.89912490 245.08248393
v -80.00655568 4.89912490 245.08248393
v -80.32322923 4.86747033 246.12337475
v -80.00640703 4.86747033 246.12337475
v -80.00639058 4.89912490 246.12337475
v -80.32322835 4.89912490 246.12337475
v -80.02052852 4.89912490 246.02640316
v -79.75169236 4.89912490 246.02640316
v -79.75169236 4.94353990 246.02640316
v -80.02055797 4.94353990 246.02640316
v -79.97154304 4.86747033 246.12337475
v -79.65472077 4.86747033 246.12337475
v -79.65472077 4.89912490 246.12337475
v -79.97155846 4.89912490 246.12337475
v -80.05538995 4.89912490 245.17945552
v -80.32413167 4.89912490 245.17945552
v -80.32413640 4.94353990 245.17945552
v -80.05530152 4.94353990 245.17945552
v -79.94419905 4.86747033 247.58315466
v -80.32206928 4.86747033 247.58315466
v -80.32207045 4.93099716 247.58315466
v -79.94414903 4.93099716 247.58315466
v -79.59727943 0.45574134 237.26021489
v -79.59726900 0.45574134 238.50843737
v -79.90957821 4.86747033 248.46948369
v -79.53148138 4.86747033 248.46948369
v -79.53148138 4.93099716 248.46948369
v -79.90955809 4.93099716 248.46948369
v -79.99793348 4.93099716 247.68986650
v -80.32307765 4.93099716 247.68986650
v -80.32307886 4.99417882 247.68986650
v -79.99785960 4.99417882 247.68986650
v -79.96341737 4.93099716 248.36277184
v -79.63819286 4.93099716 248.36277184
v -79.63819286 4.99417882 248.36277184
v -79.96343815 4.99417882 248.36277184
v -79.63819286 4.93099716 247.68986621
v -79.96333710 4.93099716 247.68986650
v -79.96341208 4.99417882 247.68986650
v -79.63819286 4.99417882 247.68986621
v -79.99785483 4.93099716 248.36277184
v -79.94399650 4.93099716 248.46948369
v -79.59725284 0.45574134 241.44704381
v -79.75169236 4.89912490 245.17945552
v -80.02043415 4.89912490 245.17945552
v -80.02052727 4.94353990 245.17945552
v -79.75169236 4.94353990 245.17945552
v -80.05530520 4.89912490 246.02640316
v -80.00639058 4.89912490 246.12337475
v -79.96333710 4.93099716 247.68986650
v -79.63819286 4.93099716 247.68986621
v -79.53148138 4.93099716 247.58315466
v -79.90940276 4.93099716 247.58315466
v -80.00640703 4.86747033 246.12337475
v -80.02043415 4.89912490 245.17945552
v -79.75169236 4.89912490 245.17945552
v -79.65472077 4.89912490 245.08248386
v -79.97137655 4.89912490 245.08248393
v -79.46701863 5.00922940 242.05694359
v -79.87585658 5.00922940 242.05694359
v -79.92012293 5.12612508 242.10648517
v -79.55525228 5.12612508 242.10648517
v -79.91274871 5.00922940 243.60605824
v -80.32134343 5.00922940 243.60605824
v -80.32037387 5.00922940 243.71197142
v -79.85908478 5.00922940 243.71197142
v -80.44247710 5.12612508 243.40073371
v -80.33181753 5.12612508 243.40073363
v -80.32213728 5.12612508 243.55651689
v -79.95749866 5.12612508 243.55651682
v -79.80027620 4.86747033 243.78083054
v -80.31930076 4.86747033 243.78083058
v -80.31555335 4.86747033 244.18015063
v -79.59853702 4.86747033 244.18015057
v -80.32207354 4.86747033 248.46948369
v -79.94397667 4.86747033 248.46948369
v -79.94399650 4.93099716 248.46948369
v -80.32207324 4.93099716 248.46948369
v -79.56315681 4.86747033 247.02714265
v -78.84561587 4.86747033 244.18015050
v -79.56263230 4.86747033 244.18015057
v -79.56277022 4.86747033 244.27337889
v -78.84561587 4.86747033 244.27337887
v -79.59790955 4.86747033 241.38982727
v -79.59812958 4.86747033 241.48285129
v -80.31561188 4.86747033 250.94551692
v -79.59745701 4.86747033 250.94551692
v -78.84561587 0.45574134 247.01118522
v -79.56397597 0.45574134 247.01118522
v -79.56397421 0.45574134 241.35360088
v -78.84561587 0.45574134 241.35360088
v -79.56397788 0.45574134 241.44704381
v -78.84561587 4.86747033 241.38982697
v -79.56327799 4.86747033 241.38982727
v -79.56304357 4.86747033 241.48285129
v -79.59772125 4.86747033 249.02549540
v -79.59760565 4.86747033 249.12178047
v -79.56345484 4.86747033 238.67561182
v -78.84561587 4.86747033 238.67561182
v -82.07680740 0.87994090 251.26371950
v -82.07680512 1.38645341 251.26371950
v -82.11028609 1.38641941 251.26371950
v -82.11028359 0.87994090 251.26371950
v -82.07687665 1.11866833 237.26021489
v -82.07686571 0.91507141 237.26021489
v -82.11023086 0.91507141 237.26021489
v -82.11022058 1.11866833 237.26021489
v -82.11026641 1.37814973 237.26021489
v -82.11029637 1.58174658 237.26021489
v -82.07680204 1.58174658 237.26021489
v -82.07683127 1.37814973 237.26021489
v -82.07687159 0.45574134 251.26371950
v -82.07685367 0.53744515 251.26371950
v -82.11023718 0.53744515 251.26371950
v -82.11021926 0.45574134 251.26371950
v -82.11020589 0.45574134 250.54241664
v -82.11019620 0.45574134 249.11359628
v -82.11019120 0.45574134 238.62947715
v -82.11149756 4.86747033 244.18015077
v -82.11136096 4.86747033 244.27337897
v -82.07577820 4.86747033 244.27337897
v -82.07565475 4.86747033 244.18015077
v -82.11018929 0.45574134 249.01762524
v -82.11018445 0.45574134 247.01118522
v -82.11097334 4.86747033 246.93247973
v -82.11097981 4.86747033 247.02714265
v -81.91393054 4.86747033 243.78083072
v -82.11149756 4.86747033 244.18015077
v -82.07565475 4.86747033 244.18015077
v -81.87768351 4.86747033 243.78083072
v -81.91361379 4.86747033 241.88217130
v -81.85632330 5.00922940 241.95103034
v -81.82023630 5.00922940 241.95103034
v -81.87799703 4.86747033 241.88217130
v -81.80436972 5.00922940 243.60605846
v -81.85659032 5.00922940 243.71197157
v -81.80413464 5.00922940 242.05694359
v -81.76070132 5.12612508 242.10648517
v -81.72360966 5.12612508 242.10648517
v -81.76753965 5.00922940 242.05694359
v -81.21793601 5.12612508 243.40073400
v -81.76092546 5.12612508 243.55651689
v -81.71048402 4.86747033 245.08248393
v -81.71038634 4.89912490 245.08248393
v -81.67525796 4.89912490 245.08248393
v -81.67516792 4.86747033 245.08248393
v -81.66224579 4.89912490 245.17945552
v -81.66215458 4.94353990 245.17945552
v -81.62742153 4.94353990 245.17945552
v -81.62733509 4.89912490 245.17945552
v -81.77125177 4.86747033 247.58315466
v -81.77120183 4.93099716 247.58315466
v -81.73649962 4.93099716 247.58315466
v -81.73645086 4.86747033 247.58315466
v -81.71827605 4.93099716 247.68986650
v -81.71820312 4.99417882 247.68986650
v -81.68379034 4.99417882 247.68986650
v -81.68371866 4.93099716 247.68986650
v -81.68379512 4.93099716 248.36277184
v -81.68381524 4.99417882 248.36277184
v -81.71817771 4.99417882 248.36277184
v -81.71819791 4.93099716 248.36277184
v -81.73666648 4.86747033 248.46948369
v -81.73664738 4.93099716 248.46948369
v -81.77105120 4.93099716 248.46948369
v -81.77103189 4.86747033 248.46948369
v -82.11097981 4.86747033 247.02714265
v -81.77125177 4.86747033 247.58315466
v -81.62741903 4.89912490 246.02640316
v -81.62744877 4.94353990 246.02640316
v -81.66212432 4.94353990 246.02640316
v -81.66215238 4.89912490 246.02640316
v -81.66215458 4.94353990 245.17945552
v -81.66212432 4.94353990 246.02640316
v -81.71038634 4.89912490 245.08248393
v -81.66224579 4.89912490 245.17945552
v -81.67540499 4.86747033 246.12337475
v -81.67542071 4.89912490 246.12337475
v -81.71020693 4.89912490 246.12337475
v -81.71022176 4.86747033 246.12337475
v -81.67516792 4.86747033 245.08248393
v -82.07577820 4.86747033 244.27337897
v -82.11136096 4.86747033 244.27337897
v -81.71048402 4.86747033 245.08248393
v -81.76730611 5.00922940 243.60605846
v -81.72338640 5.12612508 243.55651689
v -81.76092546 5.12612508 243.55651689
v -81.80436972 5.00922940 243.60605846
v -81.87768351 4.86747033 243.78083072
v -81.81997132 5.00922940 243.71197157
v -81.85659032 5.00922940 243.71197157
v -81.91393054 4.86747033 243.78083072
v -82.31648868 2.23279598 251.26371950
v -82.31648691 1.86382228 251.26371950
v -82.11028888 1.93252226 251.26371950
v -82.11029138 2.43899446 251.26371950
v -82.11019620 0.45574134 249.11359628
v -82.11018929 0.45574134 249.01762524
v -81.71022176 4.86747033 246.12337475
v -82.11097334 4.86747033 246.93247973
v -82.11053006 4.86747033 249.12178047
v -79.56387389 0.87994090 251.26371950
v -79.56387124 1.38642037 251.26371950
v -79.59735904 1.38645400 251.26371950
v -79.59735669 0.87994090 251.26371950
v -79.56393822 1.11866833 237.26021489
v -79.56392779 0.91507141 237.26021489
v -79.59729720 0.91507141 237.26021489
v -79.59728589 1.11866833 237.26021489
v -79.59733157 1.37814980 237.26021489
v -79.59736124 1.58174658 237.26021489
v -79.56386184 1.58174658 237.26021489
v -79.56389225 1.37814980 237.26021489
v -79.56394072 0.45574134 251.26371950
v -79.56392250 0.53744515 251.26371950
v -79.59730822 0.53744515 251.26371950
v -79.59729030 0.45574134 251.26371950
v -79.79995166 4.86747033 241.88217130
v -79.85881040 5.00922940 241.95103034
v -79.82267104 5.00922940 241.95103034
v -79.76428812 4.86747033 241.88217130
v -79.97127733 4.86747033 245.08248393
v -79.56277022 4.86747033 244.27337889
v -79.59841217 4.86747033 244.27337889
v -80.00664718 4.86747033 245.08248393
v -79.87561320 5.00922940 243.60605824
v -79.91989086 5.12612508 243.55651682
v -79.95749866 5.12612508 243.55651682
v -79.91274871 5.00922940 243.60605824
v -79.76396036 4.86747033 243.78083054
v -79.82239461 5.00922940 243.71197142
v -79.85908478 5.00922940 243.71197142
v -79.80027620 4.86747033 243.78083054
v -79.91250701 5.00922940 242.05694359
v -79.95726762 5.12612508 242.10648517
v -79.92012293 5.12612508 242.10648517
v -79.87585658 5.00922940 242.05694359
v -80.00664718 4.86747033 245.08248393
v -80.00655568 4.89912490 245.08248393
v -79.97137655 4.89912490 245.08248393
v -79.97127733 4.86747033 245.08248393
v -79.90935165 4.86747033 247.58315466
v -80.02052852 4.89912490 246.02640316
v -80.02055797 4.94353990 246.02640316
v -80.05527413 4.94353990 246.02640316
v -80.05530520 4.89912490 246.02640316
v -79.97154304 4.86747033 246.12337475
v -79.97155846 4.89912490 246.12337475
v -80.00639058 4.89912490 246.12337475
v -80.00640703 4.86747033 246.12337475
v -80.05538995 4.89912490 245.17945552
v -80.05530152 4.94353990 245.17945552
v -80.02052727 4.94353990 245.17945552
v -80.02043415 4.89912490 245.17945552
v -79.94419905 4.86747033 247.58315466
v -79.94414903 4.93099716 247.58315466
v -79.90940276 4.93099716 247.58315466
v -79.90935165 4.86747033 247.58315466
v -79.90957821 4.86747033 248.46948369
v -79.90955809 4.93099716 248.46948369
v -79.94399650 4.93099716 248.46948369
v -79.94397667 4.86747033 248.46948369
v -79.99793348 4.93099716 247.68986650
v -79.99785960 4.99417882 247.68986650
v -79.96341208 4.99417882 247.68986650
v -79.96333710 4.93099716 247.68986650
v -79.96341737 4.93099716 248.36277184
v -79.96343815 4.99417882 248.36277184
v -79.99783412 4.99417882 248.36277184
v -79.99785483 4.93099716 248.36277184
v -79.96343815 4.99417882 248.36277184
v -79.96341208 4.99417882 247.68986650
v -79.96333710 4.93099716 247.68986650
v -79.90940276 4.93099716 247.58315466
v -80.02043415 4.89912490 245.17945552
v -79.97137655 4.89912490 245.08248393
v -80.44247710 5.12612508 243.40073371
v -79.95749866 5.12612508 243.55651682
v -79.91274871 5.00922940 243.60605824
v -79.85908478 5.00922940 243.71197142
v -79.82239461 5.00922940 243.71197142
v -79.87561320 5.00922940 243.60605824
v -79.59853702 4.86747033 244.18015057
v -79.56277022 4.86747033 244.27337889
v -79.56263230 4.86747033 244.18015057
v -79.80027620 4.86747033 243.78083054
v -79.76396036 4.86747033 243.78083054
v -79.56397421 0.45574134 241.35360088
v -79.56345484 4.86747033 238.67561182
v -83.11297894 2.33516074 250.99814901
v -83.11297894 1.86323065 250.99814901
v -82.84740786 1.93250639 251.26371950
v -82.84740786 2.43899446 251.26371950
v -79.56386845 1.93252035 251.26371950
v -79.56386581 2.43899446 251.26371950
v -79.59736433 2.43899446 251.26371950
v -79.59736183 1.93248627 251.26371950
v -82.31648309 1.08613923 251.26371950
v -82.64120939 1.08613923 251.26371950
v -82.84740786 0.87994090 251.26371950
v -82.11028359 0.87994090 251.26371950
v -82.64120939 2.23279598 251.26371950
v -82.31648868 2.23279598 251.26371950
v -82.11029138 2.43899446 251.26371950
v -82.84740786 2.43899446 251.26371950
v -79.05181434 1.08613923 251.26371950
v -79.35767438 1.08613923 251.26371950
v -79.56387389 0.87994090 251.26371950
v -78.84561587 0.87994090 251.26371950
v -79.35766851 2.23279598 251.26371950
v -79.56386581 2.43899446 251.26371950
v -79.56387110 1.41283049 251.26371950
v -79.56386860 1.90609943 251.26371950
v -79.59736168 1.90613350 251.26371950
v -79.59735933 1.41279685 251.26371950
v -79.35767042 1.86381920 251.26371950
v -79.35766851 2.23279598 251.26371950
v -79.56386581 2.43899446 251.26371950
v -79.56386845 1.93252035 251.26371950
v -82.31648677 1.83733174 251.26371950
v -82.31648500 1.48159546 251.26371950
v -82.11028638 1.41283145 251.26371950
v -82.11028873 1.90609752 251.26371950
v -82.31648471 1.45512085 251.26371950
v -82.31648309 1.08613923 251.26371950
v -82.11028359 0.87994090 251.26371950
v -82.11028609 1.38641941 251.26371950
v -82.64120939 1.48157695 251.26371950
v -82.64120939 1.83734070 251.26371950
v -82.84740786 1.90611353 251.26371950
v -82.84740786 1.41279869 251.26371950
v -82.64120939 1.86381332 251.26371950
v -82.84740786 1.93250639 251.26371950
v -78.58004479 1.39621115 250.99814901
v -78.58004479 1.85232578 250.99814901
v -78.84561587 1.90612454 251.26371950
v -78.84561587 1.41279311 251.26371950
v -78.58004479 1.87859188 250.99814901
v -78.58004479 2.34782260 250.99814901
v -78.84561587 2.43899446 251.26371950
v -78.84561587 1.93249538 251.26371950
v -79.35767438 1.08613923 251.26371950
v -79.35767262 1.45512247 251.26371950
v -79.56387124 1.38642037 251.26371950
v -79.56387389 0.87994090 251.26371950
v -79.35767233 1.48159384 251.26371950
v -79.35767056 1.83733483 251.26371950
v -79.56386860 1.90609943 251.26371950
v -79.56387110 1.41283049 251.26371950
v -82.07680490 1.41279744 251.26371950
v -82.07680270 1.90613248 251.26371950
v -82.11028873 1.90609752 251.26371950
v -82.11028638 1.41283145 251.26371950
v -82.07680248 1.93248730 251.26371950
v -82.07680020 2.43899446 251.26371950
v -82.11029138 2.43899446 251.26371950
v -82.11028888 1.93252226 251.26371950
v -80.31561445 1.41278084 251.26371950
v -80.31561427 1.90614981 251.26371950
v -81.33968353 1.90614951 251.26371950
v -81.33968335 1.41278099 251.26371950
v -80.31561427 1.93246997 251.26371950
v -79.59736183 1.93248627 251.26371950
v -79.59736433 2.43899446 251.26371950
v -80.31561416 2.43899446 251.26371950
v -79.83709679 1.27856175 237.26021489
v -79.83709694 1.21824838 237.26021489
v -80.31560861 1.15037733 237.26021489
v -80.31560810 1.34643324 237.26021489
v -79.83709694 1.19207583 237.26021489
v -79.83709701 1.11866833 237.26021489
v -80.31560924 0.91507141 237.26021489
v -80.31560872 1.12421558 237.26021489
v -81.33968929 1.15037718 237.26021489
v -81.33968981 1.34643354 237.26021489
v -80.31560810 1.34643324 237.26021489
v -80.31560861 1.15037733 237.26021489
v -81.82859183 1.30474979 237.26021489
v -81.82859205 1.37814973 237.26021489
v -81.33969047 1.58174658 237.26021489
v -81.33968996 1.37260960 237.26021489
v -79.32412725 1.21826167 237.26021489
v -79.32412725 1.27848552 237.26021489
v -78.84561587 1.34632874 237.26021489
v -78.84561587 1.15039561 237.26021489
v -79.32412725 1.30482639 237.26021489
v -78.84561587 1.37271448 237.26021489
v -82.84740786 1.34632954 237.26021489
v -82.84740786 1.15039466 237.26021489
v -83.11297894 1.20527946 237.52578538
v -83.11297894 1.39314413 237.52578538
v -82.35850569 1.19206335 237.26021489
v -82.84740786 1.12419825 237.26021489
v -83.11297894 1.39114780 248.92821859
v -83.11297894 1.38248389 250.30374826
v -83.11297894 1.84071969 250.30280939
v -83.11297894 1.84814334 248.92542169
v -83.11297894 1.87427550 248.92526218
v -83.11297894 1.86691736 250.30275652
v -83.11297894 2.33823407 250.30179122
v -83.11297894 2.34432214 248.92238508
v -78.58004479 1.39621115 250.99814901
v -78.58004508 1.39963031 250.30374767
v -78.58004508 1.85530775 250.30280998
v -78.58004479 1.85232578 250.99814901
v -78.58004479 1.87859188 250.99814901
v -78.58004508 1.88148969 250.30275593
v -78.58004508 2.35024437 250.30179122
v -78.58004479 2.34782260 250.99814901
v -80.31561464 0.87994090 251.26371950
v -79.59735669 0.87994090 251.26371950
v -79.59735904 1.38645400 251.26371950
v -80.31561445 1.38647001 251.26371950
v -80.31561445 1.41278084 251.26371950
v -79.59735933 1.41279685 251.26371950
v -79.59736168 1.90613350 251.26371950
v -80.31561427 1.90614981 251.26371950
v -81.82859161 1.11866833 237.26021489
v -81.82859169 1.19207620 237.26021489
v -81.33968918 1.12421572 237.26021489
v -81.33968863 0.91507141 237.26021489
v -81.82859169 1.21824801 237.26021489
v -81.82859183 1.27856197 237.26021489
v -81.33968981 1.34643354 237.26021489
v -81.33968929 1.15037718 237.26021489
v -83.11297894 1.88511838 246.89696659
v -83.11297894 1.87476593 248.82955641
v -83.11297894 2.34474574 248.82666961
v -83.11297894 2.35328701 246.89133871
v -78.58004508 1.88766559 248.82955582
v -78.58004508 2.35537521 248.82666932
v -78.58004508 2.35504150 248.92238508
v -78.58004508 1.88728267 248.92526130
v -83.11297894 1.35189287 250.99814901
v -83.11297894 0.87994086 250.99814901
v -82.84740786 0.87994090 251.26371950
v -82.84740786 1.38645209 251.26371950
v -83.11297894 0.88498728 250.30476643
v -83.11297894 0.87994086 250.99814901
v -83.11297894 1.35189287 250.99814901
v -83.11297894 1.35632177 250.30380113
v -78.58004508 1.89620906 246.80278838
v -78.58004508 1.90707883 244.23048979
v -78.58004508 2.37139198 244.22123885
v -78.58004508 2.36243386 246.79714404
v -78.58004508 1.91890729 241.43532742
v -78.58004508 2.38112709 241.42240984
v -78.58004508 2.38080219 241.51557722
v -78.58004508 1.91850498 241.52851125
v -79.05181434 1.45514340 251.26371950
v -78.84561587 1.38645775 251.26371950
v -79.05181434 1.83734878 251.26371950
v -79.05181434 1.48157276 251.26371950
v -78.84561587 1.41279311 251.26371950
v -78.84561587 1.90612454 251.26371950
v -83.11297894 1.45547131 238.71071986
v -83.11297894 1.45494577 238.82562295
v -83.11297894 1.90246280 238.80953539
v -83.11297894 1.90263333 238.69605587
v -83.11297894 1.92872950 238.69520043
v -83.11297894 1.92852284 238.80859888
v -83.11297894 2.38903677 238.79204424
v -83.11297894 2.38889591 238.68010990
v -78.58004508 1.17908092 237.52578538
v -78.58004508 0.97799247 237.52578538
v -78.84561587 0.91507141 237.26021489
v -78.84561587 1.12419744 237.26021489
v -78.58004508 0.97110563 238.72666406
v -78.58004508 0.97799247 237.52578538
v -78.58004508 1.17908092 237.52578538
v -78.58004508 1.43107419 238.71157353
v -78.58004508 1.93002543 238.80859888
v -78.58004508 1.93009946 238.69519985
v -78.58004508 2.39002439 238.68010990
v -78.58004508 2.39027497 238.79204424
v -83.11297894 1.20527946 237.52578538
v -83.11297894 1.45547131 238.71071986
v -83.11297894 1.90263333 238.69605587
v -83.11297894 1.39314413 237.52578538
v -83.11297894 1.41959296 237.52578538
v -83.11297894 1.92872950 238.69520043
v -83.11297894 2.38889591 238.68010990
v -83.11297894 1.62055667 237.52578538
v -78.58004508 1.88766559 248.82955582
v -78.58004508 1.89582027 246.89696542
v -78.58004508 2.36210544 246.89133871
v -78.58004508 2.35537521 248.82666932
v -83.11297894 1.89940915 244.23049105
v -83.11297894 2.36507258 244.22123917
v -83.11297894 2.36548428 244.12824048
v -83.11297894 1.89990752 244.13750367
v -78.58004508 0.97043783 238.84311352
v -78.58004508 0.97110563 238.72666406
v -78.58004508 1.43107419 238.71157353
v -78.58004508 1.43072057 238.82655770
v -78.58004508 1.45671341 238.82562295
v -78.58004508 1.45708289 238.71071927
v -78.58004508 1.90400329 238.69605645
v -78.58004508 1.90396642 238.80953598
v -83.11297894 1.91390835 241.52851271
v -83.11297894 1.89990752 244.13750367
v -83.11297894 2.36548428 244.12824048
v -83.11297894 2.37701472 241.51557780
v -78.58004508 1.90747159 244.13750305
v -78.58004508 2.37171629 244.12824053
v -78.58004508 2.37139198 244.22123885
v -78.58004508 1.90707883 244.23048979
v -78.58004508 1.90747159 244.13750305
v -78.58004508 1.91850498 241.52851125
v -78.58004508 2.38080219 241.51557722
v -78.58004508 2.37171629 244.12824053
v -83.11297894 1.91390835 241.52851271
v -83.11297894 1.91441685 241.43532771
v -83.11297894 1.89940915 244.23049105
v -83.11297894 1.88561367 246.80278838
v -83.11297894 2.35370400 246.79714346
v -83.11297894 2.36507258 244.22123917
v -78.58004508 1.89620906 246.80278838
v -78.58004508 2.36243386 246.79714404
v -78.58004508 2.36210544 246.89133871
v -78.58004508 1.89582027 246.89696542
v -78.58004508 1.88148969 250.30275593
v -78.58004508 1.88728267 248.92526130
v -78.58004508 2.35504150 248.92238508
v -78.58004508 2.35024437 250.30179122
v -83.11297894 1.88511838 246.89696659
v -83.11297894 1.88561367 246.80278838
v -83.11297894 0.97799239 237.52578538
v -83.11297894 0.96925243 238.72666406
v -83.11297894 1.42946239 238.71157294
v -83.11297894 1.17908151 237.52578538
v -83.11297894 1.87427550 248.92526218
v -83.11297894 1.87476593 248.82955641
v -78.58004508 0.93996502 244.15680659
v -78.58004508 0.95488305 241.55547122
v -78.58004508 1.41720005 241.54253660
v -78.58004508 1.40422548 244.14754373
v -78.58004508 1.43020531 244.14702539
v -78.58004508 1.44317893 241.54180983
v -78.58004508 1.89248651 241.52923919
v -78.58004508 1.88146002 244.13802204
v -78.58004508 0.92472346 246.81454971
v -78.58004508 0.93943188 244.24976913
v -78.58004508 1.40375796 244.24051792
v -78.58004508 1.39095972 246.80890508
v -78.58004508 1.41696078 246.80859017
v -78.58004508 1.42974572 244.24000014
v -78.58004508 1.88106492 244.23100809
v -78.58004508 1.87018501 246.80310329
v -83.11297894 0.94866448 241.55547210
v -83.11297894 0.92973202 244.15680643
v -83.11297894 1.39532524 244.14754292
v -83.11297894 1.41179109 241.54253689
v -83.11297894 1.43777151 241.54181130
v -83.11297894 1.42130698 244.14702598
v -83.11297894 1.87389287 244.13802126
v -83.11297894 1.88788753 241.52923948
v -83.11297894 0.92905545 244.24977020
v -83.11297894 0.91038903 246.81454942
v -83.11297894 1.37849203 246.80890420
v -83.11297894 1.39473272 244.24051805
v -83.11297894 1.42072291 244.24000167
v -83.11297894 1.40449589 246.80859076
v -83.11297894 1.85958433 246.80310241
v -83.11297894 1.87339113 244.23100797
v -78.58004508 1.39963031 250.30374767
v -78.58004508 1.40645175 248.92821771
v -78.58004508 1.86116242 248.92542169
v -78.58004508 1.85530775 250.30280998
v -82.07680740 0.87994090 251.26371950
v -81.33968324 0.87994090 251.26371950
v -81.33968335 1.38646979 251.26371950
v -82.07680512 1.38645341 251.26371950
v -83.11297894 1.86691736 250.30275652
v -83.11297894 1.86323065 250.99814901
v -83.11297894 2.33516074 250.99814901
v -83.11297894 2.33823407 250.30179122
v -83.11297894 1.38248389 250.30374826
v -83.11297894 1.37813533 250.99814901
v -83.11297894 1.83694412 250.99814901
v -83.11297894 1.84071969 250.30280939
v -82.35850569 1.30482558 237.26021489
v -82.84740786 1.37271345 237.26021489
v -82.35850569 1.27848625 237.26021489
v -82.35850569 1.21826086 237.26021489
v -82.84740786 1.15039466 237.26021489
v -82.84740786 1.34632954 237.26021489
v -78.58004508 1.93009946 238.69519985
v -78.58004508 1.41959398 237.52578538
v -78.58004508 1.62055689 237.52578538
v -78.58004508 2.39002439 238.68010990
v -78.58004508 1.45708289 238.71071927
v -78.58004508 1.20528027 237.52578538
v -78.58004508 1.39314354 237.52578538
v -78.58004508 1.90400329 238.69605645
v -79.35767233 1.48159384 251.26371950
v -79.56387110 1.41283049 251.26371950
v -79.56387124 1.38642037 251.26371950
v -79.35767262 1.45512247 251.26371950
v -79.35767042 1.86381920 251.26371950
v -79.56386845 1.93252035 251.26371950
v -79.56386860 1.90609943 251.26371950
v -79.35767056 1.83733483 251.26371950
v -82.31648677 1.83733174 251.26371950
v -82.11028873 1.90609752 251.26371950
v -82.11028888 1.93252226 251.26371950
v -82.31648691 1.86382228 251.26371950
v -82.31648471 1.45512085 251.26371950
v -82.11028609 1.38641941 251.26371950
v -82.11028638 1.41283145 251.26371950
v -82.31648500 1.48159546 251.26371950
v -79.59735904 1.38645400 251.26371950
v -79.56387124 1.38642037 251.26371950
v -79.56386845 1.93252035 251.26371950
v -79.59736183 1.93248627 251.26371950
v -79.59736168 1.90613350 251.26371950
v -82.07680490 1.41279744 251.26371950
v -82.07680512 1.38645341 251.26371950
v -82.07680270 1.90613248 251.26371950
v -79.59735933 1.41279685 251.26371950
v -80.31561445 1.41278084 251.26371950
v -80.31561445 1.38647001 251.26371950
v -79.59735904 1.38645400 251.26371950
v -79.83709679 1.27856175 237.26021489
v -80.31560810 1.34643324 237.26021489
v -80.31560795 1.37260975 237.26021489
v -79.83709679 1.30475008 237.26021489
v -79.83709694 1.19207583 237.26021489
v -80.31560872 1.12421558 237.26021489
v -80.31560861 1.15037733 237.26021489
v -79.83709694 1.21824838 237.26021489
v -81.82859169 1.21824801 237.26021489
v -81.33968929 1.15037718 237.26021489
v -81.33968918 1.12421572 237.26021489
v -81.82859169 1.19207620 237.26021489
v -81.82859183 1.30474979 237.26021489
v -81.33968996 1.37260960 237.26021489
v -81.33968981 1.34643354 237.26021489
v -81.82859183 1.27856197 237.26021489
v -83.11297894 1.86691736 250.30275652
v -83.11297894 1.87427550 248.92526218
v -83.11297894 1.84814334 248.92542169
v -83.11297894 1.84071969 250.30280939
v -78.58004508 1.39963031 250.30374767
v -78.58004479 1.39621115 250.99814901
v -78.58004479 1.36997926 250.99814901
v -78.58004508 1.37347627 250.30380172
v -78.58004508 1.88148969 250.30275593
v -78.58004479 1.87859188 250.99814901
v -78.58004479 1.85232578 250.99814901
v -78.58004508 1.85530775 250.30280998
v -81.33968335 1.41278099 251.26371950
v -81.33968335 1.38646979 251.26371950
v -81.33968353 1.93247026 251.26371950
v -81.33968353 1.90614951 251.26371950
v -81.33968929 1.15037718 237.26021489
v -80.31560861 1.15037733 237.26021489
v -80.31560872 1.12421558 237.26021489
v -81.33968918 1.12421572 237.26021489
v -81.33968996 1.37260960 237.26021489
v -80.31560810 1.34643324 237.26021489
v -81.33968981 1.34643354 237.26021489
v -78.58004508 1.40645175 248.92821771
v -78.58004508 1.39963031 250.30374767
v -78.58004508 1.37347627 250.30380172
v -78.58004508 1.38035536 248.92837840
v -78.58004508 1.88728267 248.92526130
v -78.58004508 1.88148969 250.30275593
v -78.58004508 1.85530775 250.30280998
v -78.58004508 1.86116242 248.92542169
v -83.11297894 1.37813533 250.99814901
v -83.11297894 1.38248389 250.30374826
v -83.11297894 1.35632177 250.30380113
v -83.11297894 1.35189287 250.99814901
v -83.11297894 1.86323065 250.99814901
v -83.11297894 1.86691736 250.30275652
v -83.11297894 1.84071969 250.30280939
v -83.11297894 1.83694412 250.99814901
v -78.58004508 1.44317893 241.54180983
v -78.58004508 1.43020531 244.14702539
v -78.58004508 1.40422548 244.14754373
v -78.58004508 1.41720005 241.54253660
v -78.58004508 1.91850498 241.52851125
v -78.58004508 1.90747159 244.13750305
v -78.58004508 1.88146002 244.13802204
v -78.58004508 1.89248651 241.52923919
v -78.58004479 1.39621115 250.99814901
v -78.84561587 1.41279311 251.26371950
v -78.84561587 1.38645775 251.26371950
v -78.58004479 1.36997926 250.99814901
v -78.84561587 1.90612454 251.26371950
v -78.58004479 1.85232578 250.99814901
v -83.11297894 1.45494577 238.82562295
v -83.11297894 1.45547131 238.71071986
v -83.11297894 1.42946239 238.71157294
v -83.11297894 1.42895198 238.82655770
v -83.11297894 1.92852284 238.80859888
v -83.11297894 1.92872950 238.69520043
v -83.11297894 1.90263333 238.69605587
v -83.11297894 1.90246280 238.80953539
v -78.58004508 1.43107419 238.71157353
v -78.58004508 1.17908092 237.52578538
v -78.58004508 1.41959398 237.52578538
v -78.58004508 1.93009946 238.69519985
v -78.58004508 1.90400329 238.69605645
v -78.58004508 1.39314354 237.52578538
v -78.58004508 1.45708289 238.71071927
v -78.58004508 1.45671341 238.82562295
v -78.58004508 1.43072057 238.82655770
v -78.58004508 1.43107419 238.71157353
v -78.58004508 1.93009946 238.69519985
v -78.58004508 1.93002543 238.80859888
v -78.58004508 1.90396642 238.80953598
v -78.58004508 1.90400329 238.69605645
v -83.11297894 1.42130698 244.14702598
v -83.11297894 1.43777151 241.54181130
v -83.11297894 1.41179109 241.54253689
v -83.11297894 1.39532524 244.14754292
v -83.11297894 1.89990752 244.13750367
v -83.11297894 1.91390835 241.52851271
v -83.11297894 1.88788753 241.52923948
v -83.11297894 1.87389287 244.13802126
v -78.58004508 1.45671341 238.82562295
v -78.58004508 1.45052980 240.06676872
v -78.58004508 1.42478585 240.01860503
v -78.58004508 1.43072057 238.82655770
v -78.58004508 1.93002543 238.80859888
v -78.58004508 1.91890729 241.43532742
v -78.58004508 1.89287399 241.43605506
v -78.58004508 1.90396642 238.80953598
v -78.58004508 1.41696078 246.80859017
v -78.58004508 1.39095972 246.80890508
v -78.58004508 1.87018501 246.80310329
v -83.11297894 1.91441685 241.43532771
v -83.11297894 1.92852284 238.80859888
v -83.11297894 1.90246280 238.80953539
v -83.11297894 1.88838193 241.43605389
v -78.58004508 1.41650229 246.90275017
v -78.58004508 1.41141742 247.92542954
v -78.58004508 1.38553688 247.89389393
v -78.58004508 1.39047942 246.90306391
v -78.58004508 1.88766559 248.82955582
v -78.58004508 1.86159028 248.82971651
v -78.58004508 1.86977580 246.89728004
v -83.11297894 1.40449589 246.80859076
v -83.11297894 1.42072291 244.24000167
v -83.11297894 1.39473272 244.24051805
v -83.11297894 1.37849203 246.80890420
v -83.11297894 1.89940915 244.23049105
v -83.11297894 1.87339113 244.23100797
v -83.11297894 1.87476593 248.82955641
v -83.11297894 1.88511838 246.89696659
v -83.11297894 1.85906702 246.89727974
v -83.11297894 1.84868181 248.82971709
v -83.11297894 1.43777151 241.54181130
v -83.11297894 1.43836278 241.44860955
v -83.11297894 1.41237935 241.44933426
v -83.11297894 1.41179109 241.54253689
v -83.11297894 1.91390835 241.52851271
v -83.11297894 1.91441685 241.43532771
v -83.11297894 1.88838193 241.43605389
v -83.11297894 1.88788753 241.52923948
v -78.58004508 1.44364535 241.44860955
v -78.58004508 1.44317893 241.54180983
v -78.58004508 1.41720005 241.54253660
v -78.58004508 1.41766302 241.44933544
v -78.58004508 1.91890729 241.43532742
v -78.58004508 1.91850498 241.52851125
v -78.58004508 1.89248651 241.52923919
v -78.58004508 1.89287399 241.43605506
v -78.58004508 1.43020531 244.14702539
v -78.58004508 1.42974572 244.24000014
v -78.58004508 1.40375796 244.24051792
v -78.58004508 1.40422548 244.14754373
v -78.58004508 1.90747159 244.13750305
v -78.58004508 1.90707883 244.23048979
v -78.58004508 1.88106492 244.23100809
v -78.58004508 1.88146002 244.13802204
v -83.11297894 1.42072291 244.24000167
v -83.11297894 1.42130698 244.14702598
v -83.11297894 1.39532524 244.14754292
v -83.11297894 1.39473272 244.24051805
v -83.11297894 1.89940915 244.23049105
v -83.11297894 1.89990752 244.13750367
v -83.11297894 1.87389287 244.13802126
v -83.11297894 1.87339113 244.23100797
v -78.58004508 1.41696078 246.80859017
v -78.58004508 1.41650229 246.90275017
v -78.58004508 1.39047942 246.90306391
v -78.58004508 1.39095972 246.80890508
v -78.58004508 1.89620906 246.80278838
v -78.58004508 1.89582027 246.89696542
v -78.58004508 1.86977580 246.89728004
v -78.58004508 1.87018501 246.80310329
v -83.11297894 1.40391159 246.90275105
v -83.11297894 1.40449589 246.80859076
v -83.11297894 1.37849203 246.80890420
v -83.11297894 1.37788490 246.90306391
v -83.11297894 1.88511838 246.89696659
v -83.11297894 1.88561367 246.80278838
v -83.11297894 1.85958433 246.80310241
v -83.11297894 1.85906702 246.89727974
v -78.58004508 1.88766559 248.82955582
v -78.58004508 1.88728267 248.92526130
v -78.58004508 1.86116242 248.92542169
v -78.58004508 1.86159028 248.82971651
v -83.11297894 1.87427550 248.92526218
v -83.11297894 1.87476593 248.82955641
v -83.11297894 1.84868181 248.82971709
v -83.11297894 1.84814334 248.92542169
v -81.33968335 1.41278099 251.26371950
v -82.07680490 1.41279744 251.26371950
v -82.07680512 1.38645341 251.26371950
v -81.33968335 1.38646979 251.26371950
v -81.33968353 1.90614951 251.26371950
v -83.11297894 1.83694412 250.99814901
v -82.84740786 1.90611353 251.26371950
v -82.84740786 1.93250639 251.26371950
v -83.11297894 1.86323065 250.99814901
v -82.84740786 1.41279869 251.26371950
v -83.11297894 1.37813533 250.99814901
v -82.84740786 1.34632954 237.26021489
v -83.11297894 1.39314413 237.52578538
v -83.11297894 1.41959296 237.52578538
v -82.84740786 1.37271345 237.26021489
v -82.84740786 1.12419825 237.26021489
v -83.11297894 1.17908151 237.52578538
v -83.11297894 1.20527946 237.52578538
v -82.84740786 1.15039466 237.26021489
v -78.58004508 1.39314354 237.52578538
v -78.84561587 1.34632874 237.26021489
v -78.84561587 1.37271448 237.26021489
v -78.58004508 1.41959398 237.52578538
v -78.58004508 1.17908092 237.52578538
v -78.84561587 1.12419744 237.26021489
v -78.84561587 1.15039561 237.26021489
v -78.58004508 1.20528027 237.52578538
v -82.84740786 1.58174658 237.26021489
v -82.84740786 1.37271345 237.26021489
v -83.11297894 1.41959296 237.52578538
v -83.11297894 1.62055667 237.52578538
v -83.11297894 0.89486648 249.21894595
v -82.60360056 0.89486648 249.21894595
v -82.60360056 1.05090575 249.17161184
v -83.11297894 1.05090571 249.17161155
v -78.58004508 1.50107090 248.08481724
v -79.08942317 1.50107090 248.08481724
v -79.08942317 1.54840485 248.24085666
v -78.58004508 1.54840485 248.24085666
v -83.11297894 1.50107082 248.08481754
v -82.60360056 1.50107082 248.08481754
v -82.60360056 1.42420450 247.94101095
v -83.11297894 1.42420450 247.94101095
v -83.11297894 0.89288844 249.21914100
v -83.11297894 0.75434009 249.23278682
v -83.11297894 0.75283730 250.30479111
v -83.11297894 0.88498728 250.30476643
v -78.73104178 0.57031550 249.21894595
v -79.08942317 0.57031553 249.21894595
v -79.08942317 0.45574134 249.18419013
v -78.84561587 0.45574134 249.18419013
v -78.58004508 1.05090593 247.63465224
v -79.08942317 1.05090593 247.63465224
v -79.08942317 1.19471234 247.71151820
v -78.58004508 1.19471227 247.71151820
v -83.11297894 1.37172083 247.87705934
v -83.11297894 1.39756304 247.90854823
v -83.11297894 1.40391159 246.90275105
v -83.11297894 1.37788490 246.90306391
v -83.11297894 1.54840485 248.56540772
v -82.60360056 1.54840478 248.56540772
v -82.60360056 1.56438754 248.40313263
v -83.11297894 1.56438754 248.40313204
v -78.58004508 1.19471227 247.71151820
v -79.08942317 1.19471234 247.71151820
v -79.08942317 1.32075994 247.81496312
v -78.58004508 1.32075994 247.81496312
v -83.11297894 1.50107082 248.72144714
v -82.60360056 1.50107082 248.72144714
v -82.60360056 1.54840478 248.56540772
v -83.11297894 1.54840485 248.56540772
v -83.11297894 1.05090571 249.17161155
v -82.60360056 1.05090575 249.17161184
v -82.60360056 1.19471242 249.09474589
v -83.11297894 1.19471242 249.09474589
v -82.60360056 0.45574134 249.18419042
v -82.60360056 0.57031551 249.21894595
v -82.96198194 0.57031550 249.21894595
v -82.84740786 0.45574134 249.18419101
v -83.11297894 1.56438754 248.40313204
v -82.60360056 1.56438754 248.40313263
v -82.60360056 1.54840485 248.24085666
v -83.11297894 1.54840485 248.24085666
v -78.58004508 1.42420450 247.94101065
v -79.08942317 1.42420450 247.94101065
v -79.08942317 1.50107090 248.08481724
v -78.58004508 1.50107090 248.08481724
v -78.58004508 1.54840485 248.56540743
v -79.08942317 1.54840485 248.56540743
v -79.08942317 1.50107082 248.72144714
v -78.58004508 1.50107082 248.72144655
v -83.11297894 1.32075994 247.81496312
v -82.60360056 1.32075994 247.81496312
v -82.60360056 1.19471220 247.71151850
v -83.11297894 1.19471220 247.71151850
v -78.58004508 1.38040626 248.91862228
v -78.58004508 1.40664967 248.88664428
v -78.58004508 1.40645175 248.92821771
v -78.58004508 1.38035536 248.92837840
v -79.08942332 0.45574134 247.62207366
v -79.08942332 0.57031548 247.58731814
v -78.73104149 0.57031546 247.58731814
v -78.84561587 0.45574134 247.62207396
v -83.11297894 1.19471220 247.71151850
v -82.60360056 1.19471220 247.71151850
v -82.60360012 1.05090593 247.63465254
v -83.11297894 1.05090593 247.63465254
v -78.58004508 1.54840485 248.24085666
v -79.08942317 1.54840485 248.24085666
v -79.08942317 1.56438754 248.40313204
v -78.58004508 1.56438754 248.40313204
v -78.58004508 1.19471249 249.09474559
v -79.08942317 1.19471249 249.09474559
v -79.08942317 1.05090582 249.17161184
v -78.58004508 1.05090582 249.17161243
v -82.60360056 0.45574134 249.11359628
v -82.60360056 0.45574134 249.01762524
v -78.58004508 1.56438754 248.40313204
v -79.08942317 1.56438754 248.40313204
v -79.08942317 1.54840485 248.56540743
v -78.58004508 1.54840485 248.56540743
v -83.11297894 1.54840485 248.24085666
v -82.60360056 1.54840485 248.24085666
v -82.60360056 1.50107082 248.08481754
v -83.11297894 1.50107082 248.08481754
v -83.11297894 1.19471242 249.09474589
v -82.60360056 1.19471242 249.09474589
v -82.60360056 1.32075994 248.99130155
v -83.11297894 1.32075994 248.99130155
v -78.58004508 1.32076002 248.99130155
v -79.08942317 1.32076002 248.99130096
v -79.08942317 1.19471249 249.09474559
v -78.58004508 1.19471249 249.09474559
v -82.96198194 0.57031544 247.58731843
v -82.60360012 0.57031546 247.58731843
v -82.60360012 0.45574134 247.62207396
v -82.84740786 0.45574134 247.62207396
v -78.58004508 1.54840485 240.64191489
v -79.08942258 1.54840500 240.64191489
v -79.08942258 1.50107090 240.79795460
v -78.58004508 1.50107090 240.79795460
v -78.58004523 1.32076002 239.89147059
v -79.08942244 1.32076002 239.89147059
v -79.08942244 1.42420465 240.01751753
v -78.58004523 1.42420465 240.01751753
v -79.08942244 0.45574133 239.69858113
v -79.08942244 0.57031553 239.66382531
v -78.73104178 0.57031550 239.66382531
v -78.84561587 0.45574134 239.69858142
v -78.58004508 1.19471234 241.17125306
v -79.08942258 1.19471234 241.17125306
v -79.08942258 1.05090593 241.24811931
v -78.58004508 1.05090593 241.24811931
v -83.11297865 1.56438754 240.47963892
v -82.60359968 1.56438769 240.47963892
v -82.60359968 1.54840485 240.31736324
v -83.11297865 1.54840485 240.31736324
v -78.58004508 1.32076002 241.06780843
v -79.08942258 1.32076002 241.06780843
v -79.08942258 1.19471234 241.17125306
v -78.58004508 1.19471234 241.17125306
v -83.11297865 1.54840485 240.31736324
v -82.60359968 1.54840485 240.31736324
v -82.60359968 1.50107082 240.16132441
v -83.11297865 1.50107082 240.16132441
v -83.11297865 1.19471242 239.78802537
v -82.60359968 1.19471249 239.78802508
v -82.60359968 1.05090582 239.71115971
v -83.11297865 1.05090575 239.71115971
v -82.96198194 0.57031548 239.66382590
v -82.60359968 0.57031550 239.66382531
v -82.60359968 0.45574133 239.69858113
v -82.84740786 0.45574134 239.69858113
v -83.11297865 1.54840485 240.64191431
v -82.60359968 1.54840485 240.64191431
v -82.60359968 1.56438769 240.47963892
v -83.11297865 1.56438754 240.47963892
v -78.58004508 1.50107082 240.16132441
v -79.08942258 1.50107090 240.16132441
v -79.08942258 1.54840485 240.31736383
v -78.58004508 1.54840485 240.31736383
v -83.11297865 1.19471234 241.17125306
v -82.60359968 1.19471234 241.17125306
v -82.60359968 1.32075994 241.06780843
v -83.11297865 1.32075994 241.06780843
v -78.73104178 0.57031546 241.29545341
v -79.08942258 0.57031548 241.29545341
v -79.08942258 0.45574134 241.26069789
v -78.84561587 0.45574134 241.26069759
v -83.11297894 1.05090593 241.24811872
v -82.60359953 1.05090593 241.24811872
v -82.60359968 1.19471234 241.17125306
v -83.11297865 1.19471234 241.17125306
v -78.58004508 1.56438754 240.47963951
v -79.08942258 1.56438769 240.47963951
v -79.08942258 1.54840500 240.64191489
v -78.58004508 1.54840485 240.64191489
v -78.58004523 1.05090582 239.71116000
v -79.08942244 1.05090582 239.71115971
v -79.08942244 1.19471249 239.78802596
v -78.58004523 1.19471249 239.78802596
v -78.58004508 1.54840485 240.31736383
v -79.08942258 1.54840485 240.31736383
v -79.08942258 1.56438769 240.47963951
v -78.58004508 1.56438754 240.47963951
v -83.11297865 1.50107090 240.79795372
v -82.60359968 1.50107090 240.79795372
v -82.60359968 1.54840485 240.64191431
v -83.11297865 1.54840485 240.64191431
v -83.11297865 1.32076002 239.89147000
v -82.60359968 1.32076002 239.89147000
v -82.60359968 1.19471249 239.78802508
v -83.11297865 1.19471242 239.78802537
v -78.58004523 1.19471249 239.78802596
v -79.08942244 1.19471249 239.78802596
v -79.08942244 1.32076002 239.89147059
v -78.58004523 1.32076002 239.89147059
v -82.60359938 0.45574133 241.26069701
v -82.60359953 0.57031546 241.29545282
v -82.96198194 0.57031544 241.29545282
v -82.84740786 0.45574134 241.26069701
v -79.08942258 1.54840485 240.31736383
v -79.08942258 1.50107090 240.16132441
v -79.08942244 1.42420465 240.01751753
v -79.08942244 1.32076002 239.89147059
v -79.08942244 1.19471249 239.78802596
v -79.08942244 1.05090582 239.71115971
v -79.08942244 0.89486648 239.66382531
v -79.08942244 0.73259097 239.64784292
v -79.08942244 0.57031553 239.66382531
v -79.08942244 0.45574133 239.69858113
v -79.08942258 0.45574134 241.26069789
v -79.08942258 0.57031548 241.29545341
v -79.08942258 0.73259101 241.31143610
v -79.08942258 0.89486656 241.29545341
v -79.08942258 1.05090593 241.24811931
v -79.08942258 1.19471234 241.17125306
v -79.08942258 1.32076002 241.06780843
v -79.08942258 1.42420465 240.94176119
v -79.08942258 1.50107090 240.79795460
v -79.08942258 1.54840500 240.64191489
v -79.08942258 1.56438769 240.47963951
v -82.60359968 1.54840485 240.31736324
v -82.60359968 1.56438769 240.47963892
v -82.60359968 1.54840485 240.64191431
v -82.60359968 1.50107090 240.79795372
v -82.60359968 1.42420450 240.94176061
v -82.60359968 1.32075994 241.06780843
v -82.60359968 1.19471234 241.17125306
v -82.60359953 1.05090593 241.24811872
v -82.60359953 0.89486652 241.29545282
v -82.60359953 0.73259101 241.31143610
v -82.60359953 0.57031546 241.29545282
v -82.60359938 0.45574133 241.26069701
v -82.60359968 0.45574133 239.69858113
v -82.60359968 0.57031550 239.66382531
v -82.60359968 0.73259095 239.64784203
v -82.60359968 0.89486648 239.66382531
v -82.60359968 1.05090582 239.71115971
v -82.60359968 1.19471249 239.78802508
v -82.60359968 1.32076002 239.89147000
v -82.60359968 1.42420450 240.01751753
v -82.60359968 1.50107082 240.16132441
v -79.08942317 1.54840485 248.56540743
v -79.08942317 1.56438754 248.40313204
v -79.08942317 1.54840485 248.24085666
v -79.08942317 1.50107090 248.08481724
v -79.08942317 1.42420450 247.94101065
v -79.08942317 1.32075994 247.81496312
v -79.08942317 1.19471234 247.71151820
v -79.08942317 1.05090593 247.63465224
v -79.08942317 0.89486656 247.58731814
v -79.08942332 0.73259101 247.57133545
v -79.08942332 0.57031548 247.58731814
v -79.08942332 0.45574134 247.62207366
v -79.08942317 0.45574134 249.01762524
v -79.08942317 0.45574134 249.11359686
v -79.08942317 0.45574134 249.18419013
v -79.08942317 0.57031553 249.21894595
v -79.08942317 0.73259097 249.23492834
v -79.08942317 0.89486648 249.21894595
v -79.08942317 1.05090582 249.17161184
v -79.08942317 1.19471249 249.09474559
v -79.08942317 1.32076002 248.99130096
v -79.08942317 1.42420450 248.86525344
v -79.08942317 1.50107082 248.72144714
v -82.60360056 1.54840478 248.56540772
v -82.60360056 1.50107082 248.72144714
v -82.60360056 1.42420450 248.86525402
v -82.60360056 1.32075994 248.99130155
v -82.60360056 1.19471242 249.09474589
v -82.60360056 1.05090575 249.17161184
v -82.60360056 0.89486648 249.21894595
v -82.60360056 0.73259095 249.23492893
v -82.60360056 0.57031551 249.21894595
v -82.60360056 0.45574134 249.18419042
v -82.60360056 0.45574134 249.11359628
v -82.60360056 0.45574134 249.01762524
v -82.60360012 0.45574134 247.62207396
v -82.60360012 0.57031546 247.58731843
v -82.60360012 0.73259101 247.57133575
v -82.60360012 0.89486652 247.58731843
v -82.60360012 1.05090593 247.63465254
v -82.60360056 1.19471220 247.71151850
v -82.60360056 1.32075994 247.81496312
v -82.60360056 1.42420450 247.94101095
v -82.60360056 1.50107082 248.08481754
v -82.60360056 1.54840485 248.24085666
v -82.60360056 1.56438754 248.40313263
v -78.84561587 0.45574134 250.54241664
v -78.84561587 0.45574134 249.18419013
v -78.73104178 0.57031550 249.21894595
v -78.58004479 0.72131234 249.23381792
v -78.58004479 0.72131234 250.30479640
v -82.84740786 0.45574134 241.35360088
v -82.84740786 0.45574134 241.26069701
v -82.60359938 0.45574133 241.26069701
v -82.60359968 0.45574133 239.69858113
v -82.84740786 0.45574134 239.69858113
v -82.84740786 0.45574134 238.62947715
v -82.11019120 0.45574134 238.62947715
v -82.11018577 0.45574134 241.35360088
v -83.11297894 0.76890415 238.84311352
v -83.11297894 0.76777118 239.65130783
v -83.11297865 0.89486648 239.66382590
v -83.11297894 0.96228298 239.68427641
v -83.11297894 0.96840493 238.84311352
v -78.84561587 0.45574134 241.35360088
v -78.84561587 0.45574134 241.26069759
v -78.73104178 0.57031546 241.29545341
v -78.58004508 0.72131234 241.31032539
v -78.58004479 0.72131234 241.46217987
v -78.58004479 0.76640269 241.46219397
v -78.58004479 0.76657289 241.30808898
v -78.58004508 0.89486652 241.29545341
v -78.58004508 0.95648144 241.27676253
v -78.58004508 0.95541769 241.46225390
v -83.11297894 0.75759789 246.90869385
v -83.11297894 0.75666563 247.57370670
v -83.11297894 0.89486648 247.58731843
v -83.11297894 0.90474301 247.59031422
v -83.11297894 0.90970383 246.90869179
v -82.84740786 0.45574134 247.01118522
v -82.84740786 0.45574134 247.62207396
v -82.96198194 0.57031544 247.58731843
v -83.11297894 0.72131234 247.57244646
v -83.11297894 0.72131236 246.90869414
v -78.58004479 0.75663563 250.30479111
v -78.58004479 0.75782012 249.23244429
v -78.58004508 0.89486648 249.21894595
v -78.58004508 0.91096278 249.21406304
v -78.58004508 0.90470783 250.30476643
v -82.84740786 0.45574134 238.62947715
v -82.84740786 0.45574134 239.69858113
v -82.96198194 0.57031548 239.66382590
v -83.11297894 0.72131236 239.64895333
v -83.11297894 0.72131236 238.84311352
v -83.11297894 1.39114780 248.92821859
v -83.11297894 1.84814334 248.92542169
v -83.11297894 1.84868181 248.82971709
v -83.11297894 1.44186376 248.83221554
v -83.11297894 1.42420450 248.86525314
v -83.11297894 1.39128704 248.90536394
v -78.58004479 0.72131234 250.30479640
v -78.58004479 0.72131234 249.23381792
v -78.58004479 0.73259095 249.23492834
v -78.58004479 0.75782012 249.23244429
v -78.58004479 0.75663563 250.30479111
v -83.11297894 0.72131236 246.90869414
v -83.11297894 0.72131234 247.57244646
v -83.11297894 0.73259097 247.57133575
v -83.11297894 0.75666563 247.57370670
v -83.11297894 0.75759789 246.90869385
v -78.58004479 0.72131234 241.46217987
v -78.58004508 0.72131234 241.31032539
v -78.58004479 0.73259097 241.31143610
v -78.58004479 0.76657289 241.30808898
v -78.58004479 0.76640269 241.46219397
v -83.11297894 0.72131236 238.84311352
v -83.11297894 0.72131236 239.64895333
v -83.11297865 0.73259091 239.64784292
v -83.11297894 0.76777118 239.65130783
v -83.11297894 0.76890415 238.84311352
v -82.84740786 0.45574134 250.54241664
v -82.84740786 0.45574134 249.18419101
v -82.60360056 0.45574134 249.18419042
v -82.60360056 0.45574134 249.11359628
v -82.11019620 0.45574134 249.11359628
v -82.11020589 0.45574134 250.54241664
v -78.84561587 0.45574134 247.62207396
v -79.08942332 0.45574134 247.62207366
v -79.56397421 0.45574134 241.35360088
v -79.56396862 0.45574134 238.62947715
v -78.84561587 0.45574134 238.62947715
v -78.84561587 0.45574134 239.69858142
v -79.08942244 0.45574133 239.69858113
v -79.08942258 0.45574134 241.26069789
v -78.84561587 0.45574134 241.26069759
v -78.84561587 0.45574134 241.35360088
v -79.08942317 0.45574134 249.18419013
v -78.84561587 0.45574134 249.18419013
v -78.58004508 0.95541769 241.46225390
v -78.58004508 0.95648144 241.27676253
v -78.58004508 1.05090593 241.24811931
v -78.58004508 1.19471234 241.17125306
v -78.58004508 1.32076002 241.06780843
v -78.58004508 1.42016542 240.94668288
v -78.58004508 1.41766302 241.44933544
v -78.58004508 1.44364535 241.44860955
v -78.58004508 1.44637726 240.90027912
v -78.58004508 1.50107090 240.79795460
v -78.58004508 1.54840485 240.64191489
v -78.58004508 1.56438754 240.47963951
v -78.58004508 1.54840485 240.31736383
v -78.58004508 1.50107082 240.16132441
v -78.58004508 1.45052980 240.06676872
v -78.58004508 1.45671341 238.82562295
v -78.58004508 1.90396642 238.80953598
v -78.58004508 1.89287399 241.43605506
v -83.11297894 0.96840493 238.84311352
v -83.11297894 0.96228298 239.68427641
v -83.11297865 1.05090575 239.71115971
v -83.11297865 1.19471242 239.78802537
v -83.11297865 1.32076002 239.89147000
v -83.11297894 1.42144791 240.01415866
v -83.11297894 1.42895198 238.82655770
v -83.11297894 1.45494577 238.82562295
v -83.11297894 1.44713920 240.06042523
v -83.11297865 1.50107082 240.16132441
v -83.11297865 1.54840485 240.31736324
v -83.11297865 1.56438754 240.47963892
v -83.11297865 1.54840485 240.64191431
v -83.11297865 1.50107090 240.79795372
v -83.11297894 1.44177504 240.90888868
v -83.11297894 1.43836278 241.44860955
v -83.11297894 1.88838193 241.43605389
v -83.11297894 1.90246280 238.80953539
v -78.58004508 0.90470783 250.30476643
v -78.58004508 0.91096278 249.21406304
v -78.58004508 1.05090582 249.17161243
v -78.58004508 1.19471249 249.09474559
v -78.58004508 1.32076002 248.99130155
v -78.58004508 1.37235903 248.92842746
v -78.58004508 1.38035536 248.92837840
v -78.58004508 1.37347627 250.30380172
v -83.11297894 0.90970383 246.90869179
v -83.11297894 0.90474301 247.59031422
v -83.11297894 1.05090593 247.63465254
v -83.11297894 1.19471220 247.71151850
v -83.11297894 1.32075994 247.81496312
v -83.11297894 1.37172083 247.87705934
v -83.11297894 1.37788490 246.90306391
v -83.11297894 1.40391159 246.90275105
v -83.11297894 1.39756304 247.90854823
v -83.11297894 1.42420450 247.94101095
v -83.11297894 1.50107082 248.08481754
v -83.11297894 1.54840485 248.24085666
v -83.11297894 1.56438754 248.40313204
v -83.11297894 1.54840485 248.56540772
v -83.11297894 1.50107082 248.72144714
v -83.11297894 1.44186376 248.83221554
v -83.11297894 1.84868181 248.82971709
v -83.11297894 1.85906702 246.89727974
v -83.11297894 1.38248389 250.30374826
v -83.11297894 1.39114780 248.92821859
v -83.11297894 1.37243673 248.92833287
v -83.11297894 1.36498796 248.93740922
v -83.11297894 1.35632177 250.30380113
v -83.11297894 1.43836278 241.44860955
v -83.11297894 1.44177504 240.90888868
v -83.11297865 1.42420465 240.94176061
v -83.11297894 1.41551973 240.95234337
v -83.11297894 1.41237935 241.44933426
v -78.58004508 0.89486648 249.21894595
v -79.08942317 0.89486648 249.21894595
v -79.08942317 0.73259097 249.23492834
v -78.58004479 0.73259095 249.23492834
v -78.58004479 0.75782012 249.23244429
v -78.58004508 0.89486652 247.58731814
v -79.08942317 0.89486656 247.58731814
v -79.08942317 1.05090593 247.63465224
v -78.58004508 1.05090593 247.63465224
v -78.58004508 0.92024763 247.59501734
v -78.58004479 0.72131234 247.57244616
v -78.73104149 0.57031546 247.58731814
v -78.84561587 0.45574134 247.62207396
v -78.84561587 0.45574134 247.01118522
v -78.58004479 0.72131234 246.90869385
v -78.58004479 0.73259095 249.23492834
v -79.08942317 0.73259097 249.23492834
v -79.08942317 0.57031553 249.21894595
v -78.73104178 0.57031550 249.21894595
v -78.58004479 0.72131234 249.23381792
v -78.58004508 1.42420450 248.86525344
v -79.08942317 1.42420450 248.86525344
v -79.08942317 1.32076002 248.99130096
v -78.58004508 1.32076002 248.99130155
v -78.58004508 1.37235903 248.92842746
v -78.58004508 1.38040626 248.91862228
v -78.58004508 1.40664967 248.88664428
v -83.11297894 0.89486648 247.58731843
v -82.60360012 0.89486652 247.58731843
v -82.60360012 0.73259101 247.57133575
v -83.11297894 0.73259097 247.57133575
v -83.11297894 0.75666563 247.57370670
v -78.58004508 1.32075994 247.81496312
v -79.08942317 1.32075994 247.81496312
v -79.08942317 1.42420450 247.94101065
v -78.58004508 1.42420450 247.94101065
v -78.58004508 1.41141742 247.92542954
v -78.58004508 1.38553688 247.89389393
v -78.58004508 1.05090582 249.17161243
v -79.08942317 1.05090582 249.17161184
v -79.08942317 0.89486648 249.21894595
v -78.58004508 0.89486648 249.21894595
v -78.58004508 0.91096278 249.21406304
v -78.58004508 1.44181477 248.83230690
v -78.58004508 1.50107082 248.72144655
v -78.58004508 1.54840485 248.56540743
v -78.58004508 1.56438754 248.40313204
v -78.58004508 1.54840485 248.24085666
v -78.58004508 1.50107090 248.08481724
v -78.58004508 1.42420450 247.94101065
v -78.58004508 1.41141742 247.92542954
v -78.58004508 1.41650229 246.90275017
v -78.58004508 1.86977580 246.89728004
v -78.58004508 1.86159028 248.82971651
v -83.11297894 1.05090593 247.63465254
v -82.60360012 1.05090593 247.63465254
v -82.60360012 0.89486652 247.58731843
v -83.11297894 0.89486648 247.58731843
v -83.11297894 0.90474301 247.59031422
v -78.58004508 1.40664967 248.88664428
v -78.58004508 1.42420450 248.86525344
v -78.58004508 1.44181477 248.83230690
v -78.58004508 1.86159028 248.82971651
v -78.58004508 1.86116242 248.92542169
v -78.58004508 1.40645175 248.92821771
v -78.58004508 1.38553688 247.89389393
v -78.58004508 1.32075994 247.81496312
v -78.58004508 1.19471227 247.71151820
v -78.58004508 1.05090593 247.63465224
v -78.58004508 0.92024763 247.59501734
v -82.96198194 0.57031550 249.21894595
v -82.60360056 0.57031551 249.21894595
v -82.60360056 0.73259095 249.23492893
v -83.11297894 0.73259091 249.23492893
v -83.11297894 0.72131236 249.23381851
v -78.58004479 0.73259097 247.57133545
v -79.08942332 0.73259101 247.57133545
v -79.08942317 0.89486656 247.58731814
v -78.58004508 0.89486652 247.58731814
v -78.58004479 0.75965187 247.57400075
v -83.11297894 0.72131236 249.23381851
v -82.96198194 0.57031550 249.21894595
v -82.84740786 0.45574134 249.18419101
v -82.84740786 0.45574134 250.54241664
v -83.11297894 0.72131236 250.30479640
v -83.11297894 0.73259097 247.57133575
v -82.60360012 0.73259101 247.57133575
v -82.60360012 0.57031546 247.58731843
v -82.96198194 0.57031544 247.58731843
v -83.11297894 0.72131234 247.57244646
v -83.11297894 1.42420450 248.86525314
v -82.60360056 1.42420450 248.86525402
v -82.60360056 1.50107082 248.72144714
v -83.11297894 1.50107082 248.72144714
v -83.11297894 1.44186376 248.83221554
v -78.58004479 0.75965187 247.57400075
v -78.58004479 0.73259097 247.57133545
v -78.58004479 0.72131234 247.57244616
v -78.73104149 0.57031546 247.58731814
v -79.08942332 0.57031548 247.58731814
v -79.08942332 0.73259101 247.57133545
v -78.58004479 0.73259097 247.57133545
v -78.58004479 0.72131234 247.57244616
v -78.58004508 1.50107082 248.72144655
v -79.08942317 1.50107082 248.72144714
v -79.08942317 1.42420450 248.86525344
v -78.58004508 1.42420450 248.86525344
v -78.58004508 1.44181477 248.83230690
v -83.11297894 1.32075994 248.99130155
v -82.60360056 1.32075994 248.99130155
v -82.60360056 1.42420450 248.86525402
v -83.11297894 1.42420450 248.86525314
v -83.11297894 1.39128704 248.90536394
v -83.11297894 1.37243673 248.92833287
v -83.11297894 1.36498796 248.93740922
v -83.11297894 0.73259091 249.23492893
v -82.60360056 0.73259095 249.23492893
v -82.60360056 0.89486648 249.21894595
v -83.11297894 0.89486648 249.21894595
v -83.11297894 0.89288844 249.21914100
v -83.11297894 0.75434009 249.23278682
v -83.11297894 1.36498796 248.93740922
v -83.11297894 1.32075994 248.99130155
v -83.11297894 1.19471242 249.09474589
v -83.11297894 1.05090571 249.17161155
v -83.11297894 0.89486648 249.21894595
v -83.11297894 1.35632177 250.30380113
v -78.58004508 0.92024763 247.59501734
v -78.58004508 0.89486652 247.58731814
v -78.58004479 0.75965187 247.57400075
v -78.58004479 0.76038677 246.90869356
v -78.58004508 0.92418356 246.90869121
v -83.11297894 0.73259091 249.23492893
v -83.11297894 0.72131236 249.23381851
v -83.11297894 0.72131236 250.30479640
v -82.60360056 0.45574134 249.01762524
v -82.60360012 0.45574134 247.62207396
v -82.84740786 0.45574134 247.62207396
v -82.84740786 0.45574134 247.01118522
v -82.11018445 0.45574134 247.01118522
v -82.11018929 0.45574134 249.01762524
v -83.11297894 1.42420450 247.94101095
v -82.60360056 1.42420450 247.94101095
v -82.60360056 1.32075994 247.81496312
v -83.11297894 1.32075994 247.81496312
v -83.11297894 1.37172083 247.87705934
v -83.11297894 1.39756304 247.90854823
v -83.11297894 1.41551973 240.95234337
v -83.11297865 1.32075994 241.06780843
v -83.11297865 1.19471234 241.17125306
v -83.11297894 1.05090593 241.24811872
v -83.11297894 0.95068009 241.27852217
v -83.11297894 0.94934289 241.46225273
v -83.11297894 1.41237935 241.44933426
v -83.11297865 1.05090575 239.71115971
v -82.60359968 1.05090582 239.71115971
v -82.60359968 0.89486648 239.66382531
v -83.11297865 0.89486648 239.66382590
v -83.11297894 0.96228298 239.68427641
v -78.58004479 0.73259095 239.64784292
v -79.08942244 0.73259097 239.64784292
v -79.08942244 0.89486648 239.66382531
v -78.58004508 0.89486645 239.66382531
v -78.58004479 0.76840288 239.65137041
v -78.58004508 1.05090593 241.24811931
v -79.08942258 1.05090593 241.24811931
v -79.08942258 0.89486656 241.29545341
v -78.58004508 0.89486652 241.29545341
v -78.58004508 0.95648144 241.27676253
v -78.73104178 0.57031550 239.66382531
v -79.08942244 0.57031553 239.66382531
v -79.08942244 0.73259097 239.64784292
v -78.58004479 0.73259095 239.64784292
v -78.58004479 0.72131234 239.64895363
v -83.11297894 0.95068009 241.27852217
v -83.11297894 0.89486648 241.29545282
v -83.11297894 0.76544852 241.30820002
v -83.11297894 0.73259097 241.31143639
v -82.60359953 0.73259101 241.31143610
v -82.60359953 0.89486652 241.29545282
v -83.11297894 0.89486648 241.29545282
v -83.11297894 0.76544852 241.30820002
v -78.58004508 1.42420465 240.94176149
v -79.08942258 1.42420465 240.94176119
v -79.08942258 1.32076002 241.06780843
v -78.58004508 1.32076002 241.06780843
v -78.58004508 1.42016542 240.94668288
v -83.11297894 0.72131236 241.31032509
v -82.96198194 0.57031544 241.29545282
v -82.84740786 0.45574134 241.26069701
v -82.84740786 0.45574134 241.35360088
v -83.11297894 0.72131236 241.46217928
v -83.11297894 1.42144791 240.01415866
v -83.11297865 1.42420465 240.01751812
v -83.11297894 1.44713920 240.06042523
v -83.11297894 1.45494577 238.82562295
v -83.11297894 1.42895198 238.82655770
v -78.58004508 0.89486645 239.66382531
v -79.08942244 0.89486648 239.66382531
v -79.08942244 1.05090582 239.71115971
v -78.58004523 1.05090582 239.71116000
v -78.58004508 0.96560817 239.68528518
v -83.11297865 1.42420465 240.94176061
v -82.60359968 1.42420450 240.94176061
v -82.60359968 1.50107090 240.79795372
v -83.11297865 1.50107090 240.79795372
v -83.11297894 1.44177504 240.90888868
v -83.11297894 0.89486648 241.29545282
v -82.60359953 0.89486652 241.29545282
v -82.60359953 1.05090593 241.24811872
v -83.11297894 1.05090593 241.24811872
v -83.11297894 0.95068009 241.27852217
v -78.58004508 0.96560817 239.68528518
v -78.58004508 0.89486645 239.66382531
v -78.58004479 0.76840288 239.65137041
v -78.58004479 0.76929566 238.84311352
v -78.58004508 0.97043783 238.84311352
v -78.58004508 1.42478585 240.01860503
v -78.58004523 1.42420465 240.01751753
v -78.58004523 1.32076002 239.89147059
v -78.58004523 1.19471249 239.78802596
v -78.58004523 1.05090582 239.71116000
v -78.58004508 0.96560817 239.68528518
v -78.58004508 0.97043783 238.84311352
v -78.58004508 1.43072057 238.82655770
v -83.11297865 0.73259091 239.64784292
v -82.60359968 0.73259095 239.64784203
v -82.60359968 0.57031550 239.66382531
v -82.96198194 0.57031548 239.66382590
v -83.11297894 0.72131236 239.64895333
v -78.58004479 0.76840288 239.65137041
v -78.58004479 0.73259095 239.64784292
v -78.58004479 0.72131234 239.64895363
v -78.58004479 0.72131234 238.84311352
v -78.58004479 0.76929566 238.84311352
v -78.58004508 0.89486652 241.29545341
v -79.08942258 0.89486656 241.29545341
v -79.08942258 0.73259101 241.31143610
v -78.58004479 0.73259097 241.31143610
v -78.58004479 0.76657289 241.30808898
v -78.58004508 1.50107090 240.79795460
v -79.08942258 1.50107090 240.79795460
v -79.08942258 1.42420465 240.94176119
v -78.58004508 1.42420465 240.94176149
v -78.58004508 1.44637726 240.90027912
v -82.96198194 0.57031544 241.29545282
v -82.60359953 0.57031546 241.29545282
v -82.60359953 0.73259101 241.31143610
v -83.11297894 0.73259097 241.31143639
v -83.11297894 0.72131236 241.31032509
v -78.58004479 0.72131234 239.64895363
v -78.73104178 0.57031550 239.66382531
v -78.84561587 0.45574134 239.69858142
v -78.84561587 0.45574134 238.62947715
v -78.58004479 0.72131234 238.84311352
v -83.11297865 1.50107082 240.16132441
v -82.60359968 1.50107082 240.16132441
v -82.60359968 1.42420450 240.01751753
v -83.11297865 1.42420465 240.01751812
v -83.11297894 1.44713920 240.06042523
v -83.11297894 0.73259097 241.31143639
v -83.11297894 0.72131236 241.31032509
v -78.58004479 0.73259097 241.31143610
v -79.08942258 0.73259101 241.31143610
v -79.08942258 0.57031548 241.29545341
v -78.73104178 0.57031546 241.29545341
v -78.58004508 0.72131234 241.31032539
v -78.58004523 1.42420465 240.01751753
v -79.08942244 1.42420465 240.01751753
v -79.08942258 1.50107090 240.16132441
v -78.58004508 1.50107082 240.16132441
v -78.58004508 1.45052980 240.06676872
v -78.58004508 1.42478585 240.01860503
v -83.11297865 1.42420465 240.01751812
v -82.60359968 1.42420450 240.01751753
v -82.60359968 1.32076002 239.89147000
v -83.11297865 1.32076002 239.89147000
v -83.11297894 1.42144791 240.01415866
v -78.58004508 1.42016542 240.94668288
v -78.58004508 1.42420465 240.94176149
v -78.58004508 1.44637726 240.90027912
v -83.11297865 0.89486648 239.66382590
v -82.60359968 0.89486648 239.66382531
v -82.60359968 0.73259095 239.64784203
v -83.11297865 0.73259091 239.64784292
v -83.11297894 0.76777118 239.65130783
v -83.11297865 1.32075994 241.06780843
v -82.60359968 1.32075994 241.06780843
v -82.60359968 1.42420450 240.94176061
v -83.11297865 1.42420465 240.94176061
v -83.11297894 1.41551973 240.95234337
vt 0.00000000 0.83315694
vt 0.00000000 0.83152419
vt 0.00000000 0.83316648
vt 1.00000000 0.83317447
vt 1.00000000 0.83247340
vt 1.00000000 0.83317035
vt 0.61712527 0.09296060
vt 0.77551538 0.09296060
vt 0.77553624 0.05369925
vt 0.61712396 0.05369925
vt 0.05858701 0.10107458
vt 0.22111124 0.10107458
vt 0.22114007 0.09296060
vt 0.05858701 0.09296060
vt 0.94141304 0.08913648
vt 0.94141299 0.00000000
vt 0.99999994 0.01894480
vt 0.99999988 0.10470200
vt 0.00000000 0.98103350
vt 0.00000000 0.98103350
vt 0.05858701 1.00000000
vt 0.05858701 1.00000000
vt 1.00000000 0.02466369
vt 0.99999994 0.01710582
vt 0.94141299 0.00000000
vt 0.94141299 0.00524271
vt 0.00000000 0.01710582
vt 0.00000000 0.02466375
vt 0.05858701 0.00524265
vt 0.05858701 0.00000000
vt 0.99999994 0.05560875
vt 1.00000000 0.02466369
vt 0.94141299 0.00524271
vt 0.94141304 0.05369925
vt 0.00000000 0.02466375
vt 0.00000000 0.05560863
vt 0.05858702 0.05369925
vt 0.05858696 0.00524265
vt 0.05858701 0.09296060
vt 0.05858701 0.05369925
vt 0.00000000 0.05560863
vt 0.00000000 0.09400380
vt 0.99999994 0.09400380
vt 0.99999994 0.05560875
vt 0.94141299 0.05369925
vt 0.94141293 0.09296060
vt 0.90524685 0.00000006
vt 0.78747964 0.00000000
vt 0.78296238 0.00000006
vt 0.94141304 0.00000006
vt 0.00000000 0.98103374
vt 0.00000000 0.98103368
vt 0.05858701 1.00000000
vt 0.05858701 1.00000000
vt 0.89592409 1.00000000
vt 0.89592409 1.00000000
vt 0.94141293 1.00000000
vt 0.94141299 1.00000000
vt 1.00000000 0.01844978
vt 0.99999994 0.01856041
vt 0.94141310 0.00000006
vt 0.94141304 0.00000006
vt 0.00000000 0.10999650
vt 0.00000000 0.29769647
vt 0.00000000 0.29661250
vt 0.00000000 0.10860848
vt 0.22858788 1.00000000
vt 0.39120257 1.00000000
vt 0.39120251 1.00000000
vt 0.22858839 1.00000000
vt 0.61711985 0.83960485
vt 0.77559453 0.83960485
vt 0.77559298 0.84645826
vt 0.61711997 0.84645826
vt 0.99999976 0.48627239
vt 0.99999982 0.29806429
vt 0.94141293 0.30154151
vt 0.94141293 0.49415749
vt 0.14668006 0.33005726
vt 0.14668007 0.46564186
vt 0.14668007 0.46564186
vt 0.14668006 0.33005726
vt 0.99999988 0.49246722
vt 0.99999988 0.30669802
vt 0.99999988 0.30661380
vt 0.99999988 0.49240768
vt 0.05858701 0.08913636
vt 0.05858701 0.09777987
vt 0.00000000 0.11301780
vt 0.00000000 0.10470188
vt 0.00000000 0.09588045
vt 0.00000000 0.10351920
vt 0.00000000 0.10193872
vt 0.00000000 0.09400380
vt 0.78309113 0.29489863
vt 0.94141293 0.29489857
vt 0.94141293 0.10107458
vt 0.78305221 0.10107458
vt 0.99999994 0.98103362
vt 1.00000000 0.98103368
vt 0.94141299 1.00000000
vt 0.94141299 1.00000000
vt 0.22860886 0.97727692
vt 0.39120197 0.97727692
vt 0.39120188 0.93645477
vt 0.22862236 0.93645477
vt 0.00000000 0.10060132
vt 0.00000000 0.10860848
vt 0.00000000 0.10351920
vt 0.00000000 0.09588045
vt 0.99999988 0.10860860
vt 0.99999988 0.10060143
vt 0.99999988 0.09588057
vt 0.99999994 0.10351920
vt 0.05858701 0.00000000
vt 0.05858701 0.08913636
vt 0.00000000 0.10470188
vt 0.00000000 0.01894480
vt 0.94141304 0.09777999
vt 0.94141304 0.08913648
vt 0.99999988 0.10470200
vt 0.99999988 0.11301786
vt 0.99999988 0.10193884
vt 0.99999994 0.09400380
vt 0.94141293 0.09296060
vt 0.94141293 0.10107458
vt 0.05858701 0.10107458
vt 0.05858701 0.09296060
vt 0.00000000 0.09400380
vt 0.00000000 0.10193872
vt 0.61712945 0.29489863
vt 0.77545118 0.29489863
vt 0.77548784 0.10107452
vt 0.61712706 0.10107458
vt 0.99999994 0.10351920
vt 0.99999988 0.09588057
vt 0.99999994 0.09400380
vt 0.99999988 0.10193884
vt 0.94141304 0.49232817
vt 0.94141304 0.29898435
vt 0.99999988 0.30671811
vt 0.99999994 0.49248141
vt 0.99999982 0.29140610
vt 0.99999988 0.10193884
vt 0.94141293 0.10107458
vt 0.94141293 0.29489857
vt 0.00000000 0.30669796
vt 0.00000000 0.49246705
vt 0.00000000 0.49240756
vt 0.00000000 0.30661368
vt 0.05858701 0.29489863
vt 0.05858701 0.10107458
vt 0.00000000 0.10193872
vt 0.00000000 0.29140604
vt 0.05858701 0.29898429
vt 0.05858701 0.49232817
vt 0.00000000 0.49248129
vt 0.00000000 0.30671805
vt 0.23708174 0.55859375
vt 0.23708174 0.63292450
vt 0.23708174 0.63292450
vt 0.23708174 0.55859375
vt 0.94141304 0.68960035
vt 0.94141304 0.49896085
vt 0.99999994 0.49911612
vt 1.00000000 0.68227410
vt 0.05858701 0.69070327
vt 0.05858701 0.50081503
vt 0.00000000 0.49293864
vt 0.00000000 0.67848396
vt 0.05858701 0.49896085
vt 0.05858701 0.68960029
vt 0.00000000 0.68227398
vt 0.00000000 0.49911606
vt 0.00000000 0.49910283
vt 0.00000000 0.68226558
vt 0.00000000 0.68223029
vt 0.00000000 0.49904728
vt 0.61711979 0.69632363
vt 0.77559555 0.69632363
vt 0.77559459 0.83960485
vt 0.05858701 0.49415755
vt 0.05858701 0.30154151
vt 0.00000000 0.29806423
vt 0.00000000 0.48627228
vt 0.22856846 0.08913636
vt 0.22857071 0.00000000
vt 0.39120221 0.00000000
vt 0.39120239 0.08913642
vt 0.05858700 0.84016693
vt 0.05858701 0.69746315
vt 0.00000000 0.68524694
vt 0.00000000 0.82465112
vt 0.99999976 0.82465118
vt 0.99999982 0.68524706
vt 0.94141287 0.69746315
vt 0.94141293 0.84016687
vt 0.31713977 0.63292450
vt 0.38951701 0.63292450
vt 0.38951683 0.63292450
vt 0.31713635 0.63292450
vt 0.99999982 0.67848396
vt 0.99999976 0.49293870
vt 0.94141299 0.50081497
vt 0.94141293 0.69070321
vt 1.00000000 0.68226564
vt 0.99999988 0.49910283
vt 0.99999988 0.49904728
vt 0.99999994 0.68223035
vt 1.00000000 0.91848642
vt 0.99999976 0.83152604
vt 0.94141293 0.84704262
vt 0.94141293 0.93645477
vt 0.05858701 0.93645477
vt 0.05858700 0.84704268
vt 0.00000000 0.83152598
vt 0.00000000 0.91848642
vt 0.05858701 0.94849122
vt 0.05858701 1.00000000
vt 0.00000000 0.98103350
vt 0.00000000 0.93151981
vt 1.00000000 0.98103368
vt 1.00000000 0.98103374
vt 0.94141299 1.00000000
vt 0.94141299 1.00000000
vt 0.78294063 0.08913648
vt 0.78294319 0.00000000
vt 0.94141299 0.00000000
vt 0.94141304 0.08913648
vt 0.16668658 0.73245502
vt 0.16668656 0.80517507
vt 0.16668656 0.80517507
vt 0.16668658 0.73245502
vt 0.99999994 0.95818919
vt 0.94141299 0.97727692
vt 0.94141299 1.00000000
vt 1.00000000 0.98103374
vt 0.05858701 0.97727692
vt 0.00000000 0.95818913
vt 0.00000000 0.98103374
vt 0.05858701 1.00000000
vt 0.78298253 0.97727692
vt 0.94141299 0.97727692
vt 0.94141293 0.93645477
vt 0.78299642 0.93645477
vt 0.00000000 0.30327165
vt 0.00000000 0.29929930
vt 0.00000000 0.29263872
vt 0.00000000 0.29661250
vt 0.99999988 0.29661250
vt 0.99999988 0.29263866
vt 0.99999988 0.29929924
vt 0.99999988 0.30327159
vt 0.99999988 0.29263866
vt 0.99999982 0.29140610
vt 0.99999982 0.29806435
vt 0.99999988 0.29929924
vt 0.94141304 0.29231155
vt 0.99999988 0.30005074
vt 0.99999988 0.30671811
vt 0.94141304 0.29898435
vt 0.99999994 0.30003250
vt 0.99999988 0.29995596
vt 0.99999988 0.30661380
vt 0.99999988 0.30669802
vt 0.61712003 0.29231155
vt 0.61712009 0.09777999
vt 0.77559423 0.09777999
vt 0.77559543 0.29231155
vt 0.05858701 0.29489863
vt 0.00000000 0.29140604
vt 0.00000000 0.29806423
vt 0.05858701 0.30154151
vt 0.99999982 0.29140610
vt 0.94141293 0.29489857
vt 0.94141293 0.30154151
vt 0.99999982 0.29806429
vt 0.00000000 0.30669796
vt 0.00000000 0.30661368
vt 0.00000000 0.29995579
vt 0.00000000 0.30003226
vt 0.00000000 0.29929924
vt 0.00000000 0.29806417
vt 0.00000000 0.29140610
vt 0.05858701 0.29898429
vt 0.00000000 0.30671805
vt 0.00000000 0.30005056
vt 0.05858701 0.29231149
vt 0.99999976 0.48627239
vt 0.94141293 0.49415749
vt 0.94141299 0.50081497
vt 0.99999976 0.49293870
vt 0.05858701 0.49415755
vt 0.00000000 0.48627228
vt 0.00000000 0.49293864
vt 0.05858701 0.50081503
vt 0.69308352 0.55859369
vt 0.76291829 0.55859369
vt 0.94141293 0.50081497
vt 0.78320318 0.50081497
vt 0.99999988 0.49246722
vt 0.99999988 0.49240768
vt 0.99999988 0.49904728
vt 0.99999988 0.49910283
vt 0.94141304 0.49232817
vt 0.99999994 0.49248141
vt 0.27244645 0.33005726
vt 0.39035553 0.33005726
vt 0.39118999 0.30154157
vt 0.22875488 0.30154157
vt 0.99999988 0.48716098
vt 0.99999976 0.48627234
vt 0.99999976 0.49293870
vt 0.99999988 0.49381679
vt 0.99999988 0.49001038
vt 0.99999988 0.48716104
vt 0.99999988 0.49381679
vt 0.99999988 0.49665737
vt 0.00000000 0.49665743
vt 0.00000000 0.49381685
vt 0.00000000 0.48716116
vt 0.00000000 0.49001038
vt 0.00000000 0.49910283
vt 0.00000000 0.49904728
vt 0.00000000 0.49240756
vt 0.00000000 0.49246705
vt 0.00000000 0.49293864
vt 0.00000000 0.48627234
vt 0.05858701 0.49896085
vt 0.00000000 0.49911606
vt 0.99999988 0.68076885
vt 0.99999994 0.67903185
vt 0.99999994 0.68577456
vt 1.00000000 0.68750131
vt 0.99999994 0.67903185
vt 0.99999982 0.67848402
vt 0.99999976 0.68524706
vt 0.99999994 0.68577456
vt 0.94141304 0.68960035
vt 1.00000000 0.68227410
vt 1.00000000 0.68899727
vt 0.94141299 0.69632363
vt 1.00000000 0.68226564
vt 0.99999994 0.68223035
vt 0.99999994 0.68895411
vt 1.00000000 0.68898892
vt 0.73753673 0.73245502
vt 0.83331341 0.73245496
vt 0.94141293 0.69746315
vt 0.78311795 0.69746315
vt 0.05858701 0.69070327
vt 0.00000000 0.67848396
vt 0.00000000 0.68524694
vt 0.05858701 0.69746315
vt 0.99999982 0.67848396
vt 0.94141293 0.69070321
vt 0.94141287 0.69746315
vt 0.99999982 0.68524706
vt 0.00000000 0.68750143
vt 0.00000000 0.68577468
vt 0.00000000 0.67903191
vt 0.00000000 0.68076891
vt 0.00000000 0.68898892
vt 0.00000000 0.68895411
vt 0.00000000 0.68223029
vt 0.00000000 0.68226558
vt 0.00000000 0.68577468
vt 0.00000000 0.68524694
vt 0.00000000 0.67848396
vt 0.00000000 0.67903191
vt 0.05858701 0.69632357
vt 0.00000000 0.68899727
vt 0.00000000 0.68227398
vt 0.05858701 0.68960029
vt 0.99999976 0.82465118
vt 0.94141293 0.84016687
vt 0.94141293 0.84704262
vt 0.99999976 0.83152604
vt 0.05858700 0.84016693
vt 0.00000000 0.82465112
vt 0.00000000 0.83152598
vt 0.05858700 0.84704268
vt 0.83331335 0.80517507
vt 0.73747921 0.80517507
vt 0.78304148 0.84016687
vt 0.94141293 0.84016681
vt 0.05858701 0.09777987
vt 0.05858701 0.08913636
vt 0.22122091 0.08913636
vt 0.22122267 0.09777987
vt 1.00000000 0.82493860
vt 0.99999976 0.82465118
vt 0.99999976 0.83152604
vt 1.00000000 0.83178830
vt 1.00000000 0.82582819
vt 1.00000000 0.82493860
vt 1.00000000 0.83178830
vt 1.00000000 0.83266938
vt 0.00000000 0.83266938
vt 0.00000000 0.83178830
vt 0.00000000 0.82493865
vt 0.00000000 0.82582825
vt 0.00000000 0.83178830
vt 0.00000000 0.83152598
vt 0.00000000 0.82465112
vt 0.00000000 0.82493865
vt 0.00000000 0.68895417
vt 0.00000000 0.68848300
vt 0.00000000 0.68175632
vt 0.00000000 0.68223023
vt 0.99999994 0.68223035
vt 0.99999988 0.68175638
vt 0.99999994 0.68848300
vt 0.99999994 0.68895411
vt 0.00000000 0.49827230
vt 0.00000000 0.49163020
vt 0.99999988 0.49240768
vt 0.99999988 0.49163038
vt 0.99999988 0.49827236
vt 0.99999988 0.49904728
vt 0.99999988 0.29995596
vt 0.99999988 0.29887193
vt 0.99999988 0.30553019
vt 0.99999988 0.30661380
vt 0.00000000 0.30661368
vt 0.00000000 0.30553007
vt 0.00000000 0.29887176
vt 0.00000000 0.29995579
vt 0.00000000 0.68845683
vt 0.00000000 0.68799877
vt 0.00000000 0.68126929
vt 0.00000000 0.68172997
vt 0.99999988 0.68172997
vt 0.99999988 0.68126923
vt 0.99999994 0.68799877
vt 0.99999994 0.68845677
vt 0.00000000 0.30546927
vt 0.00000000 0.30441612
vt 0.00000000 0.29775745
vt 0.00000000 0.29881096
vt 0.99999988 0.49158686
vt 0.99999988 0.49083126
vt 0.99999988 0.49747574
vt 0.99999988 0.49822897
vt 0.00000000 0.10457331
vt 0.00000000 0.11289036
vt 0.00000000 0.11150223
vt 0.00000000 0.10328573
vt 0.00000000 0.49822903
vt 0.00000000 0.49747568
vt 0.00000000 0.49083114
vt 0.00000000 0.49158680
vt 0.90524685 -0.00000012
vt 0.90524685 0.00000000
vt 0.94141304 0.00000006
vt 0.94141304 0.00000000
vt 0.99999988 0.29769647
vt 0.99999982 0.10999668
vt 0.99999988 0.10860860
vt 0.99999988 0.29661250
vt 0.99999994 0.01857495
vt 0.99999994 0.01867837
vt 0.94141304 0.00000006
vt 0.94141304 0.00000006
vt 0.22114009 0.09296060
vt 0.22116184 0.05369925
vt 0.05858701 0.05369925
vt 1.00000000 0.98103350
vt 0.99999994 0.98103356
vt 0.94141293 1.00000000
vt 0.94141304 1.00000000
vt 0.99999988 0.29881102
vt 0.99999988 0.29775751
vt 0.99999988 0.30441618
vt 0.99999988 0.30546933
vt 0.00000000 0.98103356
vt 0.00000000 0.98103356
vt 0.05858701 1.00000000
vt 0.05858701 1.00000000
vt 0.00000000 0.98103368
vt 0.00000000 0.98103362
vt 0.05858701 1.00000000
vt 0.05858701 1.00000000
vt 0.05858701 0.00000000
vt 0.05858701 0.00000006
vt 0.00000000 0.01844978
vt 0.00000000 0.01710582
vt 0.99999994 0.01710582
vt 1.00000000 0.01844978
vt 0.94141304 0.00000006
vt 0.94141299 0.00000000
vt 0.22857031 0.94849122
vt 0.22856818 0.84645820
vt 0.39120275 0.84645826
vt 0.39120269 0.94849122
vt 0.14668006 0.33005726
vt 0.26458913 0.33005726
vt 0.22102214 0.30154157
vt 0.05858701 0.30154157
vt 0.85331988 0.46564180
vt 0.73881912 0.46564186
vt 0.78323364 0.49415755
vt 0.94141293 0.49415749
vt 0.14668007 0.46564186
vt 0.05858701 0.49415755
vt 0.85331988 0.33005720
vt 0.85331988 0.46564180
vt 0.94141293 0.49415749
vt 0.94141293 0.30154151
vt 0.85408372 0.35102618
vt 0.81792063 0.35061055
vt 0.72596955 0.33821201
vt 0.63325071 0.33821213
vt 0.39035484 0.46564186
vt 0.27251562 0.46564186
vt 0.22884166 0.49415755
vt 0.39118910 0.49415755
vt 0.85331988 0.46564180
vt 0.85331988 0.33005720
vt 0.85331988 0.33005720
vt 0.85331988 0.46564180
vt 0.62491661 0.33821201
vt 0.72216314 0.33821201
vt 0.73493540 0.33005726
vt 0.62514710 0.33005726
vt 0.17187262 0.33821213
vt 0.27221906 0.33821213
vt 0.25980547 0.33005726
vt 0.14668006 0.33005726
vt 0.82812732 0.45748693
vt 0.73093873 0.45748699
vt 0.74359733 0.46564186
vt 0.85331988 0.46564180
vt 0.17187265 0.45748705
vt 0.14668007 0.46564186
vt 0.82812738 0.33821201
vt 0.82812732 0.45748693
vt 0.85331988 0.46564180
vt 0.85331988 0.33005720
vt 0.17187262 0.33821213
vt 0.17187265 0.45748705
vt 0.17187265 0.45748705
vt 0.17187262 0.33821213
vt 0.17543399 0.35102636
vt 0.14724767 0.35102636
vt 0.37293589 0.33821213
vt 0.27711701 0.33821213
vt 0.82812732 0.45748693
vt 0.82812738 0.33821201
vt 0.82812738 0.33821201
vt 0.82812732 0.45748693
vt 0.21145929 0.35102636
vt 0.17576608 0.35144776
vt 0.26769152 0.33821213
vt 0.17187262 0.33821213
vt 0.78854066 0.44467264
vt 0.82483250 0.44425446
vt 0.73546749 0.45748693
vt 0.82812732 0.45748693
vt 0.21145931 0.44467288
vt 0.21145929 0.35102636
vt 0.17187262 0.33821213
vt 0.17187265 0.45748705
vt 0.78854072 0.35102618
vt 0.82812738 0.33821201
vt 0.23708174 0.55859375
vt 0.30940107 0.55859375
vt 0.22096457 0.50081503
vt 0.05858701 0.50081503
vt 0.76291823 0.63292444
vt 0.69302481 0.63292450
vt 0.78311640 0.69070321
vt 0.94141293 0.69070315
vt 0.23708174 0.63292450
vt 0.23708174 0.55859375
vt 0.05858701 0.50081503
vt 0.05858701 0.69070327
vt 0.76291829 0.55859369
vt 0.94141293 0.50081497
vt 0.61523926 0.62599963
vt 0.67455304 0.62599963
vt 0.67454696 0.56551850
vt 0.61523998 0.56551850
vt 0.39119989 0.69070321
vt 0.22873679 0.69070321
vt 0.22873829 0.69746315
vt 0.39119995 0.69746315
vt 0.76291823 0.63292444
vt 0.76291829 0.55859369
vt 0.76291829 0.55859369
vt 0.76291823 0.63292444
vt 0.61524105 0.56551850
vt 0.67452759 0.56551850
vt 0.68530083 0.55859369
vt 0.61544406 0.55859369
vt 0.25847444 0.56551856
vt 0.32004285 0.56551856
vt 0.30942264 0.55859375
vt 0.23708174 0.55859375
vt 0.74152559 0.62599957
vt 0.68221831 0.62599963
vt 0.69302142 0.63292444
vt 0.76291823 0.63292444
vt 0.25847441 0.62599963
vt 0.25847444 0.56551856
vt 0.23708174 0.55859375
vt 0.23708174 0.63292450
vt 0.74152559 0.56551850
vt 0.74152559 0.62599957
vt 0.76291823 0.63292444
vt 0.76291829 0.55859369
vt 0.25847441 0.62599963
vt 0.32006958 0.62599963
vt 0.32006297 0.56551850
vt 0.25847444 0.56551856
vt 0.25847444 0.56551856
vt 0.25847441 0.62599963
vt 0.25847441 0.62599963
vt 0.25847444 0.56551856
vt 0.32771930 0.62599963
vt 0.38931447 0.62599963
vt 0.38931382 0.56551850
vt 0.32772532 0.56551856
vt 0.74152559 0.62599957
vt 0.74152559 0.56551850
vt 0.74152559 0.56551850
vt 0.74152559 0.62599957
vt 0.16668658 0.73245502
vt 0.26561138 0.73245502
vt 0.22104867 0.69746315
vt 0.05858701 0.69746315
vt 0.78301561 0.84704262
vt 0.94141293 0.84704262
vt 0.16668656 0.80517507
vt 0.16668658 0.73245502
vt 0.05858701 0.69746315
vt 0.05858700 0.84016687
vt 0.83331341 0.73245496
vt 0.94141293 0.69746315
vt 0.19373415 0.74121034
vt 0.19373414 0.79641980
vt 0.19373414 0.79641980
vt 0.19373415 0.74121034
vt 0.37335798 0.80517507
vt 0.27437750 0.80517507
vt 0.22866562 0.84016687
vt 0.39120129 0.84016687
vt 0.83331335 0.80517507
vt 0.83331341 0.73245496
vt 0.83331341 0.73245496
vt 0.83331335 0.80517507
vt 0.63267183 0.74121028
vt 0.71508437 0.74121028
vt 0.72871685 0.73245496
vt 0.63292724 0.73245496
vt 0.19373415 0.74121034
vt 0.27903882 0.74121034
vt 0.26562405 0.73245502
vt 0.16668658 0.73245502
vt 0.80626577 0.79641974
vt 0.72383291 0.79641974
vt 0.73748434 0.80517507
vt 0.83331335 0.80517507
vt 0.19373414 0.79641980
vt 0.19373415 0.74121034
vt 0.16668658 0.73245502
vt 0.16668656 0.80517507
vt 0.80626577 0.74121022
vt 0.83331341 0.73245496
vt 0.19373414 0.79641980
vt 0.27906370 0.79641974
vt 0.27905729 0.74121034
vt 0.19373415 0.74121034
vt 0.28777337 0.79641974
vt 0.37310296 0.79641974
vt 0.37310284 0.74121034
vt 0.28777972 0.74121034
vt 0.80626577 0.79641974
vt 0.80626577 0.74121022
vt 0.80626577 0.74121022
vt 0.80626577 0.79641974
vt 0.63267142 0.79641974
vt 0.71510953 0.79641974
vt 0.71510315 0.74121028
vt 0.63267159 0.74121028
vt 0.72382766 0.79641974
vt 0.80626577 0.79641974
vt 0.80626577 0.74121022
vt 0.72383434 0.74121028
vt 0.19373414 0.79641980
vt 0.27905861 0.79641974
vt 0.27906370 0.79641974
vt 0.19373414 0.79641980
vt 0.63267148 0.79641974
vt 0.71510428 0.79641974
vt 0.71510953 0.79641974
vt 0.63267148 0.79641974
vt 0.37310290 0.79641980
vt 0.28777847 0.79641980
vt 0.27438229 0.80517507
vt 0.37335789 0.80517507
vt 0.73088086 0.33821201
vt 0.74353153 0.33005726
vt 0.16668656 0.80517507
vt 0.26566708 0.80517507
vt 0.26566213 0.80517507
vt 0.16668656 0.80517507
vt 0.61711991 0.94849122
vt 0.77559304 0.84645826
vt 0.77559090 0.94849122
vt 0.27437747 0.80517507
vt 0.37335798 0.80517507
vt 0.37335786 0.80517507
vt 0.27438229 0.80517507
vt 0.25847441 0.62599963
vt 0.32006341 0.62599963
vt 0.32006961 0.62599963
vt 0.25847441 0.62599963
vt 0.72876048 0.80517507
vt 0.63292640 0.80517507
vt 0.61712128 0.84016687
vt 0.77549267 0.84016687
vt 0.61523902 0.62599963
vt 0.67454630 0.62599963
vt 0.67455304 0.62599963
vt 0.61523926 0.62599963
vt 0.38931489 0.62599963
vt 0.32772589 0.62599963
vt 0.31713632 0.63292450
vt 0.38951680 0.63292450
vt 0.83331341 0.73245496
vt 0.73753673 0.73245502
vt 0.73752385 0.73245496
vt 0.83331341 0.73245496
vt 0.05858701 0.68960029
vt 0.05858701 0.49896085
vt 0.22122508 0.49896085
vt 0.22122477 0.68960029
vt 0.68221170 0.62599963
vt 0.74152559 0.62599957
vt 0.74152559 0.56551850
vt 0.68221849 0.56551850
vt 0.63292754 0.73245502
vt 0.72870415 0.73245502
vt 0.77541763 0.69746315
vt 0.61712259 0.69746315
vt 0.73874682 0.33005726
vt 0.78314286 0.30154157
vt 0.61711979 0.68960035
vt 0.61711997 0.49896085
vt 0.77559656 0.49896085
vt 0.77559608 0.68960035
vt 0.14724761 0.44467282
vt 0.18290390 0.44509679
vt 0.27717379 0.45748699
vt 0.37293568 0.45748699
vt 0.17187265 0.45748705
vt 0.27216318 0.45748699
vt 0.26763460 0.45748699
vt 0.17187265 0.45748705
vt 0.62491703 0.45748699
vt 0.72210568 0.45748699
vt 0.72591084 0.45748699
vt 0.63325101 0.45748699
vt 0.38126972 0.45748699
vt 0.28097916 0.45748699
vt 0.26845220 0.46564186
vt 0.38151407 0.46564186
vt 0.76291829 0.55859369
vt 0.69308347 0.55859369
vt 0.69306159 0.55859369
vt 0.76291829 0.55859369
vt 0.14668007 0.46564186
vt 0.26451927 0.46564186
vt 0.25974196 0.46564186
vt 0.14668007 0.46564186
vt 0.81737721 0.35102624
vt 0.73540854 0.33821201
vt 0.61544573 0.55859369
vt 0.68528062 0.55859369
vt 0.77534032 0.50081497
vt 0.61713052 0.50081503
vt 0.27251562 0.46564186
vt 0.39035487 0.46564186
vt 0.38151407 0.46564186
vt 0.26845217 0.46564186
vt 0.09475325 0.00000006
vt 0.21670525 0.00000000
vt 0.22121392 0.00000000
vt 0.05858701 0.00000000
vt 0.77531278 0.49415755
vt 0.61713350 0.49415755
vt 0.61713064 0.50081497
vt 0.77534032 0.50081497
vt 0.39120132 0.84016687
vt 0.22866563 0.84016687
vt 0.22864081 0.84704268
vt 0.39120167 0.84704268
vt 0.27443215 0.73245502
vt 0.37335697 0.73245502
vt 0.39119998 0.69746315
vt 0.22873831 0.69746315
vt 0.23708174 0.63292450
vt 0.30945891 0.63292450
vt 0.30946225 0.63292450
vt 0.23708174 0.63292450
vt 0.22122476 0.68960035
vt 0.22122414 0.69632357
vt 0.05858701 0.69632357
vt 0.31719208 0.55859375
vt 0.38951141 0.55859375
vt 0.39119193 0.50081503
vt 0.22881439 0.50081503
vt 0.61630613 0.33005726
vt 0.73087919 0.33005726
vt 0.77540261 0.30154151
vt 0.61713254 0.30154157
vt 0.05858701 0.49232811
vt 0.22122499 0.49232817
vt 0.22122510 0.49896085
vt 0.77559537 0.29231155
vt 0.77559614 0.29898435
vt 0.61711991 0.29898435
vt 0.77541912 0.69070321
vt 0.61712271 0.69070321
vt 0.61712265 0.69746315
vt 0.77105504 0.00000000
vt 0.65328783 0.00000000
vt 0.61712164 0.00000006
vt 0.77557218 0.00000006
vt 0.77559614 0.68960035
vt 0.77548784 0.10107458
vt 0.05858701 0.29489863
vt 0.22107290 0.29489863
vt 0.22111122 0.10107458
vt 0.05858701 0.29231149
vt 0.22122386 0.29231155
vt 0.22122461 0.29898429
vt 0.05858701 0.29898429
vt 0.22870721 0.29489857
vt 0.39119309 0.29489863
vt 0.39119554 0.10107458
vt 0.22867133 0.10107458
vt 0.78745699 0.00000000
vt 0.78294784 0.00000000
vt 0.61711985 0.49232817
vt 0.77559650 0.49232817
vt 0.61711991 0.49896085
vt 0.21668278 0.00000006
vt 0.09475325 0.00000006
vt 0.05858701 0.00000006
vt 0.22119947 0.00000012
vt 0.78302282 0.09296060
vt 0.94141293 0.09296060
vt 0.94141299 0.05369925
vt 0.78300077 0.05369925
vt 0.63267148 0.79641974
vt 0.63267148 0.79641974
vt 0.37310296 0.79641974
vt 0.37310290 0.79641974
vt 0.37310252 0.74121034
vt 0.37310281 0.74121034
vt 0.63267159 0.74121028
vt 0.63267183 0.74121028
vt 0.63292646 0.80517507
vt 0.63267148 0.79641974
vt 0.37335724 0.73245502
vt 0.37310249 0.74121034
vt 0.63292640 0.80517507
vt 0.63292646 0.80517507
vt 0.37335786 0.80517507
vt 0.37335798 0.80517507
vt 0.37335694 0.73245502
vt 0.37335727 0.73245502
vt 0.63292724 0.73245496
vt 0.63292754 0.73245502
vt 0.38931277 0.56551856
vt 0.38931382 0.56551850
vt 0.61523998 0.56551850
vt 0.61524105 0.56551850
vt 0.61544037 0.63292444
vt 0.61523902 0.62599963
vt 0.38951313 0.55859375
vt 0.38931280 0.56551856
vt 0.61544013 0.63292450
vt 0.61544037 0.63292450
vt 0.38951683 0.63292450
vt 0.38951701 0.63292450
vt 0.38951141 0.55859375
vt 0.38951313 0.55859375
vt 0.61544406 0.55859369
vt 0.61544573 0.55859375
vt 0.61523902 0.62599963
vt 0.61523926 0.62599963
vt 0.38931450 0.62599963
vt 0.38931489 0.62599963
vt 0.38951701 0.63292450
vt 0.39119986 0.69070321
vt 0.61544013 0.63292450
vt 0.61544573 0.55859369
vt 0.61713052 0.50081503
vt 0.39119193 0.50081503
vt 0.38951141 0.55859375
vt 0.63325107 0.45748693
vt 0.85408378 0.44467264
vt 0.38127005 0.33821213
vt 0.37293592 0.33821213
vt 0.63325071 0.33821201
vt 0.62491661 0.33821207
vt 0.62514758 0.46564186
vt 0.62491697 0.45748699
vt 0.38151455 0.33005726
vt 0.38127008 0.33821207
vt 0.61630678 0.46564186
vt 0.62514758 0.46564186
vt 0.38151407 0.46564186
vt 0.39035487 0.46564186
vt 0.39035553 0.33005726
vt 0.38151455 0.33005726
vt 0.62514704 0.33005726
vt 0.61630619 0.33005726
vt 0.62491703 0.45748699
vt 0.63325101 0.45748699
vt 0.37293571 0.45748699
vt 0.38126972 0.45748699
vt 0.39035484 0.46564186
vt 0.39118910 0.49415755
vt 0.61713350 0.49415755
vt 0.61630678 0.46564186
vt 0.65328783 0.00000000
vt 0.65328771 0.00000000
vt 0.61712146 0.00000012
vt 0.61712164 0.00000006
vt 0.22858842 1.00000000
vt 0.39120248 1.00000000
vt 0.39120251 1.00000000
vt 0.22858895 1.00000000
vt 0.39120275 0.84645826
vt 0.39120269 0.83960485
vt 0.61712092 0.84704262
vt 0.39120275 0.69632363
vt 0.39120269 0.68960035
vt 0.39120281 0.49896085
vt 0.39120266 0.49232817
vt 0.39118913 0.49415755
vt 0.39119190 0.50081503
vt 0.61713064 0.50081497
vt 0.39119309 0.29489869
vt 0.39118996 0.30154157
vt 0.61713260 0.30154157
vt 0.61712939 0.29489863
vt 0.39120266 0.29898429
vt 0.39120260 0.29231155
vt 0.61712062 0.97727692
vt 0.61712062 0.93645477
vt 0.61712062 0.93645477
vt 0.61712062 0.97727692
vt 0.61711991 1.00000000
vt 0.39120263 1.00000000
vt 0.39120272 0.83960485
vt 0.39120272 0.69632357
vt 0.39120248 0.09777987
vt 0.39120272 0.68960035
vt 0.39120278 0.49896085
vt 0.39119732 0.09296060
vt 0.61712027 0.08913642
vt 0.39120251 0.09777993
vt 0.61711991 0.29898429
vt 0.61712062 0.93645477
vt 0.61712086 0.84704268
vt 0.39120170 0.84704268
vt 0.61712039 0.00000000
vt 0.61712021 0.08913642
vt 0.39119875 0.05369925
vt 0.78294510 1.00000000
vt 0.78294212 0.94849122
vt 0.94141304 0.94849122
vt 0.94141299 1.00000000
vt 0.05858701 0.97727692
vt 0.05858701 0.93645477
vt 0.00000000 0.91848642
vt 0.00000000 0.95818913
vt 0.99999994 0.95818919
vt 1.00000000 0.91848642
vt 0.94141293 0.93645477
vt 0.94141299 0.97727692
vt 0.22857320 1.00000000
vt 0.61712062 0.97727692
vt 0.61712062 0.93645477
vt 0.39120188 0.93645477
vt 0.39120197 0.97727692
vt 0.39120200 0.97727692
vt 0.39120227 1.00000000
vt 0.61712044 1.00000000
vt 0.61712062 0.97727692
vt 0.39120188 0.93645477
vt 0.39120197 0.97727692
vt 0.39120197 0.97727692
vt 0.39120188 0.93645477
vt 0.61712044 1.00000000
vt 0.61712062 0.97727692
vt 0.61712062 0.97727692
vt 0.61712044 1.00000000
vt 0.61712062 0.93645477
vt 0.39120188 0.93645477
vt 0.39120188 0.93645477
vt 0.61712062 0.93645477
vt 0.39120200 0.97727692
vt 0.39120227 1.00000000
vt 0.39120227 1.00000000
vt 0.39120200 0.97727692
vt 0.05858701 1.00000000
vt 0.05858701 0.94849122
vt 0.22121939 0.94849122
vt 0.22121646 1.00000000
vt 0.61711991 1.00000000
vt 0.61711991 1.00000000
vt 0.39120266 1.00000000
vt 0.39120263 1.00000000
vt 0.77559084 0.94849122
vt 0.77558792 1.00000000
vt 0.00000000 0.68899727
vt 0.00000000 0.68227398
vt 1.00000000 0.68227410
vt 1.00000000 0.68226564
vt 1.00000000 0.68898892
vt 1.00000000 0.68899727
vt 0.00000000 0.49911606
vt 0.00000000 0.49248129
vt 0.99999994 0.49248141
vt 0.99999988 0.49246722
vt 0.99999988 0.49910283
vt 0.99999994 0.49911606
vt 0.00000000 0.30671805
vt 0.00000000 0.30005056
vt 0.99999988 0.30005074
vt 0.99999994 0.30003250
vt 0.99999988 0.30669802
vt 0.99999988 0.30671811
vt 0.00000000 0.93151981
vt 0.00000000 0.98103350
vt 0.00000000 0.98103350
vt 0.00000000 0.93151802
vt 1.00000000 0.68227410
vt 0.99999994 0.49911606
vt 0.99999988 0.49910283
vt 1.00000000 0.68226564
vt 0.00000000 0.49911606
vt 0.00000000 0.68227398
vt 0.00000000 0.68226558
vt 0.00000000 0.49910283
vt 0.00000000 0.30671805
vt 0.00000000 0.49248129
vt 0.00000000 0.49246705
vt 0.00000000 0.30669796
vt 0.77559257 0.08913642
vt 0.77559429 0.09777999
vt 0.99999994 0.49248141
vt 0.99999988 0.30671811
vt 0.99999988 0.30669802
vt 0.99999988 0.49246722
vt 1.00000000 0.98103350
vt 0.99999988 0.98103350
vt 0.94141304 1.00000000
vt 0.94141299 1.00000000
vt 1.00000000 0.98103350
vt 0.99999994 0.93151981
vt 0.99999988 0.93151802
vt 0.99999988 0.98103350
vt 0.05858701 1.00000000
vt 0.22121646 1.00000000
vt 0.22121251 1.00000000
vt 0.05858701 1.00000000
vt 0.10407595 1.00000000
vt 0.10407595 1.00000000
vt 0.05858701 1.00000000
vt 0.05858701 1.00000000
vt 0.39120144 0.00000000
vt 0.39120126 0.00000006
vt 0.61712134 0.00000006
vt 0.61712116 0.00000000
vt 0.61711991 1.00000000
vt 0.77558792 1.00000000
vt 0.77558386 1.00000000
vt 0.61711991 1.00000000
vt 0.94141299 1.00000000
vt 0.94141304 0.94849122
vt 0.99999994 0.93151981
vt 1.00000000 0.98103350
vt 0.05858701 0.00000006
vt 0.05858701 0.00000000
vt 0.00000000 0.01880348
vt 0.00000000 0.01869279
vt 1.00000000 0.98103350
vt 1.00000000 0.93151039
vt 1.00000000 0.93142974
vt 0.99999994 0.98103356
vt 0.39120114 0.00000012
vt 0.39120102 0.00000012
vt 0.61712164 0.00000006
vt 0.61712146 0.00000012
vt 0.61712003 1.00000000
vt 0.61712003 1.00000000
vt 0.39120257 1.00000000
vt 0.39120260 1.00000000
vt 0.35503489 0.00000000
vt 0.23310536 0.00000000
vt 0.22858857 0.00000012
vt 0.39120102 0.00000012
vt 0.77553713 0.93645477
vt 0.77551824 0.84704262
vt 0.22867131 0.10107458
vt 0.22864425 0.09296060
vt 0.22857320 1.00000000
vt 0.39120263 1.00000000
vt 0.39120266 1.00000000
vt 0.22857717 1.00000000
vt 0.22864082 0.84704268
vt 0.22112271 0.84016687
vt 0.05858700 0.84016687
vt 0.05858700 0.84704268
vt 0.22114787 0.84704268
vt 0.22856686 0.09777987
vt 0.22856665 0.83960485
vt 0.22856577 0.29231155
vt 0.22856684 0.09777987
vt 0.22870719 0.29489863
vt 0.22875485 0.30154157
vt 0.22856466 0.49232817
vt 0.22856507 0.29898429
vt 0.22093447 0.49415755
vt 0.05858701 0.49415755
vt 0.05858701 0.50081503
vt 0.22096454 0.50081503
vt 0.22856496 0.68960035
vt 0.22856472 0.49896085
vt 0.22856666 0.83960485
vt 0.22856560 0.69632357
vt 0.22105011 0.69070321
vt 0.05858701 0.69070327
vt 0.05858701 0.69746315
vt 0.22104865 0.69746315
vt 0.22122498 0.49232817
vt 0.39118913 0.49415755
vt 0.22884168 0.49415755
vt 0.22881438 0.50081503
vt 0.39119190 0.50081503
vt 0.26458913 0.33005726
vt 0.14668006 0.33005726
vt 0.14668006 0.33005726
vt 0.25980547 0.33005726
vt 0.38127005 0.33821213
vt 0.28092358 0.33821213
vt 0.27711701 0.33821213
vt 0.37293592 0.33821213
vt 0.27221906 0.33821213
vt 0.17187262 0.33821213
vt 0.17187262 0.33821213
vt 0.26769149 0.33821213
vt 0.30940107 0.55859375
vt 0.23708174 0.55859375
vt 0.23708174 0.55859375
vt 0.30942267 0.55859375
vt 0.38931277 0.56551856
vt 0.32774439 0.56551856
vt 0.32772535 0.56551850
vt 0.38931382 0.56551850
vt 0.32004285 0.56551856
vt 0.25847444 0.56551856
vt 0.25847444 0.56551856
vt 0.32006297 0.56551856
vt 0.28092360 0.33821213
vt 0.26838917 0.33005726
vt 0.26561138 0.73245502
vt 0.16668658 0.73245502
vt 0.16668658 0.73245502
vt 0.26562405 0.73245502
vt 0.37310252 0.74121034
vt 0.28779787 0.74121034
vt 0.28777969 0.74121034
vt 0.37310281 0.74121034
vt 0.27903882 0.74121034
vt 0.19373415 0.74121034
vt 0.19373415 0.74121034
vt 0.27905729 0.74121034
vt 0.28777847 0.79641980
vt 0.37310290 0.79641974
vt 0.37310296 0.79641974
vt 0.28777337 0.79641974
vt 0.27905858 0.79641980
vt 0.19373414 0.79641980
vt 0.16668656 0.80517507
vt 0.26566213 0.80517507
vt 0.26566708 0.80517507
vt 0.16668656 0.80517507
vt 0.22112268 0.84016687
vt 0.37335694 0.73245502
vt 0.27443215 0.73245502
vt 0.27441981 0.73245502
vt 0.37335727 0.73245502
vt 0.32772589 0.62599963
vt 0.38931489 0.62599963
vt 0.38931450 0.62599963
vt 0.32771930 0.62599963
vt 0.28779787 0.74121034
vt 0.27441981 0.73245502
vt 0.32006344 0.62599963
vt 0.25847441 0.62599963
vt 0.23708174 0.63292450
vt 0.30946222 0.63292450
vt 0.31713977 0.63292450
vt 0.22873676 0.69070321
vt 0.38951141 0.55859375
vt 0.31719205 0.55859375
vt 0.31717223 0.55859375
vt 0.38951313 0.55859375
vt 0.32774439 0.56551856
vt 0.31717226 0.55859375
vt 0.18327054 0.44467282
vt 0.21145931 0.44467288
vt 0.17187265 0.45748705
vt 0.26763457 0.45748699
vt 0.28097916 0.45748705
vt 0.38126972 0.45748699
vt 0.37293571 0.45748699
vt 0.27717382 0.45748699
vt 0.27216318 0.45748705
vt 0.17187265 0.45748705
vt 0.14668007 0.46564186
vt 0.25974193 0.46564186
vt 0.26451927 0.46564186
vt 0.14668007 0.46564186
vt 0.05858701 0.49415755
vt 0.22093444 0.49415755
vt 0.39035553 0.33005726
vt 0.27244645 0.33005726
vt 0.26838914 0.33005726
vt 0.38151455 0.33005726
vt 0.23308308 0.00000000
vt 0.35503510 0.00000000
vt 0.39120144 0.00000000
vt 0.22857453 0.00000000
vt 0.22856496 0.68960029
vt 0.22856468 0.49232817
vt 0.22856578 0.29231155
vt 0.22856505 0.29898429
vt 0.30945891 0.63292450
vt 0.23708174 0.63292450
vt 0.05858701 0.69070327
vt 0.22105010 0.69070321
vt 0.05858701 0.00000000
vt 0.22121851 0.00000000
vt 0.22122093 0.08913636
vt 0.05858701 0.97727692
vt 0.22118013 0.97727692
vt 0.22116652 0.93645477
vt 0.05858701 0.93645477
vt 0.22107290 0.29489857
vt 0.22102213 0.30154157
vt 0.22864427 0.09296060
vt 0.22862394 0.05369925
vt 0.78293836 0.83960485
vt 0.88762724 0.83960491
vt 0.88762730 0.84645826
vt 0.78293991 0.84645826
vt 0.61712003 1.00000000
vt 0.61712009 1.00000000
vt 0.39120251 1.00000000
vt 0.39120251 1.00000000
vt 0.78294504 1.00000000
vt 0.94141299 1.00000000
vt 0.94141304 1.00000000
vt 0.78294903 1.00000000
vt 0.78301561 0.84704262
vt 0.78293645 0.49232817
vt 0.78293687 0.29898429
vt 0.94141304 0.29898435
vt 0.94141304 0.49232817
vt 0.65328759 0.00000000
vt 0.77107739 0.00000000
vt 0.77558631 0.00000000
vt 0.61712116 0.00000000
vt 0.78293651 0.68960035
vt 0.78293639 0.49896085
vt 0.94141304 0.49896085
vt 0.94141299 0.68960035
vt 0.78293890 0.09777999
vt 0.78294069 0.08913648
vt 0.94141304 0.09777999
vt 0.85331988 0.33005720
vt 0.73874688 0.33005726
vt 0.74353153 0.33005726
vt 0.85331988 0.33005720
vt 0.73087919 0.33005726
vt 0.73493540 0.33005726
vt 0.61630678 0.46564186
vt 0.73080754 0.46564186
vt 0.73487020 0.46564186
vt 0.62514758 0.46564186
vt 0.73093879 0.45748693
vt 0.82812732 0.45748693
vt 0.82812732 0.45748693
vt 0.73546749 0.45748699
vt 0.73881912 0.46564186
vt 0.85331988 0.46564180
vt 0.85331988 0.46564180
vt 0.74359733 0.46564180
vt 0.72216314 0.33821201
vt 0.62491661 0.33821207
vt 0.63325071 0.33821201
vt 0.72596955 0.33821201
vt 0.68528062 0.55859369
vt 0.61544573 0.55859375
vt 0.61544406 0.55859369
vt 0.68530083 0.55859369
vt 0.61544013 0.63292450
vt 0.68533355 0.63292450
vt 0.68533719 0.63292444
vt 0.61544037 0.63292450
vt 0.68221825 0.62599963
vt 0.74152559 0.62599957
vt 0.74152559 0.62599957
vt 0.68221170 0.62599963
vt 0.69302481 0.63292450
vt 0.76291823 0.63292444
vt 0.76291823 0.63292444
vt 0.69302142 0.63292450
vt 0.67452759 0.56551850
vt 0.61524105 0.56551850
vt 0.61523998 0.56551850
vt 0.67454702 0.56551850
vt 0.72870415 0.73245502
vt 0.63292754 0.73245502
vt 0.63292724 0.73245496
vt 0.72871685 0.73245496
vt 0.77559024 0.00000000
vt 0.77559257 0.08913648
vt 0.73747927 0.80517507
vt 0.83331335 0.80517507
vt 0.83331335 0.80517507
vt 0.73748434 0.80517507
vt 0.71508437 0.74121028
vt 0.63267183 0.74121028
vt 0.63267159 0.74121028
vt 0.71510309 0.74121028
vt 0.72383296 0.79641974
vt 0.80626577 0.79641974
vt 0.80626577 0.79641974
vt 0.72382766 0.79641974
vt 0.80626577 0.74121022
vt 0.72385335 0.74121028
vt 0.72383434 0.74121028
vt 0.80626577 0.74121022
vt 0.71510428 0.79641974
vt 0.72875541 0.80517507
vt 0.77559614 0.29898429
vt 0.74152559 0.56551850
vt 0.68223912 0.56551850
vt 0.68221843 0.56551850
vt 0.74152559 0.56551850
vt 0.67454630 0.62599963
vt 0.68533719 0.63292444
vt 0.72385335 0.74121028
vt 0.80626577 0.74121022
vt 0.83331341 0.73245496
vt 0.73752379 0.73245496
vt 0.68533355 0.63292450
vt 0.68223912 0.56551850
vt 0.74152559 0.56551850
vt 0.76291829 0.55859369
vt 0.69306159 0.55859369
vt 0.82812738 0.33821201
vt 0.73088080 0.33821201
vt 0.73540854 0.33821201
vt 0.82812738 0.33821201
vt 0.72210562 0.45748699
vt 0.62491697 0.45748699
vt 0.62514758 0.46564186
vt 0.73487020 0.46564186
vt 0.82524478 0.44467264
vt 0.85408378 0.44467264
vt 0.63325107 0.45748693
vt 0.72591078 0.45748693
vt 0.73080754 0.46564192
vt 0.61630678 0.46564186
vt 0.61713350 0.49415755
vt 0.77531278 0.49415755
vt 0.63292640 0.80517507
vt 0.72876048 0.80517507
vt 0.72875541 0.80517507
vt 0.63292646 0.80517507
vt 0.78311795 0.69746315
vt 0.94141293 0.49415749
vt 0.78323364 0.49415755
vt 0.78320324 0.50081497
vt 0.94141293 0.50081497
vt 0.77545112 0.29489863
vt 0.77540272 0.30154157
vt 0.61712062 0.97727692
vt 0.77555114 0.97727692
vt 0.94141299 0.69632363
vt 0.78293723 0.69632363
vt 0.78293765 0.29231155
vt 0.94141304 0.29231155
vt 0.78293681 0.29898435
vt 0.94141293 0.29489857
vt 0.78309113 0.29489863
vt 0.78314292 0.30154151
vt 0.77549273 0.84016687
vt 0.77551830 0.84704262
vt 0.78305221 0.10107452
vt 0.94141293 0.10107458
vt 0.22858734 1.00000000
vt 0.22858785 1.00000000
vt 0.22120170 1.00000000
vt 0.22120225 1.00000000
vt 0.23308308 0.00000000
vt 0.22857453 0.00000000
vt 0.22121392 0.00000000
vt 0.21670525 0.00000000
vt 0.21668278 0.00000006
vt 0.22119947 0.00000012
vt 0.22858857 0.00000012
vt 0.23310536 0.00000000
vt 0.22857320 1.00000000
vt 0.22857717 1.00000000
vt 0.22121251 1.00000000
vt 0.22121646 1.00000000
vt 0.22121938 0.94849122
vt 0.22122157 0.84645820
vt 0.22122264 0.09777987
vt 0.22093447 0.49415755
vt 0.22096454 0.50081503
vt 0.22881438 0.50081503
vt 0.22884168 0.49415755
vt 0.22122307 0.83960485
vt 0.22122413 0.69632357
vt 0.22105011 0.69070321
vt 0.22104865 0.69746315
vt 0.26451927 0.46564186
vt 0.22093444 0.49415755
vt 0.22884166 0.49415755
vt 0.27251562 0.46564186
vt 0.26458913 0.33005726
vt 0.25980547 0.33005726
vt 0.26838914 0.33005726
vt 0.27244645 0.33005726
vt 0.27216318 0.45748705
vt 0.25974193 0.46564186
vt 0.27221906 0.33821213
vt 0.26769149 0.33821213
vt 0.27711701 0.33821213
vt 0.28092358 0.33821213
vt 0.18327054 0.44467282
vt 0.26763457 0.45748699
vt 0.30940107 0.55859375
vt 0.30942267 0.55859375
vt 0.31717223 0.55859375
vt 0.31719205 0.55859375
vt 0.32004285 0.56551856
vt 0.32006297 0.56551856
vt 0.32772535 0.56551850
vt 0.32774439 0.56551856
vt 0.26561138 0.73245502
vt 0.26562405 0.73245502
vt 0.27441981 0.73245502
vt 0.27443215 0.73245502
vt 0.27903882 0.74121034
vt 0.27905729 0.74121034
vt 0.28777969 0.74121034
vt 0.28779787 0.74121034
vt 0.28777847 0.79641980
vt 0.28777337 0.79641974
vt 0.27906370 0.79641974
vt 0.27905861 0.79641974
vt 0.27437747 0.80517507
vt 0.27438229 0.80517507
vt 0.26566213 0.80517507
vt 0.26566708 0.80517507
vt 0.22104867 0.69746315
vt 0.26561138 0.73245502
vt 0.32772589 0.62599963
vt 0.32771930 0.62599963
vt 0.32006961 0.62599963
vt 0.32006341 0.62599963
vt 0.32006297 0.56551850
vt 0.32006958 0.62599963
vt 0.30942264 0.55859375
vt 0.32004285 0.56551856
vt 0.31713977 0.63292450
vt 0.31713635 0.63292450
vt 0.30946225 0.63292450
vt 0.30945891 0.63292450
vt 0.31719208 0.55859375
vt 0.22881439 0.50081503
vt 0.22096457 0.50081503
vt 0.30940107 0.55859375
vt 0.28097916 0.45748705
vt 0.27717382 0.45748699
vt 0.26763460 0.45748699
vt 0.27216318 0.45748699
vt 0.27251562 0.46564186
vt 0.26845217 0.46564186
vt 0.25974196 0.46564186
vt 0.26451927 0.46564186
vt 0.17571186 1.00000000
vt 0.17571224 1.00000000
vt 0.22120111 1.00000000
vt 0.22120056 1.00000000
vt 0.22122155 0.84645820
vt 0.22122306 0.83960485
vt 0.30945891 0.63292450
vt 0.22105010 0.69070321
vt 0.22114788 0.84704268
vt 0.78295982 1.00000000
vt 0.78296041 1.00000000
vt 0.77557272 1.00000000
vt 0.77557325 1.00000000
vt 0.78745699 0.00000000
vt 0.78294784 0.00000000
vt 0.77558631 0.00000000
vt 0.77107739 0.00000000
vt 0.77105504 0.00000000
vt 0.77557218 0.00000006
vt 0.78296238 0.00000006
vt 0.78747964 0.00000000
vt 0.78294504 1.00000000
vt 0.78294903 1.00000000
vt 0.77558386 1.00000000
vt 0.77558792 1.00000000
vt 0.73087919 0.33005726
vt 0.73493540 0.33005726
vt 0.74353153 0.33005726
vt 0.73874688 0.33005726
vt 0.69308352 0.55859369
vt 0.78320318 0.50081497
vt 0.77534032 0.50081497
vt 0.68528062 0.55859369
vt 0.73093879 0.45748693
vt 0.73546749 0.45748699
vt 0.72591084 0.45748699
vt 0.72210568 0.45748699
vt 0.73881912 0.46564186
vt 0.74359733 0.46564180
vt 0.73487020 0.46564186
vt 0.73080754 0.46564186
vt 0.72216314 0.33821201
vt 0.72596955 0.33821201
vt 0.73540854 0.33821201
vt 0.73088080 0.33821201
vt 0.68528062 0.55859369
vt 0.68530083 0.55859369
vt 0.69306159 0.55859369
vt 0.69308347 0.55859369
vt 0.73753673 0.73245502
vt 0.68221825 0.62599963
vt 0.68221170 0.62599963
vt 0.67455304 0.62599963
vt 0.67454630 0.62599963
vt 0.69302481 0.63292450
vt 0.69302142 0.63292450
vt 0.68533719 0.63292444
vt 0.68533355 0.63292450
vt 0.67452759 0.56551850
vt 0.67454702 0.56551850
vt 0.68221843 0.56551850
vt 0.68223912 0.56551850
vt 0.72870415 0.73245502
vt 0.72871685 0.73245496
vt 0.73752385 0.73245496
vt 0.73753673 0.73245502
vt 0.73747927 0.80517507
vt 0.73748434 0.80517507
vt 0.72875541 0.80517507
vt 0.72876048 0.80517507
vt 0.71508437 0.74121028
vt 0.71510309 0.74121028
vt 0.72383434 0.74121028
vt 0.72385335 0.74121028
vt 0.72383296 0.79641974
vt 0.72382766 0.79641974
vt 0.71510953 0.79641974
vt 0.71510428 0.79641974
vt 0.72382766 0.79641974
vt 0.72383434 0.74121028
vt 0.72385335 0.74121028
vt 0.73752379 0.73245496
vt 0.68223912 0.56551850
vt 0.69306159 0.55859369
vt 0.82524478 0.44467264
vt 0.72591078 0.45748693
vt 0.72210562 0.45748699
vt 0.73487020 0.46564186
vt 0.74359733 0.46564186
vt 0.73093873 0.45748699
vt 0.77531278 0.49415755
vt 0.78320324 0.50081497
vt 0.78323364 0.49415755
vt 0.73080754 0.46564192
vt 0.73881912 0.46564186
vt 0.78293771 0.29231155
vt 0.78305221 0.10107458
vt 0.00000000 0.98103362
vt 0.00000000 0.98103356
vt 0.05858701 1.00000000
vt 0.05858701 1.00000000
vt 0.78296101 1.00000000
vt 0.78296155 1.00000000
vt 0.77557153 1.00000000
vt 0.77557200 1.00000000
vt 0.17571309 1.00000000
vt 0.10407595 1.00000000
vt 0.05858701 1.00000000
vt 0.22120225 1.00000000
vt 0.10407595 1.00000000
vt 0.17571186 1.00000000
vt 0.22120056 1.00000000
vt 0.05858701 1.00000000
vt 0.89592421 1.00000000
vt 0.82844895 1.00000000
vt 0.78295982 1.00000000
vt 0.94141304 1.00000000
vt 0.82845020 1.00000000
vt 0.78296155 1.00000000
vt 0.78296041 1.00000000
vt 0.78296101 1.00000000
vt 0.77557212 1.00000000
vt 0.77557266 1.00000000
vt 0.82844979 1.00000000
vt 0.82845020 1.00000000
vt 0.78296155 1.00000000
vt 0.78296107 1.00000000
vt 0.17571227 1.00000000
vt 0.17571266 1.00000000
vt 0.22120167 1.00000000
vt 0.22120114 1.00000000
vt 0.17571269 1.00000000
vt 0.17571309 1.00000000
vt 0.22120225 1.00000000
vt 0.22120170 1.00000000
vt 0.10407595 1.00000000
vt 0.10407595 1.00000000
vt 0.05858701 1.00000000
vt 0.05858701 1.00000000
vt 0.10407595 1.00000000
vt 0.05858701 1.00000000
vt 0.99999994 0.98103356
vt 0.99999994 0.98103356
vt 0.94141293 1.00000000
vt 0.94141299 1.00000000
vt 0.99999994 0.98103356
vt 0.99999994 0.98103362
vt 0.94141299 1.00000000
vt 0.94141293 1.00000000
vt 0.82844895 1.00000000
vt 0.82844937 1.00000000
vt 0.78296036 1.00000000
vt 0.78295982 1.00000000
vt 0.82844943 1.00000000
vt 0.82844979 1.00000000
vt 0.78296101 1.00000000
vt 0.78296041 1.00000000
vt 0.22858788 1.00000000
vt 0.22858839 1.00000000
vt 0.22120114 1.00000000
vt 0.22120167 1.00000000
vt 0.22858842 1.00000000
vt 0.22858895 1.00000000
vt 0.22120056 1.00000000
vt 0.22120111 1.00000000
vt 0.61712003 1.00000000
vt 0.61712003 1.00000000
vt 0.39120248 1.00000000
vt 0.39120257 1.00000000
vt 0.61712003 1.00000000
vt 0.77557206 1.00000000
vt 0.77557153 1.00000000
vt 0.61712009 1.00000000
vt 0.65328771 0.00000000
vt 0.65328765 0.00000000
vt 0.61712134 0.00000006
vt 0.61712146 0.00000012
vt 0.65328765 0.00000000
vt 0.65328759 0.00000000
vt 0.61712116 0.00000000
vt 0.61712134 0.00000006
vt 0.39120126 0.00000006
vt 0.39120114 0.00000012
vt 0.61712140 0.00000012
vt 0.61712134 0.00000006
vt 0.35503495 0.00000000
vt 0.35503489 0.00000000
vt 0.39120102 0.00000012
vt 0.39120114 0.00000012
vt 0.90524685 0.00000000
vt 0.90524685 0.00000000
vt 0.94141310 0.00000006
vt 0.94141304 0.00000006
vt 0.90524685 0.00000000
vt 0.94141304 0.00000006
vt 0.05858701 0.00000012
vt 0.05858701 0.00000006
vt 0.00000000 0.01867837
vt 0.00000000 0.01857495
vt 0.09475325 0.00000012
vt 0.05858701 0.00000006
vt 0.00000000 0.83315694
vt 0.00000000 0.93142533
vt 0.00000000 0.93134689
vt 0.00000000 0.83292317
vt 0.00000000 0.83290982
vt 0.00000000 0.93134242
vt 0.00000000 0.93126178
vt 0.00000000 0.83266938
vt 0.99999994 0.98103356
vt 1.00000000 0.93142527
vt 1.00000000 0.93134689
vt 0.99999994 0.98103356
vt 0.99999994 0.98103356
vt 1.00000000 0.93134236
vt 1.00000000 0.93126178
vt 0.99999994 0.98103362
vt 0.61712003 1.00000000
vt 0.77557325 1.00000000
vt 0.77557266 1.00000000
vt 0.61712003 1.00000000
vt 0.61712003 1.00000000
vt 0.77557266 1.00000000
vt 0.77557206 1.00000000
vt 0.61712003 1.00000000
vt 0.35503510 0.00000000
vt 0.35503504 0.00000000
vt 0.39120126 0.00000006
vt 0.39120144 0.00000000
vt 0.35503498 0.00000000
vt 0.35503495 0.00000000
vt 0.39120117 0.00000012
vt 0.39120126 0.00000006
vt 0.00000000 0.68797261
vt 0.00000000 0.82607102
vt 0.00000000 0.82582825
vt 0.00000000 0.68750143
vt 1.00000000 0.82607096
vt 1.00000000 0.82582819
vt 1.00000000 0.83266938
vt 1.00000000 0.83290982
vt 0.00000000 0.98103356
vt 0.00000000 0.98103350
vt 0.05858701 1.00000000
vt 0.05858701 1.00000000
vt 0.00000000 0.93151045
vt 0.00000000 0.98103350
vt 0.00000000 0.98103356
vt 0.00000000 0.93142974
vt 0.99999988 0.68124282
vt 0.99999988 0.49743235
vt 0.99999988 0.49665737
vt 0.99999988 0.68076885
vt 0.99999988 0.29769641
vt 0.99999988 0.29661250
vt 0.99999988 0.30327159
vt 0.99999988 0.30435514
vt 0.89592415 1.00000000
vt 0.94141299 1.00000000
vt 0.89592409 1.00000000
vt 0.89592415 1.00000000
vt 0.94141293 1.00000000
vt 0.94141293 1.00000000
vt 0.00000000 0.10321295
vt 0.00000000 0.11142385
vt 0.00000000 0.11007506
vt 0.00000000 0.10196185
vt 0.00000000 0.10188884
vt 0.00000000 0.10999650
vt 0.00000000 0.10860848
vt 0.00000000 0.10060132
vt 0.99999994 0.01869279
vt 0.99999994 0.01880348
vt 0.94141304 0.00000000
vt 0.94141304 0.00000006
vt 0.99999988 0.10457331
vt 0.99999994 0.01880348
vt 0.99999994 0.01869279
vt 0.99999988 0.10328579
vt 0.99999988 0.10999662
vt 0.99999988 0.10188890
vt 0.99999988 0.10060143
vt 0.99999988 0.10860860
vt 0.00000000 0.01867837
vt 0.00000000 0.10321295
vt 0.00000000 0.10196185
vt 0.00000000 0.01857495
vt 0.00000000 0.01856041
vt 0.00000000 0.10188884
vt 0.00000000 0.10060132
vt 0.00000000 0.01844978
vt 1.00000000 0.82607096
vt 0.99999994 0.68797243
vt 1.00000000 0.68750131
vt 1.00000000 0.82582819
vt 0.00000000 0.49743241
vt 0.00000000 0.49665743
vt 0.00000000 0.49001038
vt 0.00000000 0.49078768
vt 0.99999988 0.11289036
vt 0.99999988 0.10457331
vt 0.99999988 0.10328579
vt 0.99999988 0.11150235
vt 0.99999988 0.11142397
vt 0.99999988 0.10321301
vt 0.99999988 0.10196197
vt 0.99999988 0.11007518
vt 0.00000000 0.30435526
vt 0.00000000 0.49078768
vt 0.00000000 0.49001038
vt 0.00000000 0.30327165
vt 0.99999988 0.49078774
vt 0.99999988 0.49001038
vt 0.99999988 0.49665737
vt 0.99999988 0.49743235
vt 0.99999988 0.49078774
vt 0.99999988 0.30435514
vt 0.99999988 0.30327159
vt 0.99999988 0.49001038
vt 0.00000000 0.30435526
vt 0.00000000 0.29769647
vt 0.00000000 0.49743241
vt 0.00000000 0.68124288
vt 0.00000000 0.68076891
vt 0.00000000 0.49665743
vt 0.99999988 0.68124282
vt 0.99999988 0.68076885
vt 1.00000000 0.68750131
vt 0.99999994 0.68797243
vt 1.00000000 0.93134236
vt 1.00000000 0.83290982
vt 1.00000000 0.83266938
vt 1.00000000 0.93126178
vt 0.00000000 0.68797255
vt 0.00000000 0.68124288
vt 0.00000000 0.01880348
vt 0.00000000 0.10457331
vt 0.00000000 0.10328573
vt 0.00000000 0.01869279
vt 0.00000000 0.83290982
vt 0.00000000 0.82607102
vt 0.99999988 0.49240768
vt 0.99999988 0.30661380
vt 0.99999988 0.30553019
vt 0.99999988 0.49163038
vt 0.99999988 0.49158686
vt 0.99999988 0.30546927
vt 0.99999988 0.30441618
vt 0.99999988 0.49083126
vt 0.99999994 0.68223035
vt 0.99999988 0.49904728
vt 0.99999988 0.49827236
vt 0.99999988 0.68175638
vt 0.99999988 0.68172997
vt 0.99999988 0.49822897
vt 0.99999988 0.49747574
vt 0.99999988 0.68126923
vt 0.00000000 0.30661368
vt 0.00000000 0.49240756
vt 0.00000000 0.49163020
vt 0.00000000 0.30553007
vt 0.00000000 0.30546927
vt 0.00000000 0.49158680
vt 0.00000000 0.49083114
vt 0.00000000 0.30441612
vt 0.00000000 0.49904728
vt 0.00000000 0.68223023
vt 0.00000000 0.68175632
vt 0.00000000 0.49827230
vt 0.00000000 0.49822903
vt 0.00000000 0.68173003
vt 0.00000000 0.68126929
vt 0.00000000 0.49747568
vt 1.00000000 0.93142527
vt 1.00000000 0.83315694
vt 1.00000000 0.83292323
vt 1.00000000 0.93134689
vt 0.22858734 1.00000000
vt 0.39120260 1.00000000
vt 0.39120257 1.00000000
vt 0.22858785 1.00000000
vt 0.00000000 0.93134242
vt 0.00000000 0.98103356
vt 0.00000000 0.98103362
vt 0.00000000 0.93126178
vt 0.00000000 0.93142533
vt 0.00000000 0.98103356
vt 0.00000000 0.98103356
vt 0.00000000 0.93134689
vt 0.09475325 0.00000012
vt 0.05858701 0.00000012
vt 0.09475325 0.00000018
vt 0.09475325 0.00000012
vt 0.05858701 0.00000006
vt 0.05858701 0.00000012
vt 0.99999988 0.10188890
vt 0.99999994 0.01856035
vt 1.00000000 0.01844978
vt 0.99999988 0.10060143
vt 0.99999988 0.10321301
vt 0.99999994 0.01867837
vt 0.99999994 0.01857495
vt 0.99999988 0.10196197
vt 0.82844943 1.00000000
vt 0.78296041 1.00000000
vt 0.78296036 1.00000000
vt 0.82844937 1.00000000
vt 0.82844979 1.00000000
vt 0.78296107 1.00000000
vt 0.78296101 1.00000000
vt 0.82844979 1.00000000
vt 0.17571227 1.00000000
vt 0.22120114 1.00000000
vt 0.22120111 1.00000000
vt 0.17571224 1.00000000
vt 0.17571269 1.00000000
vt 0.22120170 1.00000000
vt 0.22120167 1.00000000
vt 0.17571266 1.00000000
vt 0.77557272 1.00000000
vt 0.78296041 1.00000000
vt 0.78296101 1.00000000
vt 0.77557200 1.00000000
vt 0.77557212 1.00000000
vt 0.22858788 1.00000000
vt 0.22858785 1.00000000
vt 0.22858839 1.00000000
vt 0.77557266 1.00000000
vt 0.61712003 1.00000000
vt 0.61712003 1.00000000
vt 0.77557266 1.00000000
vt 0.65328771 0.00000000
vt 0.61712146 0.00000012
vt 0.61712146 0.00000012
vt 0.65328771 0.00000000
vt 0.65328765 0.00000000
vt 0.61712134 0.00000006
vt 0.61712134 0.00000006
vt 0.65328765 0.00000000
vt 0.35503498 0.00000000
vt 0.39120126 0.00000006
vt 0.39120126 0.00000006
vt 0.35503504 0.00000000
vt 0.35503495 0.00000000
vt 0.39120114 0.00000012
vt 0.39120117 0.00000012
vt 0.35503495 0.00000000
vt 0.00000000 0.93134242
vt 0.00000000 0.83290982
vt 0.00000000 0.83292317
vt 0.00000000 0.93134689
vt 1.00000000 0.93142527
vt 0.99999994 0.98103356
vt 0.99999994 0.98103356
vt 1.00000000 0.93142974
vt 1.00000000 0.93134236
vt 0.99999994 0.98103356
vt 0.99999994 0.98103356
vt 1.00000000 0.93134689
vt 0.39120257 1.00000000
vt 0.39120257 1.00000000
vt 0.39120251 1.00000000
vt 0.39120248 1.00000000
vt 0.39120126 0.00000006
vt 0.61712134 0.00000006
vt 0.61712134 0.00000006
vt 0.39120126 0.00000006
vt 0.39120114 0.00000012
vt 0.61712140 0.00000012
vt 0.39120114 0.00000012
vt 1.00000000 0.83315694
vt 1.00000000 0.93142527
vt 1.00000000 0.93142974
vt 1.00000000 0.83317035
vt 1.00000000 0.83290982
vt 1.00000000 0.93134236
vt 1.00000000 0.93134689
vt 1.00000000 0.83292323
vt 0.00000000 0.98103356
vt 0.00000000 0.93142533
vt 0.00000000 0.93142974
vt 0.00000000 0.98103356
vt 0.00000000 0.98103356
vt 0.00000000 0.93134242
vt 0.00000000 0.93134689
vt 0.00000000 0.98103356
vt 0.99999988 0.30546927
vt 0.99999988 0.49158686
vt 0.99999988 0.49163038
vt 0.99999988 0.30553019
vt 0.99999988 0.30435514
vt 0.99999988 0.49078774
vt 0.99999988 0.49083126
vt 0.99999988 0.30441618
vt 0.99999994 0.98103356
vt 0.94141299 1.00000000
vt 0.94141293 1.00000000
vt 0.99999994 0.98103356
vt 0.94141293 1.00000000
vt 0.99999994 0.98103356
vt 0.00000000 0.11142385
vt 0.00000000 0.10321295
vt 0.00000000 0.10328573
vt 0.00000000 0.11150223
vt 0.00000000 0.10999650
vt 0.00000000 0.10188884
vt 0.00000000 0.10196185
vt 0.00000000 0.11007506
vt 0.99999988 0.10328579
vt 0.99999994 0.01869279
vt 0.99999994 0.01856035
vt 0.99999988 0.10188890
vt 0.99999988 0.10196197
vt 0.99999994 0.01857495
vt 0.99999988 0.10321301
vt 0.99999988 0.11142397
vt 0.99999988 0.11150235
vt 0.99999988 0.10328579
vt 0.99999988 0.10188890
vt 0.99999988 0.10999662
vt 0.99999988 0.11007518
vt 0.99999988 0.10196197
vt 0.00000000 0.49158680
vt 0.00000000 0.30546927
vt 0.00000000 0.30553007
vt 0.00000000 0.49163020
vt 0.00000000 0.49078768
vt 0.00000000 0.30435526
vt 0.00000000 0.30441612
vt 0.00000000 0.49083114
vt 0.99999988 0.11142397
vt 0.99999988 0.20009184
vt 0.99999988 0.19666141
vt 0.99999988 0.11150229
vt 0.99999982 0.10999668
vt 0.99999988 0.29769647
vt 0.99999988 0.29775751
vt 0.99999988 0.11007524
vt 0.99999988 0.68172997
vt 0.99999988 0.68175638
vt 0.99999988 0.68126923
vt 0.00000000 0.29769647
vt 0.00000000 0.10999650
vt 0.00000000 0.11007506
vt 0.00000000 0.29775745
vt 0.99999994 0.68845677
vt 1.00000000 0.76151741
vt 1.00000000 0.75926733
vt 0.99999994 0.68848300
vt 1.00000000 0.82607096
vt 1.00000000 0.82608449
vt 0.99999994 0.68799877
vt 0.00000000 0.68173003
vt 0.00000000 0.49822903
vt 0.00000000 0.49827230
vt 0.00000000 0.68175632
vt 0.00000000 0.49743241
vt 0.00000000 0.49747568
vt 0.00000000 0.82607102
vt 0.00000000 0.68797261
vt 0.00000000 0.68799877
vt 0.00000000 0.82608449
vt 0.00000000 0.30546927
vt 0.00000000 0.29881096
vt 0.00000000 0.29887176
vt 0.00000000 0.30553007
vt 0.00000000 0.30435526
vt 0.00000000 0.29769647
vt 0.00000000 0.29775745
vt 0.00000000 0.30441612
vt 0.99999988 0.29881102
vt 0.99999988 0.30546933
vt 0.99999988 0.30553019
vt 0.99999988 0.29887193
vt 0.99999988 0.29769641
vt 0.99999988 0.30435514
vt 0.99999988 0.30441618
vt 0.99999988 0.29775751
vt 0.99999988 0.49158686
vt 0.99999988 0.49822897
vt 0.99999988 0.49827236
vt 0.99999988 0.49163038
vt 0.99999988 0.49078774
vt 0.99999988 0.49743235
vt 0.99999988 0.49747574
vt 0.99999988 0.49083126
vt 0.00000000 0.49822903
vt 0.00000000 0.49158680
vt 0.00000000 0.49163020
vt 0.00000000 0.49827230
vt 0.00000000 0.49743241
vt 0.00000000 0.49078768
vt 0.00000000 0.49083114
vt 0.00000000 0.49747568
vt 0.99999988 0.68172997
vt 0.99999994 0.68845677
vt 0.99999994 0.68848300
vt 0.99999988 0.68175638
vt 0.99999988 0.68124282
vt 0.99999994 0.68797243
vt 0.99999994 0.68799877
vt 0.99999988 0.68126923
vt 0.00000000 0.68845683
vt 0.00000000 0.68172997
vt 0.00000000 0.68175632
vt 0.00000000 0.68848300
vt 0.00000000 0.68797255
vt 0.00000000 0.68124288
vt 0.00000000 0.68126929
vt 0.00000000 0.68799877
vt 1.00000000 0.82607096
vt 1.00000000 0.83290982
vt 1.00000000 0.83292323
vt 1.00000000 0.82608449
vt 0.00000000 0.83290982
vt 0.00000000 0.82607102
vt 0.00000000 0.82608449
vt 0.00000000 0.83292317
vt 0.39120257 1.00000000
vt 0.22858788 1.00000000
vt 0.22858785 1.00000000
vt 0.39120257 1.00000000
vt 0.39120251 1.00000000
vt 0.00000000 0.98103356
vt 0.05858701 1.00000000
vt 0.05858701 1.00000000
vt 0.00000000 0.98103356
vt 0.05858701 1.00000000
vt 0.00000000 0.98103356
vt 0.05858701 0.00000012
vt 0.00000000 0.01857495
vt 0.00000000 0.01856041
vt 0.05858701 0.00000012
vt 0.05858701 0.00000006
vt 0.00000000 0.01869279
vt 0.00000000 0.01867837
vt 0.05858701 0.00000006
vt 0.99999994 0.01857495
vt 0.94141304 0.00000006
vt 0.94141310 0.00000006
vt 0.99999994 0.01856041
vt 0.99999994 0.01869279
vt 0.94141304 0.00000006
vt 0.94141304 0.00000006
vt 0.99999994 0.01867837
vt 0.05858701 0.00000006
vt 0.05858701 0.00000012
vt 0.00000000 0.01856041
vt 0.00000000 0.01844978
vt 0.00000000 1.00000000
vt 0.00000000 1.00000000
vt 0.00000000 1.00000000
vt 0.00000000 1.00000000
vt 0.00000000 1.00000000
vt 0.00000000 1.00000000
vt 0.00000000 1.00000000
vt 0.00000000 1.00000000
vt 0.00000000 1.00000000
vt 0.00000000 1.00000000
vt 0.00000000 1.00000000
vt 0.00000000 1.00000000
vt 0.00000000 0.85397226
vt 0.00000000 0.85496187
vt 0.00000000 0.93151802
vt 0.00000000 0.93151045
vt 0.00000000 1.00000000
vt 0.00000000 1.00000000
vt 0.00000000 1.00000000
vt 0.00000000 1.00000000
vt 0.00000000 1.00000000
vt 0.00000000 1.00000000
vt 0.00000000 1.00000000
vt 0.00000000 1.00000000
vt 0.00000000 0.75806469
vt 0.00000000 0.76031137
vt 0.00000000 0.68845683
vt 0.00000000 0.68848300
vt 0.00000000 1.00000000
vt 0.00000000 1.00000000
vt 0.00000000 1.00000000
vt 0.00000000 1.00000000
vt 0.00000000 1.00000000
vt 0.00000000 1.00000000
vt 0.00000000 1.00000000
vt 0.00000000 1.00000000
vt 0.00000000 1.00000000
vt 0.00000000 1.00000000
vt 0.00000000 1.00000000
vt 0.00000000 1.00000000
vt 0.00000000 1.00000000
vt 0.00000000 1.00000000
vt 0.00000000 1.00000000
vt 0.00000000 1.00000000
vt 0.00000000 1.00000000
vt 0.00000000 1.00000000
vt 0.00000000 1.00000000
vt 0.00000000 1.00000000
vt 0.00000000 1.00000000
vt 0.00000000 1.00000000
vt 0.00000000 1.00000000
vt 0.00000000 1.00000000
vt 0.00000000 1.00000000
vt 0.00000000 1.00000000
vt 0.00000000 1.00000000
vt 0.00000000 1.00000000
vt 0.00000000 1.00000000
vt 0.00000000 1.00000000
vt 0.00000000 1.00000000
vt 0.00000000 1.00000000
vt 0.00000000 1.00000000
vt 0.00000000 1.00000000
vt 0.00000000 1.00000000
vt 0.00000000 1.00000000
vt 1.00000000 0.83247340
vt 1.00000000 0.83018696
vt 1.00000000 0.83315694
vt 1.00000000 0.83317035
vt 0.00000000 1.00000000
vt 0.00000000 1.00000000
vt 0.00000000 1.00000000
vt 0.00000000 1.00000000
vt 0.00000000 1.00000000
vt 0.00000000 1.00000000
vt 0.00000000 1.00000000
vt 0.00000000 1.00000000
vt 0.00000000 1.00000000
vt 0.00000000 1.00000000
vt 0.00000000 1.00000000
vt 0.00000000 1.00000000
vt 0.00000000 1.00000000
vt 0.00000000 1.00000000
vt 0.00000000 1.00000000
vt 0.00000000 1.00000000
vt 0.11237279 0.84645820
vt 0.11237276 0.83960485
vt 0.00000000 1.00000000
vt 0.00000000 1.00000000
vt 0.00000000 1.00000000
vt 0.00000000 1.00000000
vt 0.00000000 1.00000000
vt 0.00000000 1.00000000
vt 0.00000000 1.00000000
vt 0.00000000 1.00000000
vt 0.00000000 1.00000000
vt 0.00000000 1.00000000
vt 0.00000000 1.00000000
vt 0.00000000 1.00000000
vt 0.00000000 1.00000000
vt 0.00000000 1.00000000
vt 0.00000000 1.00000000
vt 0.00000000 1.00000000
vt 0.00000000 1.00000000
vt 0.00000000 1.00000000
vt 0.00000000 1.00000000
vt 0.00000000 1.00000000
vt 0.00000000 1.00000000
vt 0.00000000 1.00000000
vt 0.00000000 1.00000000
vt 0.00000000 1.00000000
vt 0.00000000 1.00000000
vt 0.00000000 1.00000000
vt 0.00000000 1.00000000
vt 0.00000000 1.00000000
vt 0.00000000 1.00000000
vt 0.00000000 1.00000000
vt 0.00000000 1.00000000
vt 0.00000000 1.00000000
vt 0.00000000 1.00000000
vt 0.00000000 1.00000000
vt 0.00000000 1.00000000
vt 0.00000000 1.00000000
vt 0.00000000 1.00000000
vt 0.00000000 1.00000000
vt 0.00000000 1.00000000
vt 0.00000000 1.00000000
vt 0.00000000 1.00000000
vt 0.00000000 1.00000000
vt 0.00000000 1.00000000
vt 0.00000000 1.00000000
vt 0.00000000 1.00000000
vt 0.00000000 1.00000000
vt 0.00000000 1.00000000
vt 0.00000000 1.00000000
vt 0.00000000 1.00000000
vt 0.00000000 1.00000000
vt 0.00000000 1.00000000
vt 0.00000000 1.00000000
vt 0.00000000 1.00000000
vt 0.00000000 1.00000000
vt 0.00000000 1.00000000
vt 0.00000000 1.00000000
vt 0.00000000 1.00000000
vt 0.00000000 1.00000000
vt 0.00000000 1.00000000
vt 0.00000000 1.00000000
vt 0.00000000 1.00000000
vt 0.00000000 1.00000000
vt 0.00000000 1.00000000
vt 0.00000000 1.00000000
vt 0.00000000 1.00000000
vt 0.00000000 1.00000000
vt 0.00000000 1.00000000
vt 0.00000000 1.00000000
vt 0.00000000 1.00000000
vt 0.00000000 1.00000000
vt 0.00000000 1.00000000
vt 0.00000000 1.00000000
vt 0.00000000 1.00000000
vt 0.00000000 1.00000000
vt 0.00000000 1.00000000
vt 0.00000000 1.00000000
vt 0.00000000 1.00000000
vt 0.00000000 1.00000000
vt 0.00000000 1.00000000
vt 0.00000000 1.00000000
vt 0.00000000 1.00000000
vt 0.00000000 1.00000000
vt 0.00000000 1.00000000
vt 0.00000000 1.00000000
vt 0.00000000 1.00000000
vt 0.00000000 1.00000000
vt 0.00000000 1.00000000
vt 0.00000000 1.00000000
vt 0.00000000 1.00000000
vt 0.00000000 1.00000000
vt 0.00000000 1.00000000
vt 0.00000000 1.00000000
vt 0.00000000 1.00000000
vt 0.00000000 1.00000000
vt 0.00000000 1.00000000
vt 0.00000000 1.00000000
vt 0.00000000 1.00000000
vt 0.00000000 1.00000000
vt 0.00000000 1.00000000
vt 0.00000000 1.00000000
vt 0.00000000 1.00000000
vt 0.00000000 1.00000000
vt 0.00000000 1.00000000
vt 0.00000000 1.00000000
vt 0.00000000 1.00000000
vt 0.00000000 1.00000000
vt 0.00000000 1.00000000
vt 0.00000000 1.00000000
vt 0.00000000 1.00000000
vt 0.00000000 1.00000000
vt 0.00000000 1.00000000
vt 0.00000000 1.00000000
vt 0.00000000 1.00000000
vt 0.00000000 1.00000000
vt 0.00000000 1.00000000
vt 0.00000000 1.00000000
vt 0.00000000 1.00000000
vt 0.00000000 1.00000000
vt 0.00000000 1.00000000
vt 0.00000000 1.00000000
vt 0.00000000 1.00000000
vt 0.00000000 1.00000000
vt 0.00000000 1.00000000
vt 0.00000000 1.00000000
vt 0.00000000 1.00000000
vt 0.00000000 1.00000000
vt 0.00000000 1.00000000
vt 0.00000000 1.00000000
vt 0.00000000 1.00000000
vt 0.00000000 1.00000000
vt 0.00000000 1.00000000
vt 0.00000000 1.00000000
vt 0.00000000 1.00000000
vt 0.00000000 1.00000000
vt 0.00000000 1.00000000
vt 0.00000000 1.00000000
vt 0.00000000 1.00000000
vt 0.00000000 1.00000000
vt 0.00000000 1.00000000
vt 0.00000000 1.00000000
vt 0.00000000 1.00000000
vt 0.00000000 1.00000000
vt 0.00000000 1.00000000
vt 0.00000000 1.00000000
vt 0.00000000 1.00000000
vt 0.00000000 1.00000000
vt 0.00000000 1.00000000
vt 0.00000000 1.00000000
vt 0.00000000 1.00000000
vt 0.00000000 1.00000000
vt 0.00000000 1.00000000
vt 0.00000000 1.00000000
vt 0.00000000 1.00000000
vt 0.00000000 1.00000000
vt 0.00000000 1.00000000
vt 0.00000000 1.00000000
vt 0.00000000 1.00000000
vt 0.00000000 1.00000000
vt 0.00000000 1.00000000
vt 0.00000000 1.00000000
vt 0.00000000 1.00000000
vt 0.00000000 1.00000000
vt 0.00000000 1.00000000
vt 0.00000000 1.00000000
vt 0.00000000 1.00000000
vt 0.00000000 1.00000000
vt 0.00000000 1.00000000
vt 0.00000000 1.00000000
vt 0.00000000 1.00000000
vt 0.00000000 1.00000000
vt 0.00000000 1.00000000
vt 0.00000000 1.00000000
vt 0.00000000 1.00000000
vt 0.00000000 1.00000000
vt 0.00000000 1.00000000
vt 0.00000000 1.00000000
vt 0.00000000 1.00000000
vt 0.00000000 1.00000000
vt 0.00000000 1.00000000
vt 0.00000000 1.00000000
vt 0.00000000 1.00000000
vt 0.00000000 1.00000000
vt 0.00000000 1.00000000
vt 0.00000000 1.00000000
vt 0.00000000 1.00000000
vt 0.00000000 1.00000000
vt 0.00000000 1.00000000
vt 0.00000000 1.00000000
vt 0.00000000 1.00000000
vt 0.00000000 1.00000000
vt 0.00000000 1.00000000
vt 0.00000000 1.00000000
vt 0.94141304 0.94849122
vt 0.94141304 0.85149932
vt 0.96668905 0.85397941
vt 1.00000000 0.85503906
vt 0.99999994 0.93151981
vt 0.05858701 0.29231149
vt 0.05858701 0.28567713
vt 0.11237304 0.28567719
vt 0.11237295 0.17412537
vt 0.05858701 0.17412531
vt 0.05858701 0.09777987
vt 0.22122264 0.09777987
vt 0.22122386 0.29231155
vt 0.00000000 0.11299324
vt 0.00000000 0.17070967
vt 0.00000000 0.17154098
vt 0.00000000 0.17296827
vt 0.00000000 0.11289036
vt 0.94141304 0.29231155
vt 0.94141304 0.28567725
vt 0.96668875 0.28815287
vt 0.99999988 0.28920650
vt 0.99999988 0.30005074
vt 0.99999994 0.30003250
vt 0.99999994 0.28902727
vt 1.00000000 0.28806925
vt 0.99999988 0.28670776
vt 0.99999988 0.29995596
vt 0.00000000 0.68898892
vt 0.00000000 0.73648018
vt 0.00000000 0.73742533
vt 0.00000000 0.73763734
vt 0.00000000 0.68895411
vt 0.05858701 0.69632357
vt 0.05858701 0.73994756
vt 0.03331108 0.73746288
vt 0.00000000 0.73639715
vt 0.00000000 0.68899727
vt 0.99999988 0.93151802
vt 0.99999994 0.85493743
vt 0.99999994 0.85395992
vt 1.00000000 0.85360968
vt 1.00000000 0.93151039
vt 0.05858701 0.09777987
vt 0.05858701 0.17412531
vt 0.03331106 0.17163610
vt 0.00000000 0.17056447
vt 0.00000000 0.11301780
vt 0.00000000 0.83315694
vt 0.00000000 0.83292317
vt 0.00000000 0.82608449
vt 0.00000000 0.82629460
vt 0.00000000 0.82865620
vt 0.00000000 0.83152419
vt 0.99999994 0.93151981
vt 1.00000000 0.85503906
vt 1.00000000 0.85511732
vt 0.99999994 0.85493743
vt 0.99999988 0.93151802
vt 0.00000000 0.68899727
vt 0.00000000 0.73639715
vt 0.00000000 0.73631561
vt 0.00000000 0.73648018
vt 0.00000000 0.68898892
vt 0.99999988 0.30005074
vt 0.99999988 0.28920650
vt 0.99999994 0.28928089
vt 0.99999994 0.28902727
vt 0.99999994 0.30003250
vt 0.00000000 0.11301780
vt 0.00000000 0.17056447
vt 0.00000000 0.17047960
vt 0.00000000 0.17070967
vt 0.00000000 0.11299324
vt 0.05858701 0.94849122
vt 0.05858702 0.85149944
vt 0.11237276 0.85149944
vt 0.11237279 0.84645820
vt 0.22122157 0.84645820
vt 0.22121938 0.94849122
vt 0.94141304 0.73994756
vt 0.88762724 0.73994756
vt 0.78293771 0.29231155
vt 0.78293890 0.09777999
vt 0.94141304 0.09777999
vt 0.94141304 0.17412549
vt 0.88762742 0.17412555
vt 0.88762736 0.28567731
vt 0.94141304 0.28567725
vt 0.94141304 0.29231155
vt 0.88762736 0.85149938
vt 0.94141304 0.85149938
vt 0.99999988 0.29995596
vt 0.99999988 0.28670776
vt 0.99999982 0.28462815
vt 0.99999988 0.27908653
vt 0.99999988 0.27165192
vt 0.99999988 0.26296270
vt 0.99999988 0.29887193
vt 0.99999988 0.29881102
vt 0.99999988 0.25963807
vt 0.99999982 0.25230771
vt 0.99999988 0.24114233
vt 0.99999994 0.22954285
vt 0.99999994 0.21795577
vt 0.99999976 0.20682675
vt 0.99999988 0.20009184
vt 0.99999988 0.11142397
vt 0.99999988 0.11007524
vt 0.99999988 0.29775751
vt 0.00000000 0.11289036
vt 0.00000000 0.17296827
vt 0.00000000 0.17485172
vt 0.00000000 0.18028259
vt 0.00000000 0.18762028
vt 0.00000000 0.19634378
vt 0.00000000 0.11150223
vt 0.00000000 0.11142391
vt 0.00000000 0.19963861
vt 0.00000000 0.20682538
vt 0.00000000 0.21795428
vt 0.00000000 0.22954142
vt 0.00000000 0.24114072
vt 0.00000000 0.25230610
vt 0.00000000 0.26025313
vt 0.00000000 0.29881096
vt 0.00000000 0.29775745
vt 0.00000000 0.11007506
vt 1.00000000 0.93151039
vt 1.00000000 0.85360968
vt 1.00000012 0.85056865
vt 0.99999994 0.84506810
vt 1.00000012 0.83766967
vt 1.00000000 0.83317447
vt 1.00000000 0.83317035
vt 1.00000000 0.93142974
vt 0.00000000 0.68895417
vt 0.00000000 0.73763740
vt 0.00000000 0.74078637
vt 0.00000000 0.74625969
vt 0.00000000 0.75363445
vt 0.00000000 0.75806469
vt 0.00000000 0.68848300
vt 0.00000000 0.68845683
vt 0.00000000 0.76031137
vt 0.00000000 0.76262754
vt 0.00000000 0.77289319
vt 0.00000000 0.78403640
vt 0.00000000 0.79562873
vt 0.00000000 0.80722398
vt 0.00000000 0.81837612
vt 0.00000000 0.82629460
vt 0.00000000 0.82608449
vt 0.00000000 0.68799877
vt 0.00000000 0.93142533
vt 0.00000000 0.83315694
vt 0.00000000 0.83316648
vt 0.00000000 0.83381546
vt 0.00000000 0.93142974
vt 0.00000000 0.29881096
vt 0.00000000 0.26025313
vt 0.00000000 0.26260781
vt 0.00000000 0.26336706
vt 0.00000000 0.29887176
vt 0.00000000 1.00000000
vt 0.00000000 1.00000000
vt 0.00000000 1.00000000
vt 0.00000000 1.00000000
vt 0.00000000 1.00000000
vt 0.00000000 1.00000000
vt 0.00000000 1.00000000
vt 0.00000000 1.00000000
vt 0.00000000 1.00000000
vt 0.00000000 1.00000000
vt 1.00000000 0.73639715
vt 0.96668905 0.73746288
vt 0.94141304 0.73994756
vt 0.94141299 0.69632363
vt 1.00000000 0.68899727
vt 0.00000000 1.00000000
vt 0.00000000 1.00000000
vt 0.00000000 1.00000000
vt 0.00000000 1.00000000
vt 0.00000000 1.00000000
vt 0.00000000 1.00000000
vt 0.00000000 1.00000000
vt 0.00000000 1.00000000
vt 0.00000000 1.00000000
vt 0.00000000 1.00000000
vt 0.00000000 1.00000000
vt 0.00000000 1.00000000
vt 0.00000000 1.00000000
vt 0.00000000 1.00000000
vt 0.00000000 1.00000000
vt 0.00000000 1.00000000
vt 0.00000000 1.00000000
vt 0.00000000 1.00000000
vt 0.00000000 1.00000000
vt 0.00000000 1.00000000
vt 0.00000000 1.00000000
vt 0.00000000 1.00000000
vt 0.00000000 1.00000000
vt 0.00000000 1.00000000
vt 0.00000000 1.00000000
vt 0.00000000 1.00000000
vt 0.00000000 1.00000000
vt 0.00000000 1.00000000
vt 1.00000000 0.82630235
vt 1.00000000 0.81837726
vt 1.00000000 0.80722523
vt 1.00000012 0.79562998
vt 1.00000012 0.78403777
vt 1.00000000 0.77289456
vt 1.00000012 0.76262903
vt 1.00000000 0.76151741
vt 0.99999994 0.68845677
vt 0.99999994 0.68799877
vt 1.00000000 0.82608449
vt 0.00000000 1.00000000
vt 0.00000000 1.00000000
vt 0.00000000 1.00000000
vt 0.00000000 1.00000000
vt 0.00000000 1.00000000
vt 1.00000000 0.83018696
vt 1.00000000 0.82865739
vt 1.00000000 0.82630229
vt 1.00000000 0.82608449
vt 1.00000000 0.83292323
vt 1.00000000 0.83315694
vt 1.00000000 0.75926733
vt 1.00000000 0.75363606
vt 1.00000000 0.74626136
vt 0.99999988 0.74078822
vt 1.00000000 0.73797327
vt 0.00000000 1.00000000
vt 0.00000000 1.00000000
vt 0.00000000 1.00000000
vt 0.00000000 1.00000000
vt 0.00000000 1.00000000
vt 0.00000000 1.00000000
vt 0.00000000 1.00000000
vt 0.00000000 1.00000000
vt 0.00000000 1.00000000
vt 0.00000000 1.00000000
vt 0.00000000 0.85503906
vt 0.03331108 0.85397947
vt 0.05858701 0.85149944
vt 0.05858701 0.94849122
vt 0.00000000 0.93151981
vt 0.00000000 1.00000000
vt 0.00000000 1.00000000
vt 0.00000000 1.00000000
vt 0.00000000 1.00000000
vt 0.00000000 1.00000000
vt 0.00000000 1.00000000
vt 0.00000000 1.00000000
vt 0.00000000 1.00000000
vt 0.00000000 1.00000000
vt 0.00000000 1.00000000
vt 1.00000000 0.73650122
vt 0.99999994 0.73631579
vt 1.00000000 0.73639715
vt 0.00000000 1.00000000
vt 0.00000000 1.00000000
vt 0.00000000 1.00000000
vt 0.00000000 1.00000000
vt 0.00000000 1.00000000
vt 0.00000000 1.00000000
vt 0.00000000 1.00000000
vt 0.00000000 1.00000000
vt 0.00000000 1.00000000
vt 0.00000000 1.00000000
vt 0.00000000 1.00000000
vt 0.00000000 1.00000000
vt 0.00000000 1.00000000
vt 0.00000000 1.00000000
vt 0.00000000 1.00000000
vt 0.00000000 1.00000000
vt 0.00000000 1.00000000
vt 0.00000000 1.00000000
vt 0.00000000 1.00000000
vt 0.00000000 1.00000000
vt 0.00000000 1.00000000
vt 0.00000000 1.00000000
vt 0.00000000 1.00000000
vt 0.00000000 0.83381546
vt 0.00000000 0.83766854
vt 0.00000000 0.84506702
vt 0.00000000 0.85056740
vt 0.00000000 0.85395825
vt 0.00000000 0.93142974
vt 1.00000000 0.73797327
vt 1.00000000 0.73742795
vt 1.00000000 0.73650122
vt 1.00000000 0.68898892
vt 0.99999994 0.68895411
vt 0.00000000 0.85511714
vt 0.00000000 0.85503906
vt 0.00000000 0.93151981
vt 0.11237276 0.83960485
vt 0.11237285 0.73994756
vt 0.05858701 0.73994756
vt 0.05858701 0.69632357
vt 0.22122413 0.69632357
vt 0.22122307 0.83960485
vt 0.00000000 1.00000000
vt 0.00000000 1.00000000
vt 0.00000000 1.00000000
vt 0.00000000 1.00000000
vt 0.00000000 1.00000000
vt 0.00000000 1.00000000
vt 0.00000000 0.26336706
vt 0.00000000 0.27165008
vt 0.00000000 0.27908450
vt 0.00000000 0.28462607
vt 0.00000000 0.28683323
vt 0.00000000 0.29995579
vt 0.00000000 0.29887176
vt 0.00000000 1.00000000
vt 0.00000000 1.00000000
vt 0.00000000 1.00000000
vt 0.00000000 1.00000000
vt 0.00000000 1.00000000
vt 0.00000000 1.00000000
vt 0.00000000 1.00000000
vt 0.00000000 1.00000000
vt 0.00000000 1.00000000
vt 0.00000000 1.00000000
vt 0.00000000 1.00000000
vt 0.00000000 1.00000000
vt 0.00000000 1.00000000
vt 0.00000000 1.00000000
vt 0.00000000 1.00000000
vt 0.00000000 1.00000000
vt 0.00000000 1.00000000
vt 0.00000000 1.00000000
vt 0.00000000 1.00000000
vt 0.00000000 1.00000000
vt 0.00000000 0.28683323
vt 0.00000000 0.28806716
vt 0.00000000 0.28903490
vt 0.00000000 1.00000000
vt 0.00000000 1.00000000
vt 0.00000000 1.00000000
vt 0.00000000 1.00000000
vt 0.00000000 1.00000000
vt 0.00000000 1.00000000
vt 0.00000000 1.00000000
vt 0.00000000 1.00000000
vt 0.00000000 1.00000000
vt 0.00000000 1.00000000
vt 0.00000000 0.28920633
vt 0.03331107 0.28815269
vt 0.05858701 0.28567713
vt 0.05858701 0.29231149
vt 0.00000000 0.30005056
vt 0.00000000 0.19634378
vt 0.00000000 0.19658267
vt 0.00000000 0.19963861
vt 0.00000000 0.11142391
vt 0.00000000 0.11150223
vt 0.00000000 1.00000000
vt 0.00000000 1.00000000
vt 0.00000000 1.00000000
vt 0.00000000 1.00000000
vt 0.00000000 1.00000000
vt 0.00000000 1.00000000
vt 0.00000000 1.00000000
vt 0.00000000 1.00000000
vt 0.00000000 1.00000000
vt 0.00000000 1.00000000
vt 0.00000000 1.00000000
vt 0.00000000 1.00000000
vt 0.00000000 1.00000000
vt 0.00000000 1.00000000
vt 0.00000000 1.00000000
vt 0.99999988 0.17304039
vt 0.99999988 0.17154211
vt 0.99999988 0.17071426
vt 0.99999988 0.11299330
vt 0.99999988 0.11289036
vt 0.99999988 0.19666141
vt 0.99999994 0.19658393
vt 0.99999994 0.18762153
vt 0.99999982 0.18028414
vt 0.99999976 0.17485315
vt 0.99999988 0.17304039
vt 0.99999988 0.11289036
vt 0.99999988 0.11150229
vt 0.00000000 1.00000000
vt 0.00000000 1.00000000
vt 0.00000000 1.00000000
vt 0.00000000 1.00000000
vt 0.00000000 1.00000000
vt 0.99999988 0.17071426
vt 0.99999982 0.17047983
vt 0.99999988 0.17056459
vt 0.99999988 0.11301786
vt 0.99999988 0.11299330
vt 0.00000000 1.00000000
vt 0.00000000 1.00000000
vt 0.00000000 1.00000000
vt 0.00000000 1.00000000
vt 0.00000000 1.00000000
vt 0.00000000 1.00000000
vt 0.00000000 1.00000000
vt 0.00000000 1.00000000
vt 0.00000000 1.00000000
vt 0.00000000 1.00000000
vt 0.00000000 1.00000000
vt 0.00000000 1.00000000
vt 0.00000000 1.00000000
vt 0.00000000 1.00000000
vt 0.00000000 1.00000000
vt 0.99999988 0.17056459
vt 0.96668887 0.17163628
vt 0.94141304 0.17412549
vt 0.94141304 0.09777999
vt 0.99999988 0.11301786
vt 0.00000000 1.00000000
vt 0.00000000 1.00000000
vt 0.00000000 1.00000000
vt 0.00000000 1.00000000
vt 0.00000000 1.00000000
vt 0.00000000 0.28928071
vt 0.00000000 0.28920633
vt 0.00000000 1.00000000
vt 0.00000000 1.00000000
vt 0.00000000 1.00000000
vt 0.00000000 1.00000000
vt 0.00000000 1.00000000
vt 0.00000000 1.00000000
vt 0.00000000 1.00000000
vt 0.00000000 1.00000000
vt 0.00000000 1.00000000
vt 0.00000000 1.00000000
vt 0.00000000 1.00000000
vt 0.00000000 1.00000000
vt 0.00000000 1.00000000
vt 0.00000000 1.00000000
vt 0.00000000 1.00000000
vt 0.00000000 1.00000000
vt 0.99999988 0.26296270
vt 0.99999988 0.26260960
vt 0.99999988 0.25963807
vt 0.00000000 1.00000000
vt 0.00000000 1.00000000
vt 0.00000000 1.00000000
vt 0.00000000 1.00000000
vt 0.00000000 1.00000000
vt 0.00000000 1.00000000
vt 0.00000000 1.00000000
vt 0.00000000 1.00000000
vt 0.00000000 1.00000000
vt 0.00000000 1.00000000
f 8569/8569 8570/8570 8571/8571
f 8572/8572 8573/8573 8574/8574
f 8575/8575 8576/8576 8577/8577
f 8575/8575 8577/8577 8578/8578
f 8579/8579 8580/8580 8581/8581
f 8579/8579 8581/8581 8582/8582
f 8583/8583 8584/8584 8585/8585
f 8583/8583 8585/8585 8586/8586
f 8587/8587 8588/8588 8589/8589
f 8587/8587 8589/8589 8590/8590
f 8591/8591 8592/8592 8593/8593
f 8591/8591 8593/8593 8594/8594
f 8595/8595 8596/8596 8597/8597
f 8595/8595 8597/8597 8598/8598
f 8599/8599 8600/8600 8601/8601
f 8599/8599 8601/8601 8602/8602
f 8603/8603 8604/8604 8605/8605
f 8603/8603 8605/8605 8606/8606
f 8607/8607 8608/8608 8609/8609
f 8607/8607 8609/8609 8610/8610
f 8611/8611 8612/8612 8613/8613
f 8611/8611 8613/8613 8614/8614
f 8615/8615 8616/8616 8617/8617
f 8615/8615 8617/8617 8618/8618
f 8619/8619 8620/8620 8621/8621
f 8619/8619 8621/8621 8622/8622
f 8623/8623 8624/8624 8625/8625
f 8623/8623 8625/8625 8626/8626
f 8627/8627 8628/8628 8629/8629
f 8627/8627 8629/8629 8630/8630
f 8631/8631 8632/8632 8633/8633
f 8631/8631 8633/8633 8634/8634
f 8635/8635 8636/8636 8637/8637
f 8635/8635 8637/8637 8638/8638
f 8639/8639 8640/8640 8641/8641
f 8639/8639 8641/8641 8642/8642
f 8643/8643 8644/8644 8645/8645
f 8643/8643 8645/8645 8646/8646
f 8647/8647 8648/8648 8649/8649
f 8647/8647 8649/8649 8650/8650
f 8651/8651 8652/8652 8653/8653
f 8651/8651 8653/8653 8654/8654
f 8655/8655 8656/8656 8657/8657
f 8655/8655 8657/8657 8658/8658
f 8659/8659 8660/8660 8661/8661
f 8659/8659 8661/8661 8662/8662
f 8663/8663 8664/8664 8665/8665
f 8663/8663 8665/8665 8666/8666
f 8667/8667 8668/8668 8669/8669
f 8667/8667 8669/8669 8670/8670
f 8671/8671 8672/8672 8673/8673
f 8671/8671 8673/8673 8674/8674
f 8675/8675 8676/8676 8677/8677
f 8675/8675 8677/8677 8678/8678
f 8679/8679 8680/8680 8681/8681
f 8679/8679 8681/8681 8682/8682
f 8683/8683 8684/8684 8685/8685
f 8683/8683 8685/8685 8686/8686
f 8687/8687 8688/8688 8689/8689
f 8687/8687 8689/8689 8690/8690
f 8691/8691 8692/8692 8693/8693
f 8691/8691 8693/8693 8694/8694
f 8695/8695 8696/8696 8697/8697
f 8695/8695 8697/8697 8698/8698
f 8699/8699 8700/8700 8701/8701
f 8699/8699 8701/8701 8702/8702
f 8703/8703 8704/8704 8705/8705
f 8703/8703 8705/8705 8706/8706
f 8707/8707 8708/8708 8709/8709
f 8707/8707 8709/8709 8710/8710
f 8711/8711 8712/8712 8713/8713
f 8711/8711 8713/8713 8714/8714
f 8715/8715 8716/8716 8717/8717
f 8715/8715 8717/8717 8718/8718
f 8719/8719 8720/8720 8721/8721
f 8719/8719 8721/8721 8722/8722
f 8723/8723 8724/8724 8725/8725
f 8723/8723 8725/8725 8726/8726
f 8727/8727 8728/8728 8729/8729
f 8727/8727 8729/8729 8730/8730
f 8731/8731 8732/8732 8733/8733
f 8731/8731 8733/8733 8734/8734
f 8735/8735 8736/8736 8737/8737
f 8735/8735 8737/8737 8738/8738
f 8739/8739 8740/8740 8741/8741
f 8739/8739 8741/8741 8742/8742
f 8743/8743 8744/8744 8745/8745
f 8743/8743 8745/8745 8746/8746
f 8639/8639 8747/8747 8748/8748
f 8639/8639 8748/8748 8749/8749
f 8750/8750 8751/8751 8752/8752
f 8750/8750 8752/8752 8753/8753
f 8754/8754 8755/8755 8756/8756
f 8754/8754 8756/8756 8757/8757
f 8758/8758 8759/8759 8760/8760
f 8758/8758 8760/8760 8761/8761
f 8762/8762 8763/8763 8764/8764
f 8762/8762 8764/8764 8765/8765
f 8766/8766 8767/8767 8768/8768
f 8766/8766 8768/8768 8769/8769
f 8770/8770 8771/8771 8772/8772
f 8770/8770 8772/8772 8773/8773
f 8774/8774 8775/8775 8776/8776
f 8774/8774 8776/8776 8777/8777
f 8778/8778 8779/8779 8780/8780
f 8778/8778 8780/8780 8781/8781
f 8782/8782 8783/8783 8784/8784
f 8782/8782 8784/8784 8785/8785
f 8786/8786 8787/8787 8788/8788
f 8786/8786 8788/8788 8789/8789
f 8790/8790 8791/8791 8792/8792
f 8790/8790 8792/8792 8793/8793
f 8794/8794 8795/8795 8796/8796
f 8794/8794 8796/8796 8797/8797
f 8798/8798 8799/8799 8800/8800
f 8798/8798 8800/8800 8801/8801
f 8802/8802 8803/8803 8804/8804
f 8802/8802 8804/8804 8805/8805
f 8806/8806 8807/8807 8808/8808
f 8806/8806 8808/8808 8809/8809
f 8810/8810 8811/8811 8812/8812
f 8810/8810 8812/8812 8813/8813
f 8814/8814 8815/8815 8816/8816
f 8814/8814 8816/8816 8817/8817
f 8818/8818 8819/8819 8820/8820
f 8818/8818 8820/8820 8821/8821
f 8822/8822 8823/8823 8824/8824
f 8822/8822 8824/8824 8825/8825
f 8826/8826 8827/8827 8828/8828
f 8826/8826 8828/8828 8829/8829
f 8830/8830 8831/8831 8832/8832
f 8830/8830 8832/8832 8833/8833
f 8834/8834 8835/8835 8836/8836
f 8834/8834 8836/8836 8837/8837
f 8838/8838 8839/8839 8840/8840
f 8838/8838 8840/8840 8841/8841
f 8842/8842 8843/8843 8844/8844
f 8842/8842 8844/8844 8845/8845
f 8846/8846 8847/8847 8848/8848
f 8846/8846 8848/8848 8849/8849
f 8850/8850 8851/8851 8852/8852
f 8850/8850 8852/8852 8816/8816
f 8853/8853 8854/8854 8855/8855
f 8853/8853 8855/8855 8856/8856
f 8857/8857 8858/8858 8859/8859
f 8857/8857 8859/8859 8860/8860
f 8861/8861 8862/8862 8863/8863
f 8861/8861 8863/8863 8864/8864
f 8865/8865 8866/8866 8867/8867
f 8865/8865 8867/8867 8868/8868
f 8869/8869 8870/8870 8871/8871
f 8869/8869 8871/8871 8872/8872
f 8873/8873 8874/8874 8733/8733
f 8873/8873 8733/8733 8732/8732
f 8875/8875 8876/8876 8877/8877
f 8875/8875 8877/8877 8878/8878
f 8879/8879 8880/8880 8881/8881
f 8879/8879 8881/8881 8882/8882
f 8883/8883 8884/8884 8885/8885
f 8883/8883 8885/8885 8886/8886
f 8887/8887 8888/8888 8889/8889
f 8887/8887 8889/8889 8890/8890
f 8891/8891 8892/8892 8893/8893
f 8891/8891 8893/8893 8894/8894
f 8888/8888 8895/8895 8896/8896
f 8888/8888 8896/8896 8889/8889
f 8897/8897 8898/8898 8725/8725
f 8897/8897 8725/8725 8724/8724
f 8899/8899 8900/8900 8901/8901
f 8899/8899 8901/8901 8902/8902
f 8903/8903 8904/8904 8905/8905
f 8903/8903 8905/8905 8906/8906
f 8907/8907 8908/8908 8909/8909
f 8907/8907 8909/8909 8910/8910
f 8911/8911 8912/8912 8913/8913
f 8911/8911 8913/8913 8914/8914
f 8915/8915 8916/8916 8917/8917
f 8915/8915 8917/8917 8918/8918
f 8919/8919 8920/8920 8921/8921
f 8919/8919 8921/8921 8922/8922
f 8923/8923 8924/8924 8925/8925
f 8923/8923 8925/8925 8926/8926
f 8927/8927 8928/8928 8929/8929
f 8927/8927 8929/8929 8930/8930
f 8931/8931 8932/8932 8933/8933
f 8931/8931 8933/8933 8934/8934
f 8935/8935 8936/8936 8937/8937
f 8935/8935 8937/8937 8938/8938
f 8939/8939 8940/8940 8941/8941
f 8939/8939 8941/8941 8942/8942
f 8943/8943 8944/8944 8945/8945
f 8943/8943 8945/8945 8946/8946
f 8947/8947 8948/8948 8949/8949
f 8947/8947 8949/8949 8950/8950
f 8951/8951 8952/8952 8953/8953
f 8951/8951 8953/8953 8954/8954
f 8955/8955 8956/8956 8957/8957
f 8955/8955 8957/8957 8958/8958
f 8959/8959 8960/8960 8961/8961
f 8959/8959 8961/8961 8962/8962
f 8963/8963 8964/8964 8965/8965
f 8963/8963 8965/8965 8966/8966
f 8967/8967 8968/8968 8969/8969
f 8967/8967 8969/8969 8970/8970
f 8971/8971 8972/8972 8973/8973
f 8971/8971 8973/8973 8974/8974
f 8975/8975 8976/8976 8977/8977
f 8975/8975 8977/8977 8978/8978
f 8979/8979 8980/8980 8981/8981
f 8979/8979 8981/8981 8982/8982
f 8892/8892 8983/8983 8984/8984
f 8892/8892 8984/8984 8893/8893
f 8985/8985 8986/8986 8987/8987
f 8985/8985 8987/8987 8988/8988
f 8989/8989 8990/8990 8991/8991
f 8989/8989 8991/8991 8992/8992
f 8993/8993 8994/8994 8995/8995
f 8993/8993 8995/8995 8996/8996
f 8997/8997 8998/8998 8999/8999
f 8997/8997 8999/8999 9000/9000
f 9001/9001 9002/9002 9003/9003
f 9001/9001 9003/9003 9004/9004
f 9005/9005 9006/9006 9007/9007
f 9005/9005 9007/9007 9008/9008
f 9009/9009 9010/9010 9011/9011
f 9009/9009 9011/9011 9012/9012
f 9013/9013 9014/9014 9015/9015
f 9013/9013 9015/9015 9016/9016
f 9017/9017 9018/9018 9019/9019
f 9017/9017 9019/9019 9020/9020
f 9021/9021 9022/9022 9023/9023
f 9021/9021 9023/9023 9024/9024
f 9025/9025 9026/9026 9027/9027
f 9025/9025 9027/9027 9028/9028
f 9029/9029 9030/9030 9031/9031
f 9029/9029 9031/9031 9032/9032
f 8582/8582 9033/9033 9034/9034
f 8582/8582 9034/9034 9035/9035
f 9036/9036 9037/9037 9038/9038
f 9036/9036 9038/9038 9039/9039
f 9040/9040 9041/9041 9042/9042
f 9040/9040 9042/9042 9043/9043
f 9044/9044 9045/9045 9046/9046
f 9044/9044 9046/9046 9047/9047
f 9048/9048 9049/9049 9050/9050
f 9048/9048 9050/9050 9051/9051
f 9052/9052 9053/9053 9054/9054
f 9052/9052 9054/9054 9055/9055
f 9056/9056 9057/9057 9058/9058
f 9056/9056 9058/9058 9059/9059
f 9060/9060 9061/9061 9062/9062
f 9060/9060 9062/9062 9063/9063
f 9064/9064 9065/9065 9066/9066
f 9064/9064 9066/9066 9067/9067
f 9068/9068 9069/9069 9070/9070
f 9068/9068 9070/9070 9071/9071
f 9072/9072 9064/9064 9067/9067
f 9072/9072 9067/9067 9073/9073
f 9074/9074 9075/9075 9076/9076
f 9074/9074 9076/9076 9077/9077
f 9078/9078 9079/9079 9080/9080
f 9078/9078 9080/9080 9081/9081
f 9082/9082 9083/9083 9084/9084
f 9082/9082 9084/9084 9085/9085
f 9086/9086 9087/9087 9088/9088
f 9086/9086 9088/9088 9089/9089
f 9090/9090 9091/9091 9092/9092
f 9090/9090 9092/9092 9093/9093
f 9094/9094 9095/9095 9096/9096
f 9094/9094 9096/9096 9097/9097
f 9098/9098 9099/9099 9100/9100
f 9098/9098 9100/9100 9101/9101
f 9102/9102 9094/9094 9097/9097
f 9102/9102 9097/9097 9103/9103
f 9104/9104 9105/9105 9106/9106
f 9104/9104 9106/9106 9107/9107
f 9108/9108 9109/9109 9110/9110
f 9108/9108 9110/9110 9111/9111
f 9112/9112 9113/9113 9114/9114
f 9112/9112 9114/9114 9115/9115
f 9116/9116 9117/9117 9118/9118
f 9116/9116 9118/9118 9119/9119
f 9120/9120 9121/9121 9122/9122
f 9120/9120 9122/9122 9123/9123
f 9124/9124 9125/9125 9126/9126
f 9124/9124 9126/9126 9127/9127
f 9128/9128 9129/9129 9130/9130
f 9128/9128 9130/9130 9131/9131
f 9132/9132 9124/9124 9127/9127
f 9132/9132 9127/9127 9133/9133
f 9134/9134 9135/9135 9136/9136
f 9134/9134 9136/9136 9137/9137
f 9138/9138 9139/9139 9140/9140
f 9138/9138 9140/9140 9141/9141
f 9142/9142 9143/9143 9144/9144
f 9142/9142 9144/9144 9145/9145
f 9146/9146 9138/9138 9141/9141
f 9146/9146 9141/9141 9147/9147
f 9148/9148 9149/9149 9150/9150
f 9148/9148 9150/9150 9151/9151
f 9152/9152 9153/9153 9154/9154
f 9152/9152 9154/9154 9155/9155
f 9156/9156 9157/9157 9158/9158
f 9156/9156 9158/9158 9159/9159
f 9160/9160 9161/9161 9162/9162
f 9160/9160 9162/9162 9163/9163
f 9164/9164 9165/9165 9166/9166
f 9164/9164 9166/9166 9167/9167
f 9168/9168 9169/9169 9170/9170
f 9168/9168 9170/9170 9171/9171
f 9172/9172 9173/9173 9174/9174
f 9172/9172 9174/9174 9175/9175
f 9176/9176 9177/9177 9178/9178
f 9176/9176 9178/9178 9179/9179
f 9180/9180 9181/9181 9182/9182
f 9180/9180 9182/9182 9183/9183
f 9184/9184 9185/9185 9186/9186
f 9184/9184 9186/9186 9187/9187
f 9188/9188 9189/9189 9190/9190
f 9188/9188 9190/9190 9191/9191
f 9192/9192 9193/9193 9194/9194
f 9192/9192 9194/9194 9195/9195
f 9196/9196 9197/9197 9198/9198
f 9196/9196 9198/9198 9199/9199
f 8954/8954 8953/8953 9200/9200
f 8954/8954 9200/9200 9201/9201
f 9202/9202 9203/9203 9204/9204
f 9202/9202 9204/9204 9205/9205
f 9206/9206 8951/8951 8954/8954
f 9206/9206 8954/8954 9207/9207
f 9208/9208 9209/9209 9210/9210
f 9208/9208 9210/9210 9211/9211
f 9212/9212 9213/9213 9214/9214
f 9212/9212 9214/9214 9215/9215
f 9216/9216 9217/9217 9218/9218
f 9216/9216 9218/9218 9219/9219
f 9220/9220 9221/9221 9222/9222
f 9220/9220 9222/9222 9223/9223
f 9224/9224 9225/9225 9226/9226
f 9224/9224 9226/9226 9227/9227
f 9228/9228 9229/9229 9230/9230
f 9228/9228 9230/9230 9231/9231
f 9232/9232 9233/9233 9234/9234
f 9232/9232 9234/9234 9235/9235
f 9236/9236 9228/9228 9231/9231
f 9236/9236 9231/9231 9237/9237
f 9238/9238 9239/9239 9240/9240
f 9238/9238 9240/9240 9241/9241
f 9242/9242 9243/9243 9244/9244
f 9242/9242 9244/9244 9245/9245
f 9246/9246 9247/9247 9248/9248
f 9246/9246 9248/9248 9249/9249
f 9250/9250 9251/9251 9252/9252
f 9250/9250 9252/9252 9253/9253
f 9254/9254 9255/9255 9256/9256
f 9254/9254 9256/9256 9257/9257
f 9258/9258 9259/9259 9260/9260
f 9258/9258 9260/9260 9261/9261
f 9262/9262 9263/9263 9264/9264
f 9262/9262 9264/9264 9265/9265
f 9266/9266 9267/9267 9268/9268
f 9266/9266 9268/9268 9269/9269
f 9270/9270 9104/9104 9107/9107
f 9270/9270 9107/9107 9271/9271
f 9272/9272 9273/9273 9274/9274
f 9272/9272 9274/9274 9275/9275
f 9276/9276 8642/8642 9277/9277
f 9276/9276 9277/9277 9278/9278
f 9279/9279 9280/9280 9281/9281
f 9279/9279 9281/9281 9282/9282
f 9283/9283 9284/9284 9285/9285
f 9283/9283 9285/9285 9286/9286
f 9287/9287 9288/9288 9289/9289
f 9287/9287 9289/9289 9290/9290
f 9291/9291 9292/9292 9293/9293
f 9291/9291 9293/9293 9294/9294
f 9295/9295 9296/9296 9297/9297
f 9295/9295 9297/9297 9298/9298
f 9299/9299 9300/9300 9301/9301
f 9299/9299 9301/9301 9302/9302
f 9303/9303 9304/9304 9305/9305
f 9303/9303 9305/9305 9306/9306
f 9307/9307 9308/9308 9309/9309
f 9307/9307 9309/9309 9310/9310
f 9311/9311 9312/9312 9313/9313
f 9311/9311 9313/9313 9314/9314
f 9315/9315 9074/9074 9077/9077
f 9315/9315 9077/9077 9316/9316
f 9317/9317 9318/9318 9319/9319
f 9317/9317 9319/9319 9320/9320
f 9321/9321 9322/9322 9323/9323
f 9321/9321 9323/9323 9324/9324
f 9325/9325 9326/9326 9327/9327
f 9325/9325 9327/9327 9328/9328
f 9329/9329 9330/9330 9331/9331
f 9329/9329 9331/9331 9332/9332
f 9333/9333 9334/9334 9335/9335
f 9333/9333 9335/9335 9336/9336
f 9337/9337 9338/9338 9339/9339
f 9337/9337 9339/9339 9340/9340
f 9341/9341 9342/9342 9343/9343
f 9341/9341 9343/9343 9344/9344
f 9345/9345 9132/9132 9133/9133
f 9345/9345 9133/9133 9346/9346
f 9347/9347 9348/9348 9349/9349
f 9347/9347 9349/9349 9350/9350
f 9351/9351 9352/9352 9353/9353
f 9351/9351 9353/9353 9354/9354
f 9355/9355 9356/9356 9357/9357
f 9355/9355 9357/9357 9358/9358
f 9359/9359 9360/9360 9361/9361
f 9359/9359 9361/9361 9362/9362
f 9363/9363 9364/9364 9365/9365
f 9363/9363 9365/9365 9366/9366
f 9367/9367 9368/9368 9369/9369
f 9367/9367 9369/9369 9370/9370
f 9371/9371 9372/9372 9373/9373
f 9371/9371 9373/9373 9374/9374
f 9303/9303 9375/9375 9376/9376
f 9303/9303 9376/9376 9377/9377
f 9378/9378 9379/9379 9380/9380
f 9378/9378 9380/9380 9381/9381
f 9382/9382 9383/9383 9384/9384
f 9382/9382 9384/9384 9385/9385
f 9386/9386 9387/9387 9388/9388
f 9386/9386 9388/9388 9304/9304
f 8834/8834 9389/9389 9390/9390
f 8834/8834 9390/9390 9391/9391
f 9392/9392 9393/9393 9394/9394
f 9392/9392 9394/9394 9313/9313
f 9395/9395 9396/9396 9397/9397
f 9395/9395 9397/9397 9398/9398
f 9317/9317 9399/9399 8748/8748
f 9317/9317 8748/8748 8747/8747
f 8702/8702 9400/9400 8576/8576
f 8702/8702 8576/8576 8575/8575
f 9401/9401 9402/9402 9403/9403
f 9401/9401 9403/9403 8579/8579
f 9404/9404 9405/9405 9406/9406
f 9404/9404 9406/9406 9407/9407
f 9408/9408 9409/9409 9410/9410
f 9408/9408 9410/9410 9411/9411
f 9412/9412 9021/9021 9024/9024
f 9412/9412 9024/9024 9413/9413
f 9414/9414 9415/9415 9319/9319
f 9414/9414 9319/9319 9416/9416
f 9417/9417 9418/9418 9419/9419
f 9417/9417 9419/9419 9420/9420
f 9421/9421 9422/9422 9423/9423
f 9421/9421 9423/9423 9424/9424
f 9425/9425 9426/9426 9427/9427
f 9425/9425 9427/9427 9428/9428
f 9429/9429 9430/9430 9431/9431
f 9429/9429 9431/9431 9432/9432
f 9250/9250 9253/9253 9244/9244
f 9250/9250 9244/9244 9243/9243
f 9266/9266 9269/9269 9433/9433
f 9266/9266 9433/9433 9434/9434
f 9220/9220 9223/9223 9435/9435
f 9220/9220 9435/9435 9436/9436
f 9437/9437 9438/9438 9439/9439
f 9437/9437 9439/9439 9440/9440
f 9441/9441 9442/9442 9443/9443
f 9441/9441 9443/9443 9444/9444
f 9212/9212 9215/9215 9289/9289
f 9212/9212 9289/9289 9288/9288
f 9311/9311 9314/9314 9369/9369
f 9311/9311 9369/9369 9368/9368
f 9445/9445 9446/9446 9447/9447
f 9445/9445 9447/9447 9448/9448
f 9148/9148 9151/9151 9190/9190
f 9148/9148 9190/9190 9189/9189
f 9295/9295 9298/9298 9449/9449
f 9295/9295 9449/9449 9450/9450
f 9160/9160 9163/9163 9451/9451
f 9160/9160 9451/9451 9452/9452
f 9453/9453 9454/9454 9455/9455
f 9453/9453 9455/9455 9456/9456
f 9457/9457 9458/9458 9459/9459
f 9457/9457 9459/9459 9460/9460
f 9461/9461 9462/9462 9463/9463
f 9461/9461 9463/9463 9464/9464
f 9465/9465 9466/9466 9393/9393
f 9465/9465 9393/9393 9467/9467
f 9468/9468 9469/9469 9470/9470
f 9468/9468 9470/9470 9471/9471
f 9321/9321 9324/9324 9472/9472
f 9321/9321 9472/9472 9473/9473
f 9078/9078 9081/9081 9114/9114
f 9078/9078 9114/9114 9113/9113
f 9474/9474 9475/9475 9476/9476
f 9474/9474 9476/9476 9477/9477
f 9333/9333 9336/9336 9478/9478
f 9333/9333 9478/9478 9479/9479
f 9090/9090 9093/9093 9480/9480
f 9090/9090 9480/9480 9481/9481
f 9482/9482 9483/9483 9484/9484
f 9482/9482 9484/9484 9485/9485
f 9486/9486 9487/9487 9488/9488
f 9486/9486 9488/9488 9489/9489
f 9490/9490 9491/9491 9492/9492
f 9490/9490 9492/9492 9493/9493
f 9494/9494 9495/9495 9496/9496
f 9494/9494 9496/9496 9497/9497
f 9382/9382 9385/9385 8877/8877
f 9382/9382 8877/8877 8876/8876
f 9498/9498 9499/9499 9500/9500
f 9498/9498 9500/9500 9501/9501
f 9502/9502 9503/9503 9504/9504
f 9502/9502 9504/9504 9505/9505
f 8639/8639 8642/8642 9506/9506
f 8639/8639 9506/9506 9507/9507
f 9363/9363 9366/9366 9508/9508
f 9363/9363 9508/9508 9289/9289
f 9152/9152 9155/9155 9394/9394
f 9152/9152 9394/9394 9393/9393
f 9317/9317 8747/8747 9509/9509
f 9317/9317 9509/9509 9510/9510
f 9414/9414 9416/9416 9511/9511
f 9414/9414 9511/9511 9512/9512
f 9513/9513 9514/9514 9515/9515
f 9513/9513 9515/9515 9496/9496
f 9516/9516 9517/9517 9518/9518
f 9516/9516 9518/9518 9519/9519
f 8834/8834 9391/9391 9520/9520
f 8834/8834 9520/9520 9521/9521
f 9522/9522 9523/9523 9524/9524
f 9522/9522 9524/9524 9525/9525
f 9276/9276 9526/9526 9527/9527
f 9276/9276 9527/9527 9063/9063
f 8747/8747 8639/8639 9528/9528
f 8747/8747 9528/9528 9529/9529
f 8835/8835 8834/8834 9521/9521
f 8835/8835 9521/9521 9530/9530
f 9318/9318 9317/9317 9531/9531
f 9318/9318 9531/9531 9532/9532
f 8699/8699 8702/8702 9410/9410
f 8699/8699 9410/9410 9409/9409
f 8702/8702 8575/8575 9533/9533
f 8702/8702 9533/9533 9410/9410
f 9534/9534 8835/8835 9535/9535
f 9534/9534 9535/9535 8757/8757
f 9536/9536 9414/9414 9512/9512
f 9536/9536 9512/9512 9520/9520
f 9537/9537 9538/9538 9539/9539
f 9537/9537 9539/9539 8673/8673
f 9540/9540 9541/9541 8757/8757
f 9540/9540 8757/8757 8756/8756
f 8575/8575 8578/8578 9542/9542
f 8575/8575 9542/9542 9533/9533
f 9543/9543 9544/9544 9545/9545
f 9543/9543 9545/9545 9546/9546
f 9547/9547 9548/9548 9549/9549
f 9547/9547 9549/9549 9550/9550
f 9551/9551 9552/9552 9553/9553
f 9551/9551 9553/9553 9554/9554
f 9555/9555 9060/9060 9063/9063
f 9555/9555 9063/9063 9527/9527
f 9556/9556 9557/9557 9558/9558
f 9556/9556 9558/9558 9559/9559
f 9560/9560 9561/9561 9562/9562
f 9560/9560 9562/9562 9563/9563
f 9564/9564 9565/9565 9566/9566
f 9564/9564 9566/9566 9567/9567
f 9568/9568 9569/9569 9570/9570
f 9568/9568 9570/9570 9571/9571
f 9572/9572 9573/9573 9574/9574
f 9572/9572 9574/9574 9575/9575
f 9576/9576 9577/9577 9578/9578
f 9576/9576 9578/9578 9579/9579
f 9580/9580 9581/9581 9582/9582
f 9580/9580 9582/9582 9583/9583
f 9584/9584 9585/9585 9586/9586
f 9584/9584 9586/9586 9587/9587
f 9526/9526 9276/9276 9588/9588
f 9526/9526 9588/9588 9589/9589
f 9590/9590 8931/8931 8934/8934
f 9590/9590 8934/8934 9591/9591
f 9592/9592 9593/9593 9594/9594
f 9592/9592 9594/9594 9595/9595
f 9596/9596 8891/8891 8894/8894
f 9596/9596 8894/8894 9597/9597
f 9598/9598 9599/9599 9600/9600
f 9598/9598 9600/9600 9601/9601
f 9602/9602 8846/8846 8849/8849
f 9602/9602 8849/8849 9603/9603
f 9604/9604 9605/9605 9606/9606
f 9604/9604 9606/9606 9607/9607
f 9608/9608 9609/9609 9610/9610
f 9608/9608 9610/9610 9611/9611
f 9612/9612 9613/9613 9614/9614
f 9612/9612 9614/9614 9615/9615
f 9616/9616 9617/9617 9618/9618
f 9616/9616 9618/9618 9619/9619
f 9620/9620 9621/9621 9622/9622
f 9620/9620 9622/9622 9623/9623
f 8835/8835 9534/9534 9624/9624
f 8835/8835 9624/9624 9625/9625
f 9626/9626 9627/9627 9628/9628
f 9626/9626 9628/9628 9629/9629
f 9630/9630 9631/9631 9632/9632
f 9630/9630 9632/9632 9633/9633
f 9634/9634 9635/9635 9636/9636
f 9634/9634 9636/9636 9637/9637
f 8642/8642 9276/9276 9063/9063
f 8642/8642 9063/9063 9062/9062
f 9638/9638 9639/9639 9640/9640
f 9638/9638 9640/9640 9641/9641
f 9642/9642 9643/9643 9644/9644
f 9642/9642 9644/9644 9645/9645
f 9646/9646 9647/9647 9648/9648
f 9646/9646 9648/9648 9649/9649
f 9650/9650 9651/9651 9652/9652
f 9650/9650 9652/9652 9653/9653
f 9654/9654 9655/9655 9656/9656
f 9654/9654 9656/9656 9657/9657
f 9658/9658 9659/9659 9660/9660
f 9658/9658 9660/9660 9661/9661
f 9662/9662 9663/9663 9664/9664
f 9662/9662 9664/9664 9665/9665
f 9666/9666 9667/9667 9668/9668
f 9666/9666 9668/9668 9669/9669
f 9670/9670 9671/9671 9672/9672
f 9670/9670 9672/9672 9673/9673
f 9674/9674 9675/9675 9676/9676
f 9674/9674 9676/9676 9677/9677
f 9537/9537 9678/9678 9679/9679
f 9537/9537 9679/9679 9538/9538
f 9680/9680 9410/9410 9533/9533
f 9680/9680 9533/9533 9681/9681
f 9682/9682 9683/9683 9684/9684
f 9682/9682 9684/9684 9685/9685
f 8674/8674 8673/8673 9539/9539
f 8674/8674 9539/9539 9686/9686
f 9687/9687 9688/9688 9689/9689
f 9687/9687 9689/9689 9690/9690
f 9691/9691 8754/8754 8757/8757
f 9691/9691 8757/8757 9535/9535
f 9692/9692 9507/9507 9506/9506
f 9692/9692 9506/9506 9061/9061
f 9693/9693 9694/9694 9530/9530
f 9693/9693 9530/9530 9521/9521
f 9516/9516 9695/9695 9696/9696
f 9516/9516 9696/9696 9517/9517
f 9697/9697 9698/9698 9520/9520
f 9697/9697 9520/9520 9512/9512
f 9699/9699 9700/9700 9701/9701
f 9699/9699 9701/9701 9702/9702
f 9703/9703 9704/9704 9532/9532
f 9703/9703 9532/9532 9531/9531
f 9705/9705 9706/9706 9529/9529
f 9705/9705 9529/9529 9528/9528
f 9707/9707 9708/9708 9709/9709
f 9707/9707 9709/9709 9710/9710
f 9386/9386 9407/9407 9406/9406
f 9386/9386 9406/9406 9711/9711
f 9712/9712 9713/9713 9714/9714
f 9712/9712 9714/9714 9715/9715
f 9716/9716 9717/9717 9718/9718
f 9716/9716 9718/9718 9719/9719
f 9720/9720 9721/9721 9722/9722
f 9720/9720 9722/9722 9723/9723
f 9724/9724 9725/9725 9726/9726
f 9724/9724 9726/9726 9727/9727
f 9728/9728 9729/9729 9730/9730
f 9728/9728 9730/9730 9731/9731
f 9732/9732 9733/9733 9734/9734
f 9732/9732 9734/9734 9735/9735
f 9736/9736 9737/9737 9738/9738
f 9736/9736 9738/9738 9739/9739
f 9740/9740 9481/9481 9480/9480
f 9740/9740 9480/9480 9741/9741
f 9742/9742 9743/9743 9744/9744
f 9742/9742 9744/9744 9745/9745
f 9746/9746 9747/9747 9748/9748
f 9746/9746 9748/9748 9749/9749
f 9750/9750 9751/9751 9752/9752
f 9750/9750 9752/9752 9753/9753
f 9754/9754 9755/9755 9756/9756
f 9754/9754 9756/9756 9757/9757
f 9758/9758 9759/9759 9760/9760
f 9758/9758 9760/9760 9761/9761
f 9762/9762 9763/9763 9688/9688
f 9762/9762 9688/9688 9764/9764
f 9765/9765 9766/9766 9767/9767
f 9765/9765 9767/9767 9768/9768
f 9769/9769 9770/9770 9771/9771
f 9769/9769 9771/9771 9772/9772
f 9773/9773 9436/9436 9435/9435
f 9773/9773 9435/9435 9774/9774
f 9775/9775 9776/9776 9777/9777
f 9775/9775 9777/9777 9778/9778
f 9465/9465 9779/9779 9780/9780
f 9465/9465 9780/9780 9466/9466
f 9781/9781 9782/9782 9783/9783
f 9781/9781 9783/9783 9784/9784
f 9785/9785 9452/9452 9451/9451
f 9785/9785 9451/9451 9786/9786
f 9787/9787 9788/9788 9789/9789
f 9787/9787 9789/9789 9790/9790
f 9791/9791 9792/9792 9793/9793
f 9791/9791 9793/9793 9794/9794
f 9795/9795 9796/9796 9797/9797
f 9795/9795 9797/9797 9798/9798
f 9799/9799 9800/9800 9801/9801
f 9799/9799 9801/9801 9802/9802
f 9803/9803 9804/9804 9805/9805
f 9803/9803 9805/9805 9806/9806
f 9807/9807 9808/9808 9809/9809
f 9807/9807 9809/9809 9810/9810
f 9811/9811 9510/9510 9509/9509
f 9811/9811 9509/9509 9706/9706
f 9812/9812 9512/9512 9511/9511
f 9812/9812 9511/9511 9704/9704
f 9813/9813 9521/9521 9520/9520
f 9813/9813 9520/9520 9814/9814
f 9815/9815 9816/9816 9817/9817
f 9815/9815 9817/9817 9818/9818
f 8956/8956 9819/9819 9820/9820
f 8956/8956 9820/9820 9821/9821
f 9822/9822 9823/9823 9824/9824
f 9822/9822 9824/9824 9825/9825
f 9826/9826 9401/9401 9067/9067
f 9826/9826 9067/9067 9827/9827
f 9828/9828 9533/9533 9542/9542
f 9828/9828 9542/9542 9829/9829
f 9830/9830 9831/9831 9832/9832
f 9830/9830 9832/9832 9833/9833
f 9834/9834 9835/9835 9836/9836
f 9834/9834 9836/9836 9837/9837
f 9838/9838 9839/9839 9840/9840
f 9838/9838 9840/9840 9841/9841
f 8813/8813 8812/8812 9201/9201
f 8813/8813 9201/9201 9842/9842
f 9843/9843 9844/9844 9845/9845
f 9843/9843 9845/9845 9846/9846
f 9847/9847 9848/9848 9849/9849
f 9847/9847 9849/9849 9850/9850
f 9851/9851 9852/9852 9853/9853
f 9851/9851 9853/9853 9854/9854
f 9855/9855 9856/9856 8797/8797
f 9855/9855 8797/8797 9857/9857
f 9858/9858 9859/9859 9860/9860
f 9858/9858 9860/9860 9861/9861
f 9862/9862 9489/9489 9488/9488
f 9862/9862 9488/9488 9863/9863
f 9864/9864 9865/9865 9866/9866
f 9864/9864 9866/9866 9867/9867
f 9868/9868 9869/9869 9870/9870
f 9868/9868 9870/9870 9871/9871
f 9872/9872 9873/9873 9874/9874
f 9872/9872 9874/9874 9875/9875
f 9876/9876 9877/9877 9878/9878
f 9876/9876 9878/9878 9879/9879
f 9880/9880 9881/9881 9882/9882
f 9880/9880 9882/9882 9883/9883
f 9843/9843 9846/9846 9853/9853
f 9843/9843 9853/9853 9852/9852
f 9884/9884 9885/9885 9886/9886
f 9884/9884 9886/9886 9887/9887
f 9888/9888 9889/9889 9890/9890
f 9888/9888 9890/9890 9891/9891
f 9892/9892 9893/9893 9894/9894
f 9892/9892 9894/9894 9895/9895
f 9896/9896 9897/9897 9898/9898
f 9896/9896 9898/9898 9899/9899
f 9900/9900 9901/9901 9902/9902
f 9900/9900 9902/9902 9903/9903
f 9541/9541 9540/9540 9904/9904
f 9541/9541 9904/9904 9905/9905
f 9906/9906 9907/9907 9908/9908
f 9906/9906 9908/9908 9909/9909
f 9910/9910 9911/9911 9912/9912
f 9910/9910 9912/9912 9913/9913
f 9914/9914 9915/9915 9916/9916
f 9914/9914 9916/9916 9917/9917
f 9918/9918 9919/9919 9920/9920
f 9918/9918 9920/9920 9921/9921
f 9922/9922 9434/9434 9433/9433
f 9922/9922 9433/9433 9923/9923
f 9414/9414 9536/9536 9924/9924
f 9414/9414 9924/9924 9415/9415
f 9925/9925 9926/9926 9927/9927
f 9925/9925 9927/9927 9928/9928
f 9929/9929 9450/9450 9449/9449
f 9929/9929 9449/9449 9930/9930
f 9931/9931 9932/9932 9933/9933
f 9931/9931 9933/9933 9934/9934
f 9935/9935 9467/9467 9393/9393
f 9935/9935 9393/9393 9392/9392
f 9936/9936 9937/9937 9938/9938
f 9936/9936 9938/9938 9939/9939
f 9940/9940 9941/9941 9942/9942
f 9940/9940 9942/9942 9943/9943
f 9944/9944 9945/9945 9946/9946
f 9944/9944 9946/9946 9947/9947
f 9948/9948 9949/9949 9950/9950
f 9948/9948 9950/9950 9951/9951
f 9952/9952 9953/9953 9954/9954
f 9952/9952 9954/9954 9955/9955
f 9956/9956 9957/9957 9958/9958
f 9956/9956 9958/9958 9959/9959
f 9141/9141 9140/9140 9960/9960
f 9141/9141 9960/9960 9207/9207
f 9961/9961 9962/9962 9963/9963
f 9961/9961 9963/9963 9964/9964
f 9965/9965 9519/9519 9518/9518
f 9965/9965 9518/9518 9966/9966
f 9967/9967 9968/9968 9678/9678
f 9967/9967 9678/9678 9537/9537
f 9851/9851 9854/9854 9969/9969
f 9851/9851 9969/9969 9970/9970
f 9971/9971 9972/9972 9845/9845
f 9971/9971 9845/9845 9973/9973
f 9974/9974 9975/9975 9976/9976
f 9974/9974 9976/9976 9077/9077
f 9977/9977 9289/9289 9508/9508
f 9977/9977 9508/9508 9978/9978
f 9979/9979 9980/9980 9422/9422
f 9979/9979 9422/9422 9421/9421
f 9981/9981 9982/9982 9983/9983
f 9981/9981 9983/9983 9984/9984
f 9985/9985 9986/9986 9987/9987
f 9985/9985 9987/9987 9988/9988
f 9989/9989 9990/9990 9991/9991
f 9989/9989 9991/9991 9992/9992
f 9060/9060 9555/9555 9583/9583
f 9060/9060 9583/9583 9582/9582
f 9993/9993 9994/9994 9995/9995
f 9993/9993 9995/9995 9996/9996
f 8671/8671 8674/8674 9824/9824
f 8671/8671 9824/9824 9823/9823
f 8755/8755 8754/8754 9821/9821
f 8755/8755 9821/9821 9820/9820
f 9061/9061 9060/9060 9997/9997
f 9061/9061 9997/9997 9998/9998
f 9694/9694 9693/9693 9405/9405
f 9694/9694 9405/9405 9999/9999
f 9408/9408 9411/9411 9403/9403
f 9408/9408 9403/9403 9402/9402
f 9698/9698 9697/9697 9711/9711
f 9698/9698 9711/9711 9406/9406
f 10000/10000 10001/10001 10002/10002
f 10000/10000 10002/10002 10003/10003
f 9704/9704 9703/9703 9306/9306
f 9704/9704 9306/9306 9305/9305
f 9706/9706 9705/9705 10004/10004
f 9706/9706 10004/10004 10005/10005
f 10006/10006 10007/10007 9154/9154
f 10006/10006 9154/9154 9153/9153
f 9687/9687 9690/9690 9365/9365
f 9687/9687 9365/9365 9364/9364
f 10008/10008 10009/10009 10010/10010
f 10008/10008 10010/10010 10011/10011
f 10012/10012 10013/10013 10014/10014
f 10012/10012 10014/10014 10015/10015
f 10016/10016 10017/10017 9335/9335
f 10016/10016 9335/9335 9334/9334
f 10018/10018 10019/10019 10020/10020
f 10018/10018 10020/10020 10021/10021
f 10022/10022 10023/10023 9323/9323
f 10022/10022 9323/9323 9322/9322
f 10024/10024 10025/10025 10026/10026
f 10024/10024 10026/10026 10027/10027
f 9775/9775 9778/9778 9297/9297
f 9775/9775 9297/9297 9296/9296
f 10028/10028 10029/10029 10030/10030
f 10028/10028 10030/10030 10031/10031
f 9762/9762 9764/9764 9214/9214
f 9762/9762 9214/9214 9213/9213
f 10032/10032 10033/10033 10034/10034
f 10032/10032 10034/10034 10035/10035
f 9758/9758 9761/9761 9268/9268
f 9758/9758 9268/9268 9267/9267
f 10036/10036 10037/10037 10038/10038
f 10036/10036 10038/10038 10039/10039
f 10040/10040 10041/10041 10042/10042
f 10040/10040 10042/10042 10043/10043
f 9242/9242 9245/9245 9240/9240
f 9242/9242 9240/9240 9239/9239
f 9773/9773 9774/9774 9226/9226
f 9773/9773 9226/9226 9225/9225
f 10044/10044 10045/10045 10046/10046
f 10044/10044 10046/10046 10047/10047
f 9367/9367 9370/9370 10048/10048
f 9367/9367 10048/10048 10049/10049
f 10050/10050 10051/10051 10052/10052
f 10050/10050 10052/10052 10053/10053
f 9188/9188 9191/9191 10054/10054
f 9188/9188 10054/10054 10055/10055
f 9785/9785 9786/9786 10056/10056
f 9785/9785 10056/10056 10057/10057
f 10058/10058 10059/10059 10060/10060
f 10058/10058 10060/10060 10061/10061
f 10062/10062 10063/10063 10064/10064
f 10062/10062 10064/10064 10065/10065
f 9112/9112 9115/9115 9122/9122
f 9112/9112 9122/9122 9121/9121
f 10066/10066 10067/10067 10068/10068
f 10066/10066 10068/10068 10069/10069
f 9740/9740 9741/9741 9096/9096
f 9740/9740 9096/9096 9095/9095
f 10070/10070 10071/10071 10072/10072
f 10070/10070 10072/10072 10073/10073
f 8875/8875 8878/8878 9066/9066
f 8875/8875 9066/9066 9065/9065
f 10074/10074 10075/10075 10076/10076
f 10074/10074 10076/10076 10077/10077
f 9680/9680 9681/9681 8581/8581
f 9680/9680 8581/8581 8580/8580
f 9692/9692 9061/9061 10078/10078
f 9692/9692 10078/10078 10079/10079
f 9811/9811 9706/9706 9376/9376
f 9811/9811 9376/9376 9375/9375
f 9812/9812 9704/9704 9388/9388
f 9812/9812 9388/9388 9387/9387
f 9813/9813 9814/9814 9406/9406
f 9813/9813 9406/9406 9405/9405
f 10080/10080 10081/10081 9780/9780
f 10080/10080 9780/9780 9779/9779
f 8754/8754 9691/9691 8958/8958
f 8754/8754 8958/8958 8957/8957
f 8674/8674 9686/9686 10082/10082
f 8674/8674 10082/10082 9824/9824
f 9826/9826 9827/9827 9696/9696
f 9826/9826 9696/9696 9695/9695
f 9828/9828 9829/9829 9034/9034
f 9828/9828 9034/9034 9033/9033
f 10083/10083 10084/10084 10085/10085
f 10083/10083 10085/10085 10086/10086
f 10087/10087 10088/10088 10089/10089
f 10087/10087 10089/10089 10090/10090
f 10091/10091 10092/10092 10093/10093
f 10091/10091 10093/10093 10094/10094
f 9544/9544 9543/9543 9589/9589
f 9544/9544 9589/9589 9588/9588
f 10095/10095 10096/10096 10097/10097
f 10095/10095 10097/10097 10098/10098
f 8810/8810 8813/8813 9678/9678
f 8810/8810 9678/9678 9968/9968
f 8795/8795 8794/8794 9905/9905
f 8795/8795 9905/9905 9904/9904
f 9844/9844 9843/9843 9415/9415
f 9844/9844 9415/9415 9924/9924
f 9979/9979 9421/9421 8576/8576
f 9979/9979 8576/8576 9400/9400
f 9852/9852 9851/9851 9320/9320
f 9852/9852 9320/9320 9319/9319
f 9856/9856 9855/9855 9625/9625
f 9856/9856 9625/9625 9624/9624
f 9970/9970 9830/9830 8749/8749
f 9970/9970 8749/8749 8748/8748
f 9971/9971 9973/9973 9390/9390
f 9971/9971 9390/9390 9389/9389
f 9315/9315 9316/9316 9384/9384
f 9315/9315 9384/9384 9383/9383
f 10099/10099 10100/10100 10101/10101
f 10099/10099 10101/10101 10102/10102
f 10103/10103 10104/10104 10105/10105
f 10103/10103 10105/10105 10106/10106
f 10107/10107 10108/10108 10109/10109
f 10107/10107 10109/10109 10110/10110
f 10111/10111 10112/10112 10113/10113
f 10111/10111 10113/10113 10114/10114
f 10115/10115 10116/10116 10117/10117
f 10115/10115 10117/10117 10118/10118
f 10119/10119 10120/10120 10121/10121
f 10119/10119 10121/10121 10122/10122
f 9843/9843 9852/9852 9319/9319
f 9843/9843 9319/9319 9415/9415
f 10123/10123 9960/9960 9313/9313
f 10123/10123 9313/9313 9312/9312
f 10124/10124 10125/10125 10126/10126
f 10124/10124 10126/10126 10127/10127
f 10128/10128 10129/10129 10130/10130
f 10128/10128 10130/10130 10131/10131
f 10132/10132 10133/10133 10134/10134
f 10132/10132 10134/10134 10135/10135
f 10136/10136 10137/10137 10138/10138
f 10136/10136 10138/10138 10139/10139
f 9830/9830 9833/9833 8641/8641
f 9830/9830 8641/8641 8640/8640
f 10140/10140 10141/10141 10142/10142
f 10140/10140 10142/10142 10143/10143
f 10144/10144 10145/10145 10146/10146
f 10144/10144 10146/10146 10147/10147
f 10148/10148 10149/10149 10150/10150
f 10148/10148 10150/10150 10151/10151
f 10152/10152 10153/10153 9252/9252
f 10152/10152 9252/9252 9251/9251
f 9922/9922 9923/9923 9230/9230
f 9922/9922 9230/9230 9229/9229
f 10154/10154 10155/10155 9222/9222
f 10154/10154 9222/9222 9221/9221
f 9977/9977 9978/9978 9200/9200
f 9977/9977 9200/9200 8953/8953
f 9929/9929 9930/9930 9170/9170
f 9929/9929 9170/9170 9169/9169
f 10156/10156 10157/10157 9162/9162
f 10156/10156 9162/9162 9161/9161
f 9307/9307 9310/9310 9150/9150
f 9307/9307 9150/9150 9149/9149
f 9392/9392 9313/9313 9960/9960
f 9392/9392 9960/9960 9140/9140
f 10158/10158 10159/10159 9126/9126
f 10158/10158 9126/9126 9125/9125
f 10160/10160 10161/10161 10162/10162
f 10160/10160 10162/10162 10163/10163
f 9270/9270 9271/9271 9092/9092
f 9270/9270 9092/9092 9091/9091
f 9345/9345 9346/9346 9080/9080
f 9345/9345 9080/9080 9079/9079
f 10164/10164 10105/10105 10165/10165
f 10164/10164 10165/10165 10166/10166
f 9287/9287 9290/9290 8953/8953
f 9287/9287 8953/8953 8952/8952
f 9935/9935 9392/9392 9140/9140
f 9935/9935 9140/9140 9139/9139
f 10167/10167 10164/10164 10166/10166
f 10167/10167 10166/10166 10168/10168
f 9965/9965 9966/9966 9976/9976
f 9965/9965 9976/9976 9975/9975
f 8813/8813 9842/9842 9679/9679
f 8813/8813 9679/9679 9678/9678
f 9851/9851 9970/9970 8748/8748
f 9851/9851 8748/8748 9399/9399
f 9855/9855 10169/10169 8837/8837
f 9855/9855 8837/8837 8836/8836
f 9975/9975 10170/10170 8701/8701
f 9975/9975 8701/8701 8700/8700
f 9833/9833 9544/9544 9278/9278
f 9833/9833 9278/9278 9277/9277
f 9421/9421 9424/9424 8577/8577
f 9421/9421 8577/8577 8576/8576
f 9825/9825 9824/9824 10082/10082
f 9825/9825 10082/10082 9689/9689
f 10171/10171 10172/10172 10173/10173
f 10171/10171 10173/10173 10174/10174
f 10175/10175 10176/10176 10177/10177
f 10175/10175 10177/10177 10178/10178
f 10179/10179 10180/10180 10181/10181
f 10179/10179 10181/10181 10182/10182
f 10183/10183 10184/10184 10185/10185
f 10183/10183 10185/10185 10186/10186
f 10187/10187 10188/10188 10189/10189
f 10187/10187 10189/10189 10190/10190
f 10191/10191 8623/8623 8626/8626
f 10191/10191 8626/8626 10192/10192
f 10193/10193 10194/10194 10195/10195
f 10193/10193 10195/10195 10196/10196
f 10197/10197 10198/10198 10199/10199
f 10197/10197 10199/10199 10200/10200
f 10201/10201 10202/10202 10203/10203
f 10201/10201 10203/10203 10204/10204
f 10205/10205 10206/10206 10207/10207
f 10205/10205 10207/10207 10208/10208
f 10209/10209 10210/10210 10211/10211
f 10209/10209 10211/10211 10212/10212
f 10213/10213 10183/10183 10186/10186
f 10213/10213 10186/10186 10214/10214
f 10215/10215 10216/10216 10217/10217
f 10215/10215 10217/10217 10218/10218
f 10219/10219 10220/10220 10221/10221
f 10219/10219 10221/10221 10222/10222
f 10223/10223 10224/10224 10225/10225
f 10223/10223 10225/10225 10226/10226
f 10227/10227 10228/10228 10229/10229
f 10227/10227 10229/10229 10230/10230
f 10231/10231 10232/10232 10233/10233
f 10231/10231 10233/10233 10234/10234
f 10235/10235 10236/10236 10237/10237
f 10235/10235 10237/10237 10238/10238
f 10239/10239 10240/10240 10241/10241
f 10239/10239 10241/10241 10242/10242
f 10243/10243 10244/10244 10245/10245
f 10243/10243 10245/10245 10246/10246
f 10247/10247 10248/10248 10249/10249
f 10247/10247 10249/10249 10250/10250
f 10251/10251 10252/10252 10253/10253
f 10251/10251 10253/10253 10254/10254
f 10255/10255 10256/10256 10257/10257
f 10255/10255 10257/10257 10258/10258
f 10259/10259 10260/10260 10261/10261
f 10259/10259 10261/10261 10262/10262
f 10263/10263 10264/10264 10265/10265
f 10263/10263 10265/10265 10266/10266
f 10267/10267 8615/8615 8618/8618
f 10267/10267 8618/8618 10268/10268
f 10269/10269 10270/10270 10271/10271
f 10269/10269 10271/10271 10272/10272
f 10273/10273 9355/9355 9358/9358
f 10273/10273 9358/9358 10274/10274
f 10275/10275 10276/10276 10277/10277
f 10275/10275 10277/10277 10278/10278
f 10279/10279 10280/10280 10281/10281
f 10279/10279 10281/10281 10282/10282
f 10283/10283 10284/10284 10285/10285
f 10283/10283 10285/10285 10286/10286
f 10287/10287 10288/10288 10289/10289
f 10287/10287 10289/10289 10290/10290
f 10291/10291 10292/10292 10293/10293
f 10291/10291 10293/10293 10294/10294
f 10295/10295 10296/10296 10297/10297
f 10295/10295 10297/10297 10298/10298
f 10299/10299 10300/10300 10301/10301
f 10299/10299 10301/10301 10302/10302
f 10303/10303 10304/10304 10305/10305
f 10303/10303 10305/10305 10306/10306
f 10307/10307 10308/10308 10309/10309
f 10307/10307 10309/10309 10310/10310
f 10311/10311 10312/10312 10313/10313
f 10311/10311 10313/10313 10314/10314
f 10315/10315 10316/10316 10317/10317
f 10315/10315 10317/10317 10318/10318
f 10319/10319 10320/10320 10321/10321
f 10319/10319 10321/10321 10322/10322
f 10323/10323 10324/10324 10325/10325
f 10323/10323 10325/10325 10326/10326
f 10327/10327 10328/10328 10329/10329
f 10327/10327 10329/10329 10330/10330
f 10331/10331 10187/10187 10190/10190
f 10331/10331 10190/10190 10332/10332
f 10333/10333 10334/10334 10335/10335
f 10333/10333 10335/10335 10336/10336
f 10337/10337 10338/10338 10339/10339
f 10337/10337 10339/10339 10340/10340
f 10341/10341 10342/10342 10343/10343
f 10341/10341 10343/10343 10344/10344
f 10345/10345 10346/10346 10347/10347
f 10345/10345 10347/10347 10348/10348
f 10349/10349 10350/10350 10351/10351
f 10349/10349 10351/10351 10352/10352
f 10353/10353 10354/10354 10355/10355
f 10353/10353 10355/10355 10356/10356
f 10357/10357 10358/10358 10359/10359
f 10357/10357 10359/10359 10360/10360
f 10361/10361 10362/10362 10363/10363
f 10361/10361 10363/10363 10364/10364
f 10365/10365 10366/10366 10367/10367
f 10365/10365 10367/10367 10368/10368
f 10369/10369 10370/10370 10371/10371
f 10369/10369 10371/10371 10372/10372
f 10373/10373 10374/10374 10375/10375
f 10373/10373 10375/10375 10376/10376
f 10377/10377 10378/10378 10379/10379
f 10377/10377 10379/10379 10380/10380
f 10381/10381 10382/10382 10383/10383
f 10381/10381 10383/10383 10384/10384
f 10385/10385 10386/10386 10387/10387
f 10385/10385 10387/10387 10388/10388
f 10389/10389 10390/10390 10391/10391
f 10389/10389 10391/10391 10392/10392
f 10393/10393 8814/8814 8817/8817
f 10393/10393 8817/8817 10394/10394
f 10395/10395 10396/10396 10397/10397
f 10395/10395 10397/10397 10398/10398
f 10399/10399 10400/10400 10401/10401
f 10399/10399 10401/10401 10402/10402
f 10403/10403 10404/10404 10405/10405
f 10403/10403 10405/10405 10406/10406
f 10407/10407 8927/8927 8930/8930
f 10407/10407 8930/8930 10408/10408
f 10409/10409 10410/10410 10411/10411
f 10409/10409 10411/10411 10412/10412
f 10413/10413 8967/8967 8970/8970
f 10413/10413 8970/8970 10414/10414
f 10415/10415 10416/10416 10417/10417
f 10415/10415 10417/10417 10418/10418
f 10419/10419 10420/10420 10421/10421
f 10419/10419 10421/10421 10422/10422
f 10423/10423 10424/10424 10425/10425
f 10423/10423 10425/10425 10426/10426
f 10427/10427 10428/10428 10429/10429
f 10427/10427 10429/10429 10430/10430
f 10431/10431 10432/10432 10433/10433
f 10431/10431 10433/10433 10434/10434
f 10435/10435 10436/10436 10437/10437
f 10435/10435 10437/10437 10438/10438
f 10439/10439 10440/10440 10441/10441
f 10439/10439 10441/10441 10442/10442
f 10443/10443 10444/10444 10445/10445
f 10443/10443 10445/10445 10446/10446
f 10447/10447 10448/10448 10449/10449
f 10447/10447 10449/10449 10450/10450
f 10451/10451 10452/10452 10453/10453
f 10451/10451 10453/10453 10454/10454
f 10455/10455 10456/10456 10457/10457
f 10455/10455 10457/10457 10458/10458
f 10459/10459 10460/10460 10461/10461
f 10459/10459 10461/10461 10462/10462
f 9418/9418 10463/10463 10464/10464
f 9418/9418 10464/10464 9419/9419
f 10465/10465 10466/10466 10467/10467
f 10465/10465 10467/10467 10468/10468
f 10469/10469 10470/10470 10471/10471
f 10469/10469 10471/10471 10472/10472
f 10473/10473 10474/10474 10475/10475
f 10473/10473 10475/10475 10476/10476
f 10477/10477 10478/10478 10479/10479
f 10477/10477 10479/10479 10480/10480
f 10481/10481 10482/10482 10483/10483
f 10481/10481 10483/10483 10484/10484
f 10485/10485 10486/10486 10487/10487
f 10485/10485 10487/10487 10488/10488
f 10489/10489 10490/10490 10491/10491
f 10489/10489 10491/10491 10492/10492
f 10209/10209 10212/10212 9644/9644
f 10209/10209 9644/9644 9643/9643
f 10213/10213 10214/10214 10211/10211
f 10213/10213 10211/10211 10210/10210
f 10333/10333 10336/10336 8625/8625
f 10333/10333 8625/8625 8624/8624
f 10331/10331 10332/10332 10335/10335
f 10331/10331 10335/10335 10334/10334
f 10478/10478 10296/10296 10493/10493
f 10478/10478 10493/10493 10494/10494
f 10495/10495 10496/10496 10497/10497
f 10495/10495 10497/10497 10483/10483
f 10498/10498 10491/10491 10490/10490
f 10498/10498 10490/10490 10499/10499
f 9502/9502 10487/10487 10486/10486
f 9502/9502 10486/10486 10500/10500
f 10501/10501 10502/10502 10503/10503
f 10501/10501 10503/10503 10504/10504
f 10244/10244 10243/10243 10298/10298
f 10244/10244 10298/10298 10297/10297
f 10505/10505 10506/10506 10507/10507
f 10505/10505 10507/10507 10508/10508
f 10509/10509 10510/10510 10511/10511
f 10509/10509 10511/10511 10512/10512
f 10513/10513 10514/10514 10515/10515
f 10513/10513 10515/10515 10516/10516
f 10517/10517 10518/10518 10519/10519
f 10517/10517 10519/10519 10520/10520
f 10263/10263 10266/10266 9023/9023
f 10263/10263 9023/9023 9022/9022
f 10267/10267 10268/10268 10265/10265
f 10267/10267 10265/10265 10264/10264
f 10465/10465 10468/10468 10464/10464
f 10465/10465 10464/10464 10463/10463
f 10273/10273 10274/10274 10467/10467
f 10273/10273 10467/10467 10466/10466
f 10521/10521 10522/10522 10523/10523
f 10521/10521 10523/10523 10524/10524
f 10525/10525 10526/10526 10527/10527
f 10525/10525 10527/10527 10528/10528
f 10529/10529 10530/10530 10531/10531
f 10529/10529 10531/10531 10532/10532
f 10295/10295 10533/10533 10534/10534
f 10295/10295 10534/10534 10294/10294
f 10243/10243 10535/10535 10536/10536
f 10243/10243 10536/10536 10298/10298
f 10537/10537 10538/10538 10539/10539
f 10537/10537 10539/10539 10540/10540
f 10541/10541 10507/10507 10542/10542
f 10541/10541 10542/10542 10543/10543
f 10544/10544 10545/10545 10546/10546
f 10544/10544 10546/10546 10547/10547
f 10548/10548 10549/10549 10550/10550
f 10548/10548 10550/10550 10551/10551
f 10552/10552 10553/10553 10554/10554
f 10552/10552 10554/10554 10555/10555
f 10556/10556 10557/10557 10558/10558
f 10556/10556 10558/10558 10559/10559
f 10560/10560 10561/10561 10562/10562
f 10560/10560 10562/10562 10563/10563
f 10564/10564 10565/10565 10566/10566
f 10564/10564 10566/10566 10567/10567
f 10568/10568 10569/10569 10570/10570
f 10568/10568 10570/10570 10571/10571
f 10219/10219 10222/10222 10572/10572
f 10219/10219 10572/10572 10573/10573
f 10574/10574 10575/10575 10576/10576
f 10574/10574 10576/10576 10577/10577
f 10578/10578 10579/10579 10580/10580
f 10578/10578 10580/10580 10581/10581
f 10474/10474 10473/10473 10582/10582
f 10474/10474 10582/10582 10583/10583
f 10584/10584 10585/10585 10586/10586
f 10584/10584 10586/10586 10587/10587
f 10588/10588 10589/10589 10590/10590
f 10588/10588 10590/10590 10591/10591
f 10592/10592 10593/10593 10594/10594
f 10592/10592 10594/10594 10595/10595
f 10358/10358 10357/10357 10412/10412
f 10358/10358 10412/10412 10411/10411
f 10362/10362 10361/10361 10360/10360
f 10362/10362 10360/10360 10359/10359
f 10596/10596 10597/10597 10598/10598
f 10596/10596 10598/10598 10599/10599
f 10600/10600 10601/10601 10602/10602
f 10600/10600 10602/10602 10603/10603
f 10604/10604 10605/10605 10606/10606
f 10604/10604 10606/10606 10607/10607
f 10608/10608 10609/10609 10610/10610
f 10608/10608 10610/10610 10611/10611
f 9012/9012 10612/10612 10613/10613
f 9012/9012 10613/10613 8987/8987
f 10388/10388 10399/10399 10614/10614
f 10388/10388 10614/10614 9011/9011
f 10615/10615 10616/10616 10617/10617
f 10615/10615 10617/10617 10618/10618
f 10619/10619 10620/10620 10621/10621
f 10619/10619 10621/10621 10622/10622
f 10402/10402 10623/10623 10624/10624
f 10402/10402 10624/10624 10625/10625
f 10626/10626 10627/10627 10628/10628
f 10626/10626 10628/10628 10629/10629
f 10408/10408 10630/10630 10631/10631
f 10408/10408 10631/10631 8999/8999
f 10632/10632 10633/10633 10634/10634
f 10632/10632 10634/10634 10635/10635
f 10636/10636 10637/10637 10638/10638
f 10636/10636 10638/10638 10639/10639
f 10640/10640 10641/10641 10642/10642
f 10640/10640 10642/10642 10643/10643
f 10644/10644 10645/10645 10646/10646
f 10644/10644 10646/10646 10647/10647
f 10648/10648 10649/10649 10650/10650
f 10648/10648 10650/10650 10651/10651
f 10652/10652 10653/10653 10654/10654
f 10652/10652 10654/10654 10655/10655
f 10656/10656 10657/10657 10658/10658
f 10656/10656 10658/10658 10659/10659
f 10660/10660 10661/10661 10662/10662
f 10660/10660 10662/10662 10663/10663
f 10664/10664 10665/10665 10666/10666
f 10664/10664 10666/10666 10667/10667
f 10668/10668 10669/10669 10670/10670
f 10668/10668 10670/10670 10671/10671
f 10672/10672 10673/10673 10674/10674
f 10672/10672 10674/10674 10675/10675
f 10676/10676 10677/10677 10678/10678
f 10676/10676 10678/10678 10679/10679
f 10680/10680 10681/10681 10682/10682
f 10680/10680 10682/10682 10683/10683
f 10684/10684 10685/10685 10686/10686
f 10684/10684 10686/10686 10687/10687
f 10688/10688 10689/10689 10690/10690
f 10688/10688 10690/10690 10691/10691
f 10692/10692 10693/10693 10694/10694
f 10692/10692 10694/10694 10695/10695
f 9503/9503 9502/9502 10500/10500
f 9503/9503 10500/10500 10696/10696
f 10697/10697 10698/10698 10699/10699
f 10697/10697 10699/10699 10700/10700
f 10315/10315 10318/10318 10701/10701
f 10315/10315 10701/10701 10702/10702
f 10703/10703 10704/10704 10705/10705
f 10703/10703 10705/10705 10706/10706
f 10707/10707 10708/10708 10709/10709
f 10707/10707 10709/10709 10710/10710
f 10711/10711 10712/10712 10713/10713
f 10711/10711 10713/10713 10714/10714
f 10715/10715 10716/10716 10717/10717
f 10715/10715 10717/10717 10718/10718
f 10719/10719 10720/10720 10721/10721
f 10719/10719 10721/10721 10722/10722
f 10723/10723 10724/10724 10725/10725
f 10723/10723 10725/10725 10726/10726
f 10727/10727 10728/10728 10729/10729
f 10727/10727 10729/10729 10730/10730
f 10731/10731 10732/10732 10733/10733
f 10731/10731 10733/10733 10734/10734
f 10735/10735 10736/10736 10737/10737
f 10735/10735 10737/10737 10738/10738
f 10739/10739 10740/10740 10741/10741
f 10739/10739 10741/10741 10742/10742
f 10743/10743 10744/10744 10745/10745
f 10743/10743 10745/10745 10746/10746
f 10747/10747 10748/10748 10749/10749
f 10747/10747 10749/10749 10750/10750
f 10751/10751 10752/10752 10753/10753
f 10751/10751 10753/10753 10754/10754
f 10755/10755 10756/10756 10757/10757
f 10755/10755 10757/10757 10758/10758
f 10759/10759 10760/10760 10761/10761
f 10759/10759 10761/10761 10762/10762
f 10763/10763 10764/10764 10765/10765
f 10763/10763 10765/10765 10766/10766
f 10767/10767 10768/10768 10769/10769
f 10767/10767 10769/10769 10770/10770
f 10771/10771 10772/10772 10773/10773
f 10771/10771 10773/10773 10774/10774
f 10775/10775 10776/10776 10777/10777
f 10775/10775 10777/10777 10778/10778
f 10779/10779 10780/10780 10781/10781
f 10779/10779 10781/10781 10782/10782
f 10783/10783 10784/10784 10785/10785
f 10783/10783 10785/10785 10786/10786
f 10787/10787 10788/10788 10789/10789
f 10787/10787 10789/10789 10790/10790
f 10791/10791 10792/10792 10793/10793
f 10791/10791 10793/10793 10794/10794
f 10795/10795 10796/10796 10797/10797
f 10795/10795 10797/10797 10798/10798
f 10799/10799 10800/10800 10801/10801
f 10799/10799 10801/10801 10802/10802
f 10803/10803 10804/10804 10805/10805
f 10803/10803 10805/10805 10806/10806
f 10807/10807 10808/10808 10079/10079
f 10807/10807 10079/10079 10078/10078
f 10809/10809 10810/10810 10811/10811
f 10809/10809 10811/10811 10812/10812
f 10813/10813 10814/10814 10815/10815
f 10813/10813 10815/10815 10816/10816
f 10817/10817 10818/10818 10819/10819
f 10817/10817 10819/10819 10820/10820
f 10821/10821 10822/10822 10823/10823
f 10821/10821 10823/10823 10824/10824
f 10825/10825 10826/10826 10827/10827
f 10825/10825 10827/10827 10828/10828
f 10829/10829 10830/10830 10831/10831
f 10829/10829 10831/10831 10832/10832
f 10833/10833 10834/10834 10835/10835
f 10833/10833 10835/10835 10836/10836
f 10837/10837 10838/10838 10839/10839
f 10837/10837 10839/10839 10840/10840
f 10841/10841 10842/10842 10843/10843
f 10841/10841 10843/10843 10844/10844
f 10845/10845 10846/10846 10847/10847
f 10845/10845 10847/10847 10848/10848
f 10849/10849 10850/10850 10851/10851
f 10849/10849 10851/10851 10852/10852
f 10853/10853 10854/10854 10855/10855
f 10853/10853 10855/10855 10856/10856
f 10857/10857 10858/10858 10859/10859
f 10857/10857 10859/10859 10860/10860
f 10861/10861 10862/10862 10863/10863
f 10861/10861 10863/10863 10864/10864
f 10865/10865 10866/10866 10867/10867
f 10865/10865 10867/10867 10868/10868
f 10869/10869 10870/10870 10871/10871
f 10869/10869 10871/10871 10872/10872
f 10873/10873 10874/10874 10875/10875
f 10873/10873 10875/10875 10876/10876
f 10877/10877 10878/10878 10879/10879
f 10877/10877 10879/10879 10880/10880
f 10881/10881 10882/10882 10883/10883
f 10881/10881 10883/10883 10884/10884
f 10885/10885 10886/10886 10887/10887
f 10885/10885 10887/10887 10888/10888
f 10889/10889 10890/10890 10891/10891
f 10889/10889 10891/10891 10892/10892
f 10893/10893 10894/10894 10895/10895
f 10893/10893 10895/10895 10896/10896
f 10897/10897 10898/10898 10899/10899
f 10897/10897 10899/10899 10900/10900
f 10901/10901 10902/10902 10903/10903
f 10901/10901 10903/10903 10904/10904
f 10905/10905 10906/10906 10907/10907
f 10905/10905 10907/10907 10908/10908
f 10909/10909 10910/10910 10911/10911
f 10909/10909 10911/10911 10912/10912
f 10923/10923 10921/10921 10922/10922
f 10921/10921 10923/10923 10924/10924
f 10921/10921 10924/10924 10925/10925
f 10921/10921 10925/10925 10920/10920
f 10920/10920 10925/10925 10919/10919
f 10919/10919 10925/10925 10926/10926
f 10919/10919 10926/10926 10918/10918
f 10918/10918 10926/10926 10927/10927
f 10918/10918 10927/10927 10917/10917
f 10917/10917 10927/10927 10928/10928
f 10917/10917 10928/10928 10929/10929
f 10917/10917 10929/10929 10916/10916
f 10916/10916 10929/10929 10930/10930
f 10916/10916 10930/10930 10915/10915
f 10915/10915 10930/10930 10931/10931
f 10915/10915 10931/10931 10914/10914
f 10914/10914 10931/10931 10932/10932
f 10914/10914 10932/10932 10913/10913
f 10913/10913 10932/10932 10933/10933
f 10947/10947 10945/10945 10946/10946
f 10945/10945 10947/10947 10944/10944
f 10944/10944 10947/10947 10943/10943
f 10943/10943 10947/10947 10948/10948
f 10943/10943 10948/10948 10949/10949
f 10943/10943 10949/10949 10942/10942
f 10942/10942 10949/10949 10950/10950
f 10942/10942 10950/10950 10941/10941
f 10941/10941 10950/10950 10951/10951
f 10941/10941 10951/10951 10940/10940
f 10940/10940 10951/10951 10939/10939
f 10939/10939 10951/10951 10952/10952
f 10939/10939 10952/10952 10938/10938
f 10938/10938 10952/10952 10953/10953
f 10938/10938 10953/10953 10954/10954
f 10938/10938 10954/10954 10937/10937
f 10937/10937 10954/10954 10934/10934
f 10937/10937 10934/10934 10936/10936
f 10936/10936 10934/10934 10935/10935
f 10970/10970 10968/10968 10969/10969
f 10968/10968 10970/10970 10967/10967
f 10967/10967 10970/10970 10966/10966
f 10966/10966 10970/10970 10965/10965
f 10965/10965 10970/10970 10964/10964
f 10964/10964 10970/10970 10971/10971
f 10964/10964 10971/10971 10972/10972
f 10964/10964 10972/10972 10963/10963
f 10963/10963 10972/10972 10973/10973
f 10963/10963 10973/10973 10962/10962
f 10962/10962 10973/10973 10974/10974
f 10962/10962 10974/10974 10961/10961
f 10961/10961 10974/10974 10960/10960
f 10960/10960 10974/10974 10975/10975
f 10960/10960 10975/10975 10959/10959
f 10959/10959 10975/10975 10976/10976
f 10959/10959 10976/10976 10977/10977
f 10959/10959 10977/10977 10958/10958
f 10958/10958 10977/10977 10955/10955
f 10958/10958 10955/10955 10957/10957
f 10957/10957 10955/10955 10956/10956
f 10990/10990 10988/10988 10989/10989
f 10988/10988 10990/10990 10987/10987
f 10987/10987 10990/10990 10991/10991
f 10987/10987 10991/10991 10986/10986
f 10986/10986 10991/10991 10992/10992
f 10986/10986 10992/10992 10985/10985
f 10985/10985 10992/10992 10984/10984
f 10984/10984 10992/10992 10993/10993
f 10984/10984 10993/10993 10983/10983
f 10983/10983 10993/10993 10994/10994
f 10983/10983 10994/10994 10982/10982
f 10982/10982 10994/10994 10995/10995
f 10982/10982 10995/10995 10996/10996
f 10982/10982 10996/10996 10981/10981
f 10981/10981 10996/10996 10997/10997
f 10981/10981 10997/10997 10980/10980
f 10980/10980 10997/10997 10998/10998
f 10980/10980 10998/10998 10979/10979
f 10979/10979 10998/10998 10999/10999
f 10979/10979 10999/10999 10978/10978
f 10978/10978 10999/10999 11000/11000
f 11003/11003 11001/11001 11002/11002
f 11001/11001 11003/11003 11004/11004
f 11001/11001 11004/11004 11005/11005
f 11013/11013 11011/11011 11012/11012
f 11011/11011 11013/11013 11009/11009
f 11009/11009 11013/11013 11008/11008
f 11008/11008 11013/11013 11007/11007
f 11007/11007 11013/11013 11006/11006
f 11010/11010 11011/11011 11009/11009
f 11016/11016 11014/11014 11015/11015
f 11014/11014 11016/11016 11018/11018
f 11018/11018 11016/11016 11017/11017
f 11021/11021 11019/11019 11020/11020
f 11019/11019 11021/11021 11023/11023
f 11023/11023 11021/11021 11022/11022
f 11025/11025 11028/11028 11024/11024
f 11028/11028 11025/11025 11026/11026
f 11028/11028 11026/11026 11027/11027
f 11031/11031 11029/11029 11030/11030
f 11029/11029 11031/11031 11033/11033
f 11033/11033 11031/11031 11032/11032
f 11034/11034 11037/11037 11038/11038
f 11037/11037 11034/11034 11036/11036
f 11036/11036 11034/11034 11035/11035
f 11040/11040 11043/11043 11039/11039
f 11043/11043 11040/11040 11041/11041
f 11043/11043 11041/11041 11042/11042
f 11045/11045 11048/11048 11044/11044
f 11048/11048 11045/11045 11046/11046
f 11048/11048 11046/11046 11047/11047
f 11050/11050 11054/11054 11049/11049
f 11054/11054 11050/11050 11053/11053
f 11053/11053 11050/11050 11052/11052
f 11052/11052 11050/11050 11051/11051
f 11057/11057 11055/11055 11056/11056
f 11055/11055 11057/11057 11059/11059
f 11059/11059 11057/11057 11058/11058
f 11062/11062 11060/11060 11061/11061
f 11060/11060 11062/11062 11064/11064
f 11064/11064 11062/11062 11063/11063
f 11067/11067 11065/11065 11066/11066
f 11065/11065 11067/11067 11069/11069
f 11069/11069 11067/11067 11068/11068
f 11072/11072 11070/11070 11071/11071
f 11070/11070 11072/11072 11074/11074
f 11074/11074 11072/11072 11073/11073
f 11080/11080 11078/11078 11079/11079
f 11078/11078 11080/11080 11077/11077
f 11077/11077 11080/11080 11076/11076
f 11076/11076 11080/11080 11075/11075
f 11081/11081 9970/9970 9969/9969
f 9970/9970 11081/11081 11082/11082
f 11082/11082 9830/9830 9970/9970
f 9830/9830 11082/11082 9831/9831
f 11086/11086 11084/11084 11085/11085
f 11084/11084 11086/11086 11087/11087
f 11090/11090 11088/11088 11089/11089
f 11087/11087 11083/11083 11084/11084
f 11083/11083 11087/11087 11088/11088
f 11083/11083 11088/11088 11090/11090
f 9545/9545 11091/11091 11092/11092
f 9832/9832 9544/9544 9833/9833
f 9544/9544 9832/9832 11091/11091
f 9544/9544 11091/11091 9545/9545
f 11094/11094 11099/11099 11093/11093
f 11099/11099 11094/11094 11095/11095
f 11099/11099 11095/11095 11096/11096
f 11099/11099 11096/11096 11097/11097
f 11099/11099 11097/11097 11098/11098
f 11108/11108 11106/11106 11107/11107
f 11106/11106 11108/11108 11109/11109
f 11106/11106 11109/11109 11105/11105
f 11105/11105 11109/11109 11104/11104
f 11104/11104 11109/11109 11110/11110
f 11101/11101 11110/11110 11100/11100
f 11110/11110 11101/11101 11102/11102
f 11110/11110 11102/11102 11103/11103
f 11110/11110 11103/11103 11104/11104
f 11113/11113 11111/11111 11112/11112
f 11111/11111 11113/11113 11117/11117
f 11117/11117 11113/11113 11114/11114
f 11117/11117 11114/11114 11115/11115
f 11117/11117 11115/11115 11116/11116
f 11127/11127 11125/11125 11126/11126
f 11125/11125 11127/11127 11124/11124
f 11124/11124 11127/11127 11123/11123
f 11123/11123 11127/11127 11122/11122
f 11120/11120 11118/11118 11119/11119
f 11118/11118 11120/11120 11128/11128
f 11128/11128 11120/11120 11121/11121
f 11128/11128 11121/11121 11122/11122
f 11128/11128 11122/11122 11127/11127
f 11130/11130 11136/11136 11129/11129
f 11136/11136 11130/11130 11131/11131
f 11136/11136 11131/11131 11132/11132
f 11136/11136 11132/11132 11133/11133
f 11136/11136 11133/11133 11134/11134
f 11136/11136 11134/11134 11135/11135
f 11139/11139 11137/11137 11138/11138
f 11137/11137 11139/11139 11143/11143
f 11143/11143 11139/11139 11140/11140
f 11143/11143 11140/11140 11141/11141
f 11143/11143 11141/11141 11142/11142
f 11153/11153 11151/11151 11152/11152
f 11151/11151 11153/11153 11150/11150
f 11150/11150 11153/11153 11149/11149
f 11146/11146 11144/11144 11145/11145
f 11144/11144 11146/11146 11154/11154
f 11154/11154 11146/11146 11147/11147
f 11154/11154 11147/11147 11148/11148
f 11154/11154 11148/11148 11149/11149
f 11154/11154 11149/11149 11153/11153
f 11155/11155 11158/11158 11159/11159
f 11158/11158 11155/11155 11157/11157
f 11157/11157 11155/11155 11156/11156
f 11160/11160 11163/11163 11164/11164
f 11163/11163 11160/11160 11162/11162
f 11162/11162 11160/11160 11161/11161
f 11168/11168 11166/11166 11167/11167
f 11166/11166 11168/11168 11165/11165
f 11165/11165 11168/11168 11169/11169
f 11173/11173 11171/11171 11172/11172
f 11171/11171 11173/11173 11170/11170
f 11170/11170 11173/11173 11174/11174
f 11175/11175 11178/11178 11179/11179
f 11178/11178 11175/11175 11176/11176
f 11178/11178 11176/11176 11177/11177
f 11183/11183 11181/11181 11182/11182
f 11181/11181 11183/11183 11180/11180
f 11180/11180 11183/11183 11184/11184
f 11187/11187 11185/11185 11186/11186
f 11185/11185 11187/11187 11191/11191
f 11191/11191 11187/11187 11190/11190
f 11190/11190 11187/11187 11189/11189
f 11189/11189 11187/11187 11188/11188
f 11193/11193 11196/11196 11192/11192
f 11196/11196 11193/11193 11195/11195
f 11195/11195 11193/11193 11194/11194
f 11199/11199 11197/11197 11198/11198
f 11197/11197 11199/11199 11202/11202
f 11202/11202 11199/11199 11201/11201
f 11201/11201 11199/11199 11200/11200
f 11206/11206 11204/11204 11205/11205
f 11204/11204 11206/11206 11203/11203
f 11203/11203 11206/11206 11207/11207
f 11216/11216 11214/11214 11215/11215
f 11214/11214 11216/11216 11217/11217
f 11214/11214 11217/11217 11213/11213
f 11213/11213 11217/11217 11212/11212
f 11212/11212 11217/11217 11211/11211
f 11211/11211 11217/11217 11218/11218
f 11209/11209 11218/11218 11208/11208
f 11218/11218 11209/11209 11210/11210
f 11218/11218 11210/11210 11211/11211
f 11220/11220 11223/11223 11219/11219
f 11223/11223 11220/11220 11222/11222
f 11222/11222 11220/11220 11221/11221
f 11224/11224 11228/11228 11229/11229
f 11228/11228 11224/11224 11225/11225
f 11228/11228 11225/11225 11226/11226
f 11228/11228 11226/11226 11227/11227
f 8982/8982 11233/11233 11234/11234
f 11233/11233 8982/8982 8981/8981
f 11233/11233 8981/8981 11232/11232
f 11232/11232 8981/8981 11231/11231
f 11231/11231 8981/8981 11230/11230
f 11235/11235 11238/11238 11239/11239
f 11238/11238 11235/11235 11237/11237
f 11237/11237 11235/11235 11236/11236
f 11242/11242 11240/11240 11241/11241
f 11240/11240 11242/11242 11243/11243
f 11240/11240 11243/11243 11244/11244
f 11248/11248 11246/11246 11247/11247
f 11246/11246 11248/11248 11245/11245
f 11245/11245 11248/11248 11249/11249
f 11251/11251 11254/11254 11250/11250
f 11254/11254 11251/11251 11253/11253
f 11253/11253 11251/11251 11252/11252
f 11259/11259 11257/11257 11258/11258
f 11257/11257 11259/11259 11256/11256
f 11256/11256 11259/11259 11255/11255
f 9594/9594 11262/11262 9595/9595
f 11262/11262 9594/9594 11261/11261
f 11261/11261 9594/9594 11260/11260
f 11266/11266 11264/11264 11265/11265
f 11264/11264 11266/11266 11263/11263
f 11263/11263 11266/11266 11267/11267
f 11269/11269 11272/11272 11268/11268
f 11272/11272 11269/11269 11270/11270
f 11272/11272 11270/11270 11271/11271
f 11277/11277 11275/11275 11276/11276
f 11275/11275 11277/11277 11274/11274
f 11274/11274 11277/11277 11278/11278
f 11274/11274 11278/11278 11279/11279
f 11274/11274 11279/11279 11273/11273
f 11281/11281 11285/11285 11280/11280
f 11285/11285 11281/11281 11284/11284
f 11284/11284 11281/11281 11283/11283
f 11283/11283 11281/11281 11282/11282
f 11291/11291 10735/10735 10738/10738
f 10735/10735 11291/11291 11290/11290
f 11290/11290 11291/11291 11289/11289
f 11289/11289 11291/11291 11288/11288
f 11288/11288 11291/11291 11287/11287
f 11287/11287 11291/11291 11286/11286
f 11295/11295 11293/11293 11294/11294
f 11293/11293 11295/11295 11296/11296
f 11293/11293 11296/11296 11292/11292
f 10737/10737 11298/11298 11299/11299
f 11298/11298 10737/10737 11297/11297
f 11297/11297 10737/10737 10736/10736
f 11304/11304 11301/11301 11303/11303
f 11301/11301 11304/11304 11305/11305
f 11301/11301 11305/11305 11300/11300
f 11302/11302 11303/11303 11301/11301
f 11310/11310 11308/11308 11309/11309
f 11308/11308 11310/11310 11307/11307
f 11307/11307 11310/11310 11311/11311
f 11307/11307 11311/11311 11306/11306
f 11318/11318 11316/11316 11317/11317
f 11316/11316 11318/11318 11315/11315
f 11315/11315 11318/11318 11314/11314
f 11314/11314 11318/11318 11313/11313
f 11313/11313 11318/11318 11312/11312
f 11319/11319 11322/11322 11323/11323
f 11322/11322 11319/11319 11320/11320
f 11322/11322 11320/11320 11321/11321
f 11327/11327 11325/11325 11326/11326
f 11325/11325 11327/11327 11324/11324
f 11324/11324 11327/11327 11328/11328
f 11332/11332 11330/11330 11331/11331
f 11330/11330 11332/11332 11329/11329
f 11329/11329 11332/11332 11333/11333
f 11337/11337 11335/11335 11336/11336
f 11335/11335 11337/11337 11334/11334
f 11334/11334 11337/11337 11338/11338
f 8848/8848 11341/11341 8849/8849
f 11341/11341 8848/8848 11340/11340
f 11340/11340 8848/8848 11339/11339
f 11343/11343 11346/11346 11342/11342
f 11346/11346 11343/11343 11345/11345
f 11345/11345 11343/11343 11344/11344
f 11349/11349 11347/11347 11348/11348
f 11347/11347 11349/11349 11351/11351
f 11351/11351 11349/11349 11350/11350
f 11355/11355 11353/11353 11354/11354
f 11353/11353 11355/11355 11352/11352
f 11352/11352 11355/11355 11356/11356
f 11358/11358 11361/11361 11357/11357
f 11361/11361 11358/11358 11359/11359
f 11361/11361 11359/11359 11360/11360
f 11365/11365 11363/11363 11364/11364
f 11363/11363 11365/11365 11362/11362
f 11362/11362 11365/11365 11366/11366
f 11371/11371 11369/11369 11370/11370
f 11369/11369 11371/11371 11368/11368
f 11368/11368 11371/11371 11367/11367
f 11373/11373 11376/11376 11372/11372
f 11376/11376 11373/11373 11375/11375
f 11375/11375 11373/11373 11374/11374
f 11380/11380 11378/11378 11379/11379
f 11378/11378 11380/11380 11381/11381
f 11378/11378 11381/11381 11377/11377
f 11388/11388 11386/11386 11387/11387
f 11386/11386 11388/11388 11389/11389
f 11386/11386 11389/11389 11385/11385
f 11385/11385 11389/11389 11384/11384
f 11384/11384 11389/11389 11383/11383
f 11383/11383 11389/11389 11382/11382
f 11390/11390 11393/11393 11394/11394
f 11393/11393 11390/11390 11391/11391
f 11393/11393 11391/11391 11392/11392
f 11399/11399 11397/11397 11398/11398
f 11397/11397 11399/11399 11396/11396
f 11396/11396 11399/11399 11395/11395
f 11403/11403 11401/11401 11402/11402
f 11401/11401 11403/11403 11400/11400
f 11400/11400 11403/11403 11404/11404
f 11407/11407 11405/11405 11406/11406
f 11405/11405 11407/11407 11409/11409
f 11409/11409 11407/11407 11408/11408
f 11410/11410 11413/11413 11414/11414
f 11413/11413 11410/11410 11412/11412
f 11412/11412 11410/11410 11411/11411
f 11419/11419 11417/11417 11418/11418
f 11417/11417 11419/11419 11416/11416
f 11416/11416 11419/11419 11415/11415
f 11423/11423 11421/11421 11422/11422
f 11421/11421 11423/11423 11424/11424
f 11421/11421 11424/11424 11420/11420
f 8849/8849 11426/11426 9603/9603
f 11426/11426 8849/8849 11425/11425
f 11425/11425 8849/8849 11341/11341
f 11430/11430 11428/11428 11429/11429
f 11428/11428 11430/11430 11427/11427
f 11427/11427 11430/11430 11431/11431
f 11434/11434 11432/11432 11433/11433
f 11432/11432 11434/11434 11437/11437
f 11437/11437 11434/11434 11436/11436
f 11436/11436 11434/11434 11435/11435
f 11442/11442 11440/11440 11441/11441
f 11440/11440 11442/11442 11439/11439
f 11439/11439 11442/11442 11438/11438
f 11443/11443 9040/9040 8990/8990
f 9040/9040 11443/11443 11444/11444
f 9040/9040 11444/11444 11445/11445
f 11446/11446 11449/11449 11450/11450
f 11449/11449 11446/11446 11447/11447
f 11449/11449 11447/11447 11448/11448
f 11455/11455 11453/11453 11454/11454
f 11453/11453 11455/11455 11452/11452
f 11452/11452 11455/11455 11451/11451

