# https://github.com/mikedh/trimesh
mtllib material.mtl

o Cube.002_Ambulance_0
usemtl Ambulance
v -220.29660641 489.08540452 75.53770874
v -220.29660630 500.80367999 100.00010622
v -220.29660630 513.54782994 87.25591025
v 220.29656413 489.08539558 75.53765285
v 220.29655004 513.54782101 87.25596809
v 220.29655004 500.80367106 100.00005032
v -144.75238111 120.18809785 649.85082521
v -144.75236637 82.33262910 649.85081904
v -144.75236056 82.33263153 634.94338744
v -144.75237530 120.18810028 634.94339361
v -204.31724423 120.18807708 634.94337041
v -204.31722949 82.33260833 634.94336424
v -204.31723529 82.33260590 649.85079585
v -204.31725003 120.18807465 649.85080201
v -187.13321961 120.18808134 649.85080871
v -187.13320487 82.33261259 649.85080254
v -144.75236637 82.33262910 649.85081904
v -144.75238111 120.18809785 649.85082521
v -187.13321381 120.18808377 634.94337710
v -204.31724423 120.18807708 634.94337041
v -204.31725003 120.18807465 649.85080201
v -187.13321961 120.18808134 649.85080871
v -187.13319907 82.33261502 634.94337094
v -144.75236056 82.33263153 634.94338744
v -144.75236637 82.33262910 649.85081904
v -187.13320487 82.33261259 649.85080254
v -204.31722949 82.33260833 634.94336424
v -204.31723529 82.33260590 649.85079585
v -144.75237530 120.18810028 634.94339361
v -144.75238111 120.18809785 649.85082521
v -204.31725003 120.18807465 649.85080201
v -204.31723529 82.33260590 649.85079585
v 144.75240251 120.18812033 649.85084820
v 144.75240832 120.18812276 634.94341482
v 144.75239466 82.33264724 634.94340866
v 144.75241726 82.33264481 649.85084204
v 204.31727725 120.18810647 634.94339181
v 204.31729984 120.18810404 649.85082519
v 204.31728618 82.33262965 649.85081903
v 204.31729199 82.33263208 634.94338565
v 187.13327120 120.18810863 649.85083183
v 144.75240251 120.18812033 649.85084820
v 144.75241726 82.33264481 649.85084204
v 187.13325754 82.33263424 649.85082566
v 187.13324860 120.18811106 634.94339845
v 187.13327120 120.18810863 649.85083183
v 204.31729984 120.18810404 649.85082519
v 204.31727725 120.18810647 634.94339181
v 187.13323494 82.33263667 634.94339228
v 187.13325754 82.33263424 649.85082566
v 144.75241726 82.33264481 649.85084204
v 144.75239466 82.33264724 634.94340866
v 204.31729199 82.33263208 634.94338565
v 204.31728618 82.33262965 649.85081903
v 187.13325754 82.33263424 649.85082566
v 187.13323494 82.33263667 634.94339228
v 144.75240832 120.18812276 634.94341482
v 144.75240251 120.18812033 649.85084820
v 187.13327120 120.18810863 649.85083183
v 187.13324860 120.18811106 634.94339845
v 204.31729984 120.18810404 649.85082519
v 187.13327120 120.18810863 649.85083183
v 187.13325754 82.33263424 649.85082566
v 204.31728618 82.33262965 649.85081903
v -113.52506577 208.73710773 -363.11192347
v -113.52506826 251.59405505 -363.11191648
v -113.52507483 251.59405230 -346.23482774
v -113.52507234 208.73710498 -346.23483472
v -180.95967029 208.73710580 -346.23486098
v -180.95967278 251.59405312 -346.23485400
v -180.95967331 251.59405587 -363.11194274
v -180.95967082 208.73710855 -363.11194973
v -161.50527958 208.73710710 -363.11194215
v -161.50528206 251.59405442 -363.11193517
v -113.52506826 251.59405505 -363.11191648
v -113.52506577 208.73710773 -363.11192347
v -161.50527905 208.73710435 -346.23485341
v -180.95967029 208.73710580 -346.23486098
v -180.95967082 208.73710855 -363.11194973
v -161.50527958 208.73710710 -363.11194215
v -161.50528153 251.59405167 -346.23484643
v -113.52507483 251.59405230 -346.23482774
v -113.52506826 251.59405505 -363.11191648
v -161.50528206 251.59405442 -363.11193517
v -180.95967278 251.59405312 -346.23485400
v -161.50528153 251.59405167 -346.23484643
v -161.50528206 251.59405442 -363.11193517
v -180.95967331 251.59405587 -363.11194274
v -113.52507234 208.73710498 -346.23483472
v -161.50527905 208.73710435 -346.23485341
v -161.50527958 208.73710710 -363.11194215
v -113.52506577 208.73710773 -363.11192347
v -180.95967082 208.73710855 -363.11194973
v -180.95967331 251.59405587 -363.11194274
v -161.50528206 251.59405442 -363.11193517
v -161.50527958 208.73710710 -363.11194215
v 113.52508287 208.73712395 -363.11194878
v 113.52507629 208.73712120 -346.23486004
v 113.52505960 251.59406852 -346.23485306
v 113.52506618 251.59407127 -363.11194180
v 180.95972040 208.73712941 -346.23483378
v 180.95972697 208.73713215 -363.11192252
v 180.95971028 251.59407948 -363.11191554
v 180.95970371 251.59407673 -346.23482680
v 161.50532507 208.73712458 -363.11193010
v 113.52508287 208.73712395 -363.11194878
v 113.52506618 251.59407127 -363.11194180
v 161.50530839 251.59407190 -363.11192312
v 161.50531850 208.73712183 -346.23484136
v 161.50532507 208.73712458 -363.11193010
v 180.95972697 208.73713215 -363.11192252
v 180.95972040 208.73712941 -346.23483378
v 161.50530181 251.59406915 -346.23483438
v 161.50530839 251.59407190 -363.11192312
v 113.52506618 251.59407127 -363.11194180
v 113.52505960 251.59406852 -346.23485306
v 180.95970371 251.59407673 -346.23482680
v 180.95971028 251.59407948 -363.11191554
v 161.50530839 251.59407190 -363.11192312
v 161.50530181 251.59406915 -346.23483438
v 113.52507629 208.73712120 -346.23486004
v 113.52508287 208.73712395 -363.11194878
v 161.50532507 208.73712458 -363.11193010
v 161.50531850 208.73712183 -346.23484136
v 180.95972697 208.73713215 -363.11192252
v 180.95971028 251.59407948 -363.11191554
v -172.74239661 142.66354086 -133.81335132
v -226.26490331 142.66353807 -133.81331530
v -226.26490417 91.91102656 -117.32287586
v -172.74239747 91.91102597 -117.32285502
v -172.74239907 9.79169682 -176.98608967
v -226.26490576 9.79169403 -176.98605365
v -226.26490273 9.79171175 -230.35042103
v -172.74239781 9.79171454 -230.35045705
v -172.74239781 9.79171454 -230.35045705
v -226.26490273 9.79171175 -230.35042103
v -226.26490169 41.15851385 -273.52313262
v -172.74239854 41.15851664 -273.52311177
v -172.74239854 41.15851664 -273.52311177
v -226.26490169 41.15851385 -273.52313262
v -226.26490083 91.91106203 -290.01362892
v -172.74239768 91.91106143 -290.01360808
v -172.74239768 91.91106143 -290.01360808
v -226.26490083 91.91106203 -290.01362892
v -226.26490216 142.66359693 -273.52311608
v -172.74239724 142.66359973 -273.52309524
v -172.74239724 142.66359973 -273.52309524
v -226.26490216 142.66359693 -273.52311608
v -226.26489923 174.03037142 -230.35045114
v -172.74239609 174.03037422 -230.35043030
v -172.74239609 174.03037422 -230.35043030
v -226.26489923 174.03037142 -230.35045114
v -226.26490226 174.03036273 -176.98602689
v -172.74239734 174.03036552 -176.98600605
v -172.74239734 174.03036552 -176.98600605
v -226.26490226 174.03036273 -176.98602689
v -226.26490331 142.66353807 -133.81331530
v -172.74239661 142.66354086 -133.81335132
v -172.74239792 41.15848937 -133.81336786
v -226.26490284 41.15848657 -133.81338870
v -226.26490576 9.79169403 -176.98605365
v -172.74239907 9.79169682 -176.98608967
v -232.40303766 63.22695724 -164.18799592
v -232.40303826 91.91103875 -154.86800313
v -241.65949569 91.91103853 -154.86800673
v -241.65949510 63.22695364 -164.18799952
v -172.74239747 91.91102597 -117.32285502
v -226.26490417 91.91102656 -117.32287586
v -226.26490284 41.15848657 -133.81338870
v -172.74239792 41.15848937 -133.81336786
v -172.74239747 91.91102597 -117.32285502
v -172.74239792 41.15848937 -133.81336786
v -166.60426268 46.13666323 -140.66525342
v -166.60426145 91.91102861 -125.79221910
v -226.26490284 41.15848657 -133.81338870
v -226.26490417 91.91102656 -117.32287586
v -232.40303538 91.91103006 -125.79224472
v -232.40303661 46.13666468 -140.66522217
v -172.74239792 41.15848937 -133.81336786
v -172.74239907 9.79169682 -176.98608967
v -166.60426491 17.84655013 -179.60323462
v -166.60426268 46.13666323 -140.66525342
v -226.26490576 9.79169403 -176.98605365
v -226.26490284 41.15848657 -133.81338870
v -232.40303661 46.13666468 -140.66522217
v -232.40303884 17.84655159 -179.60326025
v -172.74239907 9.79169682 -176.98608967
v -172.74239781 9.79171454 -230.35045705
v -166.60426391 17.84656700 -227.73324783
v -166.60426491 17.84655013 -179.60323462
v -226.26490273 9.79171175 -230.35042103
v -226.26490576 9.79169403 -176.98605365
v -232.40303884 17.84655159 -179.60326025
v -232.40303784 17.84656845 -227.73327345
v -172.74239781 9.79171454 -230.35045705
v -172.74239854 41.15851664 -273.52311177
v -166.60426332 46.13668827 -266.67127668
v -166.60426391 17.84656700 -227.73324783
v -226.26490169 41.15851385 -273.52313262
v -226.26490273 9.79171175 -230.35042103
v -232.40303784 17.84656845 -227.73327345
v -232.40303725 46.13668972 -266.67124544
v -172.74239854 41.15851664 -273.52311177
v -172.74239768 91.91106143 -290.01360808
v -166.60426470 91.91105850 -281.54423922
v -166.60426332 46.13668827 -266.67127668
v -226.26490083 91.91106203 -290.01362892
v -226.26490169 41.15851385 -273.52313262
v -232.40303725 46.13668972 -266.67124544
v -232.40303863 91.91105995 -281.54426484
v -172.74239768 91.91106143 -290.01360808
v -172.74239724 142.66359973 -273.52309524
v -166.60426347 137.68542388 -266.67126177
v -166.60426470 91.91105850 -281.54423922
v -226.26490216 142.66359693 -273.52311608
v -226.26490083 91.91106203 -290.01362892
v -232.40303863 91.91105995 -281.54426484
v -232.40303740 137.68542533 -266.67123052
v -172.74239724 142.66359973 -273.52309524
v -172.74239609 174.03037422 -230.35043030
v -166.60426124 165.97552117 -227.73322369
v -166.60426347 137.68542388 -266.67126177
v -226.26489923 174.03037142 -230.35045114
v -226.26490216 142.66359693 -273.52311608
v -232.40303740 137.68542533 -266.67123052
v -232.40303517 165.97552263 -227.73324932
v -172.74239609 174.03037422 -230.35043030
v -172.74239734 174.03036552 -176.98600605
v -166.60426223 165.97551333 -179.60321049
v -166.60426124 165.97552117 -227.73322369
v -226.26490226 174.03036273 -176.98602689
v -226.26489923 174.03037142 -230.35045114
v -232.40303517 165.97552263 -227.73324932
v -232.40303616 165.97551479 -179.60323611
v -172.74239734 174.03036552 -176.98600605
v -172.74239661 142.66354086 -133.81335132
v -166.60426283 137.68536725 -140.66518164
v -166.60426223 165.97551333 -179.60321049
v -226.26490331 142.66353807 -133.81331530
v -226.26490226 174.03036273 -176.98602689
v -232.40303616 165.97551479 -179.60323611
v -232.40303676 137.68536870 -140.66520726
v -172.74239661 142.66354086 -133.81335132
v -172.74239747 91.91102597 -117.32285502
v -166.60426145 91.91102861 -125.79221910
v -166.60426283 137.68536725 -140.66518164
v -226.26490417 91.91102656 -117.32287586
v -226.26490331 142.66353807 -133.81331530
v -232.40303676 137.68536870 -140.66520726
v -232.40303538 91.91103006 -125.79224472
v -232.40303826 91.91103875 -154.86800313
v -232.40303766 63.22695724 -164.18799592
v -232.40303661 46.13666468 -140.66522217
v -232.40303538 91.91103006 -125.79224472
v -232.40303766 63.22695724 -164.18799592
v -232.40303900 45.49922772 -188.58812463
v -232.40303884 17.84655159 -179.60326025
v -232.40303661 46.13666468 -140.66522217
v -232.40303900 45.49922772 -188.58812463
v -232.40303791 45.49923715 -218.74834319
v -232.40303784 17.84656845 -227.73327345
v -232.40303884 17.84655159 -179.60326025
v -232.40303791 45.49923715 -218.74834319
v -232.40303886 63.22697462 -243.14852299
v -232.40303725 46.13668972 -266.67124544
v -232.40303784 17.84656845 -227.73327345
v -232.40303886 63.22697462 -243.14852299
v -232.40303575 91.91105239 -252.46850644
v -232.40303863 91.91105995 -281.54426484
v -232.40303725 46.13668972 -266.67124544
v -232.40303575 91.91105239 -252.46850644
v -232.40303635 120.59513051 -243.14845678
v -232.40303740 137.68542533 -266.67123052
v -232.40303863 91.91105995 -281.54426484
v -232.40303635 120.59513051 -243.14845678
v -232.40303500 138.32284875 -218.74832806
v -232.40303517 165.97552263 -227.73324932
v -232.40303740 137.68542533 -266.67123052
v -232.40303500 138.32284875 -218.74832806
v -232.40303610 138.32284383 -188.58810951
v -232.40303616 165.97551479 -179.60323611
v -232.40303517 165.97552263 -227.73324932
v -232.40303610 138.32284383 -188.58810951
v -232.40303514 120.59508831 -164.18798657
v -232.40303676 137.68536870 -140.66520726
v -232.40303616 165.97551479 -179.60323611
v -232.40303514 120.59508831 -164.18798657
v -232.40303826 91.91103875 -154.86800313
v -232.40303538 91.91103006 -125.79224472
v -232.40303676 137.68536870 -140.66520726
v -232.40303610 138.32284383 -188.58810951
v -232.40303500 138.32284875 -218.74832806
v -241.65949599 138.32284966 -218.74833167
v -241.65949353 138.32284474 -188.58811312
v -232.40303575 91.91105239 -252.46850644
v -232.40303886 63.22697462 -243.14852299
v -241.65949985 63.22697553 -243.14846973
v -241.65949319 91.91105217 -252.46851004
v -232.40303900 45.49922772 -188.58812463
v -232.40303766 63.22695724 -164.18799592
v -241.65949510 63.22695364 -164.18799952
v -241.65949999 45.49922863 -188.58812824
v -232.40303514 120.59508831 -164.18798657
v -232.40303610 138.32284383 -188.58810951
v -241.65949353 138.32284474 -188.58811312
v -241.65949613 120.59508696 -164.18799018
v -232.40303635 120.59513051 -243.14845678
v -232.40303575 91.91105239 -252.46850644
v -241.65949319 91.91105217 -252.46851004
v -241.65949379 120.59512916 -243.14846038
v -232.40303791 45.49923715 -218.74834319
v -232.40303900 45.49922772 -188.58812463
v -241.65949999 45.49922863 -188.58812824
v -241.65949535 45.49923806 -218.74834679
v -232.40303826 91.91103875 -154.86800313
v -232.40303514 120.59508831 -164.18798657
v -241.65949613 120.59508696 -164.18799018
v -241.65949569 91.91103853 -154.86800673
v -232.40303500 138.32284875 -218.74832806
v -232.40303635 120.59513051 -243.14845678
v -241.65949379 120.59512916 -243.14846038
v -241.65949599 138.32284966 -218.74833167
v -232.40303886 63.22697462 -243.14852299
v -232.40303791 45.49923715 -218.74834319
v -241.65949535 45.49923806 -218.74834679
v -241.65949985 63.22697553 -243.14846973
v -172.74239789 142.66346115 493.97977451
v -226.26489926 142.66345835 493.97975367
v -226.26490012 91.91094007 510.47024997
v -172.74239875 91.91093948 510.47027081
v -172.74240034 9.79160357 450.80703616
v -226.26490171 9.79160078 450.80701532
v -226.26490223 9.79160947 397.44264794
v -172.74240086 9.79161226 397.44266878
v -172.74240086 9.79161226 397.44266878
v -226.26490223 9.79160947 397.44264794
v -226.26490119 41.15842059 354.26993635
v -172.74239981 41.15842338 354.26995719
v -172.74239981 41.15842338 354.26995719
v -226.26490119 41.15842059 354.26993635
v -226.26490033 91.91097554 337.77949691
v -172.74239896 91.91097495 337.77951775
v -172.74239896 91.91097495 337.77951775
v -226.26490033 91.91097554 337.77949691
v -226.26490166 142.66351722 354.26995289
v -172.74239851 142.66352001 354.26997373
v -172.74239851 142.66352001 354.26997373
v -226.26490166 142.66351722 354.26995289
v -226.26490228 174.03029622 397.44267469
v -172.74239914 174.03029901 397.44269554
v -172.74239914 174.03029901 397.44269554
v -226.26490228 174.03029622 397.44267469
v -226.26490176 174.03028753 450.80704208
v -172.74239862 174.03029032 450.80706292
v -172.74239862 174.03029032 450.80706292
v -226.26490176 174.03028753 450.80704208
v -226.26489926 142.66345835 493.97975367
v -172.74239789 142.66346115 493.97977451
v -172.74239919 41.15839611 493.97975797
v -226.26490234 41.15839332 493.97973713
v -226.26490171 9.79160078 450.80701532
v -172.74240034 9.79160357 450.80703616
v -232.40303360 63.22686850 463.60507305
v -232.40303420 91.91095226 472.92512271
v -241.65949164 91.91095204 472.92511910
v -241.65949104 63.22686490 463.60506944
v -172.74239875 91.91093948 510.47027081
v -226.26490012 91.91094007 510.47024997
v -226.26490234 41.15839332 493.97973713
v -172.74239919 41.15839611 493.97975797
v -172.74239875 91.91093948 510.47027081
v -172.74239919 41.15839611 493.97975797
v -166.60426573 46.13656997 487.12787241
v -166.60426805 91.91094212 502.00084987
v -226.26490234 41.15839332 493.97973713
v -226.26490012 91.91094007 510.47024997
v -232.40303487 91.91094357 502.00082424
v -232.40303256 46.13657142 487.12784679
v -172.74239919 41.15839611 493.97975797
v -172.74240034 9.79160357 450.80703616
v -166.60426795 17.84645688 448.18989121
v -166.60426573 46.13656997 487.12787241
v -226.26490171 9.79160078 450.80701532
v -226.26490234 41.15839332 493.97973713
v -232.40303256 46.13657142 487.12784679
v -232.40303478 17.84645833 448.18986559
v -172.74240034 9.79160357 450.80703616
v -172.74240086 9.79161226 397.44266878
v -166.60426696 17.84647375 400.05982114
v -166.60426795 17.84645688 448.18989121
v -226.26490223 9.79160947 397.44264794
v -226.26490171 9.79160078 450.80701532
v -232.40303478 17.84645833 448.18986559
v -232.40303379 17.84647520 400.05979551
v -172.74240086 9.79161226 397.44266878
v -172.74239981 41.15842338 354.26995719
v -166.60426637 46.13659501 361.12184915
v -166.60426696 17.84647375 400.05982114
v -226.26490119 41.15842059 354.26993635
v -226.26490223 9.79160947 397.44264794
v -232.40303379 17.84647520 400.05979551
v -232.40303320 46.13659647 361.12182353
v -172.74239981 41.15842338 354.26995719
v -172.74239896 91.91097495 337.77951775
v -166.60426775 91.91097201 346.24888661
v -166.60426637 46.13659501 361.12184915
v -226.26490033 91.91097554 337.77949691
v -226.26490119 41.15842059 354.26993635
v -232.40303320 46.13659647 361.12182353
v -232.40303458 91.91097346 346.24886099
v -172.74239896 91.91097495 337.77951775
v -172.74239851 142.66352001 354.26997373
v -166.60426651 137.68534416 361.12186406
v -166.60426775 91.91097201 346.24888661
v -226.26490166 142.66351722 354.26995289
v -226.26490033 91.91097554 337.77949691
v -232.40303458 91.91097346 346.24886099
v -232.40303334 137.68534561 361.12183844
v -172.74239851 142.66352001 354.26997373
v -172.74239914 174.03029901 397.44269554
v -166.60426429 165.97544146 400.05984527
v -166.60426651 137.68534416 361.12186406
v -226.26490228 174.03029622 397.44267469
v -226.26490166 142.66351722 354.26995289
v -232.40303334 137.68534561 361.12183844
v -232.40303112 165.97544291 400.05981965
v -172.74239914 174.03029901 397.44269554
v -172.74239862 174.03029032 450.80706292
v -166.60426528 165.97543362 448.18991534
v -166.60426429 165.97544146 400.05984527
v -226.26490176 174.03028753 450.80704208
v -226.26490228 174.03029622 397.44267469
v -232.40303112 165.97544291 400.05981965
v -232.40303211 165.97543507 448.18988972
v -172.74239862 174.03029032 450.80706292
v -172.74239789 142.66346115 493.97977451
v -166.60426588 137.68528753 487.12788733
v -166.60426528 165.97543362 448.18991534
v -226.26489926 142.66345835 493.97975367
v -226.26490176 174.03028753 450.80704208
v -232.40303211 165.97543507 448.18988972
v -232.40303271 137.68528898 487.12786171
v -172.74239789 142.66346115 493.97977451
v -172.74239875 91.91093948 510.47027081
v -166.60426805 91.91094212 502.00084987
v -166.60426588 137.68528753 487.12788733
v -226.26490012 91.91094007 510.47024997
v -226.26489926 142.66345835 493.97975367
v -232.40303271 137.68528898 487.12786171
v -232.40303487 91.91094357 502.00082424
v -232.40303420 91.91095226 472.92512271
v -232.40303360 63.22686850 463.60507305
v -232.40303256 46.13657142 487.12784679
v -232.40303487 91.91094357 502.00082424
v -232.40303360 63.22686850 463.60507305
v -232.40303495 45.49913447 439.20494433
v -232.40303478 17.84645833 448.18986559
v -232.40303256 46.13657142 487.12784679
v -232.40303495 45.49913447 439.20494433
v -232.40303386 45.49914389 409.04472578
v -232.40303379 17.84647520 400.05979551
v -232.40303478 17.84645833 448.18986559
v -232.40303386 45.49914389 409.04472578
v -232.40303481 63.22688588 384.64460284
v -232.40303320 46.13659647 361.12182353
v -232.40303379 17.84647520 400.05979551
v -232.40303481 63.22688588 384.64460284
v -232.40303170 91.91096591 375.32456253
v -232.40303458 91.91097346 346.24886099
v -232.40303320 46.13659647 361.12182353
v -232.40303170 91.91096591 375.32456253
v -232.40303230 120.59504628 384.64461219
v -232.40303334 137.68534561 361.12183844
v -232.40303458 91.91097346 346.24886099
v -232.40303230 120.59504628 384.64461219
v -232.40303450 138.32276903 409.04474090
v -232.40303112 165.97544291 400.05981965
v -232.40303334 137.68534561 361.12183844
v -232.40303450 138.32276903 409.04474090
v -232.40303204 138.32276412 439.20495945
v -232.40303211 165.97543507 448.18988972
v -232.40303112 165.97544291 400.05981965
v -232.40303204 138.32276412 439.20495945
v -232.40303464 120.59500408 463.60513926
v -232.40303271 137.68528898 487.12786171
v -232.40303211 165.97543507 448.18988972
v -232.40303464 120.59500408 463.60513926
v -232.40303420 91.91095226 472.92512271
v -232.40303487 91.91094357 502.00082424
v -232.40303271 137.68528898 487.12786171
v -232.40303204 138.32276412 439.20495945
v -232.40303450 138.32276903 409.04474090
v -241.65949194 138.32276994 409.04473730
v -241.65948948 138.32276503 439.20495585
v -232.40303170 91.91096591 375.32456253
v -232.40303481 63.22688588 384.64460284
v -241.65948870 63.22688679 384.64459923
v -241.65948914 91.91096569 375.32455892
v -232.40303495 45.49913447 439.20494433
v -232.40303360 63.22686850 463.60507305
v -241.65949104 63.22686490 463.60506944
v -241.65948884 45.49913538 439.20494073
v -232.40303464 120.59500408 463.60513926
v -232.40303204 138.32276412 439.20495945
v -241.65948948 138.32276503 439.20495585
v -241.65949208 120.59500273 463.60513566
v -232.40303230 120.59504628 384.64461219
v -232.40303170 91.91096591 375.32456253
v -241.65948914 91.91096569 375.32455892
v -241.65948974 120.59504493 384.64460858
v -232.40303386 45.49914389 409.04472578
v -232.40303495 45.49913447 439.20494433
v -241.65948884 45.49913538 439.20494073
v -241.65949130 45.49914480 409.04472217
v -232.40303420 91.91095226 472.92512271
v -232.40303464 120.59500408 463.60513926
v -241.65949208 120.59500273 463.60513566
v -241.65949164 91.91095204 472.92511910
v -232.40303450 138.32276903 409.04474090
v -232.40303230 120.59504628 384.64461219
v -241.65948974 120.59504493 384.64460858
v -241.65949194 138.32276994 409.04473730
v -232.40303481 63.22688588 384.64460284
v -232.40303386 45.49914389 409.04472578
v -241.65949130 45.49914480 409.04472217
v -241.65948870 63.22688679 384.64459923
v 172.74240907 142.66356709 -133.81333052
v 172.74236561 91.91104825 -117.32289108
v 226.26489183 91.91105555 -117.32287024
v 226.26487849 142.66357440 -133.81336655
v 172.74236402 9.79170500 -176.98606887
v 172.74238480 9.79172272 -230.35049312
v 226.26485422 9.79173454 -230.35047228
v 226.26489024 9.79171682 -176.98610489
v 172.74238480 9.79172272 -230.35049312
v 172.74238940 41.15853385 -273.52314784
v 226.26485881 41.15854115 -273.52318386
v 226.26485422 9.79173454 -230.35047228
v 172.74238940 41.15853385 -273.52314784
v 172.74237605 91.91108372 -290.01364415
v 226.26490228 91.91109158 -290.01362330
v 226.26485881 41.15854115 -273.52318386
v 172.74237605 91.91108372 -290.01364415
v 172.74240667 142.66362596 -273.52313130
v 226.26487609 142.66363326 -273.52311046
v 226.26490228 91.91109158 -290.01362330
v 172.74240667 142.66362596 -273.52313130
v 172.74237765 174.03040045 -230.35046636
v 226.26490387 174.03041226 -230.35044552
v 226.26487609 142.66363326 -273.52311046
v 172.74237765 174.03040045 -230.35046636
v 172.74241367 174.03039175 -176.98604211
v 226.26488309 174.03040357 -176.98602127
v 226.26490387 174.03041226 -230.35044552
v 172.74241367 174.03039175 -176.98604211
v 172.74240907 142.66356709 -133.81333052
v 226.26487849 142.66357440 -133.81336655
v 226.26488309 174.03040357 -176.98602127
v 172.74239180 41.15850657 -133.81340393
v 172.74236402 9.79170500 -176.98606887
v 226.26489024 9.79171682 -176.98610489
v 226.26486121 41.15851388 -133.81338308
v 232.40303801 63.22698481 -164.18804238
v 241.65949189 63.22698391 -164.18803878
v 241.65947709 91.91106936 -154.86798912
v 232.40302321 91.91106857 -154.86799273
v 172.74236561 91.91104825 -117.32289108
v 172.74239180 41.15850657 -133.81340393
v 226.26486121 41.15851388 -133.81338308
v 226.26489183 91.91105555 -117.32287024
v 172.74236561 91.91104825 -117.32289108
v 166.60425216 91.91105006 -125.79225994
v 166.60421897 46.13667565 -140.66523740
v 172.74239180 41.15850657 -133.81340393
v 226.26486121 41.15851388 -133.81338308
v 232.40303550 46.13669225 -140.66526864
v 232.40301188 91.91106045 -125.79223432
v 226.26489183 91.91105555 -117.32287024
v 172.74239180 41.15850657 -133.81340393
v 166.60421897 46.13667565 -140.66523740
v 166.60424515 17.84656256 -179.60327547
v 172.74236402 9.79170500 -176.98606887
v 226.26489024 9.79171682 -176.98610489
v 232.40300488 17.84657916 -179.60324985
v 232.40303550 46.13669225 -140.66526864
v 226.26486121 41.15851388 -133.81338308
v 172.74236402 9.79170500 -176.98606887
v 166.60424515 17.84656256 -179.60327547
v 166.60426389 17.84657943 -227.73328867
v 172.74238480 9.79172272 -230.35049312
v 226.26485422 9.79173454 -230.35047228
v 232.40302362 17.84658700 -227.73326305
v 232.40300488 17.84657916 -179.60324985
v 226.26489024 9.79171682 -176.98610489
v 172.74238480 9.79172272 -230.35049312
v 166.60426389 17.84657943 -227.73328867
v 166.60421123 46.13670521 -266.67131753
v 172.74238940 41.15853385 -273.52314784
v 226.26485881 41.15854115 -273.52318386
v 232.40302776 46.13671729 -266.67129191
v 232.40302362 17.84658700 -227.73326305
v 226.26485422 9.79173454 -230.35047228
v 172.74238940 41.15853385 -273.52314784
v 166.60421123 46.13670521 -266.67131753
v 166.60425600 91.91108051 -281.54428007
v 172.74237605 91.91108372 -290.01364415
v 226.26490228 91.91109158 -290.01362330
v 232.40301573 91.91108977 -281.54425444
v 232.40302776 46.13671729 -266.67129191
v 226.26485881 41.15854115 -273.52318386
v 172.74237605 91.91108372 -290.01364415
v 166.60425600 91.91108051 -281.54428007
v 166.60423239 137.68544984 -266.67124575
v 172.74240667 142.66362596 -273.52313130
v 226.26487609 142.66363326 -273.52311046
v 232.40304892 137.68546644 -266.67127699
v 232.40301573 91.91108977 -281.54425444
v 226.26490228 91.91109158 -290.01362330
v 172.74240667 142.66362596 -273.52313130
v 166.60423239 137.68544984 -266.67124575
v 166.60426301 165.97555165 -227.73326454
v 172.74237765 174.03040045 -230.35046636
v 226.26490387 174.03041226 -230.35044552
v 232.40302274 165.97556374 -227.73329578
v 232.40304892 137.68546644 -266.67127699
v 226.26487609 142.66363326 -273.52311046
v 172.74237765 174.03040045 -230.35046636
v 166.60426301 165.97555165 -227.73326454
v 166.60424427 165.97554381 -179.60325134
v 172.74241367 174.03039175 -176.98604211
v 226.26488309 174.03040357 -176.98602127
v 232.40300400 165.97555589 -179.60322571
v 232.40302274 165.97556374 -227.73329578
v 226.26490387 174.03041226 -230.35044552
v 172.74241367 174.03039175 -176.98604211
v 166.60424427 165.97554381 -179.60325134
v 166.60424012 137.68539321 -140.66522248
v 172.74240907 142.66356709 -133.81333052
v 226.26487849 142.66357440 -133.81336655
v 232.40305666 137.68540981 -140.66519686
v 232.40300400 165.97555589 -179.60322571
v 226.26488309 174.03040357 -176.98602127
v 172.74240907 142.66356709 -133.81333052
v 166.60424012 137.68539321 -140.66522248
v 166.60425216 91.91105006 -125.79225994
v 172.74236561 91.91104825 -117.32289108
v 226.26489183 91.91105555 -117.32287024
v 232.40301188 91.91106045 -125.79223432
v 232.40305666 137.68540981 -140.66519686
v 226.26487849 142.66357440 -133.81336655
v 232.40302321 91.91106857 -154.86799273
v 232.40301188 91.91106045 -125.79223432
v 232.40303550 46.13669225 -140.66526864
v 232.40303801 63.22698481 -164.18804238
v 232.40303801 63.22698481 -164.18804238
v 232.40303550 46.13669225 -140.66526864
v 232.40300488 17.84657916 -179.60324985
v 232.40305441 45.49925078 -188.58817110
v 232.40305441 45.49925078 -188.58817110
v 232.40300488 17.84657916 -179.60324985
v 232.40302362 17.84658700 -227.73326305
v 232.40300935 45.49926472 -218.74838965
v 232.40300935 45.49926472 -218.74838965
v 232.40302362 17.84658700 -227.73326305
v 232.40302776 46.13671729 -266.67129191
v 232.40301195 63.22700219 -243.14851259
v 232.40301195 63.22700219 -243.14851259
v 232.40302776 46.13671729 -266.67129191
v 232.40301573 91.91108977 -281.54425444
v 232.40300441 91.91108222 -252.46855291
v 232.40300441 91.91108222 -252.46855291
v 232.40301573 91.91108977 -281.54425444
v 232.40304892 137.68546644 -266.67127699
v 232.40304641 120.59516259 -243.14850325
v 232.40304641 120.59516259 -243.14850325
v 232.40304892 137.68546644 -266.67127699
v 232.40302274 165.97556374 -227.73329578
v 232.40303001 138.32288534 -218.74837453
v 232.40300400 165.97555589 -179.60322571
v 232.40301826 138.32288043 -188.58815598
v 232.40301826 138.32288043 -188.58815598
v 232.40300400 165.97555589 -179.60322571
v 232.40305666 137.68540981 -140.66519686
v 232.40301567 120.59512039 -164.18797617
v 232.40301567 120.59512039 -164.18797617
v 232.40305666 137.68540981 -140.66519686
v 232.40301188 91.91106045 -125.79223432
v 232.40302321 91.91106857 -154.86799273
v 232.40301826 138.32288043 -188.58815598
v 241.65947215 138.32287952 -188.58815237
v 241.65942709 138.32288443 -218.74837093
v 232.40303001 138.32288534 -218.74837453
v 232.40300441 91.91108222 -252.46855291
v 241.65945830 91.91108300 -252.46854930
v 241.65946584 63.22700580 -243.14850899
v 232.40301195 63.22700219 -243.14851259
v 232.40305441 45.49925078 -188.58817110
v 241.65950830 45.49924987 -188.58816750
v 241.65949189 63.22698391 -164.18803878
v 232.40303801 63.22698481 -164.18804238
v 232.40301567 120.59512039 -164.18797617
v 241.65946955 120.59512174 -164.18797257
v 241.65947215 138.32287952 -188.58815237
v 232.40301826 138.32288043 -188.58815598
v 232.40304641 120.59516259 -243.14850325
v 241.65950030 120.59516394 -243.14849964
v 241.65945830 91.91108300 -252.46854930
v 232.40300441 91.91108222 -252.46855291
v 232.40300935 45.49926472 -218.74838965
v 241.65946324 45.49926381 -218.74838605
v 241.65950830 45.49924987 -188.58816750
v 232.40305441 45.49925078 -188.58817110
v 232.40302321 91.91106857 -154.86799273
v 241.65947709 91.91106936 -154.86798912
v 241.65946955 120.59512174 -164.18797257
v 232.40301567 120.59512039 -164.18797617
v 232.40303001 138.32288534 -218.74837453
v 241.65942709 138.32288443 -218.74837093
v 241.65950030 120.59516394 -243.14849964
v 232.40304641 120.59516259 -243.14850325
v 232.40301195 63.22700219 -243.14851259
v 241.65946584 63.22700580 -243.14850899
v 241.65946324 45.49926381 -218.74838605
v 232.40300935 45.49926472 -218.74838965
v 172.74239182 142.66348738 493.97979531
v 172.74240517 91.91096176 510.47029161
v 226.26487458 91.91096907 510.47031246
v 226.26486124 142.66349468 493.97981615
v 172.74240357 9.79161175 450.80711383
v 172.74236755 9.79162044 397.44268958
v 226.26489377 9.79163226 397.44271042
v 226.26487299 9.79162357 450.80713467
v 172.74236755 9.79162044 397.44268958
v 172.74237215 41.15844059 354.27003486
v 226.26489837 41.15844789 354.27005570
v 226.26489377 9.79163226 397.44271042
v 172.74237215 41.15844059 354.27003486
v 172.74235880 91.91099723 337.77953855
v 226.26488503 91.91100510 337.77955940
v 226.26489837 41.15844789 354.27005570
v 172.74235880 91.91099723 337.77953855
v 172.74238942 142.66354624 354.27005140
v 226.26485884 142.66355354 354.27007224
v 226.26488503 91.91100510 337.77955940
v 172.74238942 142.66354624 354.27005140
v 172.74236040 174.03032524 397.44271634
v 226.26488662 174.03033706 397.44273718
v 226.26485884 142.66355354 354.27007224
v 172.74236040 174.03032524 397.44271634
v 172.74239642 174.03031655 450.80714059
v 226.26486584 174.03032837 450.80716143
v 226.26488662 174.03033706 397.44273718
v 172.74239642 174.03031655 450.80714059
v 172.74239182 142.66348738 493.97979531
v 226.26486124 142.66349468 493.97981615
v 226.26486584 174.03032837 450.80716143
v 172.74237455 41.15841332 493.97977877
v 172.74240357 9.79161175 450.80711383
v 226.26487299 9.79162357 450.80713467
v 226.26490077 41.15842062 493.97979961
v 232.40302076 63.22689607 463.60519718
v 241.65947464 63.22689516 463.60520079
v 241.65945985 91.91098287 472.92519358
v 232.40300596 91.91098209 472.92518997
v 172.74240517 91.91096176 510.47029161
v 172.74237455 41.15841332 493.97977877
v 226.26490077 41.15842062 493.97979961
v 226.26487458 91.91096907 510.47031246
v 172.74240517 91.91096176 510.47029161
v 166.60423491 91.91096357 502.00092276
v 166.60425852 46.13658691 487.12794530
v 172.74237455 41.15841332 493.97977877
v 226.26490077 41.15842062 493.97979961
v 232.40301825 46.13659899 487.12797093
v 232.40305144 91.91097396 502.00094838
v 226.26487458 91.91096907 510.47031246
v 172.74237455 41.15841332 493.97977877
v 166.60425852 46.13658691 487.12794530
v 166.60422790 17.84646930 448.18990723
v 172.74240357 9.79161175 450.80711383
v 226.26487299 9.79162357 450.80713467
v 232.40304443 17.84647688 448.18993285
v 232.40301825 46.13659899 487.12797093
v 226.26490077 41.15842062 493.97979961
v 172.74240357 9.79161175 450.80711383
v 166.60422790 17.84646930 448.18990723
v 166.60424664 17.84647715 400.05989403
v 172.74236755 9.79162044 397.44268958
v 226.26489377 9.79163226 397.44271042
v 232.40300637 17.84649374 400.05991965
v 232.40304443 17.84647688 448.18993285
v 226.26487299 9.79162357 450.80713467
v 172.74236755 9.79162044 397.44268958
v 166.60424664 17.84647715 400.05989403
v 166.60425079 46.13661195 361.12186517
v 172.74237215 41.15844059 354.27003486
v 226.26489837 41.15844789 354.27005570
v 232.40301052 46.13662403 361.12189079
v 232.40300637 17.84649374 400.05991965
v 226.26489377 9.79163226 397.44271042
v 172.74237215 41.15844059 354.27003486
v 166.60425079 46.13661195 361.12186517
v 166.60423875 91.91099402 346.24890263
v 172.74235880 91.91099723 337.77953855
v 226.26488503 91.91100510 337.77955940
v 232.40305529 91.91100329 346.24892826
v 232.40301052 46.13662403 361.12189079
v 226.26489837 41.15844789 354.27005570
v 172.74235880 91.91099723 337.77953855
v 166.60423875 91.91099402 346.24890263
v 166.60421514 137.68537012 361.12188009
v 172.74238942 142.66354624 354.27005140
v 226.26485884 142.66355354 354.27007224
v 232.40303167 137.68538221 361.12190571
v 232.40305529 91.91100329 346.24892826
v 226.26488503 91.91100510 337.77955940
v 172.74238942 142.66354624 354.27005140
v 166.60421514 137.68537012 361.12188009
v 166.60424576 165.97547193 400.05991816
v 172.74236040 174.03032524 397.44271634
v 226.26488662 174.03033706 397.44273718
v 232.40300549 165.97548402 400.05994378
v 232.40303167 137.68538221 361.12190571
v 226.26485884 142.66355354 354.27007224
v 172.74236040 174.03032524 397.44271634
v 166.60424576 165.97547193 400.05991816
v 166.60422702 165.97546409 448.18993136
v 172.74239642 174.03031655 450.80714059
v 226.26486584 174.03032837 450.80716143
v 232.40304355 165.97547618 448.18995699
v 232.40300549 165.97548402 400.05994378
v 226.26488662 174.03033706 397.44273718
v 172.74239642 174.03031655 450.80714059
v 166.60422702 165.97546409 448.18993136
v 166.60422287 137.68531349 487.12796022
v 172.74239182 142.66348738 493.97979531
v 226.26486124 142.66349468 493.97981615
v 232.40303941 137.68532558 487.12798584
v 232.40304355 165.97547618 448.18995699
v 226.26486584 174.03032837 450.80716143
v 172.74239182 142.66348738 493.97979531
v 166.60422287 137.68531349 487.12796022
v 166.60423491 91.91096357 502.00092276
v 172.74240517 91.91096176 510.47029161
v 226.26487458 91.91096907 510.47031246
v 232.40305144 91.91097396 502.00094838
v 232.40303941 137.68532558 487.12798584
v 226.26486124 142.66349468 493.97981615
v 232.40300596 91.91098209 472.92518997
v 232.40305144 91.91097396 502.00094838
v 232.40301825 46.13659899 487.12797093
v 232.40302076 63.22689607 463.60519718
v 232.40302076 63.22689607 463.60519718
v 232.40301825 46.13659899 487.12797093
v 232.40304443 17.84647688 448.18993285
v 232.40303716 45.49916204 439.20501160
v 232.40303716 45.49916204 439.20501160
v 232.40304443 17.84647688 448.18993285
v 232.40300637 17.84649374 400.05991965
v 232.40304891 45.49917146 409.04479305
v 232.40304891 45.49917146 409.04479305
v 232.40300637 17.84649374 400.05991965
v 232.40301052 46.13662403 361.12189079
v 232.40305151 63.22691345 384.64467011
v 232.40305151 63.22691345 384.64467011
v 232.40301052 46.13662403 361.12189079
v 232.40305529 91.91100329 346.24892826
v 232.40304396 91.91099573 375.32468666
v 232.40304396 91.91099573 375.32468666
v 232.40305529 91.91100329 346.24892826
v 232.40303167 137.68538221 361.12190571
v 232.40302917 120.59507836 384.64467945
v 232.40300549 165.97548402 400.05994378
v 232.40301276 138.32280563 409.04480817
v 232.40301276 138.32280563 409.04480817
v 232.40300549 165.97548402 400.05994378
v 232.40304355 165.97547618 448.18995699
v 232.40300102 138.32280071 439.20502672
v 232.40300102 138.32280071 439.20502672
v 232.40304355 165.97547618 448.18995699
v 232.40303941 137.68532558 487.12798584
v 232.40305522 120.59503616 463.60520653
v 232.40305522 120.59503616 463.60520653
v 232.40303941 137.68532558 487.12798584
v 232.40305144 91.91097396 502.00094838
v 232.40300596 91.91098209 472.92518997
v 232.40300102 138.32280071 439.20502672
v 241.65945490 138.32279980 439.20503033
v 241.65946665 138.32280472 409.04481177
v 232.40301276 138.32280563 409.04480817
v 232.40304396 91.91099573 375.32468666
v 241.65949785 91.91099652 375.32469027
v 241.65950539 63.22691705 384.64467371
v 232.40305151 63.22691345 384.64467011
v 232.40303716 45.49916204 439.20501160
v 241.65949105 45.49916113 439.20501520
v 241.65947464 63.22689516 463.60520079
v 232.40302076 63.22689607 463.60519718
v 232.40305522 120.59503616 463.60520653
v 241.65945230 120.59503751 463.60521013
v 241.65945490 138.32279980 439.20503033
v 232.40300102 138.32280071 439.20502672
v 232.40302917 120.59507836 384.64467945
v 241.65942625 120.59507971 384.64468306
v 241.65949785 91.91099652 375.32469027
v 232.40304396 91.91099573 375.32468666
v 232.40304891 45.49917146 409.04479305
v 241.65950279 45.49917056 409.04479665
v 241.65949105 45.49916113 439.20501520
v 232.40303716 45.49916204 439.20501160
v 232.40300596 91.91098209 472.92518997
v 241.65945985 91.91098287 472.92519358
v 241.65945230 120.59503751 463.60521013
v 232.40305522 120.59503616 463.60520653
v 232.40301276 138.32280563 409.04480817
v 241.65946665 138.32280472 409.04481177
v 241.65942625 120.59507971 384.64468306
v 232.40302917 120.59507836 384.64467945
v 232.40305151 63.22691345 384.64467011
v 241.65950539 63.22691705 384.64467371
v 241.65950279 45.49917056 409.04479665
v 232.40304891 45.49917146 409.04479305
v -154.41836430 91.84632087 525.27972712
v -154.41836450 78.47540041 520.93517401
v -220.29658091 78.47539957 520.93526209
v -220.29658070 91.84632173 525.27970146
v -154.41836453 91.84636248 325.27974266
v -154.41836290 150.62489367 344.37802235
v -220.29657930 150.62489509 344.37799670
v -220.29658093 91.84636221 325.27971700
v -154.41836290 150.62489367 344.37802235
v -154.41837877 186.95201214 394.37801017
v -220.29659517 186.95201356 394.37798451
v -220.29657930 150.62489509 344.37799670
v -154.41837877 186.95201214 394.37801017
v -154.41837798 186.95200207 456.18143373
v -220.29659438 186.95200350 456.18140807
v -220.29659517 186.95201356 394.37798451
v -154.41837798 186.95200207 456.18143373
v -154.41836555 150.62482669 506.18146657
v -220.29657840 150.62482812 506.18144092
v -220.29659438 186.95200350 456.18140807
v -154.41836555 150.62482669 506.18146657
v -154.41836430 91.84632087 525.27972712
v -220.29658070 91.84632173 525.27970146
v -220.29657840 150.62482812 506.18144092
v -154.41836587 91.84642271 -99.76579639
v -154.41836608 78.47550450 -104.11023576
v -220.29657893 78.47550141 -104.11026142
v -220.29657873 91.84642356 -99.76582204
v -154.41836610 91.84646432 -299.76583771
v -154.41836447 150.62499550 -280.66750115
v -215.44090477 150.62499430 -280.66746805
v -214.36682117 91.84646410 -299.76586106
v -154.41836447 150.62499550 -280.66750115
v -154.41837679 186.95211397 -230.66751333
v -218.25291643 186.95211619 -230.66748133
v -215.44090477 150.62499430 -280.66746805
v -154.41837600 186.95210391 -168.86408978
v -154.41836357 150.62492853 -118.86405693
v -220.29657998 150.62492995 -118.86402571
v -220.29659595 186.95210533 -168.86405856
v -154.41836357 150.62492853 -118.86405693
v -154.41836587 91.84642271 -99.76579639
v -220.29657873 91.84642356 -99.76582204
v -220.29657998 150.62492995 -118.86402571
v -220.29659428 278.47549204 100.00006999
v -220.29658030 78.47546815 100.00003741
v -220.29657864 78.47546587 113.97529960
v -220.29659262 278.47548976 113.97533218
v -211.26254629 90.66413002 -354.96300488
v -211.26255993 253.32294836 -354.96297838
v -0.00001909 253.32297647 -354.96300985
v 0.00000165 90.66414234 -354.96303635
v -19.73321020 483.51518672 -105.68079322
v -19.73320528 296.72335601 -186.81777751
v -19.73320831 291.26433024 -173.55534830
v -19.73321726 488.38289698 -92.41830546
v -220.29660630 513.54782994 87.25591025
v -0.00003700 513.54784353 87.25593917
v -0.00004266 513.54787087 -80.57476054
v -220.29660840 513.54785729 -80.57473259
v -220.29660641 489.08540452 75.53770874
v -220.29660857 487.96421545 -72.79852628
v -206.78971309 498.29095674 -72.79851934
v -206.78971093 499.41214581 75.53771568
v -211.26256176 278.47556558 -329.81032296
v -0.00001027 278.47559370 -329.81035443
v -0.00001909 253.32297647 -354.96300985
v -211.26255993 253.32294836 -354.96297838
v -220.29659328 278.47553999 -194.32883979
v -0.00000623 278.47557162 -194.32886774
v -0.00001027 278.47559370 -329.81035443
v -211.26256176 278.47556558 -329.81032296
v -0.00003700 513.54784353 87.25593917
v -220.29660630 513.54782994 87.25591025
v -220.29660630 500.80367999 100.00010622
v -0.00003700 500.80369358 100.00007827
v -0.00004542 501.76302258 -98.16968761
v -220.29660406 501.76300900 -98.16971653
v -220.29660840 513.54785729 -80.57473259
v -0.00004266 513.54787087 -80.57476054
v -220.29659428 278.47549204 100.00006999
v -0.00000723 278.47552367 100.00004205
v -0.00003700 500.80369358 100.00007827
v -220.29660630 500.80367999 100.00010622
v -220.29659428 304.05906457 74.41648215
v -220.29659326 304.05910213 -156.13218165
v -220.29659328 278.47553999 -194.32883979
v -220.29659428 278.47549204 100.00006999
v -220.29660553 484.83422727 -77.47171407
v -220.29660857 487.96421545 -72.79852628
v -220.29660840 513.54785729 -80.57473259
v -220.29660406 501.76300900 -98.16971653
v -220.29660641 489.08540452 75.53770874
v -220.29659428 304.05906457 74.41648215
v -220.29659428 278.47549204 100.00006999
v -220.29660630 500.80367999 100.00010622
v -220.29660857 487.96421545 -72.79852628
v -220.29660641 489.08540452 75.53770874
v -220.29660630 513.54782994 87.25591025
v -220.29660840 513.54785729 -80.57473259
v -220.29659326 304.05910213 -156.13218165
v -220.29660553 484.83422727 -77.47171407
v -220.29660406 501.76300900 -98.16971653
v -220.29659328 278.47553999 -194.32883979
v -220.29660857 487.96421545 -72.79852628
v -220.29660553 484.83422727 -77.47171407
v -206.78971360 495.16096856 -77.47170713
v -206.78971309 498.29095674 -72.79851934
v -220.29659326 304.05910213 -156.13218165
v -220.29659428 304.05906457 74.41648215
v -206.78969833 304.05906983 74.41648741
v -206.78969731 304.05910739 -156.13217639
v -220.29660553 484.83422727 -77.47171407
v -220.29659326 304.05910213 -156.13218165
v -206.78969731 304.05910739 -156.13217639
v -206.78971360 495.16096856 -77.47170713
v -220.29659428 304.05906457 74.41648215
v -220.29660641 489.08540452 75.53770874
v -206.78971093 499.41214581 75.53771568
v -206.78969833 304.05906983 74.41648741
v -200.56342672 296.72333974 -186.81779106
v -19.73320528 296.72335601 -186.81777751
v -0.00000623 278.47557162 -194.32886774
v -220.29659328 278.47553999 -194.32883979
v -19.73321020 483.51518672 -105.68079322
v -200.56344052 483.51518851 -105.68074990
v -220.29660406 501.76300900 -98.16971653
v -0.00004542 501.76302258 -98.16968761
v -19.73320528 296.72335601 -186.81777751
v -19.73321020 483.51518672 -105.68079322
v -0.00004542 501.76302258 -98.16968761
v -0.00000623 278.47557162 -194.32886774
v -200.56344052 483.51518851 -105.68074990
v -200.56342672 296.72333974 -186.81779106
v -220.29659328 278.47553999 -194.32883979
v -220.29660406 501.76300900 -98.16971653
v -19.73320831 291.26433024 -173.55534830
v -200.56342620 291.26431397 -173.55536185
v -200.56344048 488.38289877 -92.41831901
v -19.73321726 488.38289698 -92.41830546
v -19.73320528 296.72335601 -186.81777751
v -200.56342672 296.72333974 -186.81779106
v -200.56342620 291.26431397 -173.55536185
v -19.73320831 291.26433024 -173.55534830
v -200.56342672 296.72333974 -186.81779106
v -200.56344052 483.51518851 -105.68074990
v -200.56344048 488.38289877 -92.41831901
v -200.56342620 291.26431397 -173.55536185
v -200.56344052 483.51518851 -105.68074990
v -19.73321020 483.51518672 -105.68079322
v -19.73321726 488.38289698 -92.41830546
v -200.56344048 488.38289877 -92.41831901
v 0.00000165 78.47555387 -342.77443419
v -211.94801808 78.47554128 -342.77440299
v -211.26254629 90.66413002 -354.96300488
v 0.00000165 90.66414234 -354.96303635
v -220.29658030 78.47546815 100.00003741
v -0.00000036 78.47548173 100.00000946
v -0.00000580 78.47547946 113.97527165
v -220.29657864 78.47546587 113.97529960
v -0.00000723 278.47552367 100.00004205
v -220.29659428 278.47549204 100.00006999
v -220.29659262 278.47548976 113.97533218
v -0.00001267 278.47552139 113.97530423
v -24.22592797 102.70130931 640.61760387
v -24.22593961 278.47542616 640.61763251
v -196.07067288 278.47541339 640.61762245
v -196.07065946 102.70129880 640.61759382
v -179.45432923 295.09177335 640.61763163
v -40.84230331 295.09177317 640.61762874
v -40.84229992 295.09177459 631.91072740
v -179.45432939 295.09177476 631.91073029
v -0.00004072 553.98133413 129.30445204
v -220.29660647 553.98132054 129.30442312
v -220.29660789 553.98123974 625.28855499
v -0.00003505 553.98125332 625.28858391
v -0.00004298 538.65222851 113.97534662
v -220.29660518 538.65221492 113.97537457
v -220.29660647 553.98132054 129.30442312
v -0.00004072 553.98133413 129.30445204
v -0.00003505 553.98125332 625.28858391
v -220.29660789 553.98123974 625.28855499
v -220.29660789 538.65212912 640.61765541
v -0.00003505 538.65214271 640.61768433
v -0.00001267 278.47552139 113.97530423
v -220.29659262 278.47548976 113.97533218
v -220.29660518 538.65221492 113.97537457
v -0.00004298 538.65222851 113.97534662
v -196.07065946 102.70129880 640.61759382
v -196.07067288 278.47541339 640.61762245
v -220.29659178 278.47540396 640.61761302
v -220.29657781 78.47538007 640.61758044
v -24.22593961 278.47542616 640.61763251
v -24.22592797 102.70130931 640.61760387
v 0.00000214 78.47539366 640.61760935
v -0.00001894 278.47543559 640.61764194
v -24.22592797 102.70130931 640.61760387
v -196.07065946 102.70129880 640.61759382
v -220.29657781 78.47538007 640.61758044
v 0.00000214 78.47539366 640.61760935
v -196.07068488 514.42621404 640.61766089
v -24.22596049 514.42620875 640.61767095
v -0.00003505 538.65214271 640.61768433
v -220.29660789 538.65212912 640.61765541
v -24.22596049 514.42620875 640.61767095
v -24.22593961 278.47542616 640.61763251
v -0.00001894 278.47543559 640.61764194
v -0.00003505 538.65214271 640.61768433
v -196.07067288 278.47541339 640.61762245
v -196.07068488 514.42621404 640.61766089
v -220.29660789 538.65212912 640.61765541
v -220.29659178 278.47540396 640.61761302
v -40.84230331 295.09177317 640.61762874
v -179.45432923 295.09177335 640.61763163
v -196.07067288 278.47541339 640.61762245
v -24.22593961 278.47542616 640.61763251
v -179.45434249 497.80986703 640.61766466
v -40.84229704 497.80984880 640.61766177
v -24.22596049 514.42620875 640.61767095
v -196.07068488 514.42621404 640.61766089
v -40.84229704 497.80984880 640.61766177
v -40.84230331 295.09177317 640.61762874
v -24.22593961 278.47542616 640.61763251
v -24.22596049 514.42620875 640.61767095
v -179.45432923 295.09177335 640.61763163
v -179.45434249 497.80986703 640.61766466
v -196.07068488 514.42621404 640.61766089
v -196.07067288 278.47541339 640.61762245
v -179.45432939 295.09177476 631.91073029
v -40.84229992 295.09177459 631.91072740
v -40.84230785 497.80985022 631.91076043
v -179.45434265 497.80986845 631.91076332
v -179.45434249 497.80986703 640.61766466
v -179.45432923 295.09177335 640.61763163
v -179.45432939 295.09177476 631.91073029
v -179.45434265 497.80986845 631.91076332
v -40.84229704 497.80984880 640.61766177
v -179.45434249 497.80986703 640.61766466
v -179.45434265 497.80986845 631.91076332
v -40.84230785 497.80985022 631.91076043
v -40.84230331 295.09177317 640.61762874
v -40.84229704 497.80984880 640.61766177
v -40.84230785 497.80985022 631.91076043
v -40.84229992 295.09177459 631.91072740
v -154.41836613 78.47553566 -295.42140269
v -154.41836610 91.84646432 -299.76583771
v -214.36682117 91.84646410 -299.76586106
v -214.61115580 78.47553253 -295.42136927
v -154.41836456 78.47543609 329.62417767
v -154.41836453 91.84636248 325.27974266
v -220.29658093 91.84636221 325.27971700
v -220.29657741 78.47543074 329.62415202
v -63.12064275 544.56103613 13.20998170
v -0.00003445 544.56106071 13.20994941
v -0.00003712 544.56106554 -16.39894029
v -63.12064542 544.56104096 -16.39896487
v -172.04340165 487.19182082 23.31218516
v -172.04340053 534.45884527 23.31219286
v -172.04340065 534.45885338 -26.50115043
v -172.04340177 487.19182894 -26.50115813
v -67.05821019 487.19182560 23.31216918
v -67.05820020 534.45885005 23.31217688
v -172.04340053 534.45884527 23.31219286
v -172.04340165 487.19182082 23.31218516
v -63.12064275 544.56103613 13.20998170
v -161.94119816 544.56106985 13.21000008
v -172.04340053 534.45884527 23.31219286
v -67.05820020 534.45885005 23.31217688
v -161.94119816 544.56106985 13.21000008
v -161.94119729 544.56107468 -16.39894649
v -172.04340065 534.45885338 -26.50115043
v -172.04340053 534.45884527 23.31219286
v -63.12064542 544.56104096 -16.39896487
v -0.00003712 544.56106554 -16.39894029
v -0.00004345 534.45884817 -26.50114030
v -67.05820920 534.45885816 -26.50116641
v -67.05820500 487.19183372 -26.50117411
v -67.05820920 534.45885816 -26.50116641
v -0.00004345 534.45884817 -26.50114030
v -0.00003925 487.19182373 -26.50114800
v -172.04340177 487.19182894 -26.50115813
v -172.04340065 534.45885338 -26.50115043
v -67.05820920 534.45885816 -26.50116641
v -67.05820500 487.19183372 -26.50117411
v -161.94119729 544.56107468 -16.39894649
v -63.12064542 544.56104096 -16.39896487
v -67.05820920 534.45885816 -26.50116641
v -172.04340065 534.45885338 -26.50115043
v -0.00003445 544.56106071 13.20994941
v -63.12064275 544.56103613 13.20998170
v -67.05820020 534.45885005 23.31217688
v -0.00003445 534.45884006 23.31220299
v -0.00004444 487.19181561 23.31219529
v -0.00003445 534.45884006 23.31220299
v -67.05820020 534.45885005 23.31217688
v -67.05821019 487.19182560 23.31216918
v -161.94119816 544.56106985 13.21000008
v -63.12064275 544.56103613 13.20998170
v -63.12064542 544.56104096 -16.39896487
v -161.94119729 544.56107468 -16.39894649
v 154.41831308 91.84634073 525.27973365
v 220.29654369 91.84635003 525.27970243
v 220.29655059 78.47542900 520.93526306
v 154.41831998 78.47542139 520.93518054
v 154.41833416 91.84638234 325.27974919
v 220.29656476 91.84639051 325.27971797
v 220.29653444 150.62492226 344.37799767
v 154.41830383 150.62491465 344.37802888
v 154.41830383 150.62491465 344.37802888
v 220.29653444 150.62492226 344.37799767
v 220.29655763 186.95204073 394.37798548
v 154.41832702 186.95202410 394.37801670
v 154.41832702 186.95202410 394.37801670
v 220.29655763 186.95204073 394.37798548
v 220.29653356 186.95203066 456.18140904
v 154.41830296 186.95201403 456.18144026
v 154.41830296 186.95201403 456.18144026
v 220.29653356 186.95203066 456.18140904
v 220.29658504 150.62485528 506.18144189
v 154.41835444 150.62484768 506.18147310
v 154.41835444 150.62484768 506.18147310
v 220.29658504 150.62485528 506.18144189
v 220.29654369 91.84635003 525.27970243
v 154.41831308 91.84634073 525.27973365
v 154.41832926 91.84644256 -99.76578986
v 220.29655987 91.84645186 -99.76576420
v 220.29656677 78.47553083 -104.11026044
v 154.41833616 78.47552322 -104.11028610
v 154.41835034 91.84648417 -299.76583118
v 214.36682671 91.84649229 -299.76586471
v 215.44093131 150.62502220 -280.66747086
v 154.41832001 150.62501649 -280.66749462
v 154.41832001 150.62501649 -280.66749462
v 215.44093131 150.62502220 -280.66747086
v 218.25288285 186.95214177 -230.66748195
v 154.41834320 186.95212593 -230.66750680
v 154.41831914 186.95211587 -168.86408324
v 220.29654974 186.95213249 -168.86405759
v 220.29654441 150.62495711 -118.86408161
v 154.41831381 150.62494951 -118.86405040
v 154.41831381 150.62494951 -118.86405040
v 220.29654441 150.62495711 -118.86408161
v 220.29655987 91.84645186 -99.76576420
v 154.41832926 91.84644256 -99.76578986
v 220.29657982 278.47553725 100.00001410
v 220.29657437 278.47553498 113.97527629
v 220.29653864 78.47549530 113.97524370
v 220.29654409 78.47549757 99.99998151
v 211.26254249 90.66415579 -354.96306781
v 0.00000165 90.66414234 -354.96303635
v -0.00001909 253.32297647 -354.96300985
v 211.26253595 253.32298654 -354.96304131
v 19.73315363 483.51520209 -105.68077785
v 19.73314657 488.38291235 -92.41829009
v 19.73315552 291.26432756 -173.55533293
v 19.73315856 296.72335333 -186.81781900
v 220.29655004 513.54782101 87.25596809
v 220.29655859 513.54784835 -80.57473162
v -0.00004266 513.54787087 -80.57476054
v -0.00003700 513.54784353 87.25593917
v 220.29656413 489.08539558 75.53765285
v 206.78963576 499.41212635 75.53764927
v 206.78963715 498.29093728 -72.79852888
v 220.29656553 487.96420651 -72.79852531
v 211.26251636 278.47560376 -329.81038589
v 211.26253595 253.32298654 -354.96304131
v -0.00001909 253.32297647 -354.96300985
v -0.00001027 278.47559370 -329.81035443
v 220.29658082 278.47558521 -194.32883882
v 211.26251636 278.47560376 -329.81038589
v -0.00001027 278.47559370 -329.81035443
v -0.00000623 278.47557162 -194.32886774
v -0.00003700 513.54784353 87.25593917
v -0.00003700 500.80369358 100.00007827
v 220.29655004 500.80367106 100.00005032
v 220.29655004 513.54782101 87.25596809
v -0.00004542 501.76302258 -98.16968761
v -0.00004266 513.54787087 -80.57476054
v 220.29655859 513.54784835 -80.57473162
v 220.29657003 501.76300006 -98.16971556
v 220.29657982 278.47553725 100.00001410
v 220.29655004 500.80367106 100.00005032
v -0.00003700 500.80369358 100.00007827
v -0.00000723 278.47552367 100.00004205
v 220.29657982 304.05912784 74.41642625
v 220.29657982 278.47553725 100.00001410
v 220.29658082 278.47558521 -194.32883882
v 220.29655598 304.05916540 -156.13218068
v 220.29656857 484.83421833 -77.47171310
v 220.29657003 501.76300006 -98.16971556
v 220.29655859 513.54784835 -80.57473162
v 220.29656553 487.96420651 -72.79852531
v 220.29656413 489.08539558 75.53765285
v 220.29655004 500.80367106 100.00005032
v 220.29657982 278.47553725 100.00001410
v 220.29657982 304.05912784 74.41642625
v 220.29656553 487.96420651 -72.79852531
v 220.29655859 513.54784835 -80.57473162
v 220.29655004 513.54782101 87.25596809
v 220.29656413 489.08539558 75.53765285
v 220.29655598 304.05916540 -156.13218068
v 220.29658082 278.47558521 -194.32883882
v 220.29657003 501.76300006 -98.16971556
v 220.29656857 484.83421833 -77.47171310
v 220.29656553 487.96420651 -72.79852531
v 206.78963715 498.29093728 -72.79852888
v 206.78964019 495.16094910 -77.47171668
v 220.29656857 484.83421833 -77.47171310
v 220.29655598 304.05916540 -156.13218068
v 206.78968844 304.05916014 -156.13218594
v 206.78965546 304.05912258 74.41642099
v 220.29657982 304.05912784 74.41642625
v 220.29656857 484.83421833 -77.47171310
v 206.78964019 495.16094910 -77.47171668
v 206.78968844 304.05916014 -156.13218594
v 220.29655598 304.05916540 -156.13218068
v 220.29657982 304.05912784 74.41642625
v 206.78965546 304.05912258 74.41642099
v 206.78963576 499.41212635 75.53764927
v 220.29656413 489.08539558 75.53765285
v 200.56336757 296.72336959 -186.81780545
v 220.29658082 278.47558521 -194.32883882
v -0.00000623 278.47557162 -194.32886774
v 19.73315856 296.72335333 -186.81781900
v 19.73315363 483.51520209 -105.68077785
v -0.00004542 501.76302258 -98.16968761
v 220.29657003 501.76300006 -98.16971556
v 200.56337685 483.51520031 -105.68076430
v 19.73315856 296.72335333 -186.81781900
v -0.00000623 278.47557162 -194.32886774
v -0.00004542 501.76302258 -98.16968761
v 19.73315363 483.51520209 -105.68077785
v 200.56337685 483.51520031 -105.68076430
v 220.29657003 501.76300006 -98.16971556
v 220.29658082 278.47558521 -194.32883882
v 200.56336757 296.72336959 -186.81780545
v 19.73315552 291.26432756 -173.55533293
v 19.73314657 488.38291235 -92.41829009
v 200.56336979 488.38291057 -92.41833340
v 200.56336453 291.26434382 -173.55537624
v 19.73315856 296.72335333 -186.81781900
v 19.73315552 291.26432756 -173.55533293
v 200.56336453 291.26434382 -173.55537624
v 200.56336757 296.72336959 -186.81780545
v 200.56336757 296.72336959 -186.81780545
v 200.56336453 291.26434382 -173.55537624
v 200.56336979 488.38291057 -92.41833340
v 200.56337685 483.51520031 -105.68076430
v 200.56337685 483.51520031 -105.68076430
v 200.56336979 488.38291057 -92.41833340
v 19.73314657 488.38291235 -92.41829009
v 19.73315363 483.51520209 -105.68077785
v 0.00000165 78.47555387 -342.77443419
v 0.00000165 90.66414234 -354.96303635
v 211.26254249 90.66415579 -354.96306781
v 211.94801428 78.47556646 -342.77435165
v 220.29654409 78.47549757 99.99998151
v 220.29653864 78.47549530 113.97524370
v -0.00000580 78.47547946 113.97527165
v -0.00000036 78.47548173 100.00000946
v -0.00000723 278.47552367 100.00004205
v -0.00001267 278.47552139 113.97530423
v 220.29657437 278.47553498 113.97527629
v 220.29657982 278.47553725 100.00001410
v 24.22589918 102.70131351 640.61756587
v 196.07065908 102.70132402 640.61757592
v 196.07059063 278.47543974 640.61760456
v 24.22590174 278.47542698 640.61759451
v 179.45429794 295.09180481 640.61760079
v 179.45430133 295.09180622 631.91069945
v 40.84225589 295.09178835 631.91070234
v 40.84225249 295.09178693 640.61760368
v -0.00004072 553.98133413 129.30445204
v -0.00003505 553.98125332 625.28858391
v 220.29655200 553.98123080 625.28855596
v 220.29657473 553.98131161 129.30448096
v -0.00004298 538.65222851 113.97534662
v -0.00004072 553.98133413 129.30445204
v 220.29657473 553.98131161 129.30448096
v 220.29658667 538.65220599 113.97531867
v -0.00003505 553.98125332 625.28858391
v -0.00003505 538.65214271 640.61768433
v 220.29655200 538.65212019 640.61765638
v 220.29655200 553.98123080 625.28855596
v -0.00001267 278.47552139 113.97530423
v -0.00004298 538.65222851 113.97534662
v 220.29658667 538.65220599 113.97531867
v 220.29657437 278.47553498 113.97527629
v 196.07065908 102.70132402 640.61757592
v 220.29656078 78.47540950 640.61758141
v 220.29653971 278.47544918 640.61761399
v 196.07059063 278.47543974 640.61760456
v 24.22590174 278.47542698 640.61759451
v -0.00001894 278.47543559 640.61764194
v 0.00000214 78.47539366 640.61760935
v 24.22589918 102.70131351 640.61756587
v 24.22589918 102.70131351 640.61756587
v 0.00000214 78.47539366 640.61760935
v 220.29656078 78.47540950 640.61758141
v 196.07065908 102.70132402 640.61757592
v 196.07061236 514.42622234 640.61764300
v 220.29655200 538.65212019 640.61765638
v -0.00003505 538.65214271 640.61768433
v 24.22586666 514.42622762 640.61763295
v 24.22586666 514.42622762 640.61763295
v -0.00003505 538.65214271 640.61768433
v -0.00001894 278.47543559 640.61764194
v 24.22590174 278.47542698 640.61759451
v 220.29655200 538.65212019 640.61765638
v 196.07061236 514.42622234 640.61764300
v 40.84225249 295.09178693 640.61760368
v 24.22590174 278.47542698 640.61759451
v 196.07059063 278.47543974 640.61760456
v 179.45429794 295.09180481 640.61760079
v 179.45427580 497.80986238 640.61763382
v 196.07061236 514.42622234 640.61764300
v 24.22586666 514.42622762 640.61763295
v 40.84223036 497.80984451 640.61763671
v 40.84223036 497.80984451 640.61763671
v 24.22586666 514.42622762 640.61763295
v 24.22590174 278.47542698 640.61759451
v 40.84225249 295.09178693 640.61760368
v 179.45429794 295.09180481 640.61760079
v 196.07059063 278.47543974 640.61760456
v 196.07061236 514.42622234 640.61764300
v 179.45427580 497.80986238 640.61763382
v 179.45430133 295.09180622 631.91069945
v 179.45427919 497.80986380 631.91073248
v 40.84223375 497.80984593 631.91073537
v 40.84225589 295.09178835 631.91070234
v 179.45427580 497.80986238 640.61763382
v 179.45427919 497.80986380 631.91073248
v 179.45430133 295.09180622 631.91069945
v 179.45429794 295.09180481 640.61760079
v 40.84223036 497.80984451 640.61763671
v 40.84223375 497.80984593 631.91073537
v 179.45427919 497.80986380 631.91073248
v 179.45427580 497.80986238 640.61763382
v 40.84225249 295.09178693 640.61760368
v 40.84225589 295.09178835 631.91070234
v 40.84223375 497.80984593 631.91073537
v 40.84223036 497.80984451 640.61763671
v 154.41835386 78.47555439 -295.42139616
v 214.61115062 78.47556204 -295.42137272
v 214.36682671 91.84649229 -299.76586471
v 154.41835034 91.84648417 -299.76583118
v 154.41833768 78.47545482 329.62418421
v 220.29656828 78.47546016 329.62415299
v 220.29656476 91.84639051 325.27971797
v 154.41833416 91.84638234 325.27974919
v 63.12054545 544.56104919 13.20997399
v 63.12055698 544.56105401 -16.39891571
v -0.00003712 544.56106554 -16.39894029
v -0.00003445 544.56106071 13.20994941
v 172.04333583 487.19181041 23.31214855
v 172.04335523 487.19181852 -26.50113787
v 172.04333682 534.45884297 -26.50113017
v 172.04331743 534.45883485 23.31215625
v 67.05816391 487.19180562 23.31216454
v 172.04333583 487.19181041 23.31214855
v 172.04331743 534.45883485 23.31215625
v 67.05814550 534.45883007 23.31217224
v 63.12054545 544.56104919 13.20997399
v 67.05814550 534.45883007 23.31217224
v 172.04331743 534.45883485 23.31215625
v 161.94114347 544.56105157 13.20995561
v 161.94114347 544.56105157 13.20995561
v 172.04331743 534.45883485 23.31215625
v 172.04333682 534.45884297 -26.50113017
v 161.94115500 544.56105640 -16.39893410
v 63.12055698 544.56105401 -16.39891571
v 67.05816490 534.45883819 -26.50117105
v -0.00004345 534.45884817 -26.50114030
v -0.00003712 544.56106554 -16.39894029
v 67.05812650 487.19181374 -26.50117875
v -0.00003925 487.19182373 -26.50114800
v -0.00004345 534.45884817 -26.50114030
v 67.05816490 534.45883819 -26.50117105
v 172.04335523 487.19181852 -26.50113787
v 67.05812650 487.19181374 -26.50117875
v 67.05816490 534.45883819 -26.50117105
v 172.04333682 534.45884297 -26.50113017
v 161.94115500 544.56105640 -16.39893410
v 172.04333682 534.45884297 -26.50113017
v 67.05816490 534.45883819 -26.50117105
v 63.12055698 544.56105401 -16.39891571
v -0.00003445 544.56106071 13.20994941
v -0.00003445 534.45884006 23.31220299
v 67.05814550 534.45883007 23.31217224
v 63.12054545 544.56104919 13.20997399
v -0.00004444 487.19181561 23.31219529
v 67.05816391 487.19180562 23.31216454
v 67.05814550 534.45883007 23.31217224
v -0.00003445 534.45884006 23.31220299
v 161.94114347 544.56105157 13.20995561
v 161.94115500 544.56105640 -16.39893410
v 63.12055698 544.56105401 -16.39891571
v 63.12054545 544.56104919 13.20997399
v -166.60426145 91.91102861 -125.79221910
v -166.60426268 46.13666323 -140.66525342
v -166.60426491 17.84655013 -179.60323462
v -166.60426391 17.84656700 -227.73324783
v -166.60426332 46.13668827 -266.67127668
v -166.60426470 91.91105850 -281.54423922
v -166.60426347 137.68542388 -266.67126177
v -166.60426124 165.97552117 -227.73322369
v -166.60426223 165.97551333 -179.60321049
v -166.60426283 137.68536725 -140.66518164
v -241.65949510 63.22695364 -164.18799952
v -241.65949569 91.91103853 -154.86800673
v -241.65949613 120.59508696 -164.18799018
v -241.65949353 138.32284474 -188.58811312
v -241.65949599 138.32284966 -218.74833167
v -241.65949379 120.59512916 -243.14846038
v -241.65949319 91.91105217 -252.46851004
v -241.65949985 63.22697553 -243.14846973
v -241.65949535 45.49923806 -218.74834679
v -241.65949999 45.49922863 -188.58812824
v -166.60426805 91.91094212 502.00084987
v -166.60426573 46.13656997 487.12787241
v -166.60426795 17.84645688 448.18989121
v -166.60426696 17.84647375 400.05982114
v -166.60426637 46.13659501 361.12184915
v -166.60426775 91.91097201 346.24888661
v -166.60426651 137.68534416 361.12186406
v -166.60426429 165.97544146 400.05984527
v -166.60426528 165.97543362 448.18991534
v -166.60426588 137.68528753 487.12788733
v -241.65949104 63.22686490 463.60506944
v -241.65949164 91.91095204 472.92511910
v -241.65949208 120.59500273 463.60513566
v -241.65948948 138.32276503 439.20495585
v -241.65949194 138.32276994 409.04473730
v -241.65948974 120.59504493 384.64460858
v -241.65948914 91.91096569 375.32455892
v -241.65948870 63.22688679 384.64459923
v -241.65949130 45.49914480 409.04472217
v -241.65948884 45.49913538 439.20494073
v 166.60425216 91.91105006 -125.79225994
v 166.60424012 137.68539321 -140.66522248
v 166.60424427 165.97554381 -179.60325134
v 166.60426301 165.97555165 -227.73326454
v 166.60423239 137.68544984 -266.67124575
v 166.60425600 91.91108051 -281.54428007
v 166.60421123 46.13670521 -266.67131753
v 166.60426389 17.84657943 -227.73328867
v 166.60424515 17.84656256 -179.60327547
v 166.60421897 46.13667565 -140.66523740
v 241.65949189 63.22698391 -164.18803878
v 241.65950830 45.49924987 -188.58816750
v 241.65946324 45.49926381 -218.74838605
v 241.65946584 63.22700580 -243.14850899
v 241.65945830 91.91108300 -252.46854930
v 241.65950030 120.59516394 -243.14849964
v 241.65942709 138.32288443 -218.74837093
v 241.65947215 138.32287952 -188.58815237
v 241.65946955 120.59512174 -164.18797257
v 241.65947709 91.91106936 -154.86798912
v 166.60423491 91.91096357 502.00092276
v 166.60422287 137.68531349 487.12796022
v 166.60422702 165.97546409 448.18993136
v 166.60424576 165.97547193 400.05991816
v 166.60421514 137.68537012 361.12188009
v 166.60423875 91.91099402 346.24890263
v 166.60425079 46.13661195 361.12186517
v 166.60424664 17.84647715 400.05989403
v 166.60422790 17.84646930 448.18990723
v 166.60425852 46.13658691 487.12794530
v 241.65947464 63.22689516 463.60520079
v 241.65949105 45.49916113 439.20501520
v 241.65950279 45.49917056 409.04479665
v 241.65950539 63.22691705 384.64467371
v 241.65949785 91.91099652 375.32469027
v 241.65942625 120.59507971 384.64468306
v 241.65946665 138.32280472 409.04481177
v 241.65945490 138.32279980 439.20503033
v 241.65945230 120.59503751 463.60521013
v 241.65945985 91.91098287 472.92519358
v -154.41836430 91.84632087 525.27972712
v -154.41836555 150.62482669 506.18146657
v -154.41837798 186.95200207 456.18143373
v -154.41837877 186.95201214 394.37801017
v -154.41836290 150.62489367 344.37802235
v -154.41836453 91.84636248 325.27974266
v -154.41836456 78.47543609 329.62417767
v -154.41836450 78.47540041 520.93517401
v -154.41837679 186.95211397 -230.66751333
v -154.41837600 186.95210391 -168.86408978
v -220.29659595 186.95210533 -168.86405856
v -220.29659314 186.95210948 -194.32885470
v -218.25291643 186.95211619 -230.66748133
v -154.41836587 91.84642271 -99.76579639
v -154.41836357 150.62492853 -118.86405693
v -154.41837600 186.95210391 -168.86408978
v -154.41837679 186.95211397 -230.66751333
v -154.41836447 150.62499550 -280.66750115
v -154.41836610 91.84646432 -299.76583771
v -154.41836613 78.47553566 -295.42140269
v -154.41836290 78.47551919 -194.32890359
v -154.41836608 78.47550450 -104.11023576
v -220.29657864 78.47546587 113.97529960
v -0.00000580 78.47547946 113.97527165
v 0.00000214 78.47539366 640.61760935
v -220.29657781 78.47538007 640.61758044
v -220.29658091 78.47539957 520.93526209
v -154.41836450 78.47540041 520.93517401
v -154.41836456 78.47543609 329.62417767
v -220.29657741 78.47543074 329.62415202
v -0.00000036 78.47548173 100.00000946
v -220.29658030 78.47546815 100.00003741
v -220.29657893 78.47550141 -104.11026142
v -154.41836608 78.47550450 -104.11023576
v -154.41836290 78.47551919 -194.32890359
v 0.00000065 78.47552969 -194.32890032
v -220.29658030 78.47546815 100.00003741
v -220.29659428 278.47549204 100.00006999
v -220.29659328 278.47553999 -194.32883979
v -220.29659314 186.95210948 -194.32885470
v -220.29659595 186.95210533 -168.86405856
v -220.29657998 150.62492995 -118.86402571
v -220.29657873 91.84642356 -99.76582204
v -220.29657893 78.47550141 -104.11026142
v -206.78969731 304.05910739 -156.13217639
v -206.78969833 304.05906983 74.41648741
v -206.78971093 499.41214581 75.53771568
v -206.78971309 498.29095674 -72.79851934
v -206.78971360 495.16096856 -77.47170713
v 0.00000065 78.47552969 -194.32890032
v -154.41836290 78.47551919 -194.32890359
v -154.41836613 78.47553566 -295.42140269
v -214.61115580 78.47553253 -295.42136927
v -211.94801808 78.47554128 -342.77440299
v 0.00000165 78.47555387 -342.77443419
v -220.29659262 278.47548976 113.97533218
v -220.29657864 78.47546587 113.97529960
v -220.29657741 78.47543074 329.62415202
v -220.29658093 91.84636221 325.27971700
v -220.29657930 150.62489509 344.37799670
v -220.29659517 186.95201356 394.37798451
v -220.29659438 186.95200350 456.18140807
v -220.29657840 150.62482812 506.18144092
v -220.29658070 91.84632173 525.27970146
v -220.29658091 78.47539957 520.93526209
v -220.29657781 78.47538007 640.61758044
v -220.29659178 278.47540396 640.61761302
v -220.29659262 278.47548976 113.97533218
v -220.29659178 278.47540396 640.61761302
v -220.29660789 538.65212912 640.61765541
v -220.29660789 553.98123974 625.28855499
v -220.29660647 553.98132054 129.30442312
v -220.29660518 538.65221492 113.97537457
v -214.61115580 78.47553253 -295.42136927
v -214.36682117 91.84646410 -299.76586106
v -215.44090477 150.62499430 -280.66746805
v -218.25291643 186.95211619 -230.66748133
v -220.29659314 186.95210948 -194.32885470
v -220.29659328 278.47553999 -194.32883979
v -211.26256176 278.47556558 -329.81032296
v -211.26255993 253.32294836 -354.96297838
v -211.26254629 90.66413002 -354.96300488
v -211.94801808 78.47554128 -342.77440299
v 154.41831308 91.84634073 525.27973365
v 154.41831998 78.47542139 520.93518054
v 154.41833768 78.47545482 329.62418421
v 154.41833416 91.84638234 325.27974919
v 154.41830383 150.62491465 344.37802888
v 154.41832702 186.95202410 394.37801670
v 154.41830296 186.95201403 456.18144026
v 154.41835444 150.62484768 506.18147310
v 154.41834320 186.95212593 -230.66750680
v 218.25288285 186.95214177 -230.66748195
v 220.29655966 186.95213664 -194.32885373
v 220.29654974 186.95213249 -168.86405759
v 154.41831914 186.95211587 -168.86408324
v 154.41832926 91.84644256 -99.76578986
v 154.41833616 78.47552322 -104.11028610
v 154.41831449 78.47554018 -194.32889706
v 154.41835386 78.47555439 -295.42139616
v 154.41835034 91.84648417 -299.76583118
v 154.41832001 150.62501649 -280.66749462
v 154.41834320 186.95212593 -230.66750680
v 154.41831914 186.95211587 -168.86408324
v 154.41831381 150.62494951 -118.86405040
v 220.29653864 78.47549530 113.97524370
v 220.29656828 78.47546016 329.62415299
v 154.41833768 78.47545482 329.62418421
v 154.41831998 78.47542139 520.93518054
v 220.29655059 78.47542900 520.93526306
v 220.29656078 78.47540950 640.61758141
v 0.00000214 78.47539366 640.61760935
v -0.00000580 78.47547946 113.97527165
v -0.00000036 78.47548173 100.00000946
v 0.00000065 78.47552969 -194.32890032
v 154.41831449 78.47554018 -194.32889706
v 154.41833616 78.47552322 -104.11028610
v 220.29656677 78.47553083 -104.11026044
v 220.29654409 78.47549757 99.99998151
v 220.29654409 78.47549757 99.99998151
v 220.29656677 78.47553083 -104.11026044
v 220.29655987 91.84645186 -99.76576420
v 220.29654441 150.62495711 -118.86408161
v 220.29654974 186.95213249 -168.86405759
v 220.29655966 186.95213664 -194.32885373
v 220.29658082 278.47558521 -194.32883882
v 220.29657982 278.47553725 100.00001410
v 206.78968844 304.05916014 -156.13218594
v 206.78964019 495.16094910 -77.47171668
v 206.78963715 498.29093728 -72.79852888
v 206.78963576 499.41212635 75.53764927
v 206.78965546 304.05912258 74.41642099
v 0.00000065 78.47552969 -194.32890032
v 0.00000165 78.47555387 -342.77443419
v 211.94801428 78.47556646 -342.77435165
v 214.61115062 78.47556204 -295.42137272
v 154.41835386 78.47555439 -295.42139616
v 154.41831449 78.47554018 -194.32889706
v 220.29657437 278.47553498 113.97527629
v 220.29653971 278.47544918 640.61761399
v 220.29656078 78.47540950 640.61758141
v 220.29655059 78.47542900 520.93526306
v 220.29654369 91.84635003 525.27970243
v 220.29658504 150.62485528 506.18144189
v 220.29653356 186.95203066 456.18140904
v 220.29655763 186.95204073 394.37798548
v 220.29653444 150.62492226 344.37799767
v 220.29656476 91.84639051 325.27971797
v 220.29656828 78.47546016 329.62415299
v 220.29653864 78.47549530 113.97524370
v 220.29657437 278.47553498 113.97527629
v 220.29658667 538.65220599 113.97531867
v 220.29657473 553.98131161 129.30448096
v 220.29655200 553.98123080 625.28855596
v 220.29655200 538.65212019 640.61765638
v 220.29653971 278.47544918 640.61761399
v 214.61115062 78.47556204 -295.42137272
v 211.94801428 78.47556646 -342.77435165
v 211.26254249 90.66415579 -354.96306781
v 211.26253595 253.32298654 -354.96304131
v 211.26251636 278.47560376 -329.81038589
v 220.29658082 278.47558521 -194.32883882
v 220.29655966 186.95213664 -194.32885373
v 218.25288285 186.95214177 -230.66748195
v 215.44093131 150.62502220 -280.66747086
v 214.36682671 91.84649229 -299.76586471
v -0.00003925 487.19182373 -26.50114800
v -0.00004444 487.19181561 23.31219529
v -0.00003445 534.45884006 23.31220299
v -0.00003445 544.56106071 13.20994941
v -0.00003712 544.56106554 -16.39894029
v -0.00004345 534.45884817 -26.50114030
vt 0.22728041 0.56144369
vt 0.22292662 0.53910649
vt 0.21819167 0.55074358
vt 0.03294479 0.43855643
vt 0.02385606 0.44925672
vt 0.02859099 0.46089363
vt 0.94958830 0.03395200
vt 0.93552357 0.03395200
vt 0.93552357 0.04756439
vt 0.94958830 0.04756439
vt 0.57841706 0.03351915
vt 0.56435227 0.03351915
vt 0.56435227 0.04713148
vt 0.57841706 0.04713148
vt 0.77269506 0.04512131
vt 0.75863034 0.04512131
vt 0.75863034 0.05480665
vt 0.77269506 0.05480665
vt 0.99702758 0.19223207
vt 0.99702758 0.18830502
vt 0.98296285 0.18830502
vt 0.98296285 0.19223207
vt 0.99702758 0.18301672
vt 0.99702758 0.17333144
vt 0.98296285 0.17333144
vt 0.98296285 0.18301672
vt 0.99702758 0.18694377
vt 0.98296285 0.18694377
vt 0.99702758 0.20191735
vt 0.98296285 0.20191735
vt 0.77269506 0.04119426
vt 0.75863034 0.04119426
vt 0.61825180 0.05160379
vt 0.63231653 0.05160379
vt 0.63231653 0.03799140
vt 0.61825180 0.03799140
vt 0.66012019 0.03743434
vt 0.64605540 0.03743434
vt 0.64605540 0.05104667
vt 0.66012019 0.05104667
vt 0.77815908 0.05480659
vt 0.78816628 0.05480665
vt 0.78816628 0.04119426
vt 0.77815908 0.04119426
vt 0.94553071 0.04892564
vt 0.94553071 0.06253803
vt 0.94958830 0.06253803
vt 0.94958830 0.04892564
vt 0.98308367 0.04770476
vt 0.96901888 0.04770482
vt 0.96901888 0.05739009
vt 0.98308367 0.05739009
vt 0.98308367 0.04377770
vt 0.96901888 0.04377776
vt 0.96901888 0.04770482
vt 0.98308367 0.04770476
vt 0.93552357 0.04892570
vt 0.93552357 0.06253803
vt 0.94553071 0.06253803
vt 0.94553071 0.04892564
vt 0.77410156 0.05480659
vt 0.77815908 0.05480659
vt 0.77815908 0.04119426
vt 0.77410156 0.04119426
vt 0.68392897 0.05589485
vt 0.69985193 0.05589485
vt 0.69985193 0.04048389
vt 0.68392897 0.04048389
vt 0.85266006 0.05735356
vt 0.86858308 0.05735356
vt 0.86858308 0.04194266
vt 0.85266006 0.04194266
vt 0.84317517 0.05474973
vt 0.84317517 0.03933895
vt 0.83184582 0.03933901
vt 0.83184582 0.05474973
vt 0.71277356 0.05589485
vt 0.71736723 0.05589485
vt 0.71736723 0.04048389
vt 0.71277356 0.04048389
vt 0.89113086 0.04003173
vt 0.87980151 0.04003173
vt 0.87980151 0.05544263
vt 0.89113086 0.05544263
vt 0.89572453 0.04003173
vt 0.89113086 0.04003173
vt 0.89113086 0.05544263
vt 0.89572453 0.05544263
vt 0.70144421 0.05589485
vt 0.71277356 0.05589485
vt 0.71277356 0.04048389
vt 0.70144421 0.04048389
vt 0.84776884 0.05474973
vt 0.84776884 0.03933889
vt 0.84317517 0.03933895
vt 0.84317517 0.05474973
vt 0.66641366 0.04048389
vt 0.66641366 0.05589485
vt 0.68233669 0.05589485
vt 0.68233669 0.04048389
vt 0.79042298 0.04342163
vt 0.79042298 0.05883247
vt 0.80634600 0.05883247
vt 0.80634600 0.04342151
vt 0.81892419 0.05474973
vt 0.83025354 0.05474973
vt 0.83025354 0.03933889
vt 0.81892419 0.03933895
vt 0.50849968 0.05906790
vt 0.50849968 0.04365695
vt 0.50390601 0.04365695
vt 0.50390601 0.05906790
vt 0.95619017 0.04207933
vt 0.95619017 0.05749023
vt 0.96751952 0.05749023
vt 0.96751952 0.04207933
vt 0.95159650 0.04207933
vt 0.95159650 0.05749023
vt 0.95619017 0.05749023
vt 0.95619017 0.04207933
vt 0.51982903 0.05906790
vt 0.51982903 0.04365695
vt 0.50849968 0.04365695
vt 0.50849968 0.05906790
vt 0.81433052 0.05474973
vt 0.81433052 0.03933895
vt 0.96833813 0.83501685
vt 0.95570016 0.83501685
vt 0.95570016 0.85867703
vt 0.96833813 0.85867703
vt 0.91591614 0.60114324
vt 0.90327811 0.60114324
vt 0.90327811 0.64987159
vt 0.91591614 0.64987159
vt 0.75855899 0.12867928
vt 0.77119696 0.12867934
vt 0.77119696 0.08767933
vt 0.75855899 0.08767927
vt 0.95443636 0.83501685
vt 0.94179839 0.83501691
vt 0.94179839 0.85867703
vt 0.95443636 0.85867703
vt 0.60472256 0.04864621
vt 0.59208459 0.04864627
vt 0.59208459 0.07226676
vt 0.60472256 0.07226676
vt 0.57818276 0.11685693
vt 0.59082079 0.11685693
vt 0.59082079 0.07588679
vt 0.57818276 0.07588679
vt 0.91717988 0.64987159
vt 0.92981791 0.64987159
vt 0.92981791 0.60114324
vt 0.91717988 0.60114324
vt 0.92028666 0.06526643
vt 0.90764868 0.06526649
vt 0.90764868 0.10622275
vt 0.92028666 0.10622263
vt 0.69278926 0.08885759
vt 0.68015122 0.08885759
vt 0.68015122 0.12986141
vt 0.69278926 0.12986147
vt 0.74953151 0.38125968
vt 0.74953151 0.36788744
vt 0.74734581 0.36788744
vt 0.74734581 0.38125968
vt 0.73022062 0.06196415
vt 0.71758258 0.06196415
vt 0.71758258 0.08562434
vt 0.73022062 0.08562434
vt 0.84873569 0.58234584
vt 0.86759222 0.56728792
vt 0.86574274 0.56103170
vt 0.84873581 0.57461268
vt 0.92149168 0.68090940
vt 0.90263516 0.66585153
vt 0.90263528 0.67358470
vt 0.91964221 0.68716562
vt 0.95283753 0.86623013
vt 0.94216025 0.90536380
vt 0.94548297 0.90774387
vt 0.95511293 0.87244880
vt 0.93355250 0.78592068
vt 0.94422978 0.82505429
vt 0.94650519 0.81883574
vt 0.93687522 0.78354061
vt 0.94216025 0.90536380
vt 0.94216025 0.95402622
vt 0.94548297 0.95163321
vt 0.94548297 0.90774387
vt 0.93355256 0.73725832
vt 0.93355250 0.78592068
vt 0.93687522 0.78354061
vt 0.93687522 0.73965132
vt 0.94216025 0.95402622
vt 0.95283753 0.99362999
vt 0.95511293 0.98735237
vt 0.94548297 0.95163321
vt 0.94422984 0.69765437
vt 0.93355256 0.73725832
vt 0.93687522 0.73965132
vt 0.94650519 0.70393205
vt 0.86759222 0.43971533
vt 0.84873569 0.42465746
vt 0.84873581 0.43239152
vt 0.86574274 0.44597244
vt 0.90263516 0.82353985
vt 0.92149168 0.80848193
vt 0.91964221 0.80222487
vt 0.90263528 0.81580579
vt 0.84873569 0.42465746
vt 0.82987916 0.43971545
vt 0.83172888 0.44597244
vt 0.84873581 0.43239152
vt 0.88377863 0.80848193
vt 0.90263516 0.82353985
vt 0.90263528 0.81580579
vt 0.88562834 0.80222487
vt 0.97931850 0.17520702
vt 0.96894944 0.21462911
vt 0.97227377 0.21701896
vt 0.98162574 0.18146360
vt 0.98225021 0.40409982
vt 0.99261928 0.44352180
vt 0.99492651 0.43726522
vt 0.98557454 0.40170997
vt 0.96894944 0.21462911
vt 0.96894944 0.26335752
vt 0.97227377 0.26096767
vt 0.97227377 0.21701896
vt 0.98225021 0.35537136
vt 0.98225021 0.40409982
vt 0.98557454 0.40170997
vt 0.98557454 0.35776120
vt 0.96894944 0.26335752
vt 0.97931856 0.30277956
vt 0.98162574 0.29652297
vt 0.97227377 0.26096767
vt 0.99261928 0.31594926
vt 0.98225021 0.35537136
vt 0.98557454 0.35776120
vt 0.99492651 0.32220596
vt 0.82987922 0.56728792
vt 0.84873569 0.58234584
vt 0.84873581 0.57461268
vt 0.83172888 0.56103170
vt 0.90263516 0.66585153
vt 0.88377869 0.68090940
vt 0.88562834 0.68716562
vt 0.90263528 0.67358470
vt 0.90263528 0.70013452
vt 0.91329253 0.70864487
vt 0.91964221 0.68716562
vt 0.90263528 0.67358470
vt 0.91329253 0.70864487
vt 0.91987902 0.73092520
vt 0.93015307 0.72272092
vt 0.91964221 0.68716562
vt 0.91987902 0.73092520
vt 0.91987902 0.75846529
vt 0.93015307 0.76666969
vt 0.93015307 0.72272092
vt 0.91987902 0.75846529
vt 0.91329253 0.78074574
vt 0.91964221 0.80222487
vt 0.93015307 0.76666969
vt 0.91329253 0.78074574
vt 0.90263528 0.78925604
vt 0.90263528 0.81580579
vt 0.91964221 0.80222487
vt 0.90263528 0.78925604
vt 0.89197803 0.78074563
vt 0.88562834 0.80222487
vt 0.90263528 0.81580579
vt 0.89197803 0.78074563
vt 0.88539147 0.75846529
vt 0.87511748 0.76666963
vt 0.88562834 0.80222487
vt 0.88539147 0.75846529
vt 0.88539147 0.73092520
vt 0.87511748 0.72272086
vt 0.87511748 0.76666963
vt 0.88539147 0.73092520
vt 0.89197803 0.70864487
vt 0.88562834 0.68716562
vt 0.87511748 0.72272086
vt 0.89197803 0.70864487
vt 0.90263528 0.70013452
vt 0.90263528 0.67358470
vt 0.88562834 0.68716562
vt 0.61452270 0.26058191
vt 0.61452270 0.28812200
vt 0.61670840 0.28812200
vt 0.61670834 0.26058191
vt 0.66368473 0.09639835
vt 0.66368473 0.08302635
vt 0.66149908 0.08302623
vt 0.66149902 0.09639835
vt 0.82204413 0.85778952
vt 0.82204413 0.83461517
vt 0.81985849 0.83461517
vt 0.81985843 0.85778952
vt 0.65887624 0.09590960
vt 0.65887624 0.07276219
vt 0.65669060 0.07276213
vt 0.65669060 0.09590960
vt 0.80363792 0.07161200
vt 0.80363792 0.08496171
vt 0.80582362 0.08496171
vt 0.80582362 0.07161200
vt 0.61452270 0.19999379
vt 0.61452270 0.22753382
vt 0.61670834 0.22753382
vt 0.61670834 0.19999379
vt 0.95692188 0.61043131
vt 0.95692188 0.59705925
vt 0.95473617 0.59705925
vt 0.95473617 0.61043131
vt 0.84851998 0.08092451
vt 0.84851998 0.10407984
vt 0.85070568 0.10407984
vt 0.85070568 0.08092451
vt 0.93055904 0.62797725
vt 0.93055904 0.65114945
vt 0.93274474 0.65114945
vt 0.93274474 0.62797725
vt 0.61818045 0.07712752
vt 0.63081849 0.07712752
vt 0.63081849 0.05346739
vt 0.61818045 0.05346739
vt 0.64472026 0.08074695
vt 0.63208228 0.08074695
vt 0.63208228 0.12947530
vt 0.64472026 0.12947530
vt 0.77246082 0.12867934
vt 0.78509879 0.12867934
vt 0.78509879 0.08767933
vt 0.77246082 0.08767933
vt 0.59082079 0.04899514
vt 0.57818276 0.04899514
vt 0.57818276 0.07265526
vt 0.59082079 0.07265526
vt 0.73261911 0.06849205
vt 0.74525714 0.06849205
vt 0.74525714 0.04487163
vt 0.73261911 0.04487163
vt 0.81416625 0.12868083
vt 0.82680428 0.12868083
vt 0.82680428 0.08771068
vt 0.81416625 0.08771068
vt 0.63081849 0.08074695
vt 0.61818045 0.08074695
vt 0.61818045 0.12947530
vt 0.63081849 0.12947530
vt 0.94809020 0.06526649
vt 0.93545222 0.06526655
vt 0.93545222 0.10622275
vt 0.94809020 0.10622275
vt 0.70669103 0.08885753
vt 0.69405305 0.08885759
vt 0.69405305 0.12986147
vt 0.70669109 0.12986147
vt 0.95451754 0.61043131
vt 0.95451754 0.59705919
vt 0.95233190 0.59705919
vt 0.95233190 0.61043131
vt 0.89353913 0.08105630
vt 0.90617710 0.08105630
vt 0.90617710 0.05739617
vt 0.89353913 0.05739617
vt 0.72765732 0.58234584
vt 0.74651384 0.56728792
vt 0.74466437 0.56103170
vt 0.72765744 0.57461262
vt 0.82987940 0.39383072
vt 0.84873587 0.40888864
vt 0.84873581 0.40115541
vt 0.83172888 0.38757449
vt 0.86318886 0.10954589
vt 0.85251158 0.14867955
vt 0.85583425 0.15105963
vt 0.86546427 0.11576450
vt 0.92791235 0.95449638
vt 0.93858963 0.99362999
vt 0.94086498 0.98741138
vt 0.93123502 0.95211631
vt 0.85251158 0.14867955
vt 0.85251158 0.19734198
vt 0.85583425 0.19494897
vt 0.85583425 0.15105963
vt 0.92791235 0.90583396
vt 0.92791235 0.95449638
vt 0.93123502 0.95211631
vt 0.93123502 0.90822697
vt 0.85251158 0.19734198
vt 0.86318886 0.23694581
vt 0.86546421 0.23066813
vt 0.85583425 0.19494897
vt 0.93858963 0.86623007
vt 0.92791235 0.90583396
vt 0.93123502 0.90822697
vt 0.94086504 0.87250781
vt 0.74651384 0.43971533
vt 0.72765732 0.42465746
vt 0.72765744 0.43239152
vt 0.74466437 0.44597238
vt 0.84873593 0.25120032
vt 0.82987940 0.26625818
vt 0.83172894 0.27251524
vt 0.84873587 0.25893432
vt 0.72765732 0.42465746
vt 0.70880085 0.43971533
vt 0.71065050 0.44597238
vt 0.72765744 0.43239152
vt 0.86759245 0.26625818
vt 0.84873593 0.25120032
vt 0.84873587 0.25893432
vt 0.86574280 0.27251524
vt 0.97867531 0.45627898
vt 0.96830630 0.49570113
vt 0.97163057 0.49809092
vt 0.98098254 0.46253562
vt 0.97597849 0.78562349
vt 0.98634756 0.82504565
vt 0.98865479 0.81878901
vt 0.97930282 0.78323370
vt 0.96830630 0.49570113
vt 0.96830630 0.54442954
vt 0.97163057 0.54203975
vt 0.97163057 0.49809092
vt 0.97597849 0.73689514
vt 0.97597849 0.78562349
vt 0.97930282 0.78323370
vt 0.97930282 0.73928493
vt 0.96830630 0.54442954
vt 0.97867537 0.58385164
vt 0.98098260 0.57759500
vt 0.97163057 0.54203975
vt 0.98634756 0.69747305
vt 0.97597849 0.73689514
vt 0.97930282 0.73928493
vt 0.98865479 0.70372963
vt 0.70880085 0.56728792
vt 0.72765732 0.58234584
vt 0.72765744 0.57461262
vt 0.71065050 0.56103170
vt 0.84873587 0.40888864
vt 0.86759239 0.39383078
vt 0.86574274 0.38757455
vt 0.84873581 0.40115541
vt 0.84873581 0.37460566
vt 0.83807856 0.36609530
vt 0.83172888 0.38757449
vt 0.84873581 0.40115541
vt 0.83807856 0.36609530
vt 0.83149207 0.34381491
vt 0.82121801 0.35201925
vt 0.83172888 0.38757449
vt 0.83149207 0.34381491
vt 0.83149207 0.31627482
vt 0.82121801 0.30807048
vt 0.82121801 0.35201925
vt 0.83149207 0.31627482
vt 0.83807862 0.29399449
vt 0.83172894 0.27251524
vt 0.82121801 0.30807048
vt 0.83807862 0.29399449
vt 0.84873587 0.28548408
vt 0.84873587 0.25893432
vt 0.83172894 0.27251524
vt 0.84873587 0.28548408
vt 0.85939306 0.29399449
vt 0.86574280 0.27251524
vt 0.84873587 0.25893432
vt 0.85939306 0.29399449
vt 0.86597961 0.31627488
vt 0.87625360 0.30807048
vt 0.86574280 0.27251524
vt 0.86597961 0.31627488
vt 0.86597961 0.34381491
vt 0.87625360 0.35201931
vt 0.87625360 0.30807048
vt 0.86597961 0.34381491
vt 0.85939306 0.36609536
vt 0.86574274 0.38757455
vt 0.87625360 0.35201931
vt 0.85939306 0.36609536
vt 0.84873581 0.37460566
vt 0.84873581 0.40115541
vt 0.86574274 0.38757455
vt 0.61452270 0.23028785
vt 0.61452270 0.25782794
vt 0.61670834 0.25782794
vt 0.61670840 0.23028785
vt 0.94296354 0.19713819
vt 0.94296354 0.21051037
vt 0.94514924 0.21051037
vt 0.94514924 0.19713819
vt 0.85070568 0.12957066
vt 0.85070568 0.10639626
vt 0.84851998 0.10639626
vt 0.84852004 0.12957066
vt 0.95353252 0.19332319
vt 0.95353252 0.17017573
vt 0.95134681 0.17017573
vt 0.95134681 0.19332319
vt 0.80604213 0.07161200
vt 0.80604213 0.08496171
vt 0.80822784 0.08496171
vt 0.80822784 0.07161200
vt 0.61452270 0.16969973
vt 0.61452270 0.19723976
vt 0.61670834 0.19723976
vt 0.61670834 0.16969973
vt 0.95932615 0.61043131
vt 0.95932615 0.59705925
vt 0.95714045 0.59705925
vt 0.95714045 0.61043131
vt 0.94763190 0.20342654
vt 0.94763190 0.22658187
vt 0.94981760 0.22658187
vt 0.94981760 0.20342654
vt 0.93274468 0.62566006
vt 0.93274474 0.60248786
vt 0.93055904 0.60248786
vt 0.93055904 0.62566006
vt 0.92789662 0.83501685
vt 0.92789662 0.85867703
vt 0.94053459 0.85867703
vt 0.94053459 0.83501685
vt 0.91472697 0.89134800
vt 0.91472697 0.84261954
vt 0.90208894 0.84261954
vt 0.90208894 0.89134794
vt 0.79900062 0.12867934
vt 0.79900062 0.08767933
vt 0.78636259 0.08767933
vt 0.78636259 0.12867934
vt 0.64472026 0.07712752
vt 0.64472026 0.05346739
vt 0.63208228 0.05346745
vt 0.63208228 0.07712752
vt 0.93418843 0.06203765
vt 0.93418843 0.03841728
vt 0.92155045 0.03841728
vt 0.92155045 0.06203765
vt 0.56428093 0.07588679
vt 0.56428093 0.11685693
vt 0.57691896 0.11685687
vt 0.57691896 0.07588673
vt 0.88692337 0.89134800
vt 0.88692337 0.84261954
vt 0.87428540 0.84261954
vt 0.87428534 0.89134800
vt 0.93418843 0.10622275
vt 0.93418843 0.06526649
vt 0.92155045 0.06526649
vt 0.92155045 0.10622275
vt 0.66624939 0.08885759
vt 0.66624939 0.12986147
vt 0.67888743 0.12986147
vt 0.67888743 0.08885759
vt 0.61049610 0.08519977
vt 0.61268175 0.08519977
vt 0.61268175 0.07182771
vt 0.61049610 0.07182771
vt 0.56428093 0.04899514
vt 0.56428093 0.07265526
vt 0.57691896 0.07265526
vt 0.57691896 0.04899514
vt 0.53337938 0.15422034
vt 0.53337944 0.16195351
vt 0.55038637 0.17553437
vt 0.55223590 0.16927826
vt 0.80705309 0.56728792
vt 0.80520356 0.56103170
vt 0.78819662 0.57461268
vt 0.78819656 0.58234584
vt 0.96539265 0.30278820
vt 0.96766800 0.29656959
vt 0.95803803 0.26127440
vt 0.95471537 0.26365453
vt 0.95640820 0.90536380
vt 0.95973092 0.90774387
vt 0.96936089 0.87244874
vt 0.96708548 0.86623025
vt 0.95471537 0.26365453
vt 0.95803803 0.26127440
vt 0.95803803 0.21738511
vt 0.95471537 0.21499217
vt 0.95640820 0.95402622
vt 0.95973092 0.95163310
vt 0.95973092 0.90774387
vt 0.95640820 0.90536380
vt 0.95471537 0.21499217
vt 0.95803803 0.21738511
vt 0.96766806 0.18166596
vt 0.96539265 0.17538834
vt 0.96708548 0.99362999
vt 0.96936089 0.98735237
vt 0.95973092 0.95163310
vt 0.95640820 0.95402622
vt 0.55223590 0.29685074
vt 0.55038637 0.29059374
vt 0.53337944 0.30417466
vt 0.53337938 0.31190866
vt 0.78819656 0.42465746
vt 0.78819668 0.43239152
vt 0.80520362 0.44597238
vt 0.80705309 0.43971539
vt 0.53337938 0.31190866
vt 0.53337944 0.30417466
vt 0.51637250 0.29059362
vt 0.51452285 0.29685074
vt 0.76934004 0.43971539
vt 0.77118975 0.44597238
vt 0.78819668 0.43239152
vt 0.78819656 0.42465746
vt 0.97867531 0.44352174
vt 0.98098254 0.43726510
vt 0.97163057 0.40170985
vt 0.96830630 0.40409970
vt 0.98225021 0.49570113
vt 0.98557448 0.49809086
vt 0.99492651 0.46253562
vt 0.99261928 0.45627910
vt 0.96830630 0.40409970
vt 0.97163057 0.40170985
vt 0.97163057 0.35776109
vt 0.96830630 0.35537130
vt 0.98225021 0.54442954
vt 0.98557448 0.54203975
vt 0.98557448 0.49809086
vt 0.98225021 0.49570113
vt 0.96830630 0.35537130
vt 0.97163057 0.35776109
vt 0.98098254 0.32220578
vt 0.97867537 0.31594914
vt 0.99261928 0.58385164
vt 0.99492651 0.57759506
vt 0.98557448 0.54203975
vt 0.98225021 0.54442954
vt 0.51452285 0.16927820
vt 0.51637250 0.17553437
vt 0.53337944 0.16195351
vt 0.53337938 0.15422034
vt 0.78819656 0.58234584
vt 0.78819662 0.57461268
vt 0.77118969 0.56103182
vt 0.76934004 0.56728792
vt 0.78819662 0.54806280
vt 0.78819662 0.57461268
vt 0.80520356 0.56103170
vt 0.79885387 0.53955245
vt 0.79885387 0.53955245
vt 0.80520356 0.56103170
vt 0.81571448 0.52547652
vt 0.80544043 0.51727206
vt 0.80544043 0.51727206
vt 0.81571448 0.52547652
vt 0.81571448 0.48152769
vt 0.80544043 0.48973203
vt 0.80544043 0.48973203
vt 0.81571448 0.48152769
vt 0.80520362 0.44597238
vt 0.79885393 0.46745157
vt 0.79885393 0.46745157
vt 0.80520362 0.44597238
vt 0.78819668 0.43239152
vt 0.78819668 0.45894128
vt 0.78819668 0.45894128
vt 0.78819668 0.43239152
vt 0.77118975 0.44597238
vt 0.77753943 0.46745157
vt 0.77753943 0.46745157
vt 0.77118975 0.44597238
vt 0.76067889 0.48152769
vt 0.77095288 0.48973209
vt 0.76067883 0.52547652
vt 0.77095288 0.51727211
vt 0.77095288 0.51727211
vt 0.76067883 0.52547652
vt 0.77118969 0.56103182
vt 0.77753943 0.53955245
vt 0.77753943 0.53955245
vt 0.77118969 0.56103182
vt 0.78819662 0.57461268
vt 0.78819662 0.54806280
vt 0.92668998 0.86486733
vt 0.92450428 0.86486733
vt 0.92450434 0.89240742
vt 0.92668998 0.89240742
vt 0.94274497 0.19713819
vt 0.94055927 0.19713819
vt 0.94055927 0.21051037
vt 0.94274497 0.21051037
vt 0.92494512 0.85778093
vt 0.92713082 0.85778093
vt 0.92713082 0.83460659
vt 0.92494512 0.83460659
vt 0.95003617 0.22658229
vt 0.95222187 0.22658223
vt 0.95222187 0.20343477
vt 0.95003617 0.20343482
vt 0.81303632 0.07161206
vt 0.81085062 0.07161206
vt 0.81085062 0.08496177
vt 0.81303632 0.08496177
vt 0.75756639 0.10518771
vt 0.75538069 0.10518771
vt 0.75538069 0.13272774
vt 0.75756639 0.13272774
vt 0.60534227 0.09274751
vt 0.60752791 0.09274751
vt 0.60752791 0.07937533
vt 0.60534227 0.07937533
vt 0.75756639 0.07949752
vt 0.75538069 0.07949752
vt 0.75538069 0.10265285
vt 0.75756639 0.10265285
vt 0.60752791 0.09457469
vt 0.60534227 0.09457469
vt 0.60534227 0.11774683
vt 0.60752791 0.11774683
vt 0.98327839 0.85848719
vt 0.98327839 0.83482707
vt 0.97064042 0.83482707
vt 0.97064042 0.85848725
vt 0.90082520 0.89134794
vt 0.90082520 0.84261954
vt 0.88818717 0.84261954
vt 0.88818717 0.89134800
vt 0.81290245 0.12867934
vt 0.81290245 0.08767939
vt 0.80026442 0.08767939
vt 0.80026442 0.12867934
vt 0.80289674 0.08444619
vt 0.80289674 0.06078607
vt 0.79025871 0.06078607
vt 0.79025871 0.08444619
vt 0.92028666 0.06203765
vt 0.92028666 0.03841722
vt 0.90764868 0.03841722
vt 0.90764868 0.06203765
vt 0.84070611 0.12868083
vt 0.84070611 0.08771074
vt 0.82806808 0.08771068
vt 0.82806808 0.12868083
vt 0.90201426 0.64987159
vt 0.90201426 0.60114324
vt 0.88937628 0.60114324
vt 0.88937622 0.64987159
vt 0.86513382 0.10112810
vt 0.86513382 0.06017190
vt 0.85249585 0.06017190
vt 0.85249585 0.10112810
vt 0.70795488 0.08885765
vt 0.70795488 0.12986147
vt 0.72059286 0.12986147
vt 0.72059286 0.08885765
vt 0.60809183 0.08519977
vt 0.61027753 0.08519977
vt 0.61027753 0.07182771
vt 0.60809189 0.07182771
vt 0.87963730 0.05739617
vt 0.87963730 0.08105630
vt 0.89227527 0.08105630
vt 0.89227527 0.05739617
vt 0.84209615 0.82353985
vt 0.84209603 0.81580663
vt 0.82508910 0.80222577
vt 0.82323962 0.80848193
vt 0.80705309 0.39383072
vt 0.80520362 0.38757455
vt 0.78819662 0.40115541
vt 0.78819656 0.40888858
vt 0.95847774 0.82505429
vt 0.96075314 0.81883568
vt 0.95112318 0.78354055
vt 0.94780046 0.78592068
vt 0.73263484 0.16063434
vt 0.73595756 0.16301447
vt 0.74558753 0.12771928
vt 0.74331218 0.12150073
vt 0.94780046 0.78592068
vt 0.95112318 0.78354055
vt 0.95112318 0.73965132
vt 0.94780046 0.73725820
vt 0.73263484 0.20929682
vt 0.73595756 0.20690376
vt 0.73595756 0.16301447
vt 0.73263484 0.16063434
vt 0.94780046 0.73725820
vt 0.95112318 0.73965132
vt 0.96075314 0.70393205
vt 0.95847774 0.69765449
vt 0.74331212 0.24890065
vt 0.74558753 0.24262297
vt 0.73595756 0.20690376
vt 0.73263484 0.20929682
vt 0.82323968 0.68090940
vt 0.82508916 0.68716639
vt 0.84209609 0.67358553
vt 0.84209621 0.66585153
vt 0.78819656 0.25120026
vt 0.78819668 0.25893426
vt 0.80520362 0.27251512
vt 0.80705309 0.26625812
vt 0.84209621 0.66585153
vt 0.84209609 0.67358553
vt 0.85910302 0.68716639
vt 0.86095273 0.68090940
vt 0.76934004 0.26625812
vt 0.77118969 0.27251512
vt 0.78819668 0.25893426
vt 0.78819656 0.25120026
vt 0.98101139 0.99362135
vt 0.98331863 0.98736483
vt 0.97396666 0.95180953
vt 0.97064233 0.95419931
vt 0.96203458 0.73689508
vt 0.96535891 0.73928493
vt 0.97471088 0.70372963
vt 0.97240365 0.69747305
vt 0.97064233 0.95419931
vt 0.97396666 0.95180953
vt 0.97396660 0.90786076
vt 0.97064233 0.90547091
vt 0.96203458 0.78562355
vt 0.96535891 0.78323370
vt 0.96535891 0.73928493
vt 0.96203458 0.73689508
vt 0.97064233 0.90547091
vt 0.97396660 0.90786076
vt 0.98331863 0.87230539
vt 0.98101139 0.86604881
vt 0.97240365 0.82504565
vt 0.97471088 0.81878901
vt 0.96535891 0.78323370
vt 0.96203458 0.78562355
vt 0.86095268 0.80848193
vt 0.85910296 0.80222577
vt 0.84209603 0.81580663
vt 0.84209615 0.82353985
vt 0.78819656 0.40888858
vt 0.78819662 0.40115541
vt 0.77118975 0.38757455
vt 0.76934004 0.39383072
vt 0.78819668 0.37460560
vt 0.78819662 0.40115541
vt 0.80520362 0.38757455
vt 0.79885387 0.36609530
vt 0.79885387 0.36609530
vt 0.80520362 0.38757455
vt 0.81571448 0.35201925
vt 0.80544043 0.34381485
vt 0.80544043 0.34381485
vt 0.81571448 0.35201925
vt 0.81571448 0.30807048
vt 0.80544043 0.31627476
vt 0.80544043 0.31627476
vt 0.81571448 0.30807048
vt 0.80520362 0.27251512
vt 0.79885387 0.29399437
vt 0.79885387 0.29399437
vt 0.80520362 0.27251512
vt 0.78819668 0.25893426
vt 0.78819668 0.28548408
vt 0.78819668 0.28548408
vt 0.78819668 0.25893426
vt 0.77118969 0.27251512
vt 0.77753943 0.29399437
vt 0.76067883 0.30807048
vt 0.77095288 0.31627476
vt 0.77095288 0.31627476
vt 0.76067883 0.30807048
vt 0.76067883 0.35201919
vt 0.77095288 0.34381485
vt 0.77095288 0.34381485
vt 0.76067883 0.35201919
vt 0.77118975 0.38757455
vt 0.77753943 0.36609530
vt 0.77753943 0.36609530
vt 0.77118975 0.38757455
vt 0.78819662 0.40115541
vt 0.78819668 0.37460560
vt 0.81985843 0.88786530
vt 0.82204413 0.88786536
vt 0.82204413 0.86032528
vt 0.81985843 0.86032522
vt 0.61508602 0.07182771
vt 0.61290032 0.07182771
vt 0.61290032 0.08519977
vt 0.61508602 0.08519977
vt 0.92254084 0.85778093
vt 0.92472649 0.85778093
vt 0.92472649 0.83460653
vt 0.92254084 0.83460653
vt 0.65909481 0.09590960
vt 0.66128051 0.09590960
vt 0.66128051 0.07276219
vt 0.65909481 0.07276213
vt 0.81063211 0.07161206
vt 0.80844641 0.07161206
vt 0.80844641 0.08496177
vt 0.81063211 0.08496177
vt 0.61670840 0.29087597
vt 0.61452270 0.29087597
vt 0.61452270 0.31841606
vt 0.61670834 0.31841606
vt 0.87596351 0.09599191
vt 0.87814921 0.09599191
vt 0.87814921 0.08261979
vt 0.87596357 0.08261979
vt 0.95101702 0.08395749
vt 0.94883138 0.08395749
vt 0.94883138 0.10711277
vt 0.95101702 0.10711277
vt 0.87814921 0.09781915
vt 0.87596351 0.09781915
vt 0.87596351 0.12099129
vt 0.87814921 0.12099129
vt 0.84808922 0.11492145
vt 0.84165949 0.11492145
vt 0.84165955 0.12997657
vt 0.84808922 0.12997657
vt 0.70061743 0.05803555
vt 0.70061743 0.08543724
vt 0.71617293 0.08543724
vt 0.71617293 0.05803555
vt 0.78474927 0.88686794
vt 0.78474927 0.83937967
vt 0.76919377 0.83937967
vt 0.76919377 0.88686794
vt 0.83871979 0.59305203
vt 0.83871979 0.64948630
vt 0.85427529 0.64948630
vt 0.85427529 0.59305203
vt 0.85583085 0.60245013
vt 0.85583085 0.64993387
vt 0.87138635 0.64993387
vt 0.87138635 0.60245013
vt 0.68350637 0.05803555
vt 0.68350637 0.08543724
vt 0.69906187 0.08543724
vt 0.69906187 0.05803555
vt 0.94720113 0.21193171
vt 0.94077146 0.21193171
vt 0.94077146 0.22698689
vt 0.94720113 0.22698689
vt 0.78890640 0.08425915
vt 0.78890640 0.05685729
vt 0.77449739 0.05685729
vt 0.77475107 0.08425915
vt 0.85782695 0.84392166
vt 0.85782689 0.89140993
vt 0.87289983 0.89140999
vt 0.87223589 0.84392166
vt 0.78630483 0.83938432
vt 0.78630483 0.88686812
vt 0.80186033 0.88686818
vt 0.80186033 0.83938438
vt 0.84697866 0.08429205
vt 0.84697866 0.05689037
vt 0.83142322 0.05689037
vt 0.83142316 0.08429199
vt 0.30553007 0.53910649
vt 0.37983775 0.53910649
vt 0.37983775 0.52634537
vt 0.30553007 0.52634537
vt 0.82587278 0.99517202
vt 0.88630664 0.99517202
vt 0.88630670 0.94689220
vt 0.82587284 0.94689220
vt 0.87651414 0.22766060
vt 0.87651420 0.12765753
vt 0.86660719 0.13531107
vt 0.86944968 0.23780829
vt 0.72678542 0.83908677
vt 0.67476785 0.83908683
vt 0.67476791 0.99233735
vt 0.72678542 0.99233729
vt 0.75763476 0.40974414
vt 0.75677764 0.27429652
vt 0.75178856 0.27433717
vt 0.75264567 0.40978479
vt 0.90574348 0.18362701
vt 0.90574348 0.13534719
vt 0.88027871 0.13534713
vt 0.88027871 0.18362695
vt 0.62275028 0.35984266
vt 0.67476785 0.35984266
vt 0.67476821 0.23613101
vt 0.62488377 0.23613101
vt 0.55048430 0.09095711
vt 0.55048430 0.04061276
vt 0.53757679 0.04061270
vt 0.53757685 0.09095711
vt 0.73284411 0.31064945
vt 0.73284400 0.36099380
vt 0.74997985 0.36099380
vt 0.74997985 0.31064945
vt 0.73611742 0.89427680
vt 0.73611748 0.94462115
vt 0.81872094 0.94462115
vt 0.81872094 0.89427680
vt 0.29602480 0.56246746
vt 0.29602480 0.77298731
vt 0.30553007 0.80786568
vt 0.30553007 0.53910649
vt 0.22885989 0.70116055
vt 0.22769697 0.69689333
vt 0.21819168 0.70399392
vt 0.22257020 0.72006041
vt 0.22728041 0.56144369
vt 0.29602480 0.56246746
vt 0.30553007 0.53910649
vt 0.22292662 0.53910649
vt 0.22769697 0.69689333
vt 0.22728041 0.56144369
vt 0.21819167 0.55074358
vt 0.21819168 0.70399392
vt 0.29602480 0.77298731
vt 0.22885989 0.70116055
vt 0.22257020 0.72006041
vt 0.30553007 0.80786568
vt 0.75677764 0.27429652
vt 0.75763476 0.27002084
vt 0.75264567 0.27006143
vt 0.75178856 0.27433717
vt 0.99263746 0.82089829
vt 0.99263746 0.61037838
vt 0.98944813 0.61037838
vt 0.98944813 0.82089829
vt 0.99576217 0.48839915
vt 0.99687934 0.58525968
vt 0.99979824 0.58524418
vt 0.99979824 0.48584747
vt 0.94668722 0.11469400
vt 0.94668722 0.18122917
vt 0.94987655 0.18494254
vt 0.94987655 0.11469400
vt 0.80196524 0.81602037
vt 0.75926667 0.81602043
vt 0.75460720 0.82549536
vt 0.80662477 0.82549524
vt 0.75926667 0.71639180
vt 0.80196524 0.71639174
vt 0.80662477 0.70691681
vt 0.75460720 0.70691687
vt 0.75926667 0.81602043
vt 0.75926667 0.71639180
vt 0.75460720 0.70691687
vt 0.75460720 0.82549536
vt 0.80196524 0.71639174
vt 0.80196524 0.81602037
vt 0.80662477 0.82549524
vt 0.80662477 0.70691681
vt 0.76006198 0.23819828
vt 0.80276054 0.23819822
vt 0.80276054 0.13584691
vt 0.76006198 0.13584697
vt 0.97327673 0.60224533
vt 0.97327673 0.64357042
vt 0.98578948 0.64357042
vt 0.98578948 0.60224533
vt 0.75663751 0.24976307
vt 0.75663757 0.14975995
vt 0.74957311 0.13961232
vt 0.74673057 0.24210948
vt 0.73261362 0.07173938
vt 0.73261362 0.11306447
vt 0.74514115 0.11306447
vt 0.74514115 0.07173938
vt 0.98287553 0.25587809
vt 0.98287553 0.30431455
vt 0.99519259 0.30415791
vt 0.99519259 0.25587809
vt 0.39387301 0.55079317
vt 0.44589055 0.55079329
vt 0.44589055 0.53803205
vt 0.39387301 0.53803194
vt 0.52308691 0.09095705
vt 0.52308691 0.14130145
vt 0.53627217 0.14130145
vt 0.53627217 0.09095711
vt 0.55460888 0.48482931
vt 0.55460888 0.42162311
vt 0.51403201 0.42162311
vt 0.51403201 0.48482931
vt 0.92398429 0.89220053
vt 0.92398429 0.86052352
vt 0.91576958 0.86052352
vt 0.91576958 0.89220053
vt 0.56032926 0.97735512
vt 0.61234677 0.97735506
vt 0.61234677 0.52445924
vt 0.56032920 0.52445924
vt 0.96909165 0.11344951
vt 0.96909165 0.16379392
vt 0.98461092 0.16379392
vt 0.98461097 0.11344957
vt 0.96753931 0.11363959
vt 0.96753937 0.06329525
vt 0.95201385 0.06329519
vt 0.95201379 0.11363953
vt 0.70222116 0.64560908
vt 0.70222116 0.69595343
vt 0.79888660 0.69595349
vt 0.79888654 0.64560914
vt 0.51403201 0.48482931
vt 0.51403201 0.42162311
vt 0.50831163 0.42162311
vt 0.50831163 0.49354064
vt 0.55460888 0.42162311
vt 0.55460888 0.48482931
vt 0.56032926 0.49354070
vt 0.56032920 0.42162311
vt 0.55460888 0.48482931
vt 0.51403201 0.48482931
vt 0.50831163 0.49354064
vt 0.56032926 0.49354070
vt 0.51403201 0.33677810
vt 0.55460888 0.33677816
vt 0.56032920 0.32806677
vt 0.50831163 0.32806677
vt 0.55460888 0.33677816
vt 0.55460888 0.42162311
vt 0.56032920 0.42162311
vt 0.56032920 0.32806677
vt 0.51403201 0.42162311
vt 0.51403201 0.33677810
vt 0.50831163 0.32806677
vt 0.50831163 0.42162311
vt 0.55068535 0.41564810
vt 0.51795554 0.41564810
vt 0.51403201 0.42162311
vt 0.55460888 0.42162311
vt 0.51795554 0.34275317
vt 0.55068535 0.34275317
vt 0.55460888 0.33677816
vt 0.51403201 0.33677810
vt 0.55068535 0.34275317
vt 0.55068535 0.41564810
vt 0.55460888 0.42162311
vt 0.55460888 0.33677816
vt 0.51795554 0.41564810
vt 0.51795554 0.34275317
vt 0.51403201 0.33677810
vt 0.51403201 0.42162311
vt 0.90865326 0.18481022
vt 0.94138306 0.18481022
vt 0.94138306 0.11191529
vt 0.90865326 0.11191529
vt 0.60839331 0.08951312
vt 0.60839331 0.16240799
vt 0.61660802 0.16240799
vt 0.61660802 0.08951312
vt 0.65699202 0.09865081
vt 0.65699202 0.13032782
vt 0.66520679 0.13032782
vt 0.66520679 0.09865081
vt 0.64576292 0.05537212
vt 0.64576292 0.12826699
vt 0.65397763 0.12826699
vt 0.65397763 0.05537212
vt 0.81048238 0.65342289
vt 0.80404186 0.65342289
vt 0.80404186 0.66712296
vt 0.81048238 0.66717875
vt 0.81048238 0.66861928
vt 0.80404192 0.66861928
vt 0.80404186 0.68367445
vt 0.81048238 0.68367445
vt 0.95267093 0.28287393
vt 0.95267093 0.26844895
vt 0.92473572 0.26844889
vt 0.92473567 0.28287381
vt 0.72171235 0.41449875
vt 0.73927385 0.41449869
vt 0.73927385 0.36901283
vt 0.72171235 0.36901283
vt 0.95134449 0.66336036
vt 0.93378299 0.66336036
vt 0.93378299 0.68735266
vt 0.95134455 0.68735266
vt 0.56187296 0.08866221
vt 0.56187296 0.06607878
vt 0.55164129 0.06377012
vt 0.55164129 0.08776236
vt 0.86633331 0.08361441
vt 0.86633331 0.11065114
vt 0.87076163 0.11987561
vt 0.87076163 0.07438982
vt 0.97213978 0.66227055
vt 0.97213978 0.64784563
vt 0.96191221 0.64784563
vt 0.96191216 0.66317046
vt 0.50398797 0.11841196
vt 0.52154946 0.11841196
vt 0.52154946 0.10308719
vt 0.50398797 0.10308719
vt 0.50398797 0.14240420
vt 0.52154946 0.14240420
vt 0.52154946 0.11841196
vt 0.50398797 0.11841196
vt 0.97213978 0.68485403
vt 0.97213978 0.66227055
vt 0.96191216 0.66317046
vt 0.96191221 0.68716270
vt 0.56187296 0.10308719
vt 0.56187296 0.08866221
vt 0.55164129 0.08776236
vt 0.55164123 0.10308713
vt 0.95134449 0.64803559
vt 0.93378299 0.64803559
vt 0.93378299 0.66336036
vt 0.95134449 0.66336036
vt 0.95267093 0.30545735
vt 0.95267093 0.28287393
vt 0.92473567 0.28287381
vt 0.92473567 0.30545729
vt 0.91568029 0.84313178
vt 0.91568035 0.85818696
vt 0.92211002 0.85818696
vt 0.92211008 0.84313178
vt 0.93967223 0.19896781
vt 0.92411667 0.19896775
vt 0.92411667 0.22636950
vt 0.93967223 0.22636956
vt 0.76763821 0.83937973
vt 0.75208271 0.83937967
vt 0.75208271 0.88686788
vt 0.76763821 0.88686794
vt 0.80449766 0.64948630
vt 0.82005316 0.64948630
vt 0.82005316 0.59305203
vt 0.80449766 0.59305197
vt 0.85629547 0.84392643
vt 0.84073997 0.84392643
vt 0.84073997 0.89141017
vt 0.85629547 0.89141023
vt 0.68195081 0.05803555
vt 0.66639531 0.05803549
vt 0.66639531 0.08543724
vt 0.68195081 0.08543724
vt 0.84165949 0.09836084
vt 0.84165949 0.11341596
vt 0.84808916 0.11341596
vt 0.84808916 0.09836084
vt 0.75864750 0.08425909
vt 0.77280289 0.08425915
vt 0.77305651 0.05685729
vt 0.75864750 0.05685729
vt 0.88799071 0.60244542
vt 0.87358171 0.60244542
vt 0.87291777 0.64993364
vt 0.88799071 0.64993364
vt 0.81897140 0.83938438
vt 0.80341589 0.83938438
vt 0.80341589 0.88686818
vt 0.81897140 0.88686818
vt 0.81431210 0.08429199
vt 0.82986760 0.08429205
vt 0.82986766 0.05689037
vt 0.81431210 0.05689037
vt 0.11119445 0.46089363
vt 0.11119447 0.47365481
vt 0.18550217 0.47365481
vt 0.18550217 0.46089363
vt 0.82587278 0.89861238
vt 0.82587284 0.94689220
vt 0.88630670 0.94689220
vt 0.88630670 0.89861238
vt 0.99435472 0.89448941
vt 0.98729020 0.88434160
vt 0.98444778 0.98683894
vt 0.99435472 0.99449247
vt 0.62275028 0.83908695
vt 0.62275034 0.99233747
vt 0.67476791 0.99233735
vt 0.67476785 0.83908683
vt 0.61412108 0.17308152
vt 0.60913205 0.17304093
vt 0.60827488 0.30848861
vt 0.61326396 0.30852914
vt 0.90574330 0.08706737
vt 0.88027865 0.08706731
vt 0.88027871 0.13534713
vt 0.90574348 0.13534719
vt 0.72678542 0.35984266
vt 0.72465259 0.23613101
vt 0.67476821 0.23613101
vt 0.67476785 0.35984266
vt 0.55048430 0.09095711
vt 0.53757685 0.09095711
vt 0.53757679 0.14130145
vt 0.55048418 0.14130145
vt 0.73284411 0.31064945
vt 0.74997985 0.31064945
vt 0.74997985 0.26030511
vt 0.73284400 0.26030505
vt 0.73611742 0.99496555
vt 0.81872088 0.99496555
vt 0.81872094 0.94462115
vt 0.73611748 0.94462115
vt 0.10168917 0.43753260
vt 0.11119445 0.46089363
vt 0.11119446 0.19213444
vt 0.10168917 0.22701281
vt 0.03452427 0.29883969
vt 0.02823458 0.27993983
vt 0.02385605 0.29600620
vt 0.03336136 0.30310684
vt 0.03294479 0.43855643
vt 0.02859099 0.46089363
vt 0.11119445 0.46089363
vt 0.10168917 0.43753260
vt 0.03336136 0.30310684
vt 0.02385605 0.29600620
vt 0.02385606 0.44925672
vt 0.03294479 0.43855643
vt 0.10168917 0.22701281
vt 0.11119446 0.19213444
vt 0.02823458 0.27993983
vt 0.03452427 0.29883969
vt 0.61326396 0.30852914
vt 0.60827488 0.30848861
vt 0.60913205 0.31276429
vt 0.61412108 0.31280488
vt 0.99295640 0.82089829
vt 0.99614567 0.82089829
vt 0.99614567 0.61037838
vt 0.99295634 0.61037838
vt 0.99505186 0.99247766
vt 0.99908799 0.99502939
vt 0.99908799 0.89563268
vt 0.99616915 0.89561713
vt 0.94317901 0.18494254
vt 0.94636834 0.18494254
vt 0.94636834 0.11469400
vt 0.94317901 0.11840737
vt 0.70724910 0.81602049
vt 0.70258963 0.82549536
vt 0.75460720 0.82549536
vt 0.74994767 0.81602049
vt 0.74994767 0.71639180
vt 0.75460720 0.70691687
vt 0.70258963 0.70691693
vt 0.70724910 0.71639192
vt 0.74994767 0.81602049
vt 0.75460720 0.82549536
vt 0.75460720 0.70691687
vt 0.74994767 0.71639180
vt 0.70724910 0.71639192
vt 0.70258963 0.70691693
vt 0.70258963 0.82549536
vt 0.70724910 0.81602049
vt 0.80703044 0.13584697
vt 0.80703044 0.23819828
vt 0.84972900 0.23819810
vt 0.84972900 0.13584691
vt 0.98578954 0.64770299
vt 0.97327673 0.64770299
vt 0.97327679 0.68902814
vt 0.98578954 0.68902814
vt 0.99578923 0.05317008
vt 0.98588234 0.06082362
vt 0.98872477 0.16332084
vt 0.99578929 0.15317315
vt 0.60460663 0.07551402
vt 0.59207916 0.07551402
vt 0.59207904 0.11683917
vt 0.60460663 0.11683911
vt 0.98287553 0.25587809
vt 0.99519259 0.25587809
vt 0.99519253 0.20759827
vt 0.98287547 0.20744163
vt 0.49790812 0.55079335
vt 0.49790812 0.53803217
vt 0.44589055 0.53803205
vt 0.44589055 0.55079329
vt 0.52308691 0.09095705
vt 0.53627217 0.09095711
vt 0.53627211 0.04061276
vt 0.52308685 0.04061270
vt 0.56604958 0.48482937
vt 0.60662645 0.48482937
vt 0.60662645 0.42162311
vt 0.56604958 0.42162311
vt 0.74877739 0.38351220
vt 0.74056268 0.38351214
vt 0.74056268 0.41518915
vt 0.74877739 0.41518915
vt 0.56032926 0.97735512
vt 0.56032920 0.52445924
vt 0.50831163 0.52445936
vt 0.50831163 0.97735518
vt 0.96909165 0.11344951
vt 0.98461097 0.11344957
vt 0.98461097 0.06310517
vt 0.96909159 0.06310517
vt 0.96753931 0.11363959
vt 0.95201379 0.11363953
vt 0.95201385 0.16398394
vt 0.96753937 0.16398394
vt 0.70222116 0.64560908
vt 0.79888654 0.64560914
vt 0.79888660 0.59526473
vt 0.70222116 0.59526473
vt 0.60662645 0.48482937
vt 0.61234683 0.49354070
vt 0.61234677 0.42162311
vt 0.60662645 0.42162311
vt 0.56604958 0.42162311
vt 0.56032920 0.42162311
vt 0.56032926 0.49354070
vt 0.56604958 0.48482937
vt 0.56604958 0.48482937
vt 0.56032926 0.49354070
vt 0.61234683 0.49354070
vt 0.60662645 0.48482937
vt 0.60662645 0.33677810
vt 0.61234677 0.32806683
vt 0.56032920 0.32806677
vt 0.56604958 0.33677816
vt 0.56604958 0.33677816
vt 0.56032920 0.32806677
vt 0.56032920 0.42162311
vt 0.56604958 0.42162311
vt 0.61234677 0.32806683
vt 0.60662645 0.33677810
vt 0.56997311 0.41564810
vt 0.56604958 0.42162311
vt 0.60662645 0.42162311
vt 0.60270292 0.41564810
vt 0.60270292 0.34275317
vt 0.60662645 0.33677810
vt 0.56604958 0.33677816
vt 0.56997311 0.34275317
vt 0.56997311 0.34275317
vt 0.56604958 0.33677816
vt 0.56604958 0.42162311
vt 0.56997311 0.41564810
vt 0.60270292 0.41564810
vt 0.60662645 0.42162311
vt 0.60662645 0.33677810
vt 0.60270292 0.34275317
vt 0.92497540 0.31280297
vt 0.92497540 0.38569784
vt 0.95770520 0.38569790
vt 0.95770520 0.31280297
vt 0.74664593 0.13046002
vt 0.75486070 0.13046002
vt 0.75486070 0.05756515
vt 0.74664593 0.05756515
vt 0.72163552 0.13032782
vt 0.72985023 0.13032782
vt 0.72985023 0.09865081
vt 0.72163552 0.09865081
vt 0.96084809 0.61474472
vt 0.95263332 0.61474472
vt 0.95263332 0.68763959
vt 0.96084803 0.68763959
vt 0.74047405 0.36748463
vt 0.74047399 0.38124049
vt 0.74691451 0.38118470
vt 0.74691451 0.36748463
vt 0.81048238 0.70023513
vt 0.81048238 0.68517995
vt 0.80404186 0.68517995
vt 0.80404192 0.70023513
vt 0.95267093 0.25402403
vt 0.92473572 0.25402391
vt 0.92473572 0.26844889
vt 0.95267093 0.26844895
vt 0.73286527 0.84148228
vt 0.73286533 0.88696808
vt 0.75042683 0.88696808
vt 0.75042683 0.84148228
vt 0.95134455 0.63271081
vt 0.95134449 0.60871851
vt 0.93378299 0.60871851
vt 0.93378305 0.63271081
vt 0.56187290 0.11751211
vt 0.55164123 0.11841196
vt 0.55164129 0.14240420
vt 0.56187296 0.14009559
vt 0.87563282 0.08361447
vt 0.87120450 0.07438982
vt 0.87120450 0.11987561
vt 0.87563282 0.11065114
vt 0.97213978 0.63342071
vt 0.96191216 0.63252079
vt 0.96191221 0.64784563
vt 0.97213978 0.64784563
vt 0.50398797 0.08776236
vt 0.50398797 0.10308719
vt 0.52154946 0.10308719
vt 0.52154946 0.08776236
vt 0.50398797 0.06377012
vt 0.50398797 0.08776236
vt 0.52154946 0.08776236
vt 0.52154946 0.06377012
vt 0.97213978 0.61083722
vt 0.96191221 0.60852855
vt 0.96191216 0.63252079
vt 0.97213978 0.63342071
vt 0.56187296 0.10308719
vt 0.55164123 0.10308713
vt 0.55164123 0.11841196
vt 0.56187290 0.11751211
vt 0.95134449 0.64803559
vt 0.95134455 0.63271081
vt 0.93378305 0.63271081
vt 0.93378299 0.64803559
vt 0.95267093 0.23144054
vt 0.92473572 0.23144048
vt 0.92473572 0.25402391
vt 0.95267093 0.25402403
vt 0.84873581 0.57461268
vt 0.86574274 0.56103170
vt 0.87625360 0.52547646
vt 0.87625360 0.48152769
vt 0.86574274 0.44597244
vt 0.84873581 0.43239152
vt 0.83172888 0.44597244
vt 0.82121801 0.48152769
vt 0.82121801 0.52547646
vt 0.83172888 0.56103170
vt 0.91895378 0.91493279
vt 0.90829653 0.90642238
vt 0.89763933 0.91493273
vt 0.89105278 0.93721306
vt 0.89105278 0.96475315
vt 0.89763933 0.98703349
vt 0.90829653 0.99554390
vt 0.91895378 0.98703349
vt 0.92554033 0.96475315
vt 0.92554033 0.93721306
vt 0.72765744 0.57461262
vt 0.74466437 0.56103170
vt 0.75517523 0.52547646
vt 0.75517523 0.48152769
vt 0.74466437 0.44597238
vt 0.72765744 0.43239152
vt 0.71065050 0.44597238
vt 0.70013964 0.48152763
vt 0.70013964 0.52547646
vt 0.71065050 0.56103170
vt 0.72304654 0.14487815
vt 0.71238929 0.13636780
vt 0.70173204 0.14487815
vt 0.69514555 0.16715854
vt 0.69514555 0.19469863
vt 0.70173204 0.21697897
vt 0.71238929 0.22548938
vt 0.72304654 0.21697897
vt 0.72963309 0.19469863
vt 0.72963309 0.16715854
vt 0.53337944 0.16195351
vt 0.51637250 0.17553437
vt 0.50586164 0.21108973
vt 0.50586164 0.25503844
vt 0.51637250 0.29059362
vt 0.53337944 0.30417466
vt 0.55038637 0.29059374
vt 0.56089729 0.25503844
vt 0.56089729 0.21108973
vt 0.55038637 0.17553437
vt 0.68511021 0.21697903
vt 0.69169676 0.19469869
vt 0.69169676 0.16715860
vt 0.68511021 0.14487815
vt 0.67445302 0.13636780
vt 0.66379577 0.14487815
vt 0.65720922 0.16715866
vt 0.65720922 0.19469869
vt 0.66379577 0.21697903
vt 0.67445296 0.22548938
vt 0.84209603 0.81580663
vt 0.85910296 0.80222577
vt 0.86961389 0.76667047
vt 0.86961389 0.72272170
vt 0.85910302 0.68716639
vt 0.84209609 0.67358553
vt 0.82508916 0.68716639
vt 0.81457829 0.72272170
vt 0.81457824 0.76667047
vt 0.82508910 0.80222577
vt 0.64717394 0.21697903
vt 0.65376049 0.19469863
vt 0.65376049 0.16715854
vt 0.64717394 0.14487815
vt 0.63651669 0.13636780
vt 0.62585944 0.14487815
vt 0.61927295 0.16715854
vt 0.61927295 0.19469863
vt 0.62585950 0.21697903
vt 0.63651669 0.22548938
vt 0.96068949 0.39847398
vt 0.93885100 0.41591311
vt 0.92535406 0.46156943
vt 0.92535406 0.51800370
vt 0.93885100 0.56365991
vt 0.96068949 0.58109903
vt 0.96565729 0.57713199
vt 0.96565729 0.40244108
vt 0.83716422 0.64948630
vt 0.83716422 0.59305203
vt 0.82160872 0.59305197
vt 0.82160872 0.61630452
vt 0.82209128 0.64948630
vt 0.91635597 0.19758624
vt 0.89451748 0.21502537
vt 0.88102055 0.26068163
vt 0.88102055 0.31711596
vt 0.89451748 0.36277217
vt 0.91635597 0.38021135
vt 0.92132378 0.37624443
vt 0.92132378 0.28393424
vt 0.92132378 0.20155329
vt 0.39387301 0.53803194
vt 0.44589055 0.53803205
vt 0.44589052 0.05714142
vt 0.39387298 0.05714136
vt 0.39387298 0.16642636
vt 0.40942848 0.16642648
vt 0.40942848 0.34111744
vt 0.39387298 0.34111744
vt 0.44589055 0.55079329
vt 0.39387301 0.55079317
vt 0.39387301 0.73717153
vt 0.40942851 0.73717153
vt 0.40942851 0.81955248
vt 0.44589058 0.81955254
vt 0.37983775 0.53910649
vt 0.30553007 0.53910649
vt 0.30553007 0.80786568
vt 0.33953455 0.80786562
vt 0.33953455 0.78461313
vt 0.35303149 0.73895681
vt 0.37486994 0.72151780
vt 0.37983778 0.72548473
vt 0.69375879 0.82084703
vt 0.69375879 0.61032724
vt 0.62117761 0.60930341
vt 0.62159419 0.74475306
vt 0.62275708 0.74902022
vt 0.44589058 0.81955254
vt 0.40942851 0.81955248
vt 0.40942851 0.91186267
vt 0.39521548 0.91186261
vt 0.39584431 0.95510185
vt 0.44589058 0.95510197
vt 0.30553007 0.52634537
vt 0.37983775 0.52634537
vt 0.37983775 0.32943082
vt 0.37486994 0.33339787
vt 0.35303146 0.31595874
vt 0.33953455 0.27030253
vt 0.33953452 0.21386820
vt 0.35303146 0.16821194
vt 0.37486994 0.15077281
vt 0.37983775 0.15473980
vt 0.37983775 0.04545486
vt 0.30553007 0.04545486
vt 0.30553007 0.52634537
vt 0.30553007 0.04545486
vt 0.20886441 0.04545486
vt 0.20316905 0.05945224
vt 0.20316906 0.51234800
vt 0.20886442 0.52634525
vt 0.37983769 0.90017623
vt 0.37486985 0.90414333
vt 0.35303140 0.88670397
vt 0.33953452 0.84104753
vt 0.33953455 0.80786562
vt 0.30553007 0.80786568
vt 0.30552995 0.93157792
vt 0.31487510 0.95454550
vt 0.37530911 0.95454550
vt 0.37983763 0.94341564
vt 0.91635597 0.58109903
vt 0.92132378 0.57713187
vt 0.92132378 0.40244091
vt 0.91635597 0.39847392
vt 0.89451748 0.41591305
vt 0.88102055 0.46156931
vt 0.88102055 0.51800358
vt 0.89451748 0.56365991
vt 0.83918440 0.83452839
vt 0.82411146 0.83452839
vt 0.82362890 0.86771011
vt 0.82362890 0.89096266
vt 0.83918440 0.89096266
vt 0.57063198 0.12803662
vt 0.56566417 0.13200372
vt 0.56566417 0.21438462
vt 0.56566423 0.30669481
vt 0.57063204 0.31066179
vt 0.59247053 0.29322261
vt 0.60596740 0.24756634
vt 0.60596740 0.19113213
vt 0.59247047 0.14547580
vt 0.49790812 0.53803217
vt 0.49790812 0.34111762
vt 0.48235261 0.34111756
vt 0.48235258 0.16642660
vt 0.49790809 0.16642654
vt 0.49790809 0.05714154
vt 0.44589052 0.05714142
vt 0.44589055 0.53803205
vt 0.44589055 0.55079329
vt 0.44589058 0.81955254
vt 0.48235264 0.81955260
vt 0.48235261 0.73717165
vt 0.49790815 0.73717165
vt 0.49790812 0.55079335
vt 0.18550217 0.46089363
vt 0.18550217 0.27451539
vt 0.18053436 0.27848244
vt 0.15869589 0.26104325
vt 0.14519894 0.21538699
vt 0.14519894 0.19213444
vt 0.11119446 0.19213444
vt 0.11119445 0.46089363
vt 0.69375879 0.37660545
vt 0.62275714 0.44843233
vt 0.62159419 0.45269954
vt 0.62117761 0.58814907
vt 0.69375879 0.58712530
vt 0.44589058 0.81955254
vt 0.44589058 0.95510197
vt 0.49593684 0.95510197
vt 0.49656567 0.91186273
vt 0.48235264 0.91186273
vt 0.48235264 0.81955260
vt 0.11119447 0.47365481
vt 0.11119445 0.95454544
vt 0.18550216 0.95454544
vt 0.18550217 0.84526050
vt 0.18053436 0.84922749
vt 0.15869588 0.83178836
vt 0.14519894 0.78613204
vt 0.14519894 0.72969776
vt 0.15869586 0.68404150
vt 0.18053435 0.66660237
vt 0.18550217 0.67056942
vt 0.18550217 0.47365481
vt 0.11119447 0.47365481
vt 0.01452882 0.47365481
vt 0.00883346 0.48765224
vt 0.00883344 0.94054806
vt 0.01452879 0.95454544
vt 0.11119445 0.95454544
vt 0.18550210 0.09982389
vt 0.18550205 0.05658460
vt 0.18097351 0.04545456
vt 0.12053950 0.04545480
vt 0.11119432 0.06842214
vt 0.11119446 0.19213444
vt 0.14519894 0.19213444
vt 0.14519893 0.15895259
vt 0.15869580 0.11329603
vt 0.18053427 0.09585685
vt 0.71976846 0.41449869
vt 0.71976846 0.36901289
vt 0.70220697 0.36901289
vt 0.69845361 0.37823749
vt 0.69845361 0.40527415
vt 0.70220697 0.41449875
f 1/1 2/2 3/3
f 4/4 5/5 6/6
f 7/7 8/8 9/9
f 7/7 9/9 10/10
f 11/11 12/12 13/13
f 11/11 13/13 14/14
f 15/15 16/16 17/17
f 15/15 17/17 18/18
f 19/19 20/20 21/21
f 19/19 21/21 22/22
f 23/23 24/24 25/25
f 23/23 25/25 26/26
f 27/27 23/23 26/26
f 27/27 26/26 28/28
f 29/29 19/19 22/22
f 29/29 22/22 30/30
f 31/31 32/32 16/16
f 31/31 16/16 15/15
f 33/33 34/34 35/35
f 33/33 35/35 36/36
f 37/37 38/38 39/39
f 37/37 39/39 40/40
f 41/41 42/42 43/43
f 41/41 43/43 44/44
f 45/45 46/46 47/47
f 45/45 47/47 48/48
f 49/49 50/50 51/51
f 49/49 51/51 52/52
f 53/53 54/54 55/55
f 53/53 55/55 56/56
f 57/57 58/58 59/59
f 57/57 59/59 60/60
f 61/61 62/62 63/63
f 61/61 63/63 64/64
f 65/65 66/66 67/67
f 65/65 67/67 68/68
f 69/69 70/70 71/71
f 69/69 71/71 72/72
f 73/73 74/74 75/75
f 73/73 75/75 76/76
f 77/77 78/78 79/79
f 77/77 79/79 80/80
f 81/81 82/82 83/83
f 81/81 83/83 84/84
f 85/85 86/86 87/87
f 85/85 87/87 88/88
f 89/89 90/90 91/91
f 89/89 91/91 92/92
f 93/93 94/94 95/95
f 93/93 95/95 96/96
f 97/97 98/98 99/99
f 97/97 99/99 100/100
f 101/101 102/102 103/103
f 101/101 103/103 104/104
f 105/105 106/106 107/107
f 105/105 107/107 108/108
f 109/109 110/110 111/111
f 109/109 111/111 112/112
f 113/113 114/114 115/115
f 113/113 115/115 116/116
f 117/117 118/118 119/119
f 117/117 119/119 120/120
f 121/121 122/122 123/123
f 121/121 123/123 124/124
f 125/125 105/105 108/108
f 125/125 108/108 126/126
f 127/127 128/128 129/129
f 127/127 129/129 130/130
f 131/131 132/132 133/133
f 131/131 133/133 134/134
f 135/135 136/136 137/137
f 135/135 137/137 138/138
f 139/139 140/140 141/141
f 139/139 141/141 142/142
f 143/143 144/144 145/145
f 143/143 145/145 146/146
f 147/147 148/148 149/149
f 147/147 149/149 150/150
f 151/151 152/152 153/153
f 151/151 153/153 154/154
f 155/155 156/156 157/157
f 155/155 157/157 158/158
f 159/159 160/160 161/161
f 159/159 161/161 162/162
f 163/163 164/164 165/165
f 163/163 165/165 166/166
f 167/167 168/168 169/169
f 167/167 169/169 170/170
f 171/171 172/172 173/173
f 171/171 173/173 174/174
f 175/175 176/176 177/177
f 175/175 177/177 178/178
f 179/179 180/180 181/181
f 179/179 181/181 182/182
f 183/183 184/184 185/185
f 183/183 185/185 186/186
f 187/187 188/188 189/189
f 187/187 189/189 190/190
f 191/191 192/192 193/193
f 191/191 193/193 194/194
f 195/195 196/196 197/197
f 195/195 197/197 198/198
f 199/199 200/200 201/201
f 199/199 201/201 202/202
f 203/203 204/204 205/205
f 203/203 205/205 206/206
f 207/207 208/208 209/209
f 207/207 209/209 210/210
f 211/211 212/212 213/213
f 211/211 213/213 214/214
f 215/215 216/216 217/217
f 215/215 217/217 218/218
f 219/219 220/220 221/221
f 219/219 221/221 222/222
f 223/223 224/224 225/225
f 223/223 225/225 226/226
f 227/227 228/228 229/229
f 227/227 229/229 230/230
f 231/231 232/232 233/233
f 231/231 233/233 234/234
f 235/235 236/236 237/237
f 235/235 237/237 238/238
f 239/239 240/240 241/241
f 239/239 241/241 242/242
f 243/243 244/244 245/245
f 243/243 245/245 246/246
f 247/247 248/248 249/249
f 247/247 249/249 250/250
f 251/251 252/252 253/253
f 251/251 253/253 254/254
f 255/255 256/256 257/257
f 255/255 257/257 258/258
f 259/259 260/260 261/261
f 259/259 261/261 262/262
f 263/263 264/264 265/265
f 263/263 265/265 266/266
f 267/267 268/268 269/269
f 267/267 269/269 270/270
f 271/271 272/272 273/273
f 271/271 273/273 274/274
f 275/275 276/276 277/277
f 275/275 277/277 278/278
f 279/279 280/280 281/281
f 279/279 281/281 282/282
f 283/283 284/284 285/285
f 283/283 285/285 286/286
f 287/287 288/288 289/289
f 287/287 289/289 290/290
f 291/291 292/292 293/293
f 291/291 293/293 294/294
f 295/295 296/296 297/297
f 295/295 297/297 298/298
f 299/299 300/300 301/301
f 299/299 301/301 302/302
f 303/303 304/304 305/305
f 303/303 305/305 306/306
f 307/307 308/308 309/309
f 307/307 309/309 310/310
f 311/311 312/312 313/313
f 311/311 313/313 314/314
f 315/315 316/316 317/317
f 315/315 317/317 318/318
f 319/319 320/320 321/321
f 319/319 321/321 322/322
f 323/323 324/324 325/325
f 323/323 325/325 326/326
f 327/327 328/328 329/329
f 327/327 329/329 330/330
f 331/331 332/332 333/333
f 331/331 333/333 334/334
f 335/335 336/336 337/337
f 335/335 337/337 338/338
f 339/339 340/340 341/341
f 339/339 341/341 342/342
f 343/343 344/344 345/345
f 343/343 345/345 346/346
f 347/347 348/348 349/349
f 347/347 349/349 350/350
f 351/351 352/352 353/353
f 351/351 353/353 354/354
f 355/355 356/356 357/357
f 355/355 357/357 358/358
f 359/359 360/360 361/361
f 359/359 361/361 362/362
f 363/363 364/364 365/365
f 363/363 365/365 366/366
f 367/367 368/368 369/369
f 367/367 369/369 370/370
f 371/371 372/372 373/373
f 371/371 373/373 374/374
f 375/375 376/376 377/377
f 375/375 377/377 378/378
f 379/379 380/380 381/381
f 379/379 381/381 382/382
f 383/383 384/384 385/385
f 383/383 385/385 386/386
f 387/387 388/388 389/389
f 387/387 389/389 390/390
f 391/391 392/392 393/393
f 391/391 393/393 394/394
f 395/395 396/396 397/397
f 395/395 397/397 398/398
f 399/399 400/400 401/401
f 399/399 401/401 402/402
f 403/403 404/404 405/405
f 403/403 405/405 406/406
f 407/407 408/408 409/409
f 407/407 409/409 410/410
f 411/411 412/412 413/413
f 411/411 413/413 414/414
f 415/415 416/416 417/417
f 415/415 417/417 418/418
f 419/419 420/420 421/421
f 419/419 421/421 422/422
f 423/423 424/424 425/425
f 423/423 425/425 426/426
f 427/427 428/428 429/429
f 427/427 429/429 430/430
f 431/431 432/432 433/433
f 431/431 433/433 434/434
f 435/435 436/436 437/437
f 435/435 437/437 438/438
f 439/439 440/440 441/441
f 439/439 441/441 442/442
f 443/443 444/444 445/445
f 443/443 445/445 446/446
f 447/447 448/448 449/449
f 447/447 449/449 450/450
f 451/451 452/452 453/453
f 451/451 453/453 454/454
f 455/455 456/456 457/457
f 455/455 457/457 458/458
f 459/459 460/460 461/461
f 459/459 461/461 462/462
f 463/463 464/464 465/465
f 463/463 465/465 466/466
f 467/467 468/468 469/469
f 467/467 469/469 470/470
f 471/471 472/472 473/473
f 471/471 473/473 474/474
f 475/475 476/476 477/477
f 475/475 477/477 478/478
f 479/479 480/480 481/481
f 479/479 481/481 482/482
f 483/483 484/484 485/485
f 483/483 485/485 486/486
f 487/487 488/488 489/489
f 487/487 489/489 490/490
f 491/491 492/492 493/493
f 491/491 493/493 494/494
f 495/495 496/496 497/497
f 495/495 497/497 498/498
f 499/499 500/500 501/501
f 499/499 501/501 502/502
f 503/503 504/504 505/505
f 503/503 505/505 506/506
f 507/507 508/508 509/509
f 507/507 509/509 510/510
f 511/511 512/512 513/513
f 511/511 513/513 514/514
f 515/515 516/516 517/517
f 515/515 517/517 518/518
f 519/519 520/520 521/521
f 519/519 521/521 522/522
f 523/523 524/524 525/525
f 523/523 525/525 526/526
f 527/527 528/528 529/529
f 527/527 529/529 530/530
f 531/531 532/532 533/533
f 531/531 533/533 534/534
f 535/535 536/536 537/537
f 535/535 537/537 538/538
f 539/539 540/540 541/541
f 539/539 541/541 542/542
f 543/543 544/544 545/545
f 543/543 545/545 546/546
f 547/547 548/548 549/549
f 547/547 549/549 550/550
f 551/551 552/552 553/553
f 551/551 553/553 554/554
f 555/555 556/556 557/557
f 555/555 557/557 558/558
f 559/559 560/560 561/561
f 559/559 561/561 562/562
f 563/563 564/564 565/565
f 563/563 565/565 566/566
f 567/567 568/568 569/569
f 567/567 569/569 570/570
f 571/571 572/572 573/573
f 571/571 573/573 574/574
f 575/575 576/576 577/577
f 575/575 577/577 578/578
f 579/579 580/580 581/581
f 579/579 581/581 582/582
f 583/583 584/584 585/585
f 583/583 585/585 586/586
f 587/587 588/588 589/589
f 587/587 589/589 590/590
f 591/591 592/592 593/593
f 591/591 593/593 594/594
f 595/595 596/596 597/597
f 595/595 597/597 598/598
f 599/599 600/600 601/601
f 599/599 601/601 602/602
f 603/603 604/604 605/605
f 603/603 605/605 606/606
f 607/607 608/608 609/609
f 607/607 609/609 610/610
f 611/611 612/612 613/613
f 611/611 613/613 614/614
f 615/615 616/616 617/617
f 615/615 617/617 618/618
f 619/619 620/620 621/621
f 619/619 621/621 622/622
f 623/623 624/624 625/625
f 623/623 625/625 626/626
f 627/627 628/628 629/629
f 627/627 629/629 630/630
f 631/631 632/632 633/633
f 631/631 633/633 634/634
f 635/635 636/636 637/637
f 635/635 637/637 638/638
f 639/639 640/640 641/641
f 639/639 641/641 642/642
f 643/643 644/644 645/645
f 643/643 645/645 646/646
f 647/647 648/648 649/649
f 647/647 649/649 650/650
f 651/651 652/652 653/653
f 651/651 653/653 654/654
f 655/655 656/656 657/657
f 655/655 657/657 658/658
f 659/659 660/660 661/661
f 659/659 661/661 662/662
f 663/663 664/664 665/665
f 663/663 665/665 666/666
f 667/667 668/668 669/669
f 667/667 669/669 670/670
f 671/671 672/672 673/673
f 671/671 673/673 674/674
f 675/675 676/676 677/677
f 675/675 677/677 678/678
f 678/678 677/677 679/679
f 678/678 679/679 680/680
f 681/681 682/682 683/683
f 681/681 683/683 684/684
f 685/685 686/686 687/687
f 685/685 687/687 688/688
f 689/689 690/690 691/691
f 689/689 691/691 692/692
f 693/693 694/694 695/695
f 693/693 695/695 696/696
f 697/697 698/698 699/699
f 697/697 699/699 700/700
f 701/701 702/702 703/703
f 701/701 703/703 704/704
f 705/705 706/706 707/707
f 705/705 707/707 708/708
f 709/709 710/710 711/711
f 709/709 711/711 712/712
f 713/713 714/714 715/715
f 713/713 715/715 716/716
f 717/717 718/718 719/719
f 717/717 719/719 720/720
f 721/721 722/722 723/723
f 721/721 723/723 724/724
f 725/725 726/726 727/727
f 725/725 727/727 728/728
f 729/729 730/730 731/731
f 729/729 731/731 732/732
f 733/733 734/734 735/735
f 733/733 735/735 736/736
f 737/737 738/738 739/739
f 737/737 739/739 740/740
f 741/741 742/742 743/743
f 741/741 743/743 744/744
f 745/745 746/746 747/747
f 745/745 747/747 748/748
f 749/749 750/750 751/751
f 749/749 751/751 752/752
f 753/753 754/754 755/755
f 753/753 755/755 756/756
f 757/757 758/758 759/759
f 757/757 759/759 760/760
f 761/761 762/762 763/763
f 761/761 763/763 764/764
f 765/765 766/766 767/767
f 765/765 767/767 768/768
f 769/769 770/770 771/771
f 769/769 771/771 772/772
f 773/773 774/774 775/775
f 773/773 775/775 776/776
f 777/777 778/778 779/779
f 777/777 779/779 780/780
f 781/781 782/782 783/783
f 781/781 783/783 784/784
f 785/785 786/786 787/787
f 785/785 787/787 788/788
f 789/789 790/790 791/791
f 789/789 791/791 792/792
f 793/793 794/794 795/795
f 793/793 795/795 796/796
f 797/797 798/798 799/799
f 797/797 799/799 800/800
f 801/801 802/802 803/803
f 801/801 803/803 804/804
f 805/805 806/806 807/807
f 805/805 807/807 808/808
f 809/809 810/810 811/811
f 809/809 811/811 812/812
f 813/813 814/814 815/815
f 813/813 815/815 816/816
f 817/817 818/818 819/819
f 817/817 819/819 820/820
f 821/821 822/822 823/823
f 821/821 823/823 824/824
f 825/825 826/826 827/827
f 825/825 827/827 828/828
f 829/829 830/830 831/831
f 829/829 831/831 832/832
f 833/833 834/834 835/835
f 833/833 835/835 836/836
f 837/837 838/838 839/839
f 837/837 839/839 840/840
f 841/841 842/842 843/843
f 841/841 843/843 844/844
f 845/845 846/846 847/847
f 845/845 847/847 848/848
f 849/849 850/850 851/851
f 849/849 851/851 852/852
f 853/853 854/854 855/855
f 853/853 855/855 856/856
f 857/857 858/858 859/859
f 857/857 859/859 860/860
f 861/861 862/862 863/863
f 861/861 863/863 864/864
f 865/865 866/866 867/867
f 865/865 867/867 868/868
f 869/869 870/870 871/871
f 869/869 871/871 872/872
f 872/872 871/871 873/873
f 872/872 873/873 874/874
f 875/875 876/876 877/877
f 875/875 877/877 878/878
f 879/879 880/880 881/881
f 879/879 881/881 882/882
f 883/883 884/884 885/885
f 883/883 885/885 886/886
f 887/887 888/888 889/889
f 887/887 889/889 890/890
f 891/891 892/892 893/893
f 891/891 893/893 894/894
f 895/895 896/896 897/897
f 895/895 897/897 898/898
f 899/899 900/900 901/901
f 899/899 901/901 902/902
f 903/903 904/904 905/905
f 903/903 905/905 906/906
f 907/907 908/908 909/909
f 907/907 909/909 910/910
f 911/911 912/912 913/913
f 911/911 913/913 914/914
f 915/915 916/916 917/917
f 915/915 917/917 918/918
f 919/919 920/920 921/921
f 919/919 921/921 922/922
f 923/923 924/924 925/925
f 923/923 925/925 926/926
f 927/927 928/928 929/929
f 927/927 929/929 930/930
f 931/931 932/932 933/933
f 931/931 933/933 934/934
f 935/935 936/936 937/937
f 935/935 937/937 938/938
f 939/939 940/940 941/941
f 939/939 941/941 942/942
f 943/943 944/944 945/945
f 943/943 945/945 946/946
f 947/947 948/948 949/949
f 947/947 949/949 950/950
f 951/951 952/952 953/953
f 951/951 953/953 954/954
f 955/955 956/956 957/957
f 955/955 957/957 958/958
f 959/959 960/960 961/961
f 959/959 961/961 962/962
f 963/963 964/964 965/965
f 963/963 965/965 966/966
f 967/967 968/968 969/969
f 967/967 969/969 970/970
f 971/971 972/972 973/973
f 971/971 973/973 974/974
f 975/975 976/976 977/977
f 975/975 977/977 978/978
f 979/979 980/980 981/981
f 979/979 981/981 982/982
f 983/983 984/984 985/985
f 983/983 985/985 986/986
f 987/987 988/988 989/989
f 987/987 989/989 990/990
f 991/991 992/992 993/993
f 991/991 993/993 994/994
f 995/995 996/996 997/997
f 995/995 997/997 998/998
f 999/999 1000/1000 1001/1001
f 999/999 1001/1001 1002/1002
f 1003/1003 1004/1004 1005/1005
f 1003/1003 1005/1005 1006/1006
f 1007/1007 1008/1008 1009/1009
f 1007/1007 1009/1009 1010/1010
f 1011/1011 1012/1012 1013/1013
f 1011/1011 1013/1013 1014/1014
f 1015/1015 1016/1016 1017/1017
f 1015/1015 1017/1017 1018/1018
f 1019/1019 1020/1020 1021/1021
f 1019/1019 1021/1021 1022/1022
f 1023/1023 1024/1024 1025/1025
f 1023/1023 1025/1025 1026/1026
f 1027/1027 1028/1028 1029/1029
f 1027/1027 1029/1029 1030/1030
f 1031/1031 1032/1032 1033/1033
f 1031/1031 1033/1033 1034/1034
f 1035/1035 1036/1036 1037/1037
f 1035/1035 1037/1037 1038/1038
f 1039/1039 1040/1040 1041/1041
f 1039/1039 1041/1041 1042/1042
f 1043/1043 1044/1044 1045/1045
f 1043/1043 1045/1045 1046/1046
f 1047/1047 1048/1048 1049/1049
f 1047/1047 1049/1049 1050/1050
f 1051/1051 1052/1052 1053/1053
f 1051/1051 1053/1053 1054/1054
f 1055/1055 1056/1056 1057/1057
f 1055/1055 1057/1057 1058/1058
f 1059/1059 1060/1060 1061/1061
f 1059/1059 1061/1061 1062/1062
f 1063/1063 1064/1064 1065/1065
f 1063/1063 1065/1065 1066/1066
f 1067/1067 1068/1068 1069/1069
f 1067/1067 1069/1069 1070/1070
f 1071/1071 1072/1072 1073/1073
f 1071/1071 1073/1073 1074/1074
f 1075/1075 1076/1076 1077/1077
f 1075/1075 1077/1077 1078/1078
f 1079/1079 1080/1080 1081/1081
f 1079/1079 1081/1081 1082/1082
f 1083/1083 1084/1084 1085/1085
f 1083/1083 1085/1085 1086/1086
f 1087/1087 1088/1088 1089/1089
f 1087/1087 1089/1089 1090/1090
f 1091/1091 1092/1092 1093/1093
f 1091/1091 1093/1093 1094/1094
f 1095/1095 1096/1096 1097/1097
f 1095/1095 1097/1097 1098/1098
f 1099/1099 1100/1100 1101/1101
f 1099/1099 1101/1101 1102/1102
f 1103/1103 1104/1104 1105/1105
f 1103/1103 1105/1105 1106/1106
f 1107/1107 1108/1108 1109/1109
f 1107/1107 1109/1109 1110/1110
f 1111/1111 1112/1112 1113/1113
f 1111/1111 1113/1113 1114/1114
f 1115/1115 1116/1116 1117/1117
f 1115/1115 1117/1117 1118/1118
f 1119/1119 1120/1120 1121/1121
f 1119/1119 1121/1121 1122/1122
f 1123/1123 1124/1124 1125/1125
f 1123/1123 1125/1125 1126/1126
f 1127/1127 1128/1128 1129/1129
f 1127/1127 1129/1129 1130/1130
f 1131/1131 1132/1132 1133/1133
f 1131/1131 1133/1133 1134/1134
f 1135/1135 1136/1136 1137/1137
f 1135/1135 1137/1137 1138/1138
f 1139/1139 1140/1140 1141/1141
f 1139/1139 1141/1141 1142/1142
f 1143/1143 1144/1144 1145/1145
f 1143/1143 1145/1145 1146/1146
f 1147/1147 1148/1148 1149/1149
f 1147/1147 1149/1149 1150/1150
f 1151/1151 1152/1152 1153/1153
f 1151/1151 1153/1153 1154/1154
f 1155/1155 1156/1156 1157/1157
f 1155/1155 1157/1157 1158/1158
f 1159/1159 1160/1160 1161/1161
f 1159/1159 1161/1161 1162/1162
f 1163/1163 1164/1164 1165/1165
f 1163/1163 1165/1165 1166/1166
f 1167/1167 1168/1168 1169/1169
f 1167/1167 1169/1169 1170/1170
f 1171/1171 1172/1172 1173/1173
f 1171/1171 1173/1173 1174/1174
f 1175/1175 1176/1176 1177/1177
f 1175/1175 1177/1177 1178/1178
f 1179/1179 1180/1180 1181/1181
f 1179/1179 1181/1181 1182/1182
f 1183/1183 1184/1184 1185/1185
f 1183/1183 1185/1185 1186/1186
f 1187/1187 1188/1188 1189/1189
f 1187/1187 1189/1189 1190/1190
f 1191/1191 1192/1192 1193/1193
f 1191/1191 1193/1193 1194/1194
f 1195/1195 1196/1196 1197/1197
f 1195/1195 1197/1197 1198/1198
f 1199/1199 1200/1200 1201/1201
f 1199/1199 1201/1201 1202/1202
f 1203/1203 1204/1204 1205/1205
f 1203/1203 1205/1205 1206/1206
f 1207/1207 1208/1208 1209/1209
f 1207/1207 1209/1209 1210/1210
f 1211/1211 1212/1212 1213/1213
f 1211/1211 1213/1213 1214/1214
f 1215/1215 1216/1216 1217/1217
f 1215/1215 1217/1217 1218/1218
f 1219/1219 1220/1220 1221/1221
f 1219/1219 1221/1221 1222/1222
f 1223/1223 1224/1224 1225/1225
f 1223/1223 1225/1225 1226/1226
f 1227/1227 1228/1228 1229/1229
f 1227/1227 1229/1229 1230/1230
f 1231/1231 1232/1232 1233/1233
f 1231/1231 1233/1233 1234/1234
f 1235/1235 1236/1236 1237/1237
f 1235/1235 1237/1237 1238/1238
f 1239/1239 1240/1240 1241/1241
f 1239/1239 1241/1241 1242/1242
f 1243/1243 1244/1244 1245/1245
f 1243/1243 1245/1245 1246/1246
f 1247/1247 1248/1248 1249/1249
f 1247/1247 1249/1249 1250/1250
f 1251/1251 1252/1252 1253/1253
f 1251/1251 1253/1253 1254/1254
f 1255/1255 1256/1256 1257/1257
f 1255/1255 1257/1257 1258/1258
f 1259/1259 1260/1260 1261/1261
f 1259/1259 1261/1261 1262/1262
f 1263/1263 1264/1264 1265/1265
f 1263/1263 1265/1265 1266/1266
f 1267/1267 1268/1268 1269/1269
f 1267/1267 1269/1269 1270/1270
f 1271/1271 1272/1272 1273/1273
f 1271/1271 1273/1273 1274/1274
f 1275/1275 1276/1276 1277/1277
f 1275/1275 1277/1277 1278/1278
f 1279/1279 1280/1280 1281/1281
f 1279/1279 1281/1281 1282/1282
f 1283/1283 1284/1284 1285/1285
f 1283/1283 1285/1285 1286/1286
f 1287/1287 1288/1288 1289/1289
f 1287/1287 1289/1289 1290/1290
f 1291/1291 1292/1292 1293/1293
f 1291/1291 1293/1293 1294/1294
f 1295/1295 1296/1296 1297/1297
f 1295/1295 1297/1297 1298/1298
f 1299/1299 1300/1300 1301/1301
f 1299/1299 1301/1301 1302/1302
f 1303/1303 1304/1304 1305/1305
f 1303/1303 1305/1305 1306/1306
f 1307/1307 1308/1308 1309/1309
f 1307/1307 1309/1309 1310/1310
f 1311/1311 1312/1312 1313/1313
f 1311/1311 1313/1313 1314/1314
f 1315/1315 1316/1316 1317/1317
f 1315/1315 1317/1317 1318/1318
f 1319/1319 1320/1320 1321/1321
f 1319/1319 1321/1321 1322/1322
f 1323/1323 1324/1324 1325/1325
f 1323/1323 1325/1325 1326/1326
f 1327/1327 1328/1328 1329/1329
f 1327/1327 1329/1329 1330/1330
f 1331/1331 1332/1332 1333/1333
f 1331/1331 1333/1333 1334/1334
f 1335/1335 1336/1336 1337/1337
f 1335/1335 1337/1337 1338/1338
f 1339/1339 1340/1340 1341/1341
f 1339/1339 1341/1341 1342/1342
f 1343/1343 1344/1344 1345/1345
f 1343/1343 1345/1345 1346/1346
f 1347/1347 1348/1348 1349/1349
f 1347/1347 1349/1349 1350/1350
f 1351/1351 1352/1352 1353/1353
f 1351/1351 1353/1353 1354/1354
f 1355/1355 1356/1356 1357/1357
f 1355/1355 1357/1357 1358/1358
f 1359/1359 1360/1360 1361/1361
f 1359/1359 1361/1361 1362/1362
f 1363/1363 1364/1364 1365/1365
f 1363/1363 1365/1365 1366/1366
f 1367/1367 1368/1368 1369/1369
f 1367/1367 1369/1369 1370/1370
f 1371/1371 1372/1372 1373/1373
f 1371/1371 1373/1373 1374/1374
f 1375/1375 1376/1376 1377/1377
f 1375/1375 1377/1377 1378/1378
f 1379/1379 1380/1380 1381/1381
f 1379/1379 1381/1381 1382/1382
f 1383/1383 1384/1384 1385/1385
f 1383/1383 1385/1385 1386/1386
f 1387/1387 1388/1388 1389/1389
f 1387/1387 1389/1389 1390/1390
f 1391/1391 1392/1392 1393/1393
f 1391/1391 1393/1393 1394/1394
f 1395/1395 1396/1396 1397/1397
f 1395/1395 1397/1397 1398/1398
f 1399/1399 1400/1400 1401/1401
f 1399/1399 1401/1401 1402/1402
f 1403/1403 1404/1404 1405/1405
f 1403/1403 1405/1405 1406/1406
f 1407/1407 1408/1408 1409/1409
f 1407/1407 1409/1409 1410/1410
f 1411/1411 1412/1412 1413/1413
f 1411/1411 1413/1413 1414/1414
f 1415/1415 1416/1416 1417/1417
f 1415/1415 1417/1417 1418/1418
f 1419/1419 1420/1420 1421/1421
f 1419/1419 1421/1421 1422/1422
f 1423/1423 1424/1424 1425/1425
f 1423/1423 1425/1425 1426/1426
f 1427/1427 1428/1428 1429/1429
f 1427/1427 1429/1429 1430/1430
f 1414/1414 1413/1413 1431/1431
f 1414/1414 1431/1431 1432/1432
f 1433/1433 1434/1434 1435/1435
f 1433/1433 1435/1435 1436/1436
f 1437/1437 1438/1438 1439/1439
f 1437/1437 1439/1439 1440/1440
f 1441/1441 1442/1442 1443/1443
f 1441/1441 1443/1443 1444/1444
f 1445/1445 1446/1446 1447/1447
f 1445/1445 1447/1447 1448/1448
f 1449/1449 1450/1450 1451/1451
f 1449/1449 1451/1451 1452/1452
f 1453/1453 1454/1454 1455/1455
f 1453/1453 1455/1455 1456/1456
f 1457/1457 1458/1458 1459/1459
f 1457/1457 1459/1459 1460/1460
f 1461/1461 1462/1462 1463/1463
f 1461/1461 1463/1463 1464/1464
f 1465/1465 1466/1466 1467/1467
f 1465/1465 1467/1467 1468/1468
f 1469/1469 1470/1470 1471/1471
f 1469/1469 1471/1471 1472/1472
f 1473/1473 1474/1474 1475/1475
f 1473/1473 1475/1475 1476/1476
f 1477/1477 1478/1478 1479/1479
f 1477/1477 1479/1479 1480/1480
f 1481/1481 1482/1482 1483/1483
f 1481/1481 1483/1483 1484/1484
f 1485/1485 1486/1486 1487/1487
f 1485/1485 1487/1487 1488/1488
f 1489/1489 1490/1490 1491/1491
f 1489/1489 1491/1491 1492/1492
f 1493/1493 1494/1494 1495/1495
f 1493/1493 1495/1495 1496/1496
f 1497/1497 1498/1498 1499/1499
f 1497/1497 1499/1499 1500/1500
f 1501/1501 1502/1502 1503/1503
f 1501/1501 1503/1503 1504/1504
f 1505/1505 1506/1506 1507/1507
f 1505/1505 1507/1507 1508/1508
f 1509/1509 1510/1510 1511/1511
f 1509/1509 1511/1511 1512/1512
f 1513/1513 1514/1514 1515/1515
f 1513/1513 1515/1515 1516/1516
f 1517/1517 1518/1518 1519/1519
f 1517/1517 1519/1519 1520/1520
f 1522/1522 1530/1530 1521/1521
f 1530/1530 1522/1522 1529/1529
f 1529/1529 1522/1522 1523/1523
f 1529/1529 1523/1523 1524/1524
f 1529/1529 1524/1524 1528/1528
f 1528/1528 1524/1524 1525/1525
f 1528/1528 1525/1525 1527/1527
f 1527/1527 1525/1525 1526/1526
f 1533/1533 1531/1531 1532/1532
f 1531/1531 1533/1533 1534/1534
f 1531/1531 1534/1534 1540/1540
f 1540/1540 1534/1534 1535/1535
f 1540/1540 1535/1535 1539/1539
f 1539/1539 1535/1535 1536/1536
f 1539/1539 1536/1536 1538/1538
f 1538/1538 1536/1536 1537/1537
f 1542/1542 1550/1550 1541/1541
f 1550/1550 1542/1542 1543/1543
f 1550/1550 1543/1543 1549/1549
f 1549/1549 1543/1543 1544/1544
f 1549/1549 1544/1544 1548/1548
f 1548/1548 1544/1544 1545/1545
f 1548/1548 1545/1545 1547/1547
f 1547/1547 1545/1545 1546/1546
f 1553/1553 1551/1551 1552/1552
f 1551/1551 1553/1553 1554/1554
f 1551/1551 1554/1554 1560/1560
f 1560/1560 1554/1554 1555/1555
f 1560/1560 1555/1555 1559/1559
f 1559/1559 1555/1555 1556/1556
f 1559/1559 1556/1556 1558/1558
f 1558/1558 1556/1556 1557/1557
f 1562/1562 1570/1570 1561/1561
f 1570/1570 1562/1562 1563/1563
f 1570/1570 1563/1563 1569/1569
f 1569/1569 1563/1563 1564/1564
f 1569/1569 1564/1564 1568/1568
f 1568/1568 1564/1564 1565/1565
f 1568/1568 1565/1565 1567/1567
f 1567/1567 1565/1565 1566/1566
f 1571/1571 1579/1579 1580/1580
f 1579/1579 1571/1571 1578/1578
f 1578/1578 1571/1571 1572/1572
f 1578/1578 1572/1572 1573/1573
f 1578/1578 1573/1573 1577/1577
f 1577/1577 1573/1573 1574/1574
f 1577/1577 1574/1574 1576/1576
f 1576/1576 1574/1574 1575/1575
f 1582/1582 1590/1590 1581/1581
f 1590/1590 1582/1582 1583/1583
f 1590/1590 1583/1583 1589/1589
f 1589/1589 1583/1583 1584/1584
f 1589/1589 1584/1584 1588/1588
f 1588/1588 1584/1584 1585/1585
f 1588/1588 1585/1585 1587/1587
f 1587/1587 1585/1585 1586/1586
f 1591/1591 1599/1599 1600/1600
f 1599/1599 1591/1591 1592/1592
f 1599/1599 1592/1592 1598/1598
f 1598/1598 1592/1592 1593/1593
f 1598/1598 1593/1593 1597/1597
f 1597/1597 1593/1593 1594/1594
f 1597/1597 1594/1594 1596/1596
f 1596/1596 1594/1594 1595/1595
f 1602/1602 1608/1608 1601/1601
f 1608/1608 1602/1602 1607/1607
f 1607/1607 1602/1602 1603/1603
f 1607/1607 1603/1603 1604/1604
f 1607/1607 1604/1604 1605/1605
f 1607/1607 1605/1605 1606/1606
f 1611/1611 1609/1609 1610/1610
f 1609/1609 1611/1611 1613/1613
f 1613/1613 1611/1611 1612/1612
f 1615/1615 1622/1622 1614/1614
f 1622/1622 1615/1615 1621/1621
f 1621/1621 1615/1615 1616/1616
f 1621/1621 1616/1616 1617/1617
f 1621/1621 1617/1617 1620/1620
f 1620/1620 1617/1617 1618/1618
f 1620/1620 1618/1618 1619/1619
f 1625/1625 1628/1628 1624/1624
f 1628/1628 1625/1625 1626/1626
f 1628/1628 1626/1626 1627/1627
f 1624/1624 1629/1629 1623/1623
f 1629/1629 1624/1624 1628/1628
f 1623/1623 1629/1629 1630/1630
f 1632/1632 1636/1636 1631/1631
f 1636/1636 1632/1632 1634/1634
f 1634/1634 1632/1632 1633/1633
f 1635/1635 1636/1636 1634/1634
f 1639/1639 1637/1637 1638/1638
f 1637/1637 1639/1639 1642/1642
f 1637/1637 1642/1642 1643/1643
f 1642/1642 1639/1639 1641/1641
f 1641/1641 1639/1639 1640/1640
f 1644/1644 1637/1637 1643/1643
f 1648/1648 1646/1646 1647/1647
f 1646/1646 1648/1648 1645/1645
f 1645/1645 1648/1648 1649/1649
f 1651/1651 1655/1655 1650/1650
f 1655/1655 1651/1651 1652/1652
f 1655/1655 1652/1652 1654/1654
f 1654/1654 1652/1652 1653/1653
f 1667/1667 1662/1662 1666/1666
f 1662/1662 1667/1667 1656/1656
f 1666/1666 1662/1662 1663/1663
f 1666/1666 1663/1663 1664/1664
f 1662/1662 1656/1656 1661/1661
f 1661/1661 1656/1656 1660/1660
f 1660/1660 1656/1656 1659/1659
f 1659/1659 1657/1657 1658/1658
f 1657/1657 1659/1659 1656/1656
f 1665/1665 1666/1666 1664/1664
f 1671/1671 1669/1669 1670/1670
f 1669/1669 1671/1671 1668/1668
f 1668/1668 1671/1671 1672/1672
f 1668/1668 1672/1672 1673/1673
f 1680/1680 1678/1678 1679/1679
f 1678/1678 1680/1680 1677/1677
f 1677/1677 1680/1680 1676/1676
f 1676/1676 1680/1680 1675/1675
f 1675/1675 1683/1683 1674/1674
f 1683/1683 1675/1675 1680/1680
f 1683/1683 1680/1680 1681/1681
f 1683/1683 1681/1681 1682/1682
f 1685/1685 1691/1691 1684/1684
f 1691/1691 1685/1685 1686/1686
f 1691/1691 1686/1686 1690/1690
f 1690/1690 1686/1686 1689/1689
f 1689/1689 1686/1686 1688/1688
f 1688/1688 1686/1686 1687/1687
f 1696/1696 1694/1694 1695/1695
f 1694/1694 1696/1696 1693/1693
f 1693/1693 1696/1696 1692/1692
f 1698/1698 1705/1705 1697/1697
f 1705/1705 1698/1698 1699/1699
f 1705/1705 1699/1699 1704/1704
f 1704/1704 1699/1699 1703/1703
f 1703/1703 1699/1699 1700/1700
f 1703/1703 1700/1700 1702/1702
f 1702/1702 1700/1700 1701/1701
f 1712/1712 1710/1710 1711/1711
f 1710/1710 1712/1712 1709/1709
f 1709/1709 1712/1712 1708/1708
f 1708/1708 1706/1706 1707/1707
f 1706/1706 1708/1708 1713/1713
f 1713/1713 1708/1708 1712/1712
f 1714/1714 1718/1718 1719/1719
f 1718/1718 1714/1714 1717/1717
f 1717/1717 1714/1714 1716/1716
f 1716/1716 1714/1714 1715/1715
f 1721/1721 1727/1727 1720/1720
f 1727/1727 1721/1721 1722/1722
f 1727/1727 1723/1723 1726/1726
f 1723/1723 1727/1727 1722/1722
f 1726/1726 1723/1723 1724/1724
f 1726/1726 1724/1724 1725/1725
f 1732/1732 1730/1730 1731/1731
f 1730/1730 1732/1732 1728/1728
f 1730/1730 1728/1728 1729/1729
f 1733/1733 1737/1737 1738/1738
f 1737/1737 1735/1735 1736/1736
f 1735/1735 1737/1737 1734/1734
f 1734/1734 1737/1737 1733/1733
f 1742/1742 1740/1740 1741/1741
f 1740/1740 1742/1742 1743/1743
f 1750/1750 1748/1748 1749/1749
f 1740/1740 1745/1745 1739/1739
f 1745/1745 1740/1740 1744/1744
f 1744/1744 1740/1740 1743/1743
f 1739/1739 1745/1745 1746/1746
f 1739/1739 1746/1746 1747/1747
f 1739/1739 1747/1747 1748/1748
f 1739/1739 1748/1748 1750/1750
f 1751/1751 1755/1755 1756/1756
f 1755/1755 1751/1751 1754/1754
f 1754/1754 1751/1751 1753/1753
f 1753/1753 1751/1751 1752/1752
f 1758/1758 1766/1766 1757/1757
f 1766/1766 1758/1758 1761/1761
f 1761/1761 1758/1758 1760/1760
f 1760/1760 1758/1758 1759/1759
f 1764/1764 1762/1762 1763/1763
f 1762/1762 1764/1764 1761/1761
f 1761/1761 1764/1764 1765/1765
f 1761/1761 1765/1765 1766/1766
f 1770/1770 1768/1768 1769/1769
f 1768/1768 1770/1770 1767/1767
f 1767/1767 1770/1770 1771/1771
f 1767/1767 1771/1771 1772/1772

