# Blender 5.0.0
# www.blender.org
mtllib Untitled.mtl
o truck-flat
v 0.600000 0.312006 0.827365
v 0.600000 0.323194 0.822731
v 0.550000 0.315592 0.840749
v 0.550000 0.330122 0.834730
v 0.550000 0.239756 0.782557
v 0.600000 0.253612 0.782557
v 0.550000 0.241808 0.798150
v 0.600000 0.255192 0.794563
v 0.550000 0.284408 0.724365
v 0.550000 0.300000 0.722313
v 0.600000 0.287994 0.737750
v 0.600000 0.300000 0.736169
v 0.600000 0.312006 0.737750
v 0.600000 0.276806 0.742384
v 0.600000 0.323194 0.742384
v 0.600000 0.267199 0.749756
v 0.600000 0.332801 0.749756
v 0.600000 0.259827 0.759363
v 0.600000 0.340173 0.759363
v 0.600000 0.344808 0.770551
v 0.600000 0.255192 0.770551
v 0.600000 0.346388 0.782557
v 0.600000 0.344808 0.794563
v 0.600000 0.259827 0.805751
v 0.600000 0.340173 0.805751
v 0.600000 0.267199 0.815359
v 0.600000 0.332801 0.815359
v 0.600000 0.276806 0.822731
v 0.600000 0.287994 0.827365
v 0.600000 0.300000 0.828945
v 0.550000 0.247827 0.752435
v 0.550000 0.241808 0.766965
v 0.550000 0.360245 0.782557
v 0.550000 0.358192 0.798150
v 0.550000 0.315592 0.724365
v 0.550000 0.330122 0.730384
v 0.550000 0.284408 0.840749
v 0.550000 0.300000 0.842802
v 0.550000 0.269878 0.834730
v 0.550000 0.352173 0.812679
v 0.550000 0.342599 0.825157
v 0.550000 0.257401 0.825157
v 0.550000 0.358192 0.766965
v 0.550000 0.352173 0.752435
v 0.550000 0.247827 0.812679
v 0.550000 0.257401 0.739958
v 0.550000 0.269878 0.730384
v 0.550000 0.342599 0.739958
v 0.500000 0.087868 0.994689
v 0.600000 0.119688 0.962869
v 0.500000 0.150000 1.042365
v 0.600000 0.172500 1.003394
v 0.600000 0.365999 0.536246
v 0.500000 0.377646 0.492779
v 0.600000 0.427500 0.561721
v 0.500000 0.450000 0.522749
v 0.400000 0.600000 0.782557
v 0.400000 0.589778 0.860203
v 0.500000 0.600000 0.782557
v 0.500000 0.589778 0.860203
v 0.600000 0.427500 1.003394
v 0.600000 0.480312 0.962869
v 0.500000 0.450000 1.042365
v 0.500000 0.512132 0.994689
v 0.400000 0.377646 1.072335
v 0.500000 0.377646 1.072335
v 0.400000 0.450000 1.042365
v 0.500000 0.559808 0.932557
v 0.600000 0.546311 0.848556
v 0.600000 0.520837 0.910057
v 0.500000 0.010222 0.860203
v 0.600000 0.053689 0.848556
v 0.500000 0.040192 0.932557
v 0.600000 0.079164 0.910057
v 0.400000 0.512132 0.994689
v 0.500000 0.222354 1.072335
v 0.600000 0.234001 1.028868
v 0.500000 0.300000 1.082557
v 0.600000 0.300000 1.037557
v 0.400000 0.559808 0.932557
v 0.600000 0.300000 0.527557
v 0.500000 0.300000 0.482557
v 0.400000 0.559808 0.632557
v 0.400000 0.589778 0.704911
v 0.500000 0.559808 0.632557
v 0.500000 0.589778 0.704911
v 0.400000 0.222354 1.072335
v 0.400000 0.300000 1.082557
v 0.400000 0.040192 0.632557
v 0.500000 0.040192 0.632557
v 0.400000 0.010222 0.704911
v 0.500000 0.010222 0.704911
v 0.500000 0.087868 0.570425
v 0.500000 0.150000 0.522749
v 0.600000 0.119688 0.602245
v 0.600000 0.172500 0.561721
v 0.500000 0.222354 0.492779
v 0.600000 0.234001 0.536246
v 0.600000 0.480312 0.602245
v 0.600000 0.079164 0.655057
v 0.600000 0.300000 0.628229
v 0.600000 0.520837 0.655057
v 0.600000 0.260057 0.633488
v 0.600000 0.222836 0.648905
v 0.600000 0.190874 0.673431
v 0.600000 0.339943 0.633488
v 0.600000 0.377164 0.648905
v 0.600000 0.409126 0.673431
v 0.600000 0.053689 0.716558
v 0.600000 0.166348 0.705393
v 0.600000 0.150931 0.742614
v 0.600000 0.045000 0.782557
v 0.600000 0.145672 0.782557
v 0.600000 0.546311 0.716558
v 0.600000 0.433652 0.705393
v 0.600000 0.449069 0.742614
v 0.600000 0.150931 0.822500
v 0.600000 0.166348 0.859721
v 0.600000 0.555000 0.782557
v 0.600000 0.454328 0.782557
v 0.600000 0.449069 0.822500
v 0.600000 0.433652 0.859721
v 0.600000 0.190874 0.891684
v 0.600000 0.222836 0.916209
v 0.600000 0.409126 0.891683
v 0.600000 0.377164 0.916209
v 0.600000 0.260057 0.931626
v 0.600000 0.339943 0.931626
v 0.600000 0.300000 0.936885
v 0.600000 0.365999 1.028868
v 0.400000 0.150000 0.522749
v 0.400000 0.222354 0.492779
v 0.300000 0.053689 0.716558
v 0.300000 0.045000 0.782557
v 0.400000 0.000000 0.782557
v 0.500000 0.512132 0.570425
v 0.400000 0.087868 0.994689
v 0.400000 0.150000 1.042365
v 0.500000 0.000000 0.782557
v 0.400000 0.010222 0.860203
v 0.400000 0.040192 0.932557
v 0.400000 0.450000 0.522749
v 0.400000 0.512132 0.570425
v 0.300000 0.300000 0.527557
v 0.300000 0.234001 0.536246
v 0.300000 0.365999 0.536246
v 0.300000 0.172500 0.561721
v 0.300000 0.427500 0.561721
v 0.300000 0.480312 0.602245
v 0.300000 0.119688 0.602245
v 0.300000 0.520837 0.655057
v 0.300000 0.079164 0.655057
v 0.300000 0.546311 0.716558
v 0.300000 0.555000 0.782557
v 0.300000 0.546311 0.848556
v 0.300000 0.053689 0.848556
v 0.300000 0.520837 0.910057
v 0.300000 0.079164 0.910057
v 0.300000 0.480312 0.962869
v 0.300000 0.119688 0.962869
v 0.300000 0.427500 1.003394
v 0.300000 0.172500 1.003394
v 0.300000 0.365999 1.028868
v 0.300000 0.234001 1.028868
v 0.300000 0.300000 1.037557
v 0.400000 0.377646 0.492779
v 0.400000 0.087868 0.570425
v 0.400000 0.300000 0.482557
v 0.550000 0.300000 0.683984
v 0.550000 0.325513 0.687343
v 0.550000 0.274488 0.687343
v 0.550000 0.250714 0.697191
v 0.550000 0.349287 0.697191
v 0.550000 0.230299 0.712856
v 0.550000 0.369702 0.712856
v 0.550000 0.214633 0.733271
v 0.550000 0.385367 0.733271
v 0.550000 0.204786 0.757045
v 0.550000 0.395214 0.757045
v 0.550000 0.201427 0.782557
v 0.550000 0.204786 0.808070
v 0.550000 0.398573 0.782557
v 0.550000 0.395214 0.808070
v 0.550000 0.214633 0.831844
v 0.550000 0.385367 0.831844
v 0.550000 0.230299 0.852259
v 0.550000 0.369702 0.852259
v 0.550000 0.250714 0.867924
v 0.550000 0.349287 0.867924
v 0.550000 0.274488 0.877771
v 0.550000 0.325513 0.877771
v 0.550000 0.300000 0.881130
v 0.600000 0.194592 0.810801
v 0.550000 0.204786 0.808070
v 0.600000 0.205494 0.837120
v 0.550000 0.214633 0.831844
v 0.600000 0.222836 0.859721
v 0.550000 0.230299 0.852259
v 0.600000 0.394506 0.727994
v 0.600000 0.405408 0.754313
v 0.550000 0.385367 0.733271
v 0.550000 0.395214 0.757045
v 0.600000 0.405408 0.810801
v 0.550000 0.395214 0.808070
v 0.600000 0.409126 0.782557
v 0.550000 0.398573 0.782557
v 0.600000 0.245437 0.688051
v 0.600000 0.271756 0.677149
v 0.550000 0.250714 0.697191
v 0.550000 0.274488 0.687343
v 0.600000 0.245437 0.877063
v 0.550000 0.250714 0.867924
v 0.550000 0.349286 0.697191
v 0.600000 0.354563 0.688051
v 0.550000 0.369702 0.712856
v 0.600000 0.377164 0.705393
v 0.600000 0.271756 0.887965
v 0.550000 0.274488 0.877771
v 0.600000 0.300000 0.891684
v 0.550000 0.300000 0.881130
v 0.600000 0.194592 0.754313
v 0.600000 0.205494 0.727994
v 0.550000 0.204786 0.757045
v 0.550000 0.214633 0.733271
v 0.550000 0.325513 0.877771
v 0.600000 0.328244 0.887965
v 0.550000 0.349286 0.867924
v 0.600000 0.354563 0.877063
v 0.550000 0.369702 0.852259
v 0.600000 0.377164 0.859721
v 0.600000 0.300000 0.673431
v 0.600000 0.328244 0.677149
v 0.550000 0.300000 0.683984
v 0.550000 0.325513 0.687343
v 0.600000 0.190874 0.782557
v 0.550000 0.201427 0.782557
v 0.600000 0.222836 0.705393
v 0.550000 0.230299 0.712856
v 0.600000 0.300000 0.628229
v 0.600000 0.339943 0.633488
v 0.600000 0.260057 0.633488
v 0.600000 0.222836 0.648905
v 0.600000 0.377164 0.648905
v 0.600000 0.190874 0.673431
v 0.600000 0.409126 0.673431
v 0.600000 0.166348 0.705393
v 0.600000 0.433652 0.705393
v 0.600000 0.150931 0.742614
v 0.600000 0.145672 0.782557
v 0.600000 0.449069 0.742614
v 0.600000 0.454328 0.782557
v 0.600000 0.150931 0.822500
v 0.600000 0.449069 0.822500
v 0.600000 0.394506 0.837120
v 0.600000 0.166348 0.859721
v 0.600000 0.433652 0.859721
v 0.600000 0.190874 0.891684
v 0.600000 0.409126 0.891683
v 0.600000 0.222836 0.916209
v 0.600000 0.377164 0.916209
v 0.600000 0.260057 0.931626
v 0.600000 0.339943 0.931626
v 0.600000 0.300000 0.936885
v 0.550000 0.385367 0.831844
v -0.600000 0.312006 0.737750
v -0.600000 0.323194 0.742384
v -0.550000 0.315592 0.724365
v -0.550000 0.330122 0.730384
v -0.550000 0.239756 0.782557
v -0.600000 0.253612 0.782557
v -0.550000 0.241808 0.766965
v -0.600000 0.255192 0.770551
v -0.550000 0.284408 0.840749
v -0.550000 0.300000 0.842802
v -0.600000 0.287994 0.827365
v -0.600000 0.300000 0.828945
v -0.600000 0.312006 0.827365
v -0.600000 0.276806 0.822731
v -0.600000 0.323194 0.822731
v -0.600000 0.267199 0.815359
v -0.600000 0.332801 0.815359
v -0.600000 0.259827 0.805751
v -0.600000 0.340173 0.805751
v -0.600000 0.344808 0.794563
v -0.600000 0.255192 0.794563
v -0.600000 0.346388 0.782557
v -0.600000 0.344808 0.770551
v -0.600000 0.259827 0.759363
v -0.600000 0.340173 0.759363
v -0.600000 0.267199 0.749756
v -0.600000 0.332801 0.749756
v -0.600000 0.276806 0.742384
v -0.600000 0.287994 0.737750
v -0.600000 0.300000 0.736169
v -0.550000 0.247827 0.812679
v -0.550000 0.241808 0.798150
v -0.550000 0.360245 0.782557
v -0.550000 0.358192 0.766965
v -0.550000 0.315592 0.840749
v -0.550000 0.330122 0.834730
v -0.550000 0.284408 0.724365
v -0.550000 0.300000 0.722313
v -0.550000 0.269878 0.730384
v -0.550000 0.352173 0.752435
v -0.550000 0.342599 0.739958
v -0.550000 0.257401 0.739958
v -0.550000 0.358192 0.798150
v -0.550000 0.352173 0.812679
v -0.550000 0.247827 0.752435
v -0.550000 0.257401 0.825157
v -0.550000 0.269878 0.834730
v -0.550000 0.342599 0.825157
v -0.500000 0.087868 0.570425
v -0.600000 0.119688 0.602245
v -0.500000 0.150000 0.522749
v -0.600000 0.172500 0.561721
v -0.600000 0.365999 1.028868
v -0.500000 0.377646 1.072335
v -0.600000 0.427500 1.003394
v -0.500000 0.450000 1.042365
v -0.400000 0.600000 0.782557
v -0.400000 0.589778 0.704911
v -0.500000 0.600000 0.782557
v -0.500000 0.589778 0.704911
v -0.600000 0.427500 0.561721
v -0.600000 0.480312 0.602245
v -0.500000 0.450000 0.522749
v -0.500000 0.512132 0.570425
v -0.400000 0.377646 0.492779
v -0.500000 0.377646 0.492779
v -0.400000 0.450000 0.522749
v -0.500000 0.559808 0.632557
v -0.600000 0.546311 0.716558
v -0.600000 0.520837 0.655057
v -0.500000 0.010222 0.704911
v -0.600000 0.053689 0.716558
v -0.500000 0.040192 0.632557
v -0.600000 0.079164 0.655057
v -0.400000 0.512132 0.570425
v -0.500000 0.222354 0.492779
v -0.600000 0.234001 0.536246
v -0.500000 0.300000 0.482557
v -0.600000 0.300000 0.527557
v -0.400000 0.559808 0.632557
v -0.600000 0.300000 1.037557
v -0.500000 0.300000 1.082557
v -0.400000 0.559808 0.932557
v -0.400000 0.589778 0.860203
v -0.500000 0.559808 0.932557
v -0.500000 0.589778 0.860203
v -0.400000 0.222354 0.492779
v -0.400000 0.300000 0.482557
v -0.400000 0.040192 0.932557
v -0.500000 0.040192 0.932557
v -0.400000 0.010222 0.860203
v -0.500000 0.010222 0.860203
v -0.500000 0.087868 0.994689
v -0.500000 0.150000 1.042365
v -0.600000 0.119688 0.962869
v -0.600000 0.172500 1.003394
v -0.500000 0.222354 1.072335
v -0.600000 0.234001 1.028868
v -0.600000 0.480312 0.962869
v -0.600000 0.079164 0.910057
v -0.600000 0.300000 0.936885
v -0.600000 0.520837 0.910057
v -0.600000 0.260057 0.931626
v -0.600000 0.222836 0.916209
v -0.600000 0.190874 0.891684
v -0.600000 0.339943 0.931626
v -0.600000 0.377164 0.916209
v -0.600000 0.409126 0.891683
v -0.600000 0.053689 0.848556
v -0.600000 0.166348 0.859721
v -0.600000 0.150931 0.822500
v -0.600000 0.045000 0.782557
v -0.600000 0.145672 0.782557
v -0.600000 0.546311 0.848556
v -0.600000 0.433652 0.859721
v -0.600000 0.449069 0.822500
v -0.600000 0.150931 0.742614
v -0.600000 0.166348 0.705393
v -0.600000 0.555000 0.782557
v -0.600000 0.454328 0.782557
v -0.600000 0.449069 0.742614
v -0.600000 0.433652 0.705393
v -0.600000 0.190874 0.673431
v -0.600000 0.222836 0.648905
v -0.600000 0.409126 0.673431
v -0.600000 0.377164 0.648905
v -0.600000 0.260057 0.633488
v -0.600000 0.339943 0.633488
v -0.600000 0.300000 0.628229
v -0.600000 0.365999 0.536246
v -0.400000 0.150000 1.042365
v -0.400000 0.222354 1.072335
v -0.300000 0.053689 0.848556
v -0.300000 0.045000 0.782557
v -0.400000 0.000000 0.782557
v -0.500000 0.512132 0.994689
v -0.400000 0.087868 0.570425
v -0.400000 0.150000 0.522749
v -0.500000 0.000000 0.782557
v -0.400000 0.010222 0.704911
v -0.400000 0.040192 0.632557
v -0.400000 0.450000 1.042365
v -0.400000 0.512132 0.994689
v -0.300000 0.300000 1.037557
v -0.300000 0.234001 1.028868
v -0.300000 0.365999 1.028868
v -0.300000 0.172500 1.003394
v -0.300000 0.427500 1.003394
v -0.300000 0.480312 0.962869
v -0.300000 0.119688 0.962869
v -0.300000 0.520837 0.910057
v -0.300000 0.079164 0.910057
v -0.300000 0.546311 0.848556
v -0.300000 0.555000 0.782557
v -0.300000 0.546311 0.716558
v -0.300000 0.053689 0.716558
v -0.300000 0.520837 0.655057
v -0.300000 0.079164 0.655057
v -0.300000 0.480312 0.602245
v -0.300000 0.119688 0.602245
v -0.300000 0.427500 0.561721
v -0.300000 0.172500 0.561721
v -0.300000 0.365999 0.536246
v -0.300000 0.234001 0.536246
v -0.300000 0.300000 0.527557
v -0.400000 0.377646 1.072335
v -0.400000 0.087868 0.994689
v -0.400000 0.300000 1.082557
v -0.550000 0.300000 0.881130
v -0.550000 0.325513 0.877771
v -0.550000 0.274488 0.877771
v -0.550000 0.250714 0.867924
v -0.550000 0.349287 0.867924
v -0.550000 0.230299 0.852259
v -0.550000 0.369702 0.852259
v -0.550000 0.214633 0.831844
v -0.550000 0.385367 0.831844
v -0.550000 0.204786 0.808070
v -0.550000 0.395214 0.808070
v -0.550000 0.201427 0.782557
v -0.550000 0.204786 0.757045
v -0.550000 0.398573 0.782557
v -0.550000 0.395214 0.757045
v -0.550000 0.214633 0.733271
v -0.550000 0.385367 0.733271
v -0.550000 0.230299 0.712856
v -0.550000 0.369702 0.712856
v -0.550000 0.250714 0.697191
v -0.550000 0.349287 0.697191
v -0.550000 0.274488 0.687343
v -0.550000 0.325513 0.687343
v -0.550000 0.300000 0.683984
v -0.600000 0.194592 0.754313
v -0.550000 0.204786 0.757045
v -0.600000 0.205494 0.727994
v -0.550000 0.214633 0.733271
v -0.600000 0.222836 0.705393
v -0.550000 0.230299 0.712856
v -0.600000 0.394506 0.837120
v -0.600000 0.405408 0.810801
v -0.550000 0.385367 0.831844
v -0.550000 0.395214 0.808070
v -0.600000 0.405408 0.754313
v -0.550000 0.395214 0.757045
v -0.600000 0.409126 0.782557
v -0.550000 0.398573 0.782557
v -0.600000 0.245437 0.877063
v -0.600000 0.271756 0.887965
v -0.550000 0.250714 0.867924
v -0.550000 0.274488 0.877771
v -0.600000 0.245437 0.688051
v -0.550000 0.250714 0.697191
v -0.550000 0.349286 0.867924
v -0.600000 0.354563 0.877063
v -0.550000 0.369702 0.852259
v -0.600000 0.377164 0.859721
v -0.600000 0.271756 0.677149
v -0.550000 0.274488 0.687343
v -0.600000 0.300000 0.673431
v -0.550000 0.300000 0.683984
v -0.600000 0.194592 0.810801
v -0.600000 0.205494 0.837120
v -0.550000 0.204786 0.808070
v -0.550000 0.214633 0.831844
v -0.550000 0.325513 0.687343
v -0.600000 0.328244 0.677149
v -0.550000 0.349286 0.697191
v -0.600000 0.354563 0.688051
v -0.550000 0.369702 0.712856
v -0.600000 0.377164 0.705393
v -0.600000 0.300000 0.891684
v -0.600000 0.328244 0.887965
v -0.550000 0.300000 0.881130
v -0.550000 0.325513 0.877771
v -0.600000 0.190874 0.782557
v -0.550000 0.201427 0.782557
v -0.600000 0.222836 0.859721
v -0.550000 0.230299 0.852259
v -0.600000 0.300000 0.936885
v -0.600000 0.339943 0.931626
v -0.600000 0.260057 0.931626
v -0.600000 0.222836 0.916209
v -0.600000 0.377164 0.916209
v -0.600000 0.190874 0.891684
v -0.600000 0.409126 0.891683
v -0.600000 0.166348 0.859721
v -0.600000 0.433652 0.859721
v -0.600000 0.150931 0.822500
v -0.600000 0.145672 0.782557
v -0.600000 0.449069 0.822500
v -0.600000 0.454328 0.782557
v -0.600000 0.150931 0.742614
v -0.600000 0.449069 0.742614
v -0.600000 0.394506 0.727994
v -0.600000 0.166348 0.705393
v -0.600000 0.433652 0.705393
v -0.600000 0.190874 0.673431
v -0.600000 0.409126 0.673431
v -0.600000 0.222836 0.648905
v -0.600000 0.377164 0.648905
v -0.600000 0.260057 0.633488
v -0.600000 0.339943 0.633488
v -0.600000 0.300000 0.628229
v -0.550000 0.385367 0.733271
v -0.600000 0.312006 -0.682250
v -0.600000 0.323194 -0.677616
v -0.550000 0.315592 -0.695634
v -0.550000 0.330122 -0.689616
v -0.550000 0.239756 -0.637443
v -0.600000 0.253612 -0.637443
v -0.550000 0.241808 -0.653035
v -0.600000 0.255192 -0.649449
v -0.550000 0.284408 -0.579251
v -0.550000 0.300000 -0.577198
v -0.600000 0.287994 -0.592635
v -0.600000 0.300000 -0.591055
v -0.600000 0.312006 -0.592635
v -0.600000 0.276806 -0.597269
v -0.600000 0.323194 -0.597269
v -0.600000 0.267199 -0.604641
v -0.600000 0.332801 -0.604641
v -0.600000 0.259827 -0.614249
v -0.600000 0.340173 -0.614249
v -0.600000 0.344808 -0.625437
v -0.600000 0.255192 -0.625437
v -0.600000 0.346388 -0.637443
v -0.600000 0.344808 -0.649449
v -0.600000 0.259827 -0.660637
v -0.600000 0.340173 -0.660637
v -0.600000 0.267199 -0.670244
v -0.600000 0.332801 -0.670244
v -0.600000 0.276806 -0.677616
v -0.600000 0.287994 -0.682250
v -0.600000 0.300000 -0.683831
v -0.550000 0.247827 -0.607321
v -0.550000 0.241808 -0.621850
v -0.550000 0.360244 -0.637443
v -0.550000 0.358192 -0.653035
v -0.550000 0.315592 -0.579251
v -0.550000 0.330122 -0.585270
v -0.550000 0.284408 -0.695634
v -0.550000 0.300000 -0.697687
v -0.550000 0.269878 -0.689616
v -0.550000 0.352173 -0.667565
v -0.550000 0.342599 -0.680042
v -0.550000 0.257401 -0.680042
v -0.550000 0.358192 -0.621850
v -0.550000 0.352173 -0.607321
v -0.550000 0.247827 -0.667565
v -0.550000 0.257401 -0.594844
v -0.550000 0.269878 -0.585270
v -0.550000 0.342599 -0.594844
v -0.500000 0.087868 -0.849575
v -0.600000 0.119688 -0.817755
v -0.500000 0.150000 -0.897250
v -0.600000 0.172500 -0.858279
v -0.600000 0.365999 -0.391132
v -0.500000 0.377646 -0.347665
v -0.600000 0.427500 -0.416606
v -0.500000 0.450000 -0.377635
v -0.400000 0.600000 -0.637443
v -0.400000 0.589778 -0.715089
v -0.500000 0.600000 -0.637443
v -0.500000 0.589778 -0.715089
v -0.600000 0.427500 -0.858279
v -0.600000 0.480312 -0.817755
v -0.500000 0.450000 -0.897250
v -0.500000 0.512132 -0.849575
v -0.400000 0.377646 -0.927221
v -0.500000 0.377646 -0.927221
v -0.400000 0.450000 -0.897250
v -0.500000 0.559808 -0.787443
v -0.600000 0.546311 -0.703442
v -0.600000 0.520836 -0.764943
v -0.500000 0.010222 -0.715088
v -0.600000 0.053689 -0.703442
v -0.500000 0.040192 -0.787443
v -0.600000 0.079163 -0.764943
v -0.400000 0.512132 -0.849575
v -0.500000 0.222354 -0.927221
v -0.600000 0.234001 -0.883754
v -0.500000 0.300000 -0.937443
v -0.600000 0.300000 -0.892443
v -0.400000 0.559808 -0.787443
v -0.600000 0.300000 -0.382443
v -0.500000 0.300000 -0.337443
v -0.400000 0.559808 -0.487443
v -0.400000 0.589778 -0.559797
v -0.500000 0.559808 -0.487443
v -0.500000 0.589778 -0.559797
v -0.400000 0.222354 -0.927221
v -0.400000 0.300000 -0.937443
v -0.400000 0.040192 -0.487443
v -0.500000 0.040192 -0.487443
v -0.400000 0.010222 -0.559797
v -0.500000 0.010222 -0.559797
v -0.500000 0.087868 -0.425311
v -0.500000 0.150000 -0.377635
v -0.600000 0.119688 -0.457131
v -0.600000 0.172500 -0.416606
v -0.500000 0.222354 -0.347665
v -0.600000 0.234001 -0.391132
v -0.600000 0.480312 -0.457131
v -0.600000 0.079163 -0.509943
v -0.600000 0.300000 -0.483115
v -0.600000 0.520836 -0.509943
v -0.600000 0.260057 -0.488374
v -0.600000 0.222836 -0.503791
v -0.600000 0.190874 -0.528317
v -0.600000 0.339943 -0.488374
v -0.600000 0.377164 -0.503791
v -0.600000 0.409126 -0.528317
v -0.600000 0.053689 -0.571444
v -0.600000 0.166348 -0.560279
v -0.600000 0.150931 -0.597500
v -0.600000 0.045000 -0.637443
v -0.600000 0.145672 -0.637443
v -0.600000 0.546311 -0.571444
v -0.600000 0.433652 -0.560279
v -0.600000 0.449069 -0.597500
v -0.600000 0.150931 -0.677386
v -0.600000 0.166348 -0.714607
v -0.600000 0.555000 -0.637443
v -0.600000 0.454328 -0.637443
v -0.600000 0.449069 -0.677386
v -0.600000 0.433652 -0.714607
v -0.600000 0.190874 -0.746569
v -0.600000 0.222836 -0.771095
v -0.600000 0.409126 -0.746569
v -0.600000 0.377164 -0.771095
v -0.600000 0.260057 -0.786512
v -0.600000 0.339943 -0.786512
v -0.600000 0.300000 -0.791771
v -0.600000 0.365999 -0.883754
v -0.400000 0.150000 -0.377635
v -0.400000 0.222354 -0.347665
v -0.300000 0.053689 -0.571444
v -0.300000 0.045000 -0.637443
v -0.400000 -0.000000 -0.637443
v -0.500000 0.512132 -0.425311
v -0.400000 0.087868 -0.849575
v -0.400000 0.150000 -0.897250
v -0.500000 -0.000000 -0.637443
v -0.400000 0.010222 -0.715088
v -0.400000 0.040192 -0.787443
v -0.400000 0.450000 -0.377635
v -0.400000 0.512132 -0.425311
v -0.300000 0.300000 -0.382443
v -0.300000 0.234001 -0.391132
v -0.300000 0.365999 -0.391132
v -0.300000 0.172500 -0.416606
v -0.300000 0.427500 -0.416606
v -0.300000 0.480312 -0.457131
v -0.300000 0.119688 -0.457131
v -0.300000 0.520836 -0.509943
v -0.300000 0.079163 -0.509943
v -0.300000 0.546311 -0.571444
v -0.300000 0.555000 -0.637443
v -0.300000 0.546311 -0.703442
v -0.300000 0.053689 -0.703442
v -0.300000 0.520836 -0.764943
v -0.300000 0.079163 -0.764943
v -0.300000 0.480312 -0.817755
v -0.300000 0.119688 -0.817755
v -0.300000 0.427500 -0.858279
v -0.300000 0.172500 -0.858279
v -0.300000 0.365999 -0.883754
v -0.300000 0.234001 -0.883754
v -0.300000 0.300000 -0.892443
v -0.400000 0.377646 -0.347665
v -0.400000 0.087868 -0.425311
v -0.400000 0.300000 -0.337443
v -0.550000 0.300000 -0.538870
v -0.550000 0.325513 -0.542229
v -0.550000 0.274487 -0.542229
v -0.550000 0.250714 -0.552076
v -0.550000 0.349286 -0.552076
v -0.550000 0.230298 -0.567741
v -0.550000 0.369702 -0.567741
v -0.550000 0.214633 -0.588156
v -0.550000 0.385367 -0.588156
v -0.550000 0.204786 -0.611930
v -0.550000 0.395214 -0.611930
v -0.550000 0.201427 -0.637443
v -0.550000 0.204786 -0.662955
v -0.550000 0.398573 -0.637443
v -0.550000 0.395214 -0.662955
v -0.550000 0.214633 -0.686729
v -0.550000 0.385367 -0.686729
v -0.550000 0.230298 -0.707144
v -0.550000 0.369702 -0.707144
v -0.550000 0.250714 -0.722809
v -0.550000 0.349286 -0.722809
v -0.550000 0.274487 -0.732657
v -0.550000 0.325513 -0.732657
v -0.550000 0.300000 -0.736016
v -0.600000 0.194592 -0.665687
v -0.550000 0.204786 -0.662955
v -0.600000 0.205494 -0.692006
v -0.550000 0.214633 -0.686729
v -0.600000 0.222836 -0.714607
v -0.550000 0.230298 -0.707144
v -0.600000 0.394506 -0.582880
v -0.600000 0.405408 -0.609199
v -0.550000 0.385367 -0.588156
v -0.550000 0.395214 -0.611930
v -0.600000 0.405408 -0.665687
v -0.550000 0.395214 -0.662955
v -0.600000 0.409126 -0.637443
v -0.550000 0.398573 -0.637443
v -0.600000 0.245437 -0.542937
v -0.600000 0.271756 -0.532035
v -0.550000 0.250714 -0.552076
v -0.550000 0.274487 -0.542229
v -0.600000 0.245437 -0.731949
v -0.550000 0.250714 -0.722809
v -0.550000 0.349286 -0.552076
v -0.600000 0.354563 -0.542937
v -0.550000 0.369702 -0.567741
v -0.600000 0.377164 -0.560279
v -0.600000 0.271756 -0.742851
v -0.550000 0.274487 -0.732657
v -0.600000 0.300000 -0.746569
v -0.550000 0.300000 -0.736016
v -0.600000 0.194592 -0.609199
v -0.600000 0.205494 -0.582880
v -0.550000 0.204786 -0.611930
v -0.550000 0.214633 -0.588156
v -0.550000 0.325512 -0.732657
v -0.600000 0.328244 -0.742851
v -0.550000 0.349286 -0.722809
v -0.600000 0.354563 -0.731949
v -0.550000 0.369702 -0.707144
v -0.600000 0.377164 -0.714607
v -0.600000 0.300000 -0.528317
v -0.600000 0.328244 -0.532035
v -0.550000 0.300000 -0.538870
v -0.550000 0.325512 -0.542229
v -0.600000 0.190874 -0.637443
v -0.550000 0.201427 -0.637443
v -0.600000 0.222836 -0.560279
v -0.550000 0.230298 -0.567741
v -0.600000 0.300000 -0.483115
v -0.600000 0.339943 -0.488374
v -0.600000 0.260057 -0.488374
v -0.600000 0.222836 -0.503791
v -0.600000 0.377164 -0.503791
v -0.600000 0.190874 -0.528317
v -0.600000 0.409126 -0.528317
v -0.600000 0.166348 -0.560279
v -0.600000 0.433652 -0.560279
v -0.600000 0.150931 -0.597500
v -0.600000 0.145672 -0.637443
v -0.600000 0.449069 -0.597500
v -0.600000 0.454328 -0.637443
v -0.600000 0.150931 -0.677386
v -0.600000 0.449069 -0.677386
v -0.600000 0.394506 -0.692006
v -0.600000 0.166348 -0.714607
v -0.600000 0.433652 -0.714607
v -0.600000 0.190874 -0.746569
v -0.600000 0.409126 -0.746569
v -0.600000 0.222836 -0.771095
v -0.600000 0.377164 -0.771095
v -0.600000 0.260057 -0.786512
v -0.600000 0.339943 -0.786512
v -0.600000 0.300000 -0.791771
v -0.550000 0.385367 -0.686729
v 0.600000 0.312006 -0.592635
v 0.600000 0.323194 -0.597269
v 0.550000 0.315592 -0.579251
v 0.550000 0.330122 -0.585270
v 0.550000 0.239756 -0.637443
v 0.600000 0.253612 -0.637443
v 0.550000 0.241808 -0.621850
v 0.600000 0.255192 -0.625437
v 0.550000 0.284408 -0.695634
v 0.550000 0.300000 -0.697687
v 0.600000 0.287994 -0.682250
v 0.600000 0.300000 -0.683831
v 0.600000 0.312006 -0.682250
v 0.600000 0.276806 -0.677616
v 0.600000 0.323194 -0.677616
v 0.600000 0.267199 -0.670244
v 0.600000 0.332801 -0.670244
v 0.600000 0.259827 -0.660637
v 0.600000 0.340173 -0.660637
v 0.600000 0.344808 -0.649449
v 0.600000 0.255192 -0.649449
v 0.600000 0.346388 -0.637443
v 0.600000 0.344808 -0.625437
v 0.600000 0.259827 -0.614249
v 0.600000 0.340173 -0.614249
v 0.600000 0.267199 -0.604641
v 0.600000 0.332801 -0.604641
v 0.600000 0.276806 -0.597269
v 0.600000 0.287994 -0.592635
v 0.600000 0.300000 -0.591055
v 0.550000 0.247827 -0.667565
v 0.550000 0.241808 -0.653035
v 0.550000 0.360244 -0.637443
v 0.550000 0.358192 -0.621850
v 0.550000 0.315592 -0.695634
v 0.550000 0.330122 -0.689616
v 0.550000 0.284408 -0.579251
v 0.550000 0.300000 -0.577198
v 0.550000 0.269878 -0.585270
v 0.550000 0.352173 -0.607321
v 0.550000 0.342599 -0.594844
v 0.550000 0.257401 -0.594844
v 0.550000 0.358192 -0.653035
v 0.550000 0.352173 -0.667565
v 0.550000 0.247827 -0.607321
v 0.550000 0.257401 -0.680042
v 0.550000 0.269878 -0.689616
v 0.550000 0.342599 -0.680042
v 0.500000 0.087868 -0.425311
v 0.600000 0.119688 -0.457131
v 0.500000 0.150000 -0.377635
v 0.600000 0.172500 -0.416606
v 0.600000 0.365999 -0.883754
v 0.500000 0.377646 -0.927221
v 0.600000 0.427500 -0.858279
v 0.500000 0.450000 -0.897250
v 0.400000 0.600000 -0.637443
v 0.400000 0.589778 -0.559797
v 0.500000 0.600000 -0.637443
v 0.500000 0.589778 -0.559797
v 0.600000 0.427500 -0.416606
v 0.600000 0.480312 -0.457131
v 0.500000 0.450000 -0.377635
v 0.500000 0.512132 -0.425311
v 0.400000 0.377646 -0.347665
v 0.500000 0.377646 -0.347665
v 0.400000 0.450000 -0.377635
v 0.500000 0.559808 -0.487443
v 0.600000 0.546311 -0.571444
v 0.600000 0.520836 -0.509943
v 0.500000 0.010222 -0.559797
v 0.600000 0.053689 -0.571444
v 0.500000 0.040192 -0.487443
v 0.600000 0.079163 -0.509943
v 0.400000 0.512132 -0.425311
v 0.500000 0.222354 -0.347665
v 0.600000 0.234001 -0.391132
v 0.500000 0.300000 -0.337443
v 0.600000 0.300000 -0.382443
v 0.400000 0.559808 -0.487443
v 0.600000 0.300000 -0.892443
v 0.500000 0.300000 -0.937443
v 0.400000 0.559808 -0.787443
v 0.400000 0.589778 -0.715089
v 0.500000 0.559808 -0.787443
v 0.500000 0.589778 -0.715089
v 0.400000 0.222354 -0.347665
v 0.400000 0.300000 -0.337443
v 0.400000 0.040192 -0.787443
v 0.500000 0.040192 -0.787443
v 0.400000 0.010222 -0.715088
v 0.500000 0.010222 -0.715088
v 0.500000 0.087868 -0.849575
v 0.500000 0.150000 -0.897250
v 0.600000 0.119688 -0.817755
v 0.600000 0.172500 -0.858279
v 0.500000 0.222354 -0.927221
v 0.600000 0.234001 -0.883754
v 0.600000 0.480312 -0.817755
v 0.600000 0.079163 -0.764943
v 0.600000 0.300000 -0.791771
v 0.600000 0.520836 -0.764943
v 0.600000 0.260057 -0.786512
v 0.600000 0.222836 -0.771095
v 0.600000 0.190874 -0.746569
v 0.600000 0.339943 -0.786512
v 0.600000 0.377164 -0.771095
v 0.600000 0.409126 -0.746569
v 0.600000 0.053689 -0.703442
v 0.600000 0.166348 -0.714607
v 0.600000 0.150931 -0.677386
v 0.600000 0.045000 -0.637443
v 0.600000 0.145672 -0.637443
v 0.600000 0.546311 -0.703442
v 0.600000 0.433652 -0.714607
v 0.600000 0.449069 -0.677386
v 0.600000 0.150931 -0.597500
v 0.600000 0.166348 -0.560279
v 0.600000 0.555000 -0.637443
v 0.600000 0.454328 -0.637443
v 0.600000 0.449069 -0.597500
v 0.600000 0.433652 -0.560279
v 0.600000 0.190874 -0.528317
v 0.600000 0.222836 -0.503791
v 0.600000 0.409126 -0.528317
v 0.600000 0.377164 -0.503791
v 0.600000 0.260057 -0.488374
v 0.600000 0.339943 -0.488374
v 0.600000 0.300000 -0.483115
v 0.600000 0.365999 -0.391132
v 0.400000 0.150000 -0.897250
v 0.400000 0.222354 -0.927221
v 0.300000 0.053689 -0.703442
v 0.300000 0.045000 -0.637443
v 0.400000 -0.000000 -0.637443
v 0.500000 0.512132 -0.849575
v 0.400000 0.087868 -0.425311
v 0.400000 0.150000 -0.377635
v 0.500000 -0.000000 -0.637443
v 0.400000 0.010222 -0.559797
v 0.400000 0.040192 -0.487443
v 0.400000 0.450000 -0.897250
v 0.400000 0.512132 -0.849575
v 0.300000 0.300000 -0.892443
v 0.300000 0.234001 -0.883754
v 0.300000 0.365999 -0.883754
v 0.300000 0.172500 -0.858279
v 0.300000 0.427500 -0.858279
v 0.300000 0.480312 -0.817755
v 0.300000 0.119688 -0.817755
v 0.300000 0.520836 -0.764943
v 0.300000 0.079163 -0.764943
v 0.300000 0.546311 -0.703442
v 0.300000 0.555000 -0.637443
v 0.300000 0.546311 -0.571444
v 0.300000 0.053689 -0.571444
v 0.300000 0.520836 -0.509943
v 0.300000 0.079163 -0.509943
v 0.300000 0.480312 -0.457131
v 0.300000 0.119688 -0.457131
v 0.300000 0.427500 -0.416606
v 0.300000 0.172500 -0.416606
v 0.300000 0.365999 -0.391132
v 0.300000 0.234001 -0.391132
v 0.300000 0.300000 -0.382443
v 0.400000 0.377646 -0.927221
v 0.400000 0.087868 -0.849575
v 0.400000 0.300000 -0.937443
v 0.550000 0.300000 -0.736016
v 0.550000 0.325513 -0.732657
v 0.550000 0.274487 -0.732657
v 0.550000 0.250714 -0.722809
v 0.550000 0.349286 -0.722809
v 0.550000 0.230298 -0.707144
v 0.550000 0.369702 -0.707144
v 0.550000 0.214633 -0.686729
v 0.550000 0.385367 -0.686729
v 0.550000 0.204786 -0.662955
v 0.550000 0.395214 -0.662955
v 0.550000 0.201427 -0.637443
v 0.550000 0.204786 -0.611930
v 0.550000 0.398573 -0.637443
v 0.550000 0.395214 -0.611930
v 0.550000 0.214633 -0.588156
v 0.550000 0.385367 -0.588156
v 0.550000 0.230298 -0.567741
v 0.550000 0.369702 -0.567741
v 0.550000 0.250714 -0.552076
v 0.550000 0.349286 -0.552076
v 0.550000 0.274487 -0.542229
v 0.550000 0.325513 -0.542229
v 0.550000 0.300000 -0.538870
v 0.600000 0.194592 -0.609199
v 0.550000 0.204786 -0.611930
v 0.600000 0.205494 -0.582880
v 0.550000 0.214633 -0.588156
v 0.600000 0.222836 -0.560279
v 0.550000 0.230298 -0.567741
v 0.600000 0.394506 -0.692006
v 0.600000 0.405408 -0.665687
v 0.550000 0.385367 -0.686729
v 0.550000 0.395214 -0.662955
v 0.600000 0.405408 -0.609199
v 0.550000 0.395214 -0.611930
v 0.600000 0.409126 -0.637443
v 0.550000 0.398573 -0.637443
v 0.600000 0.245437 -0.731949
v 0.600000 0.271756 -0.742851
v 0.550000 0.250714 -0.722809
v 0.550000 0.274487 -0.732657
v 0.600000 0.245437 -0.542937
v 0.550000 0.250714 -0.552076
v 0.550000 0.349286 -0.722809
v 0.600000 0.354563 -0.731949
v 0.550000 0.369702 -0.707144
v 0.600000 0.377164 -0.714607
v 0.600000 0.271756 -0.532035
v 0.550000 0.274487 -0.542229
v 0.600000 0.300000 -0.528317
v 0.550000 0.300000 -0.538870
v 0.600000 0.194592 -0.665687
v 0.600000 0.205494 -0.692006
v 0.550000 0.204786 -0.662955
v 0.550000 0.214633 -0.686729
v 0.550000 0.325512 -0.542229
v 0.600000 0.328244 -0.532035
v 0.550000 0.349286 -0.552076
v 0.600000 0.354563 -0.542937
v 0.550000 0.369702 -0.567741
v 0.600000 0.377164 -0.560279
v 0.600000 0.300000 -0.746569
v 0.600000 0.328244 -0.742851
v 0.550000 0.300000 -0.736016
v 0.550000 0.325512 -0.732657
v 0.600000 0.190874 -0.637443
v 0.550000 0.201427 -0.637443
v 0.600000 0.222836 -0.714607
v 0.550000 0.230298 -0.707144
v 0.600000 0.300000 -0.791771
v 0.600000 0.339943 -0.786512
v 0.600000 0.260057 -0.786512
v 0.600000 0.222836 -0.771095
v 0.600000 0.377164 -0.771095
v 0.600000 0.190874 -0.746569
v 0.600000 0.409126 -0.746569
v 0.600000 0.166348 -0.714607
v 0.600000 0.433652 -0.714607
v 0.600000 0.150931 -0.677386
v 0.600000 0.145672 -0.637443
v 0.600000 0.449069 -0.677386
v 0.600000 0.454328 -0.637443
v 0.600000 0.150931 -0.597500
v 0.600000 0.449069 -0.597500
v 0.600000 0.394506 -0.582880
v 0.600000 0.166348 -0.560279
v 0.600000 0.433652 -0.560279
v 0.600000 0.190874 -0.528317
v 0.600000 0.409126 -0.528317
v 0.600000 0.222836 -0.503791
v 0.600000 0.377164 -0.503791
v 0.600000 0.260057 -0.488374
v 0.600000 0.339943 -0.488374
v 0.600000 0.300000 -0.483115
v 0.550000 0.385367 -0.588156
v -0.650000 0.400000 -1.009392
v -0.516667 0.400000 -1.009392
v -0.650000 0.400939 -1.009268
v -0.516980 0.400939 -1.009268
v -0.650000 0.200000 -1.222557
v -0.650000 0.400000 -1.222557
v -0.650000 0.200000 -0.932557
v -0.650000 0.495000 -0.970307
v -0.650000 0.300000 -0.932557
v -0.650000 0.575772 -0.908329
v -0.650000 0.377646 -0.922335
v -0.650000 0.450000 -0.892365
v -0.650000 0.637750 -0.827557
v -0.650000 0.512132 -0.844689
v -0.650000 0.559808 -0.782557
v -0.650000 0.676711 -0.733497
v -0.650000 0.589778 -0.710203
v -0.650000 0.690000 -0.632557
v -0.650000 0.600000 -0.632557
v -0.650000 0.589778 -0.554911
v -0.650000 0.676711 -0.531618
v -0.650000 0.559808 -0.482557
v -0.650000 0.637750 -0.437557
v -0.650000 0.512132 -0.420425
v -0.650000 0.575772 -0.356786
v -0.650000 0.450000 -0.372750
v -0.650000 0.377646 -0.342779
v -0.650000 0.495000 -0.294807
v -0.650000 0.300000 -0.332557
v -0.650000 0.200000 -0.332557
v -0.650000 0.300000 -0.242557
v -0.650000 0.400939 -0.255846
v -0.650000 0.200000 0.482557
v -0.650000 0.300000 0.392557
v -0.650000 0.400939 0.405846
v -0.650000 0.495000 0.444807
v -0.650000 0.300000 0.482557
v -0.650000 0.575772 0.506785
v -0.650000 0.377646 0.492779
v -0.650000 0.450000 0.522749
v -0.650000 0.637750 0.587557
v -0.650000 0.512132 0.570425
v -0.650000 0.559808 0.632557
v -0.650000 0.676711 0.681618
v -0.650000 0.589778 0.704911
v -0.650000 0.690000 0.782557
v -0.650000 0.600000 0.782557
v -0.650000 0.589778 0.860203
v -0.650000 0.676711 0.883496
v -0.650000 0.559808 0.932557
v -0.650000 0.637750 0.977557
v -0.650000 0.512132 0.994689
v -0.650000 0.575772 1.058329
v -0.650000 0.450000 1.042365
v -0.650000 0.377646 1.072335
v -0.650000 0.495000 1.120307
v -0.650000 0.300000 1.082557
v -0.650000 0.200000 1.082557
v -0.650000 0.200000 1.222557
v -0.650000 0.400000 1.159392
v -0.650000 0.400939 1.159268
v -0.650000 0.400000 1.222557
v 0.650000 0.400939 1.159268
v 0.650000 0.495000 1.120307
v 0.650000 0.400000 1.159392
v 0.650000 0.200000 1.222557
v 0.650000 0.400000 1.222557
v 0.650000 0.200000 1.082557
v 0.650000 0.300000 1.082557
v 0.650000 0.377646 1.072335
v 0.650000 0.575772 1.058329
v 0.650000 0.450000 1.042365
v 0.650000 0.512132 0.994689
v 0.650000 0.637750 0.977557
v 0.650000 0.559808 0.932557
v 0.650000 0.676711 0.883496
v 0.650000 0.589778 0.860203
v 0.650000 0.600000 0.782557
v 0.650000 0.690000 0.782557
v 0.650000 0.589778 0.704911
v 0.650000 0.676711 0.681618
v 0.650000 0.559808 0.632557
v 0.650000 0.637750 0.587557
v 0.650000 0.512132 0.570425
v 0.650000 0.450000 0.522749
v 0.650000 0.575772 0.506785
v 0.650000 0.377646 0.492779
v 0.650000 0.300000 0.482557
v 0.650000 0.495000 0.444807
v 0.650000 0.200000 0.482557
v 0.650000 0.400939 0.405846
v 0.650000 0.300000 0.392557
v 0.650000 0.300000 -0.242557
v 0.650000 0.200000 -0.332557
v 0.650000 0.495000 -0.294807
v 0.650000 0.400939 -0.255846
v 0.650000 0.300000 -0.332557
v 0.650000 0.377646 -0.342779
v 0.650000 0.575772 -0.356786
v 0.650000 0.450000 -0.372750
v 0.650000 0.512132 -0.420425
v 0.650000 0.637750 -0.437557
v 0.650000 0.559808 -0.482557
v 0.650000 0.676711 -0.531618
v 0.650000 0.589778 -0.554911
v 0.650000 0.600000 -0.632557
v 0.650000 0.690000 -0.632557
v 0.650000 0.589778 -0.710203
v 0.650000 0.676711 -0.733497
v 0.650000 0.559808 -0.782557
v 0.650000 0.637750 -0.827557
v 0.650000 0.512132 -0.844689
v 0.650000 0.450000 -0.892365
v 0.650000 0.575772 -0.908329
v 0.650000 0.377646 -0.922335
v 0.650000 0.300000 -0.932557
v 0.650000 0.495000 -0.970307
v 0.650000 0.200000 -0.932557
v 0.650000 0.400939 -1.009268
v 0.650000 0.400000 -1.009392
v 0.650000 0.200000 -1.222557
v 0.650000 0.400000 -1.222557
v 0.550000 0.500000 1.116470
v 0.548333 0.495000 1.120307
v 0.550000 0.500000 1.172557
v 0.516980 0.400939 1.159268
v 0.516667 0.400000 1.159392
v 0.516667 0.400000 1.239224
v 0.550000 0.500000 1.272557
v 0.550000 0.500000 -1.322557
v 0.516667 0.400000 -1.255890
v 0.550000 0.500000 -1.122557
v 0.516667 0.400000 -1.009392
v 0.516980 0.400939 -1.009268
v 0.548333 0.495000 -0.970307
v 0.550000 0.500000 -0.966471
v -0.550000 0.637750 0.977557
v -0.550000 0.575772 1.058329
v -0.550000 0.676711 -0.531618
v -0.550000 0.637750 -0.437557
v 0.550000 0.637750 0.587557
v 0.550000 0.676711 0.681618
v 0.550000 0.676711 -0.531618
v 0.550000 0.637750 -0.437557
v 0.550000 0.575772 -0.908329
v 0.550000 0.637750 -0.827557
v 0.516980 0.400939 0.405846
v 0.548333 0.495000 0.444807
v 0.548333 0.495000 -0.294807
v 0.550000 0.500000 -0.298644
v 0.550000 0.575772 -0.356786
v -0.550000 0.575772 -0.356786
v 0.550000 0.575772 0.506785
v 0.550000 0.690000 0.782557
v 0.550000 0.676711 0.883496
v 0.550000 0.637750 0.977557
v 0.550000 0.575772 1.058329
v -0.550000 0.690000 -0.632557
v 0.550000 0.690000 -0.632557
v -0.516980 0.400939 0.405846
v -0.548333 0.495000 0.444807
v 0.550000 0.676711 -0.733497
v -0.550000 0.500000 -1.322557
v -0.550000 0.500000 -1.122557
v -0.516667 0.400000 -1.255890
v -0.548333 0.495000 -0.970307
v -0.550000 0.500000 -0.966471
v -0.516980 0.400939 -0.255846
v -0.548333 0.495000 -0.294807
v -0.550000 0.500000 -0.298644
v -0.550000 0.500000 0.448644
v -0.483333 0.300000 -0.242557
v -0.483333 0.300000 0.392557
v 0.550000 0.500000 0.448644
v 0.516980 0.400939 -0.255846
v 0.483333 0.300000 -0.242557
v 0.483333 0.300000 0.392557
v -0.516980 0.400939 1.159268
v -0.548333 0.495000 1.120307
v -0.550000 0.575772 0.506785
v -0.550000 0.637750 0.587557
v -0.550000 0.676711 -0.733497
v -0.550000 0.575772 -0.908329
v -0.550000 0.676711 0.681618
v -0.550000 0.690000 0.782557
v -0.550000 0.676711 0.883496
v -0.550000 0.500000 1.116470
v -0.550000 0.637750 -0.827557
v -0.516667 0.400000 1.239224
v -0.550000 0.500000 1.272557
v 0.309375 0.500000 1.272557
v 0.206250 0.500000 1.272557
v -0.206250 0.500000 1.272557
v -0.309375 0.500000 1.272557
v -0.516667 0.400000 1.159392
v -0.550000 0.500000 1.172557
v 0.550000 0.200000 1.322557
v -0.550000 0.200000 1.322557
v 0.550000 0.400000 1.322557
v -0.550000 0.400000 1.322557
v 0.620711 0.400000 1.293268
v 0.620711 0.200000 1.293268
v -0.620711 0.200000 1.293268
v -0.620711 0.400000 1.293268
v -0.620711 0.200000 -1.293268
v -0.620711 0.400000 -1.293268
v 0.620711 0.400000 -1.293268
v 0.620711 0.200000 -1.293268
v -0.550000 0.200000 -1.322557
v -0.550000 0.400000 -1.322557
v 0.550000 0.400000 -1.322557
v 0.350000 0.200000 -0.332557
v 0.350000 0.200000 0.482557
v 0.350000 0.200000 -0.932557
v -0.350000 0.200000 -0.932557
v -0.350000 0.200000 -0.332557
v 0.550000 0.200000 -1.322557
v -0.350000 0.200000 1.082557
v -0.350000 0.200000 0.482557
v 0.350000 0.200000 1.082557
v 0.450000 0.610000 -1.222557
v 0.450000 0.610000 -0.632557
v -0.450000 0.610000 -1.222557
v 0.450000 0.610000 0.077443
v -0.450000 0.610000 0.077443
v -0.450000 0.610000 -0.632557
v -0.450000 0.600000 0.077443
v 0.450000 0.600000 0.077443
v 0.206250 0.500000 1.272557
v -0.206250 0.500000 1.272557
v 0.206250 0.600000 1.272557
v -0.206250 0.600000 1.272557
v 0.125000 0.150000 1.372557
v 0.175000 0.200000 1.372557
v 0.125000 0.150000 1.322557
v 0.175000 0.200000 1.322557
v -0.125000 0.150000 1.372557
v -0.125000 0.150000 1.322557
v -0.175000 0.200000 1.372557
v -0.175000 0.200000 1.322557
v 0.125000 0.325000 1.372557
v 0.125000 0.325000 1.322557
v 0.175000 0.275000 1.372557
v 0.175000 0.275000 1.322557
v -0.175000 0.275000 1.322557
v -0.125000 0.325000 1.322557
v -0.125000 0.325000 1.372557
v -0.175000 0.275000 1.372557
v -0.125000 0.150000 -1.372557
v -0.175000 0.200000 -1.372557
v -0.125000 0.150000 -1.322557
v -0.175000 0.200000 -1.322557
v 0.125000 0.150000 -1.372557
v 0.125000 0.150000 -1.322557
v 0.175000 0.200000 -1.372557
v 0.175000 0.200000 -1.322557
v -0.125000 0.325000 -1.372557
v -0.125000 0.325000 -1.322557
v -0.175000 0.275000 -1.372557
v -0.175000 0.275000 -1.322557
v 0.175000 0.275000 -1.322557
v 0.125000 0.325000 -1.322557
v 0.125000 0.325000 -1.372557
v 0.175000 0.275000 -1.372557
v -0.450000 0.610000 0.077443
v 0.450000 0.610000 0.077443
v -0.450000 0.800000 0.077443
v 0.450000 0.800000 0.077443
v 0.350000 0.450000 -0.372750
v 0.350000 0.512132 -0.420425
v 0.350000 0.559808 -0.482557
v 0.350000 0.589778 -0.554911
v 0.350000 0.377646 -0.922335
v 0.350000 0.450000 -0.892365
v 0.350000 0.559808 0.932557
v 0.350000 0.589778 0.860203
v 0.350000 0.450000 1.042365
v 0.350000 0.512132 0.994689
v -0.350000 0.300000 -0.332557
v 0.450000 0.600000 -0.632557
v 0.350000 0.589778 -0.710203
v 0.350000 0.600000 -0.632557
v 0.350000 0.300000 0.482557
v 0.350000 0.300000 -0.932557
v 0.350000 0.559808 0.632557
v 0.350000 0.512132 0.570425
v 0.350000 0.559808 -0.782557
v 0.350000 0.512132 -0.844689
v 0.350000 0.600000 0.782557
v 0.350000 0.589778 0.704911
v 0.350000 0.377646 0.492779
v 0.350000 0.377646 -0.342779
v 0.350000 0.300000 -0.332557
v 0.350000 0.450000 0.522749
v 0.350000 0.300000 1.082557
v 0.350000 0.377646 1.072335
v -0.350000 0.300000 1.082557
v -0.350000 0.377646 1.072335
v -0.350000 0.300000 0.482557
v -0.350000 0.600000 0.782557
v -0.350000 0.589778 0.704911
v -0.350000 0.559808 0.632557
v -0.350000 0.450000 1.042365
v -0.350000 0.512132 0.994689
v -0.350000 0.377646 0.492779
v -0.350000 0.450000 0.522749
v -0.350000 0.512132 0.570425
v -0.350000 0.559808 0.932557
v -0.350000 0.589778 0.860203
v -0.350000 0.377646 -0.342779
v -0.350000 0.300000 -0.932557
v -0.350000 0.600000 -0.632557
v -0.350000 0.589778 -0.710203
v -0.450000 0.600000 -0.632557
v -0.350000 0.559808 -0.782557
v -0.350000 0.450000 -0.372750
v -0.350000 0.512132 -0.420425
v -0.350000 0.377646 -0.922335
v -0.350000 0.450000 -0.892365
v -0.350000 0.512132 -0.844689
v -0.350000 0.559808 -0.482557
v -0.350000 0.589778 -0.554911
v 0.550000 0.800000 0.972557
v 0.448788 0.800000 0.972557
v 0.450000 1.300000 0.572557
v 0.364405 1.221913 0.635027
v -0.364405 1.221913 0.635027
v -0.450000 1.300000 0.572557
v -0.550000 0.800000 0.972557
v -0.448788 0.800000 0.972557
v 0.450000 0.800000 -1.222557
v -0.450000 0.800000 -1.222557
v 0.309375 0.600000 1.272557
v 0.206250 0.600000 1.272557
v 0.275000 0.700000 -1.322557
v -0.275000 0.700000 -1.322557
v 0.275000 0.600000 -1.322557
v -0.275000 0.600000 -1.322557
v 0.550000 0.600000 -1.322557
v -0.550000 0.600000 -1.322557
v -0.600000 0.700000 -1.322557
v -0.600000 0.800000 -1.322557
v -0.600000 0.700000 0.077443
v -0.600000 0.800000 0.077443
v -0.550000 0.700000 -1.372557
v 0.551736 0.700000 -1.372557
v -0.550000 0.800000 -1.372557
v 0.551736 0.800000 -1.372557
v -0.550000 0.700000 0.127443
v -0.550000 0.700000 -1.222557
v -0.550000 0.700000 -1.322557
v 0.550000 0.700000 -1.322557
v 0.550000 0.700000 0.127443
v 0.550000 0.700000 -1.222557
v 0.600000 0.700000 -1.324293
v 0.600000 0.700000 0.077443
v 0.550000 0.666667 1.172557
v 0.550000 0.600000 1.272557
v -0.206250 0.600000 1.272557
v -0.309375 0.600000 1.272557
v -0.550000 0.600000 1.272557
v -0.550000 0.666667 1.172557
v -0.750000 0.700000 0.872557
v -0.750000 0.800000 0.872557
v -0.750000 0.700000 0.972557
v -0.750000 0.800000 0.972557
v -0.550000 0.800000 0.872557
v -0.550000 0.700000 0.972557
v -0.550000 0.700000 0.872557
v 0.750000 0.800000 0.872557
v 0.750000 0.700000 0.872557
v 0.750000 0.800000 0.972557
v 0.750000 0.700000 0.972557
v 0.550000 0.700000 0.972557
v 0.550000 0.700000 0.872557
v 0.550000 0.800000 0.872557
v 0.600000 0.800000 -1.324293
v 0.600000 0.800000 0.077443
v 0.550000 0.800000 0.127443
v 0.550000 0.800000 0.077443
v 0.450000 0.800000 0.077443
v -0.450000 0.800000 0.077443
v -0.550000 0.800000 0.077443
v -0.550000 0.800000 0.127443
v -0.550000 0.800000 0.282328
v -0.469612 1.201942 0.282328
v -0.450000 1.300000 0.072557
v -0.469612 1.201942 0.523906
v -0.550000 0.800000 0.845459
v 0.450000 1.300000 0.072557
v 0.550000 0.800000 0.845459
v 0.469612 1.201942 0.523906
v 0.469612 1.201942 0.282328
v 0.550000 0.800000 0.282328
v -0.550000 0.600000 -1.222557
v 0.550000 0.600000 -1.222557
v 0.550000 0.500000 1.272557
v 0.309375 0.500000 1.272557
v 0.550000 0.600000 1.272557
v 0.309375 0.600000 1.272557
v -0.309375 0.500000 1.272557
v -0.550000 0.500000 1.272557
v -0.309375 0.600000 1.272557
v -0.550000 0.600000 1.272557
v -0.550000 0.500000 1.172557
v -0.550000 0.666667 1.172557
v 0.550000 0.666667 1.172557
v 0.550000 0.500000 1.172557
v -0.550000 0.600000 -1.322557
v -0.275000 0.600000 -1.322557
v -0.550000 0.700000 -1.322557
v -0.275000 0.700000 -1.322557
v 0.275000 0.600000 -1.322557
v 0.550000 0.600000 -1.322557
v 0.275000 0.700000 -1.322557
v 0.550000 0.700000 -1.322557
v 0.550000 0.700000 -1.222557
v 0.550000 0.600000 -1.222557
v -0.550000 0.600000 -1.222557
v -0.550000 0.700000 -1.222557
v 0.364405 1.221913 0.635027
v -0.364405 1.221913 0.635027
v 0.469612 1.201942 0.282328
v 0.550000 0.800000 0.282328
v -0.550000 0.800000 0.282328
v -0.469612 1.201942 0.282328
vn 0.2671 0.6814 0.6814
vn 0.2671 0.4818 0.8346
vn 0.2671 0.8346 -0.4818
vn 0.2671 0.6814 -0.6814
vn 0.2671 -0.9637 -0.0000
vn 0.2671 -0.9308 -0.2494
vn 0.2671 -0.2494 -0.9308
vn 0.2671 -0.4818 -0.8346
vn 0.2671 0.8346 0.4818
vn 0.2671 0.9308 0.2494
vn 0.2671 -0.8346 -0.4818
vn 0.2671 -0.6814 -0.6814
vn 0.2671 -0.6814 0.6814
vn 0.2671 -0.8346 0.4818
vn 0.2671 0.4818 -0.8346
vn 0.2671 -0.9308 0.2494
vn 0.2671 0.9308 -0.2494
vn 0.2671 0.9637 -0.0000
vn 0.2671 -0.4818 0.8346
vn 0.2671 0.2494 0.9308
vn 0.2671 -0.0000 0.9637
vn 0.2671 -0.2494 0.9308
vn 0.2671 0.2494 -0.9308
vn 0.2671 -0.0000 -0.9637
vn 1.0000 -0.0000 -0.0000
vn -0.4104 0.4560 -0.7897
vn -0.4104 0.2360 -0.8808
vn -0.4104 -0.7897 -0.4560
vn -0.4104 -0.6448 -0.6448
vn -0.4104 -0.6448 0.6448
vn -0.4104 -0.7897 0.4560
vn -0.0000 -0.7071 0.7071
vn -0.0000 -0.8660 0.5000
vn -0.0000 -1.0000 -0.0000
vn -0.0000 -0.9659 -0.2588
vn 0.4104 0.6448 0.6448
vn 0.4104 0.7897 0.4560
vn -0.4104 -0.8808 0.2360
vn -0.4104 -0.9119 -0.0000
vn -0.4104 0.6448 0.6448
vn -0.4104 0.4560 0.7897
vn -0.4104 0.7897 -0.4560
vn -0.4104 0.6448 -0.6448
vn -0.4104 0.2360 0.8808
vn -0.4104 -0.0000 0.9119
vn 0.4104 0.8808 -0.2360
vn 0.4104 0.7897 -0.4560
vn 0.4104 -0.2360 -0.8808
vn 0.4104 -0.4560 -0.7897
vn -0.0000 1.0000 -0.0000
vn -0.0000 0.9659 -0.2588
vn -0.4104 0.8808 -0.2360
vn -0.0000 0.2588 -0.9659
vn -0.0000 -0.0000 -1.0000
vn -0.0000 0.8660 0.5000
vn -0.0000 0.9659 0.2588
vn -0.0000 -0.5000 -0.8660
vn -0.0000 -0.7071 -0.7071
vn -0.4104 0.9119 -0.0000
vn 0.4104 0.9119 -0.0000
vn -0.4104 0.7897 0.4560
vn -0.4104 0.8808 0.2360
vn -0.4104 -0.0000 -0.9119
vn -0.4104 -0.2360 -0.8808
vn 0.4104 0.4560 0.7897
vn 0.4104 0.2360 0.8808
vn -0.4104 -0.8808 -0.2360
vn 0.4104 -0.7897 -0.4560
vn 0.4104 -0.6448 -0.6448
vn -0.4104 -0.2360 0.8808
vn -0.4104 -0.4560 0.7897
vn -0.0000 -0.9659 0.2588
vn -0.0000 -0.2588 0.9659
vn -0.0000 -0.5000 0.8660
vn -0.0000 -0.8660 -0.5000
vn -0.0000 0.2588 0.9659
vn -0.0000 -0.0000 1.0000
vn -0.0000 -0.2588 -0.9659
vn 0.4104 -0.2360 0.8808
vn 0.4104 -0.4560 0.7897
vn -0.4104 -0.4560 -0.7897
vn -0.0000 0.8660 -0.5000
vn -0.0000 0.7071 -0.7071
vn 0.4104 -0.9119 -0.0000
vn 0.4104 -0.8808 -0.2360
vn -0.0000 0.5000 -0.8660
vn -1.0000 -0.0000 -0.0000
vn 0.4104 -0.6448 0.6448
vn 0.4104 -0.7897 0.4560
vn 0.4104 0.6448 -0.6448
vn 0.4104 0.4560 -0.7897
vn 0.4104 -0.8808 0.2360
vn 0.4104 0.8808 0.2360
vn 0.4104 -0.0000 0.9119
vn 0.4104 -0.0000 -0.9119
vn 0.4104 0.2360 -0.8808
vn -0.0000 0.7071 0.7071
vn -0.0000 0.5000 0.8660
vn 0.2065 -0.9784 -0.0000
vn 0.2065 -0.9451 0.2532
vn 0.2065 -0.8474 0.4892
vn 0.2065 -0.6919 0.6919
vn 0.2065 -0.4892 0.8474
vn 0.2065 -0.2532 0.9451
vn 0.2065 -0.6919 -0.6919
vn 0.2065 -0.8474 -0.4892
vn 0.2065 -0.0000 0.9784
vn 0.2065 0.2532 0.9451
vn 0.2065 0.4892 0.8474
vn 0.2065 0.6919 0.6919
vn 0.2065 0.9784 -0.0000
vn 0.2065 0.9451 -0.2532
vn 0.2065 -0.9451 -0.2532
vn 0.2065 0.8474 0.4892
vn 0.2065 0.9451 0.2532
vn 0.2065 -0.4892 -0.8474
vn 0.2065 -0.2532 -0.9451
vn 0.2065 0.2532 -0.9451
vn 0.2065 0.4892 -0.8474
vn 0.2065 -0.0000 -0.9784
vn 0.2065 0.6919 -0.6919
vn 0.2065 0.8474 -0.4892
vn -0.2671 0.6814 -0.6814
vn -0.2671 0.4818 -0.8346
vn -0.2671 0.8346 0.4818
vn -0.2671 0.6814 0.6814
vn -0.2671 -0.9637 -0.0000
vn -0.2671 -0.9308 0.2494
vn -0.2671 -0.2494 0.9308
vn -0.2671 -0.4818 0.8346
vn -0.2671 0.8346 -0.4818
vn -0.2671 0.9308 -0.2494
vn -0.2671 -0.8346 0.4818
vn -0.2671 -0.6814 0.6814
vn -0.2671 -0.6814 -0.6814
vn -0.2671 -0.8346 -0.4818
vn -0.2671 0.4818 0.8346
vn -0.2671 -0.9308 -0.2494
vn -0.2671 0.9308 0.2494
vn -0.2671 0.9637 -0.0000
vn -0.2671 -0.4818 -0.8346
vn -0.2671 0.2494 -0.9308
vn -0.2671 -0.0000 -0.9637
vn -0.2671 -0.2494 -0.9308
vn -0.2671 0.2494 0.9308
vn -0.2671 -0.0000 0.9637
vn -0.2065 -0.9784 -0.0000
vn -0.2065 -0.9451 -0.2532
vn -0.2065 -0.8474 -0.4892
vn -0.2065 -0.6919 -0.6919
vn -0.2065 -0.4892 -0.8474
vn -0.2065 -0.2532 -0.9451
vn -0.2065 -0.6919 0.6919
vn -0.2065 -0.8474 0.4892
vn -0.2065 -0.0000 -0.9784
vn -0.2065 0.2532 -0.9451
vn -0.2065 0.4892 -0.8474
vn -0.2065 0.6919 -0.6919
vn -0.2065 0.9784 -0.0000
vn -0.2065 0.9451 0.2532
vn -0.2065 -0.9451 0.2532
vn -0.2065 0.8474 -0.4892
vn -0.2065 0.9451 -0.2532
vn -0.2065 -0.4892 0.8474
vn -0.2065 -0.2532 0.9451
vn -0.2065 0.2532 0.9451
vn -0.2065 0.4892 0.8474
vn -0.2065 -0.0000 0.9784
vn -0.2065 0.6919 0.6919
vn -0.2065 0.8474 0.4892
vn -0.0000 0.2590 -0.9659
vn -0.0000 0.8133 -0.5818
vn -0.0000 0.7519 -0.6592
vn -0.0000 0.2337 -0.9723
vn 0.9487 -0.3162 -0.0000
vn 0.9487 -0.3162 -0.0001
vn -0.0000 0.2339 -0.9723
vn -0.0000 0.4799 -0.8773
vn -0.0000 0.6088 0.7934
vn -0.0000 0.4799 0.8773
vn -0.9487 -0.3162 -0.0000
vn -0.9487 -0.3163 -0.0000
vn -0.0000 0.2339 0.9723
vn -0.0000 0.2341 0.9722
vn -0.0000 0.2590 0.9659
vn -0.0000 0.2336 0.9723
vn -0.0000 0.2585 0.9660
vn -0.0000 0.1305 -0.9914
vn -0.0000 0.6088 -0.7934
vn -0.0000 0.1305 0.9914
vn -0.0000 0.6088 0.7933
vn -0.0000 0.2341 -0.9722
vn -0.0000 0.8133 -0.5819
vn -0.0000 -0.3162 0.9487
vn -0.0000 0.7519 0.6592
vn -0.0000 0.8133 0.5818
vn -0.9487 -0.3162 -0.0001
vn -0.0000 0.7517 0.6595
vn -0.0000 -0.5547 -0.8320
vn 0.1951 -0.0000 0.9808
vn -0.1951 -0.0000 0.9808
vn 0.7071 -0.0000 0.7071
vn 0.9239 -0.0000 0.3827
vn -0.7071 -0.0000 0.7071
vn -0.9239 -0.0000 0.3827
vn -0.9239 -0.0000 -0.3827
vn -0.7071 -0.0000 -0.7071
vn 0.9239 -0.0000 -0.3827
vn 0.7071 -0.0000 -0.7071
vn -0.1951 -0.0000 -0.9808
vn -0.0000 -0.0000 -0.0000
vn 0.1951 -0.0000 -0.9808
vn 0.3827 -0.9239 -0.0000
vn 0.9239 -0.3827 -0.0000
vn -0.3827 -0.9239 -0.0000
vn -0.9239 -0.3827 -0.0000
vn 0.9239 0.3827 -0.0000
vn 0.3827 0.9239 -0.0000
vn -0.3827 0.9239 -0.0000
vn -0.9239 0.3827 -0.0000
vn -0.0000 -0.0654 -0.9979
vn -0.0000 -0.9914 0.1305
vn -0.0000 -0.0654 0.9979
vn -0.0000 -0.9914 -0.1305
vn -0.0000 0.8913 0.4534
vn -0.0000 0.6247 0.7809
vn -0.3827 -0.0000 -0.9239
vn 0.3827 -0.0000 -0.9239
vn -0.0000 0.8320 0.5547
vn -0.0000 0.8321 0.5547
vn -0.0000 0.8320 0.5548
vn 0.0001 0.8321 0.5547
vn -0.7071 0.7071 -0.0000
vn 0.7071 0.7071 -0.0000
vn -0.9806 0.1961 -0.0000
vn -0.9806 0.1962 -0.0000
vn 0.9806 0.1962 -0.0000
vn 0.9806 0.1961 -0.0000
vn -0.0000 -0.0098 -1.0000
vn 0.8086 -0.0000 0.5883
vn -0.8086 -0.0000 0.5884
vt 0.468750 0.303400
vt 0.468750 0.295081
vt 0.468750 0.296868
vt 0.468750 0.290463
vt 0.468750 0.301782
vt 0.468750 0.309782
vt 0.468750 0.275000
vt 0.468750 0.304872
vt 0.468750 0.313794
vt 0.468750 0.305925
vt 0.468750 0.315163
vt 0.468750 0.285395
vt 0.468750 0.283004
vt 0.343750 0.375000
vt 0.343750 0.326764
vt 0.343750 0.360000
vt 0.343750 0.318999
vt 0.343750 0.275000
vt 0.343750 0.395208
vt 0.343750 0.422224
vt 0.343750 0.416421
vt 0.343750 0.448205
vt 0.343750 0.439207
vt 0.343750 0.468185
vt 0.343750 0.475000
vt 0.343750 0.445000
vt 0.343750 0.301629
vt 0.343750 0.326443
vt 0.343750 0.347751
vt 0.343750 0.364101
vt 0.343750 0.374379
vt 0.343750 0.377885
vt 0.718750 0.275000
vt 0.718750 0.292008
vt 0.718750 0.307858
vt 0.718750 0.321468
vt 0.718750 0.285395
vt 0.718750 0.295081
vt 0.718750 0.331911
vt 0.718750 0.303400
vt 0.718750 0.309782
vt 0.718750 0.338476
vt 0.718750 0.313794
vt 0.718750 0.340715
vt 0.718750 0.315163
vt 0.718750 0.438872
vt 0.718750 0.436696
vt 0.718750 0.445711
vt 0.718750 0.443301
vt 0.718750 0.430315
vt 0.718750 0.420165
vt 0.718750 0.436237
vt 0.718750 0.425000
vt 0.718750 0.410355
vt 0.718750 0.406936
vt 0.718750 0.393301
vt 0.718750 0.391531
vt 0.718750 0.375000
vt 0.718750 0.358469
vt 0.718750 0.356699
vt 0.718750 0.343064
vt 0.718750 0.329835
vt 0.718750 0.339645
vt 0.718750 0.325000
vt 0.718750 0.311128
vt 0.718750 0.313304
vt 0.718750 0.304289
vt 0.718750 0.306699
vt 0.718750 0.349118
vt 0.718750 0.400882
vt 0.718750 0.461603
vt 0.718750 0.288397
vt 0.718750 0.471592
vt 0.718750 0.278407
vt 0.718750 0.475000
vt 0.718750 0.313763
vt 0.718750 0.319685
vt 0.468750 0.318642
vt 0.468750 0.318478
vt 0.468750 0.283696
vt 0.468750 0.335000
vt 0.468750 0.301087
vt 0.468750 0.349047
vt 0.468750 0.314591
vt 0.468750 0.327174
vt 0.468750 0.359826
vt 0.468750 0.337979
vt 0.468750 0.346271
vt 0.468750 0.366602
vt 0.468750 0.351483
vt 0.468750 0.368913
vt 0.468750 0.353261
vt 0.468750 0.335870
vt 0.468750 0.355000
vt 0.468750 0.475000
vt 0.468750 0.332143
vt 0.468750 0.417857
vt 0.468750 0.425000
vt 0.468750 0.325000
vt 0.343750 0.327174
vt 0.343750 0.337979
vt 0.343750 0.346271
vt 0.343750 0.351483
vt 0.343750 0.314591
vt 0.343750 0.301087
vt 0.343750 0.283696
vt 0.343750 0.353261
vt 0.843750 0.475000
vt 0.843750 0.388043
vt 0.843750 0.461420
vt 0.843750 0.355000
vt 0.843750 0.353261
vt 0.843750 0.335870
vt 0.843750 0.370652
vt 0.843750 0.364855
vt 0.843750 0.457946
vt 0.843750 0.359826
vt 0.843750 0.349047
vt 0.843750 0.366602
vt 0.843750 0.368913
vt 0.843750 0.332143
vt 0.843750 0.275000
vt 0.843750 0.417857
vt 0.218750 0.145000
vt 0.218750 0.025000
vt 0.218750 0.225000
vt 0.343750 0.225000
vt 0.343750 0.025000
vt 0.093750 0.225000
vt 0.093750 0.025000
vt 0.093750 0.215533
s 1
usemtl colormap
f 41/1/1 4/2/2 27/3/1
f 2/4/2 27/3/1 4/2/2
f 19/5/3 17/3/4 44/6/3
f 48/1/4 44/6/3 17/3/4
f 6/7/5 5/7/5 21/7/6
f 32/7/6 21/7/6 5/7/5
f 11/7/7 14/7/8 9/7/7
f 47/7/8 9/7/7 14/7/8
f 25/5/9 23/8/10 40/6/9
f 34/9/10 40/6/9 23/8/10
f 18/7/11 31/7/11 16/7/12
f 46/7/12 16/7/12 31/7/11
f 26/7/13 42/7/13 24/7/14
f 45/7/14 24/7/14 42/7/13
f 48/1/4 17/3/4 36/2/15
f 15/4/15 36/2/15 17/3/4
f 14/7/8 16/7/12 47/7/8
f 46/7/12 47/7/8 16/7/12
f 24/7/14 45/7/14 8/7/16
f 7/7/16 8/7/16 45/7/14
f 20/8/17 19/5/3 43/9/17
f 44/6/3 43/9/17 19/5/3
f 22/10/18 20/8/17 33/11/18
f 43/9/17 33/11/18 20/8/17
f 28/7/19 39/7/19 26/7/13
f 42/7/13 26/7/13 39/7/19
f 3/12/20 38/7/21 1/13/20
f 30/7/21 1/13/20 38/7/21
f 27/3/1 25/5/9 41/1/1
f 40/6/9 41/1/1 25/5/9
f 29/7/22 37/7/22 28/7/19
f 39/7/19 28/7/19 37/7/22
f 35/12/23 13/13/23 10/7/24
f 12/7/24 10/7/24 13/13/23
f 30/7/21 38/7/21 29/7/22
f 37/7/22 29/7/22 38/7/21
f 36/2/15 15/4/15 35/12/23
f 13/13/23 35/12/23 15/4/15
f 23/8/10 22/10/18 34/9/10
f 33/11/18 34/9/10 22/10/18
f 21/7/6 32/7/6 18/7/11
f 31/7/11 18/7/11 32/7/6
f 30/7/25 29/7/25 1/13/25
f 29/7/25 28/7/25 1/13/25
f 1/13/25 28/7/25 2/4/25
f 2/4/25 28/7/25 27/3/25
f 28/7/25 26/7/25 27/3/25
f 27/3/25 26/7/25 25/5/25
f 26/7/25 24/7/25 25/5/25
f 25/5/25 24/7/25 23/8/25
f 24/7/25 8/7/25 23/8/25
f 23/8/25 8/7/25 22/10/25
f 8/7/25 6/7/25 22/10/25
f 6/7/25 21/7/25 22/10/25
f 22/10/25 21/7/25 20/8/25
f 21/7/25 18/7/25 20/8/25
f 20/8/25 18/7/25 19/5/25
f 19/5/25 18/7/25 17/3/25
f 18/7/25 16/7/25 17/3/25
f 17/3/25 16/7/25 15/4/25
f 16/7/25 14/7/25 15/4/25
f 15/4/25 14/7/25 13/13/25
f 14/7/25 11/7/25 13/13/25
f 12/7/25 13/13/25 11/7/25
f 12/7/24 11/7/7 10/7/24
f 9/7/7 10/7/24 11/7/7
f 8/7/16 7/7/16 6/7/5
f 5/7/5 6/7/5 7/7/16
f 4/2/2 3/12/20 2/4/2
f 1/13/20 2/4/2 3/12/20
f 142/14/26 166/15/27 148/16/26
f 146/17/27 148/16/26 166/15/27
f 89/18/28 152/18/28 167/18/29
f 150/18/29 167/18/29 152/18/28
f 137/18/30 160/18/30 141/18/31
f 158/18/31 141/18/31 160/18/30
f 49/18/32 137/18/32 73/18/33
f 141/18/33 73/18/33 137/18/32
f 139/18/34 135/18/34 92/18/35
f 91/18/35 92/18/35 135/18/34
f 62/19/36 70/20/37 64/21/36
f 68/22/37 64/21/36 70/20/37
f 140/18/38 156/18/38 135/18/39
f 134/18/39 135/18/39 156/18/38
f 141/18/31 158/18/31 140/18/38
f 156/18/38 140/18/38 158/18/31
f 75/21/40 159/19/40 67/14/41
f 161/16/41 67/14/41 159/19/40
f 83/22/42 143/21/43 151/20/42
f 149/19/43 151/20/42 143/21/43
f 143/21/43 142/14/26 149/19/43
f 148/16/26 149/19/43 142/14/26
f 65/15/44 163/17/44 88/18/45
f 165/18/45 88/18/45 163/17/44
f 114/23/46 102/20/47 86/24/46
f 85/22/47 86/24/46 102/20/47
f 98/18/48 96/18/49 97/18/48
f 94/18/49 97/18/48 96/18/49
f 59/25/50 86/24/51 57/25/50
f 84/24/51 57/25/50 86/24/51
f 84/24/52 83/22/42 153/23/52
f 151/20/42 153/23/52 83/22/42
f 166/15/53 54/15/53 168/18/54
f 82/18/54 168/18/54 54/15/53
f 68/22/55 60/24/56 80/22/55
f 58/24/56 80/22/55 60/24/56
f 131/18/57 94/18/57 167/18/58
f 93/18/58 167/18/58 94/18/57
f 57/25/59 84/24/52 154/26/59
f 153/23/52 154/26/59 84/24/52
f 119/26/60 114/23/46 59/25/60
f 86/24/46 59/25/60 114/23/46
f 75/21/40 80/22/61 159/19/40
f 157/20/61 159/19/40 80/22/61
f 80/22/61 58/24/62 157/20/61
f 155/23/62 157/20/61 58/24/62
f 144/18/63 168/18/63 145/18/64
f 132/18/64 145/18/64 168/18/63
f 63/14/65 66/15/66 61/16/65
f 130/17/66 61/16/65 66/15/66
f 91/18/67 133/18/67 89/18/28
f 152/18/28 89/18/28 133/18/67
f 146/17/27 166/15/27 144/18/63
f 168/18/63 144/18/63 166/15/27
f 100/18/68 90/18/68 95/18/69
f 93/18/69 95/18/69 90/18/68
f 165/18/45 164/18/70 88/18/45
f 87/18/70 88/18/45 164/18/70
f 162/18/71 160/18/30 138/18/71
f 137/18/30 138/18/71 160/18/30
f 164/18/70 162/18/71 87/18/70
f 138/18/71 87/18/70 162/18/71
f 71/18/72 140/18/72 139/18/34
f 135/18/34 139/18/34 140/18/72
f 76/18/73 87/18/73 51/18/74
f 138/18/74 51/18/74 87/18/73
f 90/18/75 89/18/75 93/18/58
f 167/18/58 93/18/58 89/18/75
f 66/15/76 65/15/76 78/18/77
f 88/18/77 78/18/77 65/15/76
f 168/18/54 82/18/54 132/18/78
f 97/18/78 132/18/78 82/18/54
f 77/18/79 76/18/79 52/18/80
f 51/18/80 52/18/80 76/18/79
f 67/14/41 161/16/41 65/15/44
f 163/17/44 65/15/44 161/16/41
f 147/18/81 131/18/81 150/18/29
f 167/18/29 150/18/29 131/18/81
f 85/22/82 136/21/83 83/22/82
f 143/21/83 83/22/82 136/21/83
f 58/24/62 57/25/59 155/23/62
f 154/26/59 155/23/62 57/25/59
f 112/18/84 139/18/84 109/18/85
f 92/18/85 109/18/85 139/18/84
f 142/14/86 56/14/86 166/15/53
f 54/15/53 166/15/53 56/14/86
f 145/18/64 132/18/64 147/18/81
f 131/18/81 147/18/81 132/18/64
f 165/18/87 163/17/87 164/18/87
f 164/18/87 163/17/87 162/18/87
f 163/17/87 161/16/87 162/18/87
f 162/18/87 161/16/87 160/18/87
f 161/16/87 159/19/87 160/18/87
f 160/18/87 159/19/87 158/18/87
f 159/19/87 157/20/87 158/18/87
f 158/18/87 157/20/87 156/18/87
f 157/20/87 155/23/87 156/18/87
f 156/18/87 155/23/87 134/18/87
f 155/23/87 154/26/87 134/18/87
f 134/18/87 154/26/87 133/18/87
f 154/26/87 153/23/87 133/18/87
f 133/18/87 153/23/87 152/18/87
f 153/23/87 151/20/87 152/18/87
f 152/18/87 151/20/87 150/18/87
f 151/20/87 149/19/87 150/18/87
f 150/18/87 149/19/87 147/18/87
f 149/19/87 148/16/87 147/18/87
f 148/16/87 146/17/87 147/18/87
f 147/18/87 146/17/87 145/18/87
f 144/18/87 145/18/87 146/17/87
f 50/18/88 49/18/88 74/18/89
f 73/18/89 74/18/89 49/18/88
f 143/21/83 136/21/83 142/14/86
f 56/14/86 142/14/86 136/21/83
f 73/18/33 141/18/33 71/18/72
f 140/18/72 71/18/72 141/18/33
f 136/21/90 99/19/90 56/14/91
f 55/16/91 56/14/91 99/19/90
f 72/18/92 71/18/92 112/18/84
f 139/18/84 112/18/84 71/18/92
f 51/18/74 138/18/74 49/18/32
f 137/18/32 49/18/32 138/18/74
f 102/20/47 99/19/90 85/22/47
f 136/21/90 85/22/47 99/19/90
f 135/18/39 134/18/39 91/18/67
f 133/18/67 91/18/67 134/18/39
f 69/23/93 119/26/60 60/24/93
f 59/25/60 60/24/93 119/26/60
f 109/18/85 92/18/85 100/18/68
f 90/18/68 100/18/68 92/18/85
f 130/17/66 66/15/66 79/18/94
f 78/18/94 79/18/94 66/15/66
f 132/18/78 97/18/78 131/18/57
f 94/18/57 131/18/57 97/18/78
f 79/18/25 77/18/25 130/17/25
f 130/17/25 77/18/25 61/16/25
f 77/18/25 52/18/25 61/16/25
f 61/16/25 52/18/25 62/19/25
f 52/18/25 50/18/25 62/19/25
f 50/18/25 129/18/25 62/19/25
f 129/18/25 128/27/25 62/19/25
f 129/18/25 50/18/25 127/18/25
f 128/27/25 126/28/25 62/19/25
f 127/18/25 50/18/25 124/18/25
f 62/19/25 126/28/25 70/20/25
f 50/18/25 74/18/25 124/18/25
f 126/28/25 125/29/25 70/20/25
f 125/29/25 122/30/25 70/20/25
f 70/20/25 122/30/25 69/23/25
f 124/18/25 74/18/25 123/18/25
f 123/18/25 74/18/25 118/18/25
f 74/18/25 72/18/25 118/18/25
f 122/30/25 121/31/25 69/23/25
f 69/23/25 121/31/25 119/26/25
f 121/31/25 120/32/25 119/26/25
f 120/32/25 116/31/25 119/26/25
f 119/26/25 116/31/25 114/23/25
f 118/18/25 72/18/25 117/18/25
f 117/18/25 72/18/25 113/18/25
f 72/18/25 112/18/25 113/18/25
f 116/31/25 115/30/25 114/23/25
f 115/30/25 108/29/25 114/23/25
f 114/23/25 108/29/25 102/20/25
f 113/18/25 112/18/25 111/18/25
f 112/18/25 109/18/25 111/18/25
f 111/18/25 109/18/25 110/18/25
f 110/18/25 109/18/25 105/18/25
f 109/18/25 100/18/25 105/18/25
f 108/29/25 107/28/25 102/20/25
f 107/28/25 106/27/25 102/20/25
f 106/27/25 101/18/25 102/20/25
f 105/18/25 100/18/25 104/18/25
f 104/18/25 100/18/25 103/18/25
f 103/18/25 100/18/25 101/18/25
f 99/19/25 102/20/25 101/18/25
f 101/18/25 100/18/25 99/19/25
f 100/18/25 95/18/25 99/19/25
f 99/19/25 95/18/25 55/16/25
f 95/18/25 96/18/25 55/16/25
f 55/16/25 96/18/25 53/17/25
f 96/18/25 98/18/25 53/17/25
f 81/18/25 53/17/25 98/18/25
f 81/18/95 98/18/48 82/18/95
f 97/18/48 82/18/95 98/18/48
f 96/18/49 95/18/69 94/18/49
f 93/18/69 94/18/49 95/18/69
f 92/18/35 91/18/35 90/18/75
f 89/18/75 90/18/75 91/18/35
f 78/18/77 88/18/77 76/18/73
f 87/18/73 76/18/73 88/18/77
f 86/24/51 85/22/82 84/24/51
f 83/22/82 84/24/51 85/22/82
f 54/15/96 53/17/96 82/18/95
f 81/18/95 82/18/95 53/17/96
f 64/21/97 68/22/55 75/21/97
f 80/22/55 75/21/97 68/22/55
f 79/18/94 78/18/94 77/18/79
f 76/18/79 77/18/79 78/18/94
f 64/21/97 75/21/97 63/14/98
f 67/14/98 63/14/98 75/21/97
f 74/18/89 73/18/89 72/18/92
f 71/18/92 72/18/92 73/18/89
f 70/20/37 69/23/93 68/22/37
f 60/24/93 68/22/37 69/23/93
f 63/14/98 67/14/98 66/15/76
f 65/15/76 66/15/76 67/14/98
f 64/21/36 63/14/65 62/19/36
f 61/16/65 62/19/36 63/14/65
f 60/24/56 59/25/50 58/24/56
f 57/25/50 58/24/56 59/25/50
f 56/14/91 55/16/91 54/15/96
f 53/17/96 54/15/96 55/16/91
f 52/18/80 51/18/80 50/18/88
f 49/18/88 50/18/88 51/18/80
f 192/33/25 190/33/25 191/34/25
f 191/34/25 190/33/25 189/35/25
f 190/33/25 188/33/25 189/35/25
f 189/35/25 188/33/25 187/36/25
f 188/33/25 186/33/25 187/36/25
f 186/33/25 38/33/25 187/36/25
f 38/33/25 3/37/25 187/36/25
f 38/33/25 186/33/25 37/33/25
f 3/37/25 4/38/25 187/36/25
f 37/33/25 186/33/25 39/33/25
f 187/36/25 4/38/25 185/39/25
f 186/33/25 184/33/25 39/33/25
f 4/38/25 41/40/25 185/39/25
f 41/40/25 40/41/25 185/39/25
f 185/39/25 40/41/25 183/42/25
f 39/33/25 184/33/25 42/33/25
f 42/33/25 184/33/25 45/33/25
f 184/33/25 181/33/25 45/33/25
f 40/41/25 34/43/25 183/42/25
f 183/42/25 34/43/25 182/44/25
f 34/43/25 33/45/25 182/44/25
f 33/45/25 43/43/25 182/44/25
f 182/44/25 43/43/25 179/42/25
f 45/33/25 181/33/25 7/33/25
f 181/33/25 180/33/25 7/33/25
f 7/33/25 180/33/25 5/33/25
f 5/33/25 180/33/25 32/33/25
f 180/33/25 178/33/25 32/33/25
f 43/43/25 44/41/25 179/42/25
f 44/41/25 48/40/25 179/42/25
f 179/42/25 48/40/25 177/39/25
f 32/33/25 178/33/25 31/33/25
f 31/33/25 178/33/25 46/33/25
f 178/33/25 176/33/25 46/33/25
f 48/40/25 36/38/25 177/39/25
f 36/38/25 35/37/25 177/39/25
f 35/37/25 10/33/25 177/39/25
f 46/33/25 176/33/25 47/33/25
f 47/33/25 176/33/25 9/33/25
f 9/33/25 176/33/25 10/33/25
f 175/36/25 177/39/25 10/33/25
f 10/33/25 176/33/25 175/36/25
f 176/33/25 174/33/25 175/36/25
f 175/36/25 174/33/25 173/35/25
f 174/33/25 172/33/25 173/35/25
f 173/35/25 172/33/25 170/34/25
f 172/33/25 171/33/25 170/34/25
f 169/33/25 170/34/25 171/33/25
f 206/46/99 202/47/100 205/48/99
f 200/49/100 205/48/99 202/47/100
f 201/50/101 215/51/102 199/52/101
f 216/53/102 199/52/101 215/51/102
f 214/54/103 213/55/103 232/56/104
f 234/57/104 232/56/104 213/55/103
f 229/51/105 264/50/106 230/53/105
f 254/52/106 230/53/105 264/50/106
f 233/58/107 210/59/108 231/58/107
f 208/60/108 231/58/107 210/59/108
f 209/61/109 238/62/110 207/63/109
f 237/64/110 207/63/109 238/62/110
f 236/65/111 194/66/112 235/67/111
f 193/68/112 235/67/111 194/66/112
f 264/50/106 204/47/113 254/52/106
f 203/49/113 254/52/106 204/47/113
f 263/58/25 261/69/25 262/70/25
f 260/53/25 262/70/25 261/69/25
f 259/64/25 260/53/25 261/69/25
f 258/48/25 260/53/25 259/64/25
f 257/67/25 258/48/25 259/64/25
s 0
f 219/58/25 258/48/25 257/67/25
s 1
f 219/58/25 226/56/25 258/48/25
f 217/60/25 219/58/25 257/67/25
f 256/71/25 258/48/25 226/56/25
f 255/72/25 217/60/25 257/67/25
f 228/54/25 256/71/25 226/56/25
f 230/53/25 256/71/25 228/54/25
f 253/73/25 256/71/25 230/53/25
f 211/63/25 217/60/25 255/72/25
f 197/64/25 211/63/25 255/72/25
f 252/74/25 197/64/25 255/72/25
f 254/52/25 253/73/25 230/53/25
f 203/49/25 253/73/25 254/52/25
f 251/75/25 253/73/25 203/49/25
f 195/76/25 197/64/25 252/74/25
f 193/68/25 195/76/25 252/74/25
f 249/33/25 193/68/25 252/74/25
f 205/48/25 251/75/25 203/49/25
f 250/73/25 251/75/25 205/48/25
f 200/49/25 250/73/25 205/48/25
f 199/52/25 250/73/25 200/49/25
f 247/71/25 250/73/25 199/52/25
f 235/67/25 193/68/25 249/33/25
f 248/74/25 235/67/25 249/33/25
f 221/68/25 235/67/25 248/74/25
f 222/76/25 221/68/25 248/74/25
f 246/72/25 222/76/25 248/74/25
f 216/53/25 247/71/25 199/52/25
f 245/48/25 247/71/25 216/53/25
f 214/54/25 245/48/25 216/53/25
f 232/56/25 245/48/25 214/54/25
f 231/58/25 245/48/25 232/56/25
f 237/64/25 222/76/25 246/72/25
f 244/67/25 237/64/25 246/72/25
f 207/63/25 237/64/25 244/67/25
f 208/60/25 207/63/25 244/67/25
f 231/58/25 208/60/25 244/67/25
f 243/53/25 245/48/25 231/58/25
f 244/67/25 243/53/25 231/58/25
f 242/64/25 243/53/25 244/67/25
f 240/70/25 243/53/25 242/64/25
f 241/69/25 240/70/25 242/64/25
f 239/58/25 240/70/25 241/69/25
f 238/62/110 224/77/114 237/64/110
f 222/76/114 237/64/110 224/77/114
f 236/65/111 235/67/111 223/66/115
f 221/68/115 223/66/115 235/67/111
f 234/57/104 233/58/107 232/56/104
f 231/58/107 232/56/104 233/58/107
f 230/53/105 228/54/116 229/51/105
f 227/55/116 229/51/105 228/54/116
f 228/54/116 226/56/117 227/55/116
f 225/57/117 227/55/116 226/56/117
f 218/59/118 217/60/118 212/61/119
f 211/63/119 212/61/119 217/60/118
f 226/56/117 219/58/120 225/57/117
f 220/58/120 225/57/117 219/58/120
f 224/77/114 223/66/115 222/76/114
f 221/68/115 222/76/114 223/66/115
f 220/58/120 219/58/120 218/59/118
f 217/60/118 218/59/118 219/58/120
f 216/53/102 215/51/102 214/54/103
f 213/55/103 214/54/103 215/51/102
f 212/61/119 211/63/119 198/62/121
f 197/64/121 198/62/121 211/63/119
f 210/59/108 209/61/109 208/60/108
f 207/63/109 208/60/108 209/61/109
f 206/46/99 205/48/99 204/47/113
f 203/49/113 204/47/113 205/48/99
f 202/47/100 201/50/101 200/49/100
f 199/52/101 200/49/100 201/50/101
f 196/77/122 198/62/121 195/76/122
f 197/64/121 195/76/122 198/62/121
f 196/77/122 195/76/122 194/66/112
f 193/68/112 194/66/112 195/76/122
f 305/1/123 268/2/124 291/3/123
f 266/4/124 291/3/123 268/2/124
f 283/5/125 281/3/126 308/6/125
f 312/1/126 308/6/125 281/3/126
f 270/7/127 269/7/127 285/7/128
f 296/7/128 285/7/128 269/7/127
f 275/7/129 278/7/130 273/7/129
f 311/7/130 273/7/129 278/7/130
f 289/5/131 287/8/132 304/6/131
f 298/9/132 304/6/131 287/8/132
f 282/7/133 295/7/133 280/7/134
f 310/7/134 280/7/134 295/7/133
f 290/7/135 306/7/135 288/7/136
f 309/7/136 288/7/136 306/7/135
f 312/1/126 281/3/126 300/2/137
f 279/4/137 300/2/137 281/3/126
f 278/7/130 280/7/134 311/7/130
f 310/7/134 311/7/130 280/7/134
f 288/7/136 309/7/136 272/7/138
f 271/7/138 272/7/138 309/7/136
f 284/8/139 283/5/125 307/9/139
f 308/6/125 307/9/139 283/5/125
f 286/10/140 284/8/139 297/11/140
f 307/9/139 297/11/140 284/8/139
f 292/7/141 303/7/141 290/7/135
f 306/7/135 290/7/135 303/7/141
f 267/12/142 302/7/143 265/13/142
f 294/7/143 265/13/142 302/7/143
f 291/3/123 289/5/131 305/1/123
f 304/6/131 305/1/123 289/5/131
f 293/7/144 301/7/144 292/7/141
f 303/7/141 292/7/141 301/7/144
f 299/12/145 277/13/145 274/7/146
f 276/7/146 274/7/146 277/13/145
f 294/7/143 302/7/143 293/7/144
f 301/7/144 293/7/144 302/7/143
f 300/2/137 279/4/137 299/12/145
f 277/13/145 299/12/145 279/4/137
f 287/8/132 286/10/140 298/9/132
f 297/11/140 298/9/132 286/10/140
f 285/7/128 296/7/128 282/7/133
f 295/7/133 282/7/133 296/7/128
f 294/7/87 293/7/87 265/13/87
f 293/7/87 292/7/87 265/13/87
f 265/13/87 292/7/87 266/4/87
f 266/4/87 292/7/87 291/3/87
f 292/7/87 290/7/87 291/3/87
f 291/3/87 290/7/87 289/5/87
f 290/7/87 288/7/87 289/5/87
f 289/5/87 288/7/87 287/8/87
f 288/7/87 272/7/87 287/8/87
f 287/8/87 272/7/87 286/10/87
f 272/7/87 270/7/87 286/10/87
f 270/7/87 285/7/87 286/10/87
f 286/10/87 285/7/87 284/8/87
f 285/7/87 282/7/87 284/8/87
f 284/8/87 282/7/87 283/5/87
f 283/5/87 282/7/87 281/3/87
f 282/7/87 280/7/87 281/3/87
f 281/3/87 280/7/87 279/4/87
f 280/7/87 278/7/87 279/4/87
f 279/4/87 278/7/87 277/13/87
f 278/7/87 275/7/87 277/13/87
f 276/7/87 277/13/87 275/7/87
f 276/7/146 275/7/129 274/7/146
f 273/7/129 274/7/146 275/7/129
f 272/7/138 271/7/138 270/7/127
f 269/7/127 270/7/127 271/7/138
f 268/2/124 267/12/142 266/4/124
f 265/13/142 266/4/124 267/12/142
f 406/14/65 430/15/66 412/16/65
f 410/17/66 412/16/65 430/15/66
f 353/18/89 416/18/89 431/18/88
f 414/18/88 431/18/88 416/18/89
f 401/18/69 424/18/69 405/18/68
f 422/18/68 405/18/68 424/18/69
f 313/18/58 401/18/58 337/18/75
f 405/18/75 337/18/75 401/18/58
f 403/18/34 399/18/34 356/18/72
f 355/18/72 356/18/72 399/18/34
f 326/19/43 334/20/42 328/21/43
f 332/22/42 328/21/43 334/20/42
f 404/18/85 420/18/85 399/18/84
f 398/18/84 399/18/84 420/18/85
f 405/18/68 422/18/68 404/18/85
f 420/18/85 404/18/85 422/18/68
f 339/21/90 423/19/90 331/14/91
f 425/16/91 331/14/91 423/19/90
f 347/22/37 407/21/36 415/20/37
f 413/19/36 415/20/37 407/21/36
f 407/21/36 406/14/65 413/19/36
f 412/16/65 413/19/36 406/14/65
f 329/15/96 427/17/96 352/18/95
f 429/18/95 352/18/95 427/17/96
f 378/23/62 366/20/61 350/24/62
f 349/22/61 350/24/62 366/20/61
f 362/18/70 360/18/71 361/18/70
f 358/18/71 361/18/70 360/18/71
f 323/25/50 350/24/56 321/25/50
f 348/24/56 321/25/50 350/24/56
f 348/24/93 347/22/37 417/23/93
f 415/20/37 417/23/93 347/22/37
f 430/15/76 318/15/76 432/18/77
f 346/18/77 432/18/77 318/15/76
f 332/22/82 324/24/51 344/22/82
f 322/24/51 344/22/82 324/24/51
f 395/18/74 358/18/74 431/18/32
f 357/18/32 431/18/32 358/18/74
f 321/25/60 348/24/93 418/26/60
f 417/23/93 418/26/60 348/24/93
f 383/26/59 378/23/62 323/25/59
f 350/24/62 323/25/59 378/23/62
f 339/21/90 344/22/47 423/19/90
f 421/20/47 423/19/90 344/22/47
f 344/22/47 322/24/46 421/20/47
f 419/23/46 421/20/47 322/24/46
f 408/18/94 432/18/94 409/18/79
f 396/18/79 409/18/79 432/18/94
f 327/14/26 330/15/27 325/16/26
f 394/17/27 325/16/26 330/15/27
f 355/18/92 397/18/92 353/18/89
f 416/18/89 353/18/89 397/18/92
f 410/17/66 430/15/66 408/18/94
f 432/18/94 408/18/94 430/15/66
f 364/18/31 354/18/31 359/18/30
f 357/18/30 359/18/30 354/18/31
f 429/18/95 428/18/48 352/18/95
f 351/18/48 352/18/95 428/18/48
f 426/18/49 424/18/69 402/18/49
f 401/18/69 402/18/49 424/18/69
f 428/18/48 426/18/49 351/18/48
f 402/18/49 351/18/48 426/18/49
f 335/18/35 404/18/35 403/18/34
f 399/18/34 403/18/34 404/18/35
f 340/18/78 351/18/78 315/18/57
f 402/18/57 315/18/57 351/18/78
f 354/18/33 353/18/33 357/18/32
f 431/18/32 357/18/32 353/18/33
f 330/15/53 329/15/53 342/18/54
f 352/18/54 342/18/54 329/15/53
f 432/18/77 346/18/77 396/18/73
f 361/18/73 396/18/73 346/18/77
f 341/18/64 340/18/64 316/18/81
f 315/18/81 316/18/81 340/18/64
f 331/14/91 425/16/91 329/15/96
f 427/17/96 329/15/96 425/16/91
f 411/18/80 395/18/80 414/18/88
f 431/18/88 414/18/88 395/18/80
f 349/22/55 400/21/97 347/22/55
f 407/21/97 347/22/55 400/21/97
f 322/24/46 321/25/60 419/23/46
f 418/26/60 419/23/46 321/25/60
f 376/18/39 403/18/39 373/18/38
f 356/18/38 373/18/38 403/18/39
f 406/14/98 320/14/98 430/15/76
f 318/15/76 430/15/76 320/14/98
f 409/18/79 396/18/79 411/18/80
f 395/18/80 411/18/80 396/18/79
f 429/18/25 427/17/25 428/18/25
f 428/18/25 427/17/25 426/18/25
f 427/17/25 425/16/25 426/18/25
f 426/18/25 425/16/25 424/18/25
f 425/16/25 423/19/25 424/18/25
f 424/18/25 423/19/25 422/18/25
f 423/19/25 421/20/25 422/18/25
f 422/18/25 421/20/25 420/18/25
f 421/20/25 419/23/25 420/18/25
f 420/18/25 419/23/25 398/18/25
f 419/23/25 418/26/25 398/18/25
f 398/18/25 418/26/25 397/18/25
f 418/26/25 417/23/25 397/18/25
f 397/18/25 417/23/25 416/18/25
f 417/23/25 415/20/25 416/18/25
f 416/18/25 415/20/25 414/18/25
f 415/20/25 413/19/25 414/18/25
f 414/18/25 413/19/25 411/18/25
f 413/19/25 412/16/25 411/18/25
f 412/16/25 410/17/25 411/18/25
f 411/18/25 410/17/25 409/18/25
f 408/18/25 409/18/25 410/17/25
f 314/18/29 313/18/29 338/18/28
f 337/18/28 338/18/28 313/18/29
f 407/21/97 400/21/97 406/14/98
f 320/14/98 406/14/98 400/21/97
f 337/18/75 405/18/75 335/18/35
f 404/18/35 335/18/35 405/18/75
f 400/21/40 363/19/40 320/14/41
f 319/16/41 320/14/41 363/19/40
f 336/18/67 335/18/67 376/18/39
f 403/18/39 376/18/39 335/18/67
f 315/18/57 402/18/57 313/18/58
f 401/18/58 313/18/58 402/18/57
f 366/20/61 363/19/40 349/22/61
f 400/21/40 349/22/61 363/19/40
f 399/18/84 398/18/84 355/18/92
f 397/18/92 355/18/92 398/18/84
f 333/23/52 383/26/59 324/24/52
f 323/25/59 324/24/52 383/26/59
f 373/18/38 356/18/38 364/18/31
f 354/18/31 364/18/31 356/18/38
f 394/17/27 330/15/27 343/18/63
f 342/18/63 343/18/63 330/15/27
f 396/18/73 361/18/73 395/18/74
f 358/18/74 395/18/74 361/18/73
f 343/18/87 341/18/87 394/17/87
f 394/17/87 341/18/87 325/16/87
f 341/18/87 316/18/87 325/16/87
f 325/16/87 316/18/87 326/19/87
f 316/18/87 314/18/87 326/19/87
f 314/18/87 393/18/87 326/19/87
f 393/18/87 392/27/87 326/19/87
f 393/18/87 314/18/87 391/18/87
f 392/27/87 390/28/87 326/19/87
f 391/18/87 314/18/87 388/18/87
f 326/19/87 390/28/87 334/20/87
f 314/18/87 338/18/87 388/18/87
f 390/28/87 389/29/87 334/20/87
f 389/29/87 386/30/87 334/20/87
f 334/20/87 386/30/87 333/23/87
f 388/18/87 338/18/87 387/18/87
f 387/18/87 338/18/87 382/18/87
f 338/18/87 336/18/87 382/18/87
f 386/30/87 385/31/87 333/23/87
f 333/23/87 385/31/87 383/26/87
f 385/31/87 384/32/87 383/26/87
f 384/32/87 380/31/87 383/26/87
f 383/26/87 380/31/87 378/23/87
f 382/18/87 336/18/87 381/18/87
f 381/18/87 336/18/87 377/18/87
f 336/18/87 376/18/87 377/18/87
f 380/31/87 379/30/87 378/23/87
f 379/30/87 372/29/87 378/23/87
f 378/23/87 372/29/87 366/20/87
f 377/18/87 376/18/87 375/18/87
f 376/18/87 373/18/87 375/18/87
f 375/18/87 373/18/87 374/18/87
f 374/18/87 373/18/87 369/18/87
f 373/18/87 364/18/87 369/18/87
f 372/29/87 371/28/87 366/20/87
f 371/28/87 370/27/87 366/20/87
f 370/27/87 365/18/87 366/20/87
f 369/18/87 364/18/87 368/18/87
f 368/18/87 364/18/87 367/18/87
f 367/18/87 364/18/87 365/18/87
f 363/19/87 366/20/87 365/18/87
f 365/18/87 364/18/87 363/19/87
f 364/18/87 359/18/87 363/19/87
f 363/19/87 359/18/87 319/16/87
f 359/18/87 360/18/87 319/16/87
f 319/16/87 360/18/87 317/17/87
f 360/18/87 362/18/87 317/17/87
f 345/18/87 317/17/87 362/18/87
f 345/18/45 362/18/70 346/18/45
f 361/18/70 346/18/45 362/18/70
f 360/18/71 359/18/30 358/18/71
f 357/18/30 358/18/71 359/18/30
f 356/18/72 355/18/72 354/18/33
f 353/18/33 354/18/33 355/18/72
f 342/18/54 352/18/54 340/18/78
f 351/18/78 340/18/78 352/18/54
f 350/24/56 349/22/55 348/24/56
f 347/22/55 348/24/56 349/22/55
f 318/15/44 317/17/44 346/18/45
f 345/18/45 346/18/45 317/17/44
f 328/21/83 332/22/82 339/21/83
f 344/22/82 339/21/83 332/22/82
f 343/18/63 342/18/63 341/18/64
f 340/18/64 341/18/64 342/18/63
f 328/21/83 339/21/83 327/14/86
f 331/14/86 327/14/86 339/21/83
f 338/18/28 337/18/28 336/18/67
f 335/18/67 336/18/67 337/18/28
f 334/20/42 333/23/52 332/22/42
f 324/24/52 332/22/42 333/23/52
f 327/14/86 331/14/86 330/15/53
f 329/15/53 330/15/53 331/14/86
f 328/21/43 327/14/26 326/19/43
f 325/16/26 326/19/43 327/14/26
f 324/24/51 323/25/50 322/24/51
f 321/25/50 322/24/51 323/25/50
f 320/14/41 319/16/41 318/15/44
f 317/17/44 318/15/44 319/16/41
f 316/18/81 315/18/81 314/18/29
f 313/18/29 314/18/29 315/18/81
f 456/33/87 454/33/87 455/34/87
f 455/34/87 454/33/87 453/35/87
f 454/33/87 452/33/87 453/35/87
f 453/35/87 452/33/87 451/36/87
f 452/33/87 450/33/87 451/36/87
f 450/33/87 302/33/87 451/36/87
f 302/33/87 267/37/87 451/36/87
f 302/33/87 450/33/87 301/33/87
f 267/37/87 268/38/87 451/36/87
f 301/33/87 450/33/87 303/33/87
f 451/36/87 268/38/87 449/39/87
f 450/33/87 448/33/87 303/33/87
f 268/38/87 305/40/87 449/39/87
f 305/40/87 304/41/87 449/39/87
f 449/39/87 304/41/87 447/42/87
f 303/33/87 448/33/87 306/33/87
f 306/33/87 448/33/87 309/33/87
f 448/33/87 445/33/87 309/33/87
f 304/41/87 298/43/87 447/42/87
f 447/42/87 298/43/87 446/44/87
f 298/43/87 297/45/87 446/44/87
f 297/45/87 307/43/87 446/44/87
f 446/44/87 307/43/87 443/42/87
f 309/33/87 445/33/87 271/33/87
f 445/33/87 444/33/87 271/33/87
f 271/33/87 444/33/87 269/33/87
f 269/33/87 444/33/87 296/33/87
f 444/33/87 442/33/87 296/33/87
f 307/43/87 308/41/87 443/42/87
f 308/41/87 312/40/87 443/42/87
f 443/42/87 312/40/87 441/39/87
f 296/33/87 442/33/87 295/33/87
f 295/33/87 442/33/87 310/33/87
f 442/33/87 440/33/87 310/33/87
f 312/40/87 300/38/87 441/39/87
f 300/38/87 299/37/87 441/39/87
f 299/37/87 274/33/87 441/39/87
f 310/33/87 440/33/87 311/33/87
f 311/33/87 440/33/87 273/33/87
f 273/33/87 440/33/87 274/33/87
f 439/36/87 441/39/87 274/33/87
f 274/33/87 440/33/87 439/36/87
f 440/33/87 438/33/87 439/36/87
f 439/36/87 438/33/87 437/35/87
f 438/33/87 436/33/87 437/35/87
f 437/35/87 436/33/87 434/34/87
f 436/33/87 435/33/87 434/34/87
f 433/33/87 434/34/87 435/33/87
f 470/46/147 466/47/148 469/48/147
f 464/49/148 469/48/147 466/47/148
f 465/50/149 479/51/150 463/52/149
f 480/53/150 463/52/149 479/51/150
f 478/54/151 477/55/151 496/56/152
f 498/57/152 496/56/152 477/55/151
f 493/51/153 528/50/154 494/53/153
f 518/52/154 494/53/153 528/50/154
f 497/58/155 474/59/156 495/58/155
f 472/60/156 495/58/155 474/59/156
f 473/61/157 502/62/158 471/63/157
f 501/64/158 471/63/157 502/62/158
f 500/65/159 458/66/160 499/67/159
f 457/68/160 499/67/159 458/66/160
f 528/50/154 468/47/161 518/52/154
f 467/49/161 518/52/154 468/47/161
f 527/58/87 525/69/87 526/70/87
f 524/53/87 526/70/87 525/69/87
f 523/64/87 524/53/87 525/69/87
f 522/48/87 524/53/87 523/64/87
f 521/67/87 522/48/87 523/64/87
s 0
f 483/58/87 522/48/87 521/67/87
s 1
f 483/58/87 490/56/87 522/48/87
f 481/60/87 483/58/87 521/67/87
f 520/71/87 522/48/87 490/56/87
f 519/72/87 481/60/87 521/67/87
f 492/54/87 520/71/87 490/56/87
f 494/53/87 520/71/87 492/54/87
f 517/73/87 520/71/87 494/53/87
f 475/63/87 481/60/87 519/72/87
f 461/64/87 475/63/87 519/72/87
f 516/74/87 461/64/87 519/72/87
f 518/52/87 517/73/87 494/53/87
f 467/49/87 517/73/87 518/52/87
f 515/75/87 517/73/87 467/49/87
f 459/76/87 461/64/87 516/74/87
f 457/68/87 459/76/87 516/74/87
f 513/33/87 457/68/87 516/74/87
f 469/48/87 515/75/87 467/49/87
f 514/73/87 515/75/87 469/48/87
f 464/49/87 514/73/87 469/48/87
f 463/52/87 514/73/87 464/49/87
f 511/71/87 514/73/87 463/52/87
f 499/67/87 457/68/87 513/33/87
f 512/74/87 499/67/87 513/33/87
f 485/68/87 499/67/87 512/74/87
f 486/76/87 485/68/87 512/74/87
f 510/72/87 486/76/87 512/74/87
f 480/53/87 511/71/87 463/52/87
f 509/48/87 511/71/87 480/53/87
f 478/54/87 509/48/87 480/53/87
f 496/56/87 509/48/87 478/54/87
f 495/58/87 509/48/87 496/56/87
f 501/64/87 486/76/87 510/72/87
f 508/67/87 501/64/87 510/72/87
f 471/63/87 501/64/87 508/67/87
f 472/60/87 471/63/87 508/67/87
f 495/58/87 472/60/87 508/67/87
f 507/53/87 509/48/87 495/58/87
f 508/67/87 507/53/87 495/58/87
f 506/64/87 507/53/87 508/67/87
f 504/70/87 507/53/87 506/64/87
f 505/69/87 504/70/87 506/64/87
f 503/58/87 504/70/87 505/69/87
f 502/62/158 488/77/162 501/64/158
f 486/76/162 501/64/158 488/77/162
f 500/65/159 499/67/159 487/66/163
f 485/68/163 487/66/163 499/67/159
f 498/57/152 497/58/155 496/56/152
f 495/58/155 496/56/152 497/58/155
f 494/53/153 492/54/164 493/51/153
f 491/55/164 493/51/153 492/54/164
f 492/54/164 490/56/165 491/55/164
f 489/57/165 491/55/164 490/56/165
f 482/59/166 481/60/166 476/61/167
f 475/63/167 476/61/167 481/60/166
f 490/56/165 483/58/168 489/57/165
f 484/58/168 489/57/165 483/58/168
f 488/77/162 487/66/163 486/76/162
f 485/68/163 486/76/162 487/66/163
f 484/58/168 483/58/168 482/59/166
f 481/60/166 482/59/166 483/58/168
f 480/53/150 479/51/150 478/54/151
f 477/55/151 478/54/151 479/51/150
f 476/61/167 475/63/167 462/62/169
f 461/64/169 462/62/169 475/63/167
f 474/59/156 473/61/157 472/60/156
f 471/63/157 472/60/156 473/61/157
f 470/46/147 469/48/147 468/47/161
f 467/49/161 468/47/161 469/48/147
f 466/47/148 465/50/149 464/49/148
f 463/52/149 464/49/148 465/50/149
f 460/77/170 462/62/169 459/76/170
f 461/64/169 459/76/170 462/62/169
f 460/77/170 459/76/170 458/66/160
f 457/68/160 458/66/160 459/76/170
f 569/1/123 532/2/124 555/3/123
f 530/4/124 555/3/123 532/2/124
f 547/5/125 545/3/126 572/6/125
f 576/1/126 572/6/125 545/3/126
f 534/7/127 533/7/127 549/7/128
f 560/7/128 549/7/128 533/7/127
f 539/7/129 542/7/130 537/7/129
f 575/7/130 537/7/129 542/7/130
f 553/5/131 551/8/132 568/6/131
f 562/9/132 568/6/131 551/8/132
f 546/7/133 559/7/133 544/7/134
f 574/7/134 544/7/134 559/7/133
f 554/7/135 570/7/135 552/7/136
f 573/7/136 552/7/136 570/7/135
f 576/1/126 545/3/126 564/2/137
f 543/4/137 564/2/137 545/3/126
f 542/7/130 544/7/134 575/7/130
f 574/7/134 575/7/130 544/7/134
f 552/7/136 573/7/136 536/7/138
f 535/7/138 536/7/138 573/7/136
f 548/8/139 547/5/125 571/9/139
f 572/6/125 571/9/139 547/5/125
f 550/10/140 548/8/139 561/11/140
f 571/9/139 561/11/140 548/8/139
f 556/7/141 567/7/141 554/7/135
f 570/7/135 554/7/135 567/7/141
f 531/12/142 566/7/143 529/13/142
f 558/7/143 529/13/142 566/7/143
f 555/3/123 553/5/131 569/1/123
f 568/6/131 569/1/123 553/5/131
f 557/7/144 565/7/144 556/7/141
f 567/7/141 556/7/141 565/7/144
f 563/12/145 541/13/145 538/7/146
f 540/7/146 538/7/146 541/13/145
f 558/7/143 566/7/143 557/7/144
f 565/7/144 557/7/144 566/7/143
f 564/2/137 543/4/137 563/12/145
f 541/13/145 563/12/145 543/4/137
f 551/8/132 550/10/140 562/9/132
f 561/11/140 562/9/132 550/10/140
f 549/7/128 560/7/128 546/7/133
f 559/7/133 546/7/133 560/7/128
f 558/7/87 557/7/87 529/13/87
f 557/7/87 556/7/87 529/13/87
f 529/13/87 556/7/87 530/4/87
f 530/4/87 556/7/87 555/3/87
f 556/7/87 554/7/87 555/3/87
f 555/3/87 554/7/87 553/5/87
f 554/7/87 552/7/87 553/5/87
f 553/5/87 552/7/87 551/8/87
f 552/7/87 536/7/87 551/8/87
f 551/8/87 536/7/87 550/10/87
f 536/7/87 534/7/87 550/10/87
f 534/7/87 549/7/87 550/10/87
f 550/10/87 549/7/87 548/8/87
f 549/7/87 546/7/87 548/8/87
f 548/8/87 546/7/87 547/5/87
f 547/5/87 546/7/87 545/3/87
f 546/7/87 544/7/87 545/3/87
f 545/3/87 544/7/87 543/4/87
f 544/7/87 542/7/87 543/4/87
f 543/4/87 542/7/87 541/13/87
f 542/7/87 539/7/87 541/13/87
f 540/7/87 541/13/87 539/7/87
f 540/7/146 539/7/129 538/7/146
f 537/7/129 538/7/146 539/7/129
f 536/7/138 535/7/138 534/7/127
f 533/7/127 534/7/127 535/7/138
f 532/2/124 531/12/142 530/4/124
f 529/13/142 530/4/124 531/12/142
f 670/14/65 694/15/66 676/16/65
f 674/17/66 676/16/65 694/15/66
f 617/18/89 680/18/89 695/18/88
f 678/18/88 695/18/88 680/18/89
f 665/18/69 688/18/69 669/18/68
f 686/18/68 669/18/68 688/18/69
f 577/18/58 665/18/58 601/18/75
f 669/18/75 601/18/75 665/18/58
f 667/18/34 663/18/34 620/18/72
f 619/18/72 620/18/72 663/18/34
f 590/19/43 598/20/42 592/21/43
f 596/22/42 592/21/43 598/20/42
f 668/18/85 684/18/85 663/18/84
f 662/18/84 663/18/84 684/18/85
f 669/18/68 686/18/68 668/18/85
f 684/18/85 668/18/85 686/18/68
f 603/21/90 687/19/90 595/14/91
f 689/16/91 595/14/91 687/19/90
f 611/22/37 671/21/36 679/20/37
f 677/19/36 679/20/37 671/21/36
f 671/21/36 670/14/65 677/19/36
f 676/16/65 677/19/36 670/14/65
f 593/15/96 691/17/96 616/18/95
f 693/18/95 616/18/95 691/17/96
f 642/23/62 630/20/61 614/24/62
f 613/22/61 614/24/62 630/20/61
f 626/18/70 624/18/71 625/18/70
f 622/18/71 625/18/70 624/18/71
f 587/25/50 614/24/56 585/25/50
f 612/24/56 585/25/50 614/24/56
f 612/24/93 611/22/37 681/23/93
f 679/20/37 681/23/93 611/22/37
f 694/15/76 582/15/76 696/18/77
f 610/18/77 696/18/77 582/15/76
f 596/22/82 588/24/51 608/22/82
f 586/24/51 608/22/82 588/24/51
f 659/18/74 622/18/74 695/18/32
f 621/18/32 695/18/32 622/18/74
f 585/25/60 612/24/93 682/26/60
f 681/23/93 682/26/60 612/24/93
f 647/26/59 642/23/62 587/25/59
f 614/24/62 587/25/59 642/23/62
f 603/21/90 608/22/47 687/19/90
f 685/20/47 687/19/90 608/22/47
f 608/22/47 586/24/46 685/20/47
f 683/23/46 685/20/47 586/24/46
f 672/18/94 696/18/94 673/18/79
f 660/18/79 673/18/79 696/18/94
f 591/14/26 594/15/27 589/16/26
f 658/17/27 589/16/26 594/15/27
f 619/18/92 661/18/92 617/18/89
f 680/18/89 617/18/89 661/18/92
f 674/17/66 694/15/66 672/18/94
f 696/18/94 672/18/94 694/15/66
f 628/18/31 618/18/31 623/18/30
f 621/18/30 623/18/30 618/18/31
f 693/18/95 692/18/48 616/18/95
f 615/18/48 616/18/95 692/18/48
f 690/18/49 688/18/69 666/18/49
f 665/18/69 666/18/49 688/18/69
f 692/18/48 690/18/49 615/18/48
f 666/18/49 615/18/48 690/18/49
f 599/18/35 668/18/35 667/18/34
f 663/18/34 667/18/34 668/18/35
f 604/18/78 615/18/78 579/18/57
f 666/18/57 579/18/57 615/18/78
f 618/18/33 617/18/33 621/18/32
f 695/18/32 621/18/32 617/18/33
f 594/15/53 593/15/53 606/18/54
f 616/18/54 606/18/54 593/15/53
f 696/18/77 610/18/77 660/18/73
f 625/18/73 660/18/73 610/18/77
f 605/18/64 604/18/64 580/18/81
f 579/18/81 580/18/81 604/18/64
f 595/14/91 689/16/91 593/15/96
f 691/17/96 593/15/96 689/16/91
f 675/18/80 659/18/80 678/18/88
f 695/18/88 678/18/88 659/18/80
f 613/22/55 664/21/97 611/22/55
f 671/21/97 611/22/55 664/21/97
f 586/24/46 585/25/60 683/23/46
f 682/26/60 683/23/46 585/25/60
f 640/18/39 667/18/39 637/18/38
f 620/18/38 637/18/38 667/18/39
f 670/14/98 584/14/98 694/15/76
f 582/15/76 694/15/76 584/14/98
f 673/18/79 660/18/79 675/18/80
f 659/18/80 675/18/80 660/18/79
f 693/18/25 691/17/25 692/18/25
f 692/18/25 691/17/25 690/18/25
f 691/17/25 689/16/25 690/18/25
f 690/18/25 689/16/25 688/18/25
f 689/16/25 687/19/25 688/18/25
f 688/18/25 687/19/25 686/18/25
f 687/19/25 685/20/25 686/18/25
f 686/18/25 685/20/25 684/18/25
f 685/20/25 683/23/25 684/18/25
f 684/18/25 683/23/25 662/18/25
f 683/23/25 682/26/25 662/18/25
f 662/18/25 682/26/25 661/18/25
f 682/26/25 681/23/25 661/18/25
f 661/18/25 681/23/25 680/18/25
f 681/23/25 679/20/25 680/18/25
f 680/18/25 679/20/25 678/18/25
f 679/20/25 677/19/25 678/18/25
f 678/18/25 677/19/25 675/18/25
f 677/19/25 676/16/25 675/18/25
f 676/16/25 674/17/25 675/18/25
f 675/18/25 674/17/25 673/18/25
f 672/18/25 673/18/25 674/17/25
f 578/18/29 577/18/29 602/18/28
f 601/18/28 602/18/28 577/18/29
f 671/21/97 664/21/97 670/14/98
f 584/14/98 670/14/98 664/21/97
f 601/18/75 669/18/75 599/18/35
f 668/18/35 599/18/35 669/18/75
f 664/21/40 627/19/40 584/14/41
f 583/16/41 584/14/41 627/19/40
f 600/18/67 599/18/67 640/18/39
f 667/18/39 640/18/39 599/18/67
f 579/18/57 666/18/57 577/18/58
f 665/18/58 577/18/58 666/18/57
f 630/20/61 627/19/40 613/22/61
f 664/21/40 613/22/61 627/19/40
f 663/18/84 662/18/84 619/18/92
f 661/18/92 619/18/92 662/18/84
f 597/23/52 647/26/59 588/24/52
f 587/25/59 588/24/52 647/26/59
f 637/18/38 620/18/38 628/18/31
f 618/18/31 628/18/31 620/18/38
f 658/17/27 594/15/27 607/18/63
f 606/18/63 607/18/63 594/15/27
f 660/18/73 625/18/73 659/18/74
f 622/18/74 659/18/74 625/18/73
f 607/18/87 605/18/87 658/17/87
f 658/17/87 605/18/87 589/16/87
f 605/18/87 580/18/87 589/16/87
f 589/16/87 580/18/87 590/19/87
f 580/18/87 578/18/87 590/19/87
f 578/18/87 657/18/87 590/19/87
f 657/18/87 656/27/87 590/19/87
f 657/18/87 578/18/87 655/18/87
f 656/27/87 654/28/87 590/19/87
f 655/18/87 578/18/87 652/18/87
f 590/19/87 654/28/87 598/20/87
f 578/18/87 602/18/87 652/18/87
f 654/28/87 653/29/87 598/20/87
f 653/29/87 650/30/87 598/20/87
f 598/20/87 650/30/87 597/23/87
f 652/18/87 602/18/87 651/18/87
f 651/18/87 602/18/87 646/18/87
f 602/18/87 600/18/87 646/18/87
f 650/30/87 649/31/87 597/23/87
f 597/23/87 649/31/87 647/26/87
f 649/31/87 648/32/87 647/26/87
f 648/32/87 644/31/87 647/26/87
f 647/26/87 644/31/87 642/23/87
f 646/18/87 600/18/87 645/18/87
f 645/18/87 600/18/87 641/18/87
f 600/18/87 640/18/87 641/18/87
f 644/31/87 643/30/87 642/23/87
f 643/30/87 636/29/87 642/23/87
f 642/23/87 636/29/87 630/20/87
f 641/18/87 640/18/87 639/18/87
f 640/18/87 637/18/87 639/18/87
f 639/18/87 637/18/87 638/18/87
f 638/18/87 637/18/87 633/18/87
f 637/18/87 628/18/87 633/18/87
f 636/29/87 635/28/87 630/20/87
f 635/28/87 634/27/87 630/20/87
f 634/27/87 629/18/87 630/20/87
f 633/18/87 628/18/87 632/18/87
f 632/18/87 628/18/87 631/18/87
f 631/18/87 628/18/87 629/18/87
f 627/19/87 630/20/87 629/18/87
f 629/18/87 628/18/87 627/19/87
f 628/18/87 623/18/87 627/19/87
f 627/19/87 623/18/87 583/16/87
f 623/18/87 624/18/87 583/16/87
f 583/16/87 624/18/87 581/17/87
f 624/18/87 626/18/87 581/17/87
f 609/18/87 581/17/87 626/18/87
f 609/18/45 626/18/70 610/18/45
f 625/18/70 610/18/45 626/18/70
f 624/18/71 623/18/30 622/18/71
f 621/18/30 622/18/71 623/18/30
f 620/18/72 619/18/72 618/18/33
f 617/18/33 618/18/33 619/18/72
f 606/18/54 616/18/54 604/18/78
f 615/18/78 604/18/78 616/18/54
f 614/24/56 613/22/55 612/24/56
f 611/22/55 612/24/56 613/22/55
f 582/15/44 581/17/44 610/18/45
f 609/18/45 610/18/45 581/17/44
f 592/21/83 596/22/82 603/21/83
f 608/22/82 603/21/83 596/22/82
f 607/18/63 606/18/63 605/18/64
f 604/18/64 605/18/64 606/18/63
f 592/21/83 603/21/83 591/14/86
f 595/14/86 591/14/86 603/21/83
f 602/18/28 601/18/28 600/18/67
f 599/18/67 600/18/67 601/18/28
f 598/20/42 597/23/52 596/22/42
f 588/24/52 596/22/42 597/23/52
f 591/14/86 595/14/86 594/15/53
f 593/15/53 594/15/53 595/14/86
f 592/21/43 591/14/26 590/19/43
f 589/16/26 590/19/43 591/14/26
f 588/24/51 587/25/50 586/24/51
f 585/25/50 586/24/51 587/25/50
f 584/14/41 583/16/41 582/15/44
f 581/17/44 582/15/44 583/16/41
f 580/18/81 579/18/81 578/18/29
f 577/18/29 578/18/29 579/18/81
f 720/33/87 718/33/87 719/34/87
f 719/34/87 718/33/87 717/35/87
f 718/33/87 716/33/87 717/35/87
f 717/35/87 716/33/87 715/36/87
f 716/33/87 714/33/87 715/36/87
f 714/33/87 566/33/87 715/36/87
f 566/33/87 531/37/87 715/36/87
f 566/33/87 714/33/87 565/33/87
f 531/37/87 532/38/87 715/36/87
f 565/33/87 714/33/87 567/33/87
f 715/36/87 532/38/87 713/39/87
f 714/33/87 712/33/87 567/33/87
f 532/38/87 569/40/87 713/39/87
f 569/40/87 568/41/87 713/39/87
f 713/39/87 568/41/87 711/42/87
f 567/33/87 712/33/87 570/33/87
f 570/33/87 712/33/87 573/33/87
f 712/33/87 709/33/87 573/33/87
f 568/41/87 562/43/87 711/42/87
f 711/42/87 562/43/87 710/44/87
f 562/43/87 561/45/87 710/44/87
f 561/45/87 571/43/87 710/44/87
f 710/44/87 571/43/87 707/42/87
f 573/33/87 709/33/87 535/33/87
f 709/33/87 708/33/87 535/33/87
f 535/33/87 708/33/87 533/33/87
f 533/33/87 708/33/87 560/33/87
f 708/33/87 706/33/87 560/33/87
f 571/43/87 572/41/87 707/42/87
f 572/41/87 576/40/87 707/42/87
f 707/42/87 576/40/87 705/39/87
f 560/33/87 706/33/87 559/33/87
f 559/33/87 706/33/87 574/33/87
f 706/33/87 704/33/87 574/33/87
f 576/40/87 564/38/87 705/39/87
f 564/38/87 563/37/87 705/39/87
f 563/37/87 538/33/87 705/39/87
f 574/33/87 704/33/87 575/33/87
f 575/33/87 704/33/87 537/33/87
f 537/33/87 704/33/87 538/33/87
f 703/36/87 705/39/87 538/33/87
f 538/33/87 704/33/87 703/36/87
f 704/33/87 702/33/87 703/36/87
f 703/36/87 702/33/87 701/35/87
f 702/33/87 700/33/87 701/35/87
f 701/35/87 700/33/87 698/34/87
f 700/33/87 699/33/87 698/34/87
f 697/33/87 698/34/87 699/33/87
f 734/46/147 730/47/148 733/48/147
f 728/49/148 733/48/147 730/47/148
f 729/50/149 743/51/150 727/52/149
f 744/53/150 727/52/149 743/51/150
f 742/54/151 741/55/151 760/56/152
f 762/57/152 760/56/152 741/55/151
f 757/51/153 792/50/154 758/53/153
f 782/52/154 758/53/153 792/50/154
f 761/58/155 738/59/156 759/58/155
f 736/60/156 759/58/155 738/59/156
f 737/61/157 766/62/158 735/63/157
f 765/64/158 735/63/157 766/62/158
f 764/65/159 722/66/160 763/67/159
f 721/68/160 763/67/159 722/66/160
f 792/50/154 732/47/161 782/52/154
f 731/49/161 782/52/154 732/47/161
f 791/58/87 789/69/87 790/70/87
f 788/53/87 790/70/87 789/69/87
f 787/64/87 788/53/87 789/69/87
f 786/48/87 788/53/87 787/64/87
f 785/67/87 786/48/87 787/64/87
s 0
f 747/58/87 786/48/87 785/67/87
s 1
f 747/58/87 754/56/87 786/48/87
f 745/60/87 747/58/87 785/67/87
f 784/71/87 786/48/87 754/56/87
f 783/72/87 745/60/87 785/67/87
f 756/54/87 784/71/87 754/56/87
f 758/53/87 784/71/87 756/54/87
f 781/73/87 784/71/87 758/53/87
f 739/63/87 745/60/87 783/72/87
f 725/64/87 739/63/87 783/72/87
f 780/74/87 725/64/87 783/72/87
f 782/52/87 781/73/87 758/53/87
f 731/49/87 781/73/87 782/52/87
f 779/75/87 781/73/87 731/49/87
f 723/76/87 725/64/87 780/74/87
f 721/68/87 723/76/87 780/74/87
f 777/33/87 721/68/87 780/74/87
f 733/48/87 779/75/87 731/49/87
f 778/73/87 779/75/87 733/48/87
f 728/49/87 778/73/87 733/48/87
f 727/52/87 778/73/87 728/49/87
f 775/71/87 778/73/87 727/52/87
f 763/67/87 721/68/87 777/33/87
f 776/74/87 763/67/87 777/33/87
f 749/68/87 763/67/87 776/74/87
f 750/76/87 749/68/87 776/74/87
f 774/72/87 750/76/87 776/74/87
f 744/53/87 775/71/87 727/52/87
f 773/48/87 775/71/87 744/53/87
f 742/54/87 773/48/87 744/53/87
f 760/56/87 773/48/87 742/54/87
f 759/58/87 773/48/87 760/56/87
f 765/64/87 750/76/87 774/72/87
f 772/67/87 765/64/87 774/72/87
f 735/63/87 765/64/87 772/67/87
f 736/60/87 735/63/87 772/67/87
f 759/58/87 736/60/87 772/67/87
f 771/53/87 773/48/87 759/58/87
f 772/67/87 771/53/87 759/58/87
f 770/64/87 771/53/87 772/67/87
f 768/70/87 771/53/87 770/64/87
f 769/69/87 768/70/87 770/64/87
f 767/58/87 768/70/87 769/69/87
f 766/62/158 752/77/162 765/64/158
f 750/76/162 765/64/158 752/77/162
f 764/65/159 763/67/159 751/66/163
f 749/68/163 751/66/163 763/67/159
f 762/57/152 761/58/155 760/56/152
f 759/58/155 760/56/152 761/58/155
f 758/53/153 756/54/164 757/51/153
f 755/55/164 757/51/153 756/54/164
f 756/54/164 754/56/165 755/55/164
f 753/57/165 755/55/164 754/56/165
f 746/59/166 745/60/166 740/61/167
f 739/63/167 740/61/167 745/60/166
f 754/56/165 747/58/168 753/57/165
f 748/58/168 753/57/165 747/58/168
f 752/77/162 751/66/163 750/76/162
f 749/68/163 750/76/162 751/66/163
f 748/58/168 747/58/168 746/59/166
f 745/60/166 746/59/166 747/58/168
f 744/53/150 743/51/150 742/54/151
f 741/55/151 742/54/151 743/51/150
f 740/61/167 739/63/167 726/62/169
f 725/64/169 726/62/169 739/63/167
f 738/59/156 737/61/157 736/60/156
f 735/63/157 736/60/156 737/61/157
f 734/46/147 733/48/147 732/47/161
f 731/49/161 732/47/161 733/48/147
f 730/47/148 729/50/149 728/49/148
f 727/52/149 728/49/148 729/50/149
f 724/77/170 726/62/169 723/76/170
f 725/64/169 723/76/170 726/62/169
f 724/77/170 723/76/170 722/66/160
f 721/68/160 722/66/160 723/76/170
f 833/1/1 796/2/2 819/3/1
f 794/4/2 819/3/1 796/2/2
f 811/5/3 809/3/4 836/6/3
f 840/1/4 836/6/3 809/3/4
f 798/7/5 797/7/5 813/7/6
f 824/7/6 813/7/6 797/7/5
f 803/7/7 806/7/8 801/7/7
f 839/7/8 801/7/7 806/7/8
f 817/5/9 815/8/10 832/6/9
f 826/9/10 832/6/9 815/8/10
f 810/7/11 823/7/11 808/7/12
f 838/7/12 808/7/12 823/7/11
f 818/7/13 834/7/13 816/7/14
f 837/7/14 816/7/14 834/7/13
f 840/1/4 809/3/4 828/2/15
f 807/4/15 828/2/15 809/3/4
f 806/7/8 808/7/12 839/7/8
f 838/7/12 839/7/8 808/7/12
f 816/7/14 837/7/14 800/7/16
f 799/7/16 800/7/16 837/7/14
f 812/8/17 811/5/3 835/9/17
f 836/6/3 835/9/17 811/5/3
f 814/10/18 812/8/17 825/11/18
f 835/9/17 825/11/18 812/8/17
f 820/7/19 831/7/19 818/7/13
f 834/7/13 818/7/13 831/7/19
f 795/12/20 830/7/21 793/13/20
f 822/7/21 793/13/20 830/7/21
f 819/3/1 817/5/9 833/1/1
f 832/6/9 833/1/1 817/5/9
f 821/7/22 829/7/22 820/7/19
f 831/7/19 820/7/19 829/7/22
f 827/12/23 805/13/23 802/7/24
f 804/7/24 802/7/24 805/13/23
f 822/7/21 830/7/21 821/7/22
f 829/7/22 821/7/22 830/7/21
f 828/2/15 807/4/15 827/12/23
f 805/13/23 827/12/23 807/4/15
f 815/8/10 814/10/18 826/9/10
f 825/11/18 826/9/10 814/10/18
f 813/7/6 824/7/6 810/7/11
f 823/7/11 810/7/11 824/7/6
f 822/7/25 821/7/25 793/13/25
f 821/7/25 820/7/25 793/13/25
f 793/13/25 820/7/25 794/4/25
f 794/4/25 820/7/25 819/3/25
f 820/7/25 818/7/25 819/3/25
f 819/3/25 818/7/25 817/5/25
f 818/7/25 816/7/25 817/5/25
f 817/5/25 816/7/25 815/8/25
f 816/7/25 800/7/25 815/8/25
f 815/8/25 800/7/25 814/10/25
f 800/7/25 798/7/25 814/10/25
f 798/7/25 813/7/25 814/10/25
f 814/10/25 813/7/25 812/8/25
f 813/7/25 810/7/25 812/8/25
f 812/8/25 810/7/25 811/5/25
f 811/5/25 810/7/25 809/3/25
f 810/7/25 808/7/25 809/3/25
f 809/3/25 808/7/25 807/4/25
f 808/7/25 806/7/25 807/4/25
f 807/4/25 806/7/25 805/13/25
f 806/7/25 803/7/25 805/13/25
f 804/7/25 805/13/25 803/7/25
f 804/7/24 803/7/7 802/7/24
f 801/7/7 802/7/24 803/7/7
f 800/7/16 799/7/16 798/7/5
f 797/7/5 798/7/5 799/7/16
f 796/2/2 795/12/20 794/4/2
f 793/13/20 794/4/2 795/12/20
f 934/14/26 958/15/27 940/16/26
f 938/17/27 940/16/26 958/15/27
f 881/18/28 944/18/28 959/18/29
f 942/18/29 959/18/29 944/18/28
f 929/18/30 952/18/30 933/18/31
f 950/18/31 933/18/31 952/18/30
f 841/18/32 929/18/32 865/18/33
f 933/18/33 865/18/33 929/18/32
f 931/18/34 927/18/34 884/18/35
f 883/18/35 884/18/35 927/18/34
f 854/19/36 862/20/37 856/21/36
f 860/22/37 856/21/36 862/20/37
f 932/18/38 948/18/38 927/18/39
f 926/18/39 927/18/39 948/18/38
f 933/18/31 950/18/31 932/18/38
f 948/18/38 932/18/38 950/18/31
f 867/21/40 951/19/40 859/14/41
f 953/16/41 859/14/41 951/19/40
f 875/22/42 935/21/43 943/20/42
f 941/19/43 943/20/42 935/21/43
f 935/21/43 934/14/26 941/19/43
f 940/16/26 941/19/43 934/14/26
f 857/15/44 955/17/44 880/18/45
f 957/18/45 880/18/45 955/17/44
f 906/23/46 894/20/47 878/24/46
f 877/22/47 878/24/46 894/20/47
f 890/18/48 888/18/49 889/18/48
f 886/18/49 889/18/48 888/18/49
f 851/25/50 878/24/51 849/25/50
f 876/24/51 849/25/50 878/24/51
f 876/24/52 875/22/42 945/23/52
f 943/20/42 945/23/52 875/22/42
f 958/15/53 846/15/53 960/18/54
f 874/18/54 960/18/54 846/15/53
f 860/22/55 852/24/56 872/22/55
f 850/24/56 872/22/55 852/24/56
f 923/18/57 886/18/57 959/18/58
f 885/18/58 959/18/58 886/18/57
f 849/25/59 876/24/52 946/26/59
f 945/23/52 946/26/59 876/24/52
f 911/26/60 906/23/46 851/25/60
f 878/24/46 851/25/60 906/23/46
f 867/21/40 872/22/61 951/19/40
f 949/20/61 951/19/40 872/22/61
f 872/22/61 850/24/62 949/20/61
f 947/23/62 949/20/61 850/24/62
f 936/18/63 960/18/63 937/18/64
f 924/18/64 937/18/64 960/18/63
f 855/14/65 858/15/66 853/16/65
f 922/17/66 853/16/65 858/15/66
f 883/18/67 925/18/67 881/18/28
f 944/18/28 881/18/28 925/18/67
f 938/17/27 958/15/27 936/18/63
f 960/18/63 936/18/63 958/15/27
f 892/18/68 882/18/68 887/18/69
f 885/18/69 887/18/69 882/18/68
f 957/18/45 956/18/70 880/18/45
f 879/18/70 880/18/45 956/18/70
f 954/18/71 952/18/30 930/18/71
f 929/18/30 930/18/71 952/18/30
f 956/18/70 954/18/71 879/18/70
f 930/18/71 879/18/70 954/18/71
f 863/18/72 932/18/72 931/18/34
f 927/18/34 931/18/34 932/18/72
f 868/18/73 879/18/73 843/18/74
f 930/18/74 843/18/74 879/18/73
f 882/18/75 881/18/75 885/18/58
f 959/18/58 885/18/58 881/18/75
f 858/15/76 857/15/76 870/18/77
f 880/18/77 870/18/77 857/15/76
f 960/18/54 874/18/54 924/18/78
f 889/18/78 924/18/78 874/18/54
f 869/18/79 868/18/79 844/18/80
f 843/18/80 844/18/80 868/18/79
f 859/14/41 953/16/41 857/15/44
f 955/17/44 857/15/44 953/16/41
f 939/18/81 923/18/81 942/18/29
f 959/18/29 942/18/29 923/18/81
f 877/22/82 928/21/83 875/22/82
f 935/21/83 875/22/82 928/21/83
f 850/24/62 849/25/59 947/23/62
f 946/26/59 947/23/62 849/25/59
f 904/18/84 931/18/84 901/18/85
f 884/18/85 901/18/85 931/18/84
f 934/14/86 848/14/86 958/15/53
f 846/15/53 958/15/53 848/14/86
f 937/18/64 924/18/64 939/18/81
f 923/18/81 939/18/81 924/18/64
f 957/18/87 955/17/87 956/18/87
f 956/18/87 955/17/87 954/18/87
f 955/17/87 953/16/87 954/18/87
f 954/18/87 953/16/87 952/18/87
f 953/16/87 951/19/87 952/18/87
f 952/18/87 951/19/87 950/18/87
f 951/19/87 949/20/87 950/18/87
f 950/18/87 949/20/87 948/18/87
f 949/20/87 947/23/87 948/18/87
f 948/18/87 947/23/87 926/18/87
f 947/23/87 946/26/87 926/18/87
f 926/18/87 946/26/87 925/18/87
f 946/26/87 945/23/87 925/18/87
f 925/18/87 945/23/87 944/18/87
f 945/23/87 943/20/87 944/18/87
f 944/18/87 943/20/87 942/18/87
f 943/20/87 941/19/87 942/18/87
f 942/18/87 941/19/87 939/18/87
f 941/19/87 940/16/87 939/18/87
f 940/16/87 938/17/87 939/18/87
f 939/18/87 938/17/87 937/18/87
f 936/18/87 937/18/87 938/17/87
f 842/18/88 841/18/88 866/18/89
f 865/18/89 866/18/89 841/18/88
f 935/21/83 928/21/83 934/14/86
f 848/14/86 934/14/86 928/21/83
f 865/18/33 933/18/33 863/18/72
f 932/18/72 863/18/72 933/18/33
f 928/21/90 891/19/90 848/14/91
f 847/16/91 848/14/91 891/19/90
f 864/18/92 863/18/92 904/18/84
f 931/18/84 904/18/84 863/18/92
f 843/18/74 930/18/74 841/18/32
f 929/18/32 841/18/32 930/18/74
f 894/20/47 891/19/90 877/22/47
f 928/21/90 877/22/47 891/19/90
f 927/18/39 926/18/39 883/18/67
f 925/18/67 883/18/67 926/18/39
f 861/23/93 911/26/60 852/24/93
f 851/25/60 852/24/93 911/26/60
f 901/18/85 884/18/85 892/18/68
f 882/18/68 892/18/68 884/18/85
f 922/17/66 858/15/66 871/18/94
f 870/18/94 871/18/94 858/15/66
f 924/18/78 889/18/78 923/18/57
f 886/18/57 923/18/57 889/18/78
f 871/18/25 869/18/25 922/17/25
f 922/17/25 869/18/25 853/16/25
f 869/18/25 844/18/25 853/16/25
f 853/16/25 844/18/25 854/19/25
f 844/18/25 842/18/25 854/19/25
f 842/18/25 921/18/25 854/19/25
f 921/18/25 920/27/25 854/19/25
f 921/18/25 842/18/25 919/18/25
f 920/27/25 918/28/25 854/19/25
f 919/18/25 842/18/25 916/18/25
f 854/19/25 918/28/25 862/20/25
f 842/18/25 866/18/25 916/18/25
f 918/28/25 917/29/25 862/20/25
f 917/29/25 914/30/25 862/20/25
f 862/20/25 914/30/25 861/23/25
f 916/18/25 866/18/25 915/18/25
f 915/18/25 866/18/25 910/18/25
f 866/18/25 864/18/25 910/18/25
f 914/30/25 913/31/25 861/23/25
f 861/23/25 913/31/25 911/26/25
f 913/31/25 912/32/25 911/26/25
f 912/32/25 908/31/25 911/26/25
f 911/26/25 908/31/25 906/23/25
f 910/18/25 864/18/25 909/18/25
f 909/18/25 864/18/25 905/18/25
f 864/18/25 904/18/25 905/18/25
f 908/31/25 907/30/25 906/23/25
f 907/30/25 900/29/25 906/23/25
f 906/23/25 900/29/25 894/20/25
f 905/18/25 904/18/25 903/18/25
f 904/18/25 901/18/25 903/18/25
f 903/18/25 901/18/25 902/18/25
f 902/18/25 901/18/25 897/18/25
f 901/18/25 892/18/25 897/18/25
f 900/29/25 899/28/25 894/20/25
f 899/28/25 898/27/25 894/20/25
f 898/27/25 893/18/25 894/20/25
f 897/18/25 892/18/25 896/18/25
f 896/18/25 892/18/25 895/18/25
f 895/18/25 892/18/25 893/18/25
f 891/19/25 894/20/25 893/18/25
f 893/18/25 892/18/25 891/19/25
f 892/18/25 887/18/25 891/19/25
f 891/19/25 887/18/25 847/16/25
f 887/18/25 888/18/25 847/16/25
f 847/16/25 888/18/25 845/17/25
f 888/18/25 890/18/25 845/17/25
f 873/18/25 845/17/25 890/18/25
f 873/18/95 890/18/48 874/18/95
f 889/18/48 874/18/95 890/18/48
f 888/18/49 887/18/69 886/18/49
f 885/18/69 886/18/49 887/18/69
f 884/18/35 883/18/35 882/18/75
f 881/18/75 882/18/75 883/18/35
f 870/18/77 880/18/77 868/18/73
f 879/18/73 868/18/73 880/18/77
f 878/24/51 877/22/82 876/24/51
f 875/22/82 876/24/51 877/22/82
f 846/15/96 845/17/96 874/18/95
f 873/18/95 874/18/95 845/17/96
f 856/21/97 860/22/55 867/21/97
f 872/22/55 867/21/97 860/22/55
f 871/18/94 870/18/94 869/18/79
f 868/18/79 869/18/79 870/18/94
f 856/21/97 867/21/97 855/14/98
f 859/14/98 855/14/98 867/21/97
f 866/18/89 865/18/89 864/18/92
f 863/18/92 864/18/92 865/18/89
f 862/20/37 861/23/93 860/22/37
f 852/24/93 860/22/37 861/23/93
f 855/14/98 859/14/98 858/15/76
f 857/15/76 858/15/76 859/14/98
f 856/21/36 855/14/65 854/19/36
f 853/16/65 854/19/36 855/14/65
f 852/24/56 851/25/50 850/24/56
f 849/25/50 850/24/56 851/25/50
f 848/14/91 847/16/91 846/15/96
f 845/17/96 846/15/96 847/16/91
f 844/18/80 843/18/80 842/18/88
f 841/18/88 842/18/88 843/18/80
f 984/33/25 982/33/25 983/34/25
f 983/34/25 982/33/25 981/35/25
f 982/33/25 980/33/25 981/35/25
f 981/35/25 980/33/25 979/36/25
f 980/33/25 978/33/25 979/36/25
f 978/33/25 830/33/25 979/36/25
f 830/33/25 795/37/25 979/36/25
f 830/33/25 978/33/25 829/33/25
f 795/37/25 796/38/25 979/36/25
f 829/33/25 978/33/25 831/33/25
f 979/36/25 796/38/25 977/39/25
f 978/33/25 976/33/25 831/33/25
f 796/38/25 833/40/25 977/39/25
f 833/40/25 832/41/25 977/39/25
f 977/39/25 832/41/25 975/42/25
f 831/33/25 976/33/25 834/33/25
f 834/33/25 976/33/25 837/33/25
f 976/33/25 973/33/25 837/33/25
f 832/41/25 826/43/25 975/42/25
f 975/42/25 826/43/25 974/44/25
f 826/43/25 825/45/25 974/44/25
f 825/45/25 835/43/25 974/44/25
f 974/44/25 835/43/25 971/42/25
f 837/33/25 973/33/25 799/33/25
f 973/33/25 972/33/25 799/33/25
f 799/33/25 972/33/25 797/33/25
f 797/33/25 972/33/25 824/33/25
f 972/33/25 970/33/25 824/33/25
f 835/43/25 836/41/25 971/42/25
f 836/41/25 840/40/25 971/42/25
f 971/42/25 840/40/25 969/39/25
f 824/33/25 970/33/25 823/33/25
f 823/33/25 970/33/25 838/33/25
f 970/33/25 968/33/25 838/33/25
f 840/40/25 828/38/25 969/39/25
f 828/38/25 827/37/25 969/39/25
f 827/37/25 802/33/25 969/39/25
f 838/33/25 968/33/25 839/33/25
f 839/33/25 968/33/25 801/33/25
f 801/33/25 968/33/25 802/33/25
f 967/36/25 969/39/25 802/33/25
f 802/33/25 968/33/25 967/36/25
f 968/33/25 966/33/25 967/36/25
f 967/36/25 966/33/25 965/35/25
f 966/33/25 964/33/25 965/35/25
f 965/35/25 964/33/25 962/34/25
f 964/33/25 963/33/25 962/34/25
f 961/33/25 962/34/25 963/33/25
f 998/46/99 994/47/100 997/48/99
f 992/49/100 997/48/99 994/47/100
f 993/50/101 1007/51/102 991/52/101
f 1008/53/102 991/52/101 1007/51/102
f 1006/54/103 1005/55/103 1024/56/104
f 1026/57/104 1024/56/104 1005/55/103
f 1021/51/105 1056/50/106 1022/53/105
f 1046/52/106 1022/53/105 1056/50/106
f 1025/58/107 1002/59/108 1023/58/107
f 1000/60/108 1023/58/107 1002/59/108
f 1001/61/109 1030/62/110 999/63/109
f 1029/64/110 999/63/109 1030/62/110
f 1028/65/111 986/66/112 1027/67/111
f 985/68/112 1027/67/111 986/66/112
f 1056/50/106 996/47/113 1046/52/106
f 995/49/113 1046/52/106 996/47/113
f 1055/58/25 1053/69/25 1054/70/25
f 1052/53/25 1054/70/25 1053/69/25
f 1051/64/25 1052/53/25 1053/69/25
f 1050/48/25 1052/53/25 1051/64/25
f 1049/67/25 1050/48/25 1051/64/25
s 0
f 1011/58/25 1050/48/25 1049/67/25
s 1
f 1011/58/25 1018/56/25 1050/48/25
f 1009/60/25 1011/58/25 1049/67/25
f 1048/71/25 1050/48/25 1018/56/25
f 1047/72/25 1009/60/25 1049/67/25
f 1020/54/25 1048/71/25 1018/56/25
f 1022/53/25 1048/71/25 1020/54/25
f 1045/73/25 1048/71/25 1022/53/25
f 1003/63/25 1009/60/25 1047/72/25
f 989/64/25 1003/63/25 1047/72/25
f 1044/74/25 989/64/25 1047/72/25
f 1046/52/25 1045/73/25 1022/53/25
f 995/49/25 1045/73/25 1046/52/25
f 1043/75/25 1045/73/25 995/49/25
f 987/76/25 989/64/25 1044/74/25
f 985/68/25 987/76/25 1044/74/25
f 1041/33/25 985/68/25 1044/74/25
f 997/48/25 1043/75/25 995/49/25
f 1042/73/25 1043/75/25 997/48/25
f 992/49/25 1042/73/25 997/48/25
f 991/52/25 1042/73/25 992/49/25
f 1039/71/25 1042/73/25 991/52/25
f 1027/67/25 985/68/25 1041/33/25
f 1040/74/25 1027/67/25 1041/33/25
f 1013/68/25 1027/67/25 1040/74/25
f 1014/76/25 1013/68/25 1040/74/25
f 1038/72/25 1014/76/25 1040/74/25
f 1008/53/25 1039/71/25 991/52/25
f 1037/48/25 1039/71/25 1008/53/25
f 1006/54/25 1037/48/25 1008/53/25
f 1024/56/25 1037/48/25 1006/54/25
f 1023/58/25 1037/48/25 1024/56/25
f 1029/64/25 1014/76/25 1038/72/25
f 1036/67/25 1029/64/25 1038/72/25
f 999/63/25 1029/64/25 1036/67/25
f 1000/60/25 999/63/25 1036/67/25
f 1023/58/25 1000/60/25 1036/67/25
f 1035/53/25 1037/48/25 1023/58/25
f 1036/67/25 1035/53/25 1023/58/25
f 1034/64/25 1035/53/25 1036/67/25
f 1032/70/25 1035/53/25 1034/64/25
f 1033/69/25 1032/70/25 1034/64/25
f 1031/58/25 1032/70/25 1033/69/25
f 1030/62/110 1016/77/114 1029/64/110
f 1014/76/114 1029/64/110 1016/77/114
f 1028/65/111 1027/67/111 1015/66/115
f 1013/68/115 1015/66/115 1027/67/111
f 1026/57/104 1025/58/107 1024/56/104
f 1023/58/107 1024/56/104 1025/58/107
f 1022/53/105 1020/54/116 1021/51/105
f 1019/55/116 1021/51/105 1020/54/116
f 1020/54/116 1018/56/117 1019/55/116
f 1017/57/117 1019/55/116 1018/56/117
f 1010/59/118 1009/60/118 1004/61/119
f 1003/63/119 1004/61/119 1009/60/118
f 1018/56/117 1011/58/120 1017/57/117
f 1012/58/120 1017/57/117 1011/58/120
f 1016/77/114 1015/66/115 1014/76/114
f 1013/68/115 1014/76/114 1015/66/115
f 1012/58/120 1011/58/120 1010/59/118
f 1009/60/118 1010/59/118 1011/58/120
f 1008/53/102 1007/51/102 1006/54/103
f 1005/55/103 1006/54/103 1007/51/102
f 1004/61/119 1003/63/119 990/62/121
f 989/64/121 990/62/121 1003/63/119
f 1002/59/108 1001/61/109 1000/60/108
f 999/63/109 1000/60/108 1001/61/109
f 998/46/99 997/48/99 996/47/113
f 995/49/113 996/47/113 997/48/99
f 994/47/100 993/50/101 992/49/100
f 991/52/101 992/49/100 993/50/101
f 988/77/122 990/62/121 987/76/122
f 989/64/121 987/76/122 990/62/121
f 988/77/122 987/76/122 986/66/112
f 985/68/112 986/66/112 987/76/122
f 1059/78/171 1058/79/172 1057/79/173
f 1058/79/172 1059/78/171 1060/78/174
f 1063/80/87 1062/79/87 1061/80/87
f 1062/79/87 1063/80/87 1057/79/87
f 1057/79/87 1063/80/87 1059/78/87
f 1059/78/87 1063/80/87 1064/81/87
f 1064/81/87 1063/80/87 1065/82/87
f 1064/81/87 1065/82/87 1066/83/87
f 1066/83/87 1065/82/87 1067/84/87
f 1066/83/87 1067/84/87 1068/85/87
f 1066/83/87 1068/85/87 1069/86/87
f 1069/86/87 1068/85/87 1070/87/87
f 1069/86/87 1070/87/87 1071/88/87
f 1069/86/87 1071/88/87 1072/89/87
f 1072/89/87 1071/88/87 1073/90/87
f 1072/89/87 1073/90/87 1074/91/87
f 1074/91/87 1073/90/87 1075/92/87
f 1074/91/87 1075/92/87 1076/90/87
f 1074/91/87 1076/90/87 1077/89/87
f 1077/89/87 1076/90/87 1078/88/87
f 1077/89/87 1078/88/87 1079/86/87
f 1079/86/87 1078/88/87 1080/87/87
f 1079/86/87 1080/87/87 1081/83/87
f 1081/83/87 1080/87/87 1082/85/87
f 1081/83/87 1082/85/87 1083/84/87
f 1081/83/87 1083/84/87 1084/81/87
f 1084/81/87 1083/84/87 1085/82/87
f 1084/81/87 1085/82/87 1086/80/87
f 1084/81/87 1086/80/87 1087/82/87
f 1084/81/87 1087/82/87 1088/78/87
f 1087/82/87 1086/80/87 1089/80/87
f 1087/82/87 1089/80/87 1090/82/87
f 1090/82/87 1089/80/87 1091/78/87
f 1091/78/87 1089/80/87 1092/81/87
f 1092/81/87 1089/80/87 1093/82/87
f 1092/81/87 1093/82/87 1094/83/87
f 1094/83/87 1093/82/87 1095/84/87
f 1094/83/87 1095/84/87 1096/85/87
f 1094/83/87 1096/85/87 1097/86/87
f 1097/86/87 1096/85/87 1098/87/87
f 1097/86/87 1098/87/87 1099/88/87
f 1097/86/87 1099/88/87 1100/89/87
f 1100/89/87 1099/88/87 1101/90/87
f 1100/89/87 1101/90/87 1102/91/87
f 1102/91/87 1101/90/87 1103/92/87
f 1102/91/87 1103/92/87 1104/90/87
f 1102/91/87 1104/90/87 1105/89/87
f 1105/89/87 1104/90/87 1106/88/87
f 1105/89/87 1106/88/87 1107/86/87
f 1107/86/87 1106/88/87 1108/87/87
f 1107/86/87 1108/87/87 1109/83/87
f 1109/83/87 1108/87/87 1110/85/87
f 1109/83/87 1110/85/87 1111/84/87
f 1109/83/87 1111/84/87 1112/81/87
f 1112/81/87 1111/84/87 1113/82/87
f 1112/81/87 1113/82/87 1114/80/87
f 1112/81/87 1114/80/87 1115/80/87
f 1112/81/87 1115/80/87 1116/79/87
f 1112/81/87 1116/79/87 1117/78/87
f 1116/79/87 1115/80/87 1118/79/87
f 1121/79/25 1120/81/25 1119/78/25
f 1122/80/25 1120/81/25 1121/79/25
f 1122/80/25 1121/79/25 1123/79/25
f 1124/80/25 1120/81/25 1122/80/25
f 1125/82/25 1120/81/25 1124/80/25
f 1126/84/25 1120/81/25 1125/82/25
f 1126/84/25 1127/83/25 1120/81/25
f 1128/85/25 1127/83/25 1126/84/25
f 1129/87/25 1127/83/25 1128/85/25
f 1129/87/25 1130/86/25 1127/83/25
f 1131/88/25 1130/86/25 1129/87/25
f 1131/88/25 1132/89/25 1130/86/25
f 1133/90/25 1132/89/25 1131/88/25
f 1134/92/25 1132/89/25 1133/90/25
f 1134/92/25 1135/91/25 1132/89/25
f 1136/90/25 1135/91/25 1134/92/25
f 1136/90/25 1137/89/25 1135/91/25
f 1138/88/25 1137/89/25 1136/90/25
f 1138/88/25 1139/86/25 1137/89/25
f 1140/87/25 1139/86/25 1138/88/25
f 1141/85/25 1139/86/25 1140/87/25
f 1141/85/25 1142/83/25 1139/86/25
f 1143/84/25 1142/83/25 1141/85/25
f 1144/82/25 1142/83/25 1143/84/25
f 1142/83/25 1144/82/25 1145/81/25
f 1146/80/25 1145/81/25 1144/82/25
f 1146/80/25 1147/78/25 1145/81/25
f 1146/80/25 1148/82/25 1147/78/25
f 1146/80/25 1149/82/25 1148/82/25
f 1150/80/25 1149/82/25 1146/80/25
f 1150/80/25 1151/81/25 1149/82/25
f 1149/82/25 1151/81/25 1152/78/25
f 1153/82/25 1151/81/25 1150/80/25
f 1154/84/25 1151/81/25 1153/82/25
f 1154/84/25 1155/83/25 1151/81/25
f 1156/85/25 1155/83/25 1154/84/25
f 1157/87/25 1155/83/25 1156/85/25
f 1157/87/25 1158/86/25 1155/83/25
f 1159/88/25 1158/86/25 1157/87/25
f 1159/88/25 1160/89/25 1158/86/25
f 1161/90/25 1160/89/25 1159/88/25
f 1162/92/25 1160/89/25 1161/90/25
f 1162/92/25 1163/91/25 1160/89/25
f 1164/90/25 1163/91/25 1162/92/25
f 1164/90/25 1165/89/25 1163/91/25
f 1166/88/25 1165/89/25 1164/90/25
f 1166/88/25 1167/86/25 1165/89/25
f 1168/87/25 1167/86/25 1166/88/25
f 1169/85/25 1167/86/25 1168/87/25
f 1169/85/25 1170/83/25 1167/86/25
f 1171/84/25 1170/83/25 1169/85/25
f 1172/82/25 1170/83/25 1171/84/25
f 1170/83/25 1172/82/25 1173/81/25
f 1174/80/25 1173/81/25 1172/82/25
f 1174/80/25 1175/78/25 1173/81/25
f 1174/80/25 1176/79/25 1175/78/25
f 1177/80/25 1176/79/25 1174/80/25
f 1176/79/25 1177/80/25 1178/79/25
f 1181/93/175 1180/81/175 1179/93/175
f 1180/81/175 1181/93/175 1182/78/176
f 1182/78/176 1181/93/175 1183/79/175
f 1183/79/175 1181/93/175 1184/79/175
f 1184/79/175 1181/93/175 1185/93/175
f 1188/93/175 1187/79/175 1186/93/175
f 1187/79/175 1188/93/175 1189/79/175
f 1189/79/175 1188/93/175 1190/78/175
f 1190/78/175 1188/93/175 1191/81/175
f 1191/81/175 1188/93/175 1192/93/175
f 1107/86/55 1194/83/97 1193/86/55
f 1194/83/97 1107/86/55 1109/83/97
f 1077/89/56 1196/86/55 1195/89/56
f 1196/86/55 1077/89/56 1079/86/55
f 1197/86/82 1137/89/51 1139/86/82
f 1137/89/51 1197/86/82 1198/89/51
f 1199/89/56 1158/86/55 1160/89/56
f 1158/86/55 1199/89/56 1200/86/55
f 1201/83/83 1167/86/82 1170/83/83
f 1167/86/82 1201/83/83 1202/86/82
f 1203/78/177 1145/81/86 1147/78/53
f 1145/81/86 1203/78/177 1204/81/178
f 1151/81/98 1206/93/179 1205/81/180
f 1206/93/179 1151/81/98 1155/83/97
f 1206/93/179 1155/83/97 1207/83/97
f 1079/86/55 1208/83/97 1196/86/55
f 1208/83/97 1079/86/55 1081/83/97
f 1209/83/83 1139/86/82 1142/83/83
f 1139/86/82 1209/83/83 1197/86/82
f 1200/86/55 1155/83/97 1158/86/55
f 1155/83/97 1200/86/55 1207/83/97
f 1198/89/51 1135/91/50 1137/89/51
f 1135/91/50 1198/89/51 1210/91/50
f 1210/91/50 1132/89/56 1135/91/50
f 1132/89/56 1210/91/50 1211/89/56
f 1212/86/55 1127/83/97 1130/86/55
f 1127/83/97 1212/86/55 1213/83/97
f 1074/91/50 1195/89/56 1214/91/50
f 1195/89/56 1074/91/50 1077/89/56
f 1215/91/50 1160/89/56 1163/91/50
f 1160/89/56 1215/91/50 1199/89/56
f 1092/81/86 1216/78/177 1091/78/53
f 1216/78/177 1092/81/86 1217/81/178
f 1202/86/82 1165/89/51 1167/86/82
f 1165/89/51 1202/86/82 1218/89/51
f 1221/79/181 1220/93/181 1219/93/181
f 1220/93/181 1221/79/181 1058/79/181
f 1220/93/181 1058/79/181 1060/78/182
f 1220/93/181 1060/78/182 1222/81/181
f 1220/93/181 1222/81/181 1223/93/181
f 1225/81/180 1088/78/76 1224/78/183
f 1088/78/76 1225/81/180 1084/81/98
f 1225/81/181 1227/93/181 1226/93/181
f 1227/93/181 1225/81/181 1224/78/181
f 1227/93/181 1224/78/181 1228/82/181
f 1227/93/181 1228/82/181 1217/81/181
f 1217/81/181 1228/82/181 1216/78/181
f 1216/78/181 1228/82/181 1229/82/181
f 1120/81/98 1182/78/184 1119/78/185
f 1182/78/184 1120/81/98 1180/81/180
f 1230/93/175 1205/81/175 1206/93/175
f 1205/81/175 1230/93/175 1231/78/175
f 1231/78/175 1230/93/175 1232/82/175
f 1232/82/175 1230/93/175 1204/81/175
f 1232/82/175 1204/81/175 1203/78/175
f 1232/82/175 1203/78/175 1233/82/175
f 1234/78/186 1112/81/98 1117/78/187
f 1112/81/98 1234/78/186 1235/81/180
f 1094/83/83 1237/86/82 1236/83/83
f 1237/86/82 1094/83/83 1097/86/82
f 1072/89/51 1214/91/50 1238/89/51
f 1214/91/50 1072/89/51 1074/91/50
f 1064/81/86 1060/78/174 1059/78/171
f 1060/78/174 1064/81/86 1222/81/178
f 1091/78/53 1229/82/188 1090/82/188
f 1229/82/188 1091/78/53 1216/78/177
f 1152/78/76 1205/81/180 1231/78/183
f 1205/81/180 1152/78/76 1151/81/98
f 1066/83/83 1222/81/178 1064/81/86
f 1222/81/178 1066/83/83 1223/93/189
f 1223/93/189 1066/83/83 1239/83/83
f 1149/82/190 1231/78/183 1232/82/190
f 1231/78/183 1149/82/190 1152/78/76
f 1100/89/51 1241/91/50 1240/89/51
f 1241/91/50 1100/89/51 1102/91/50
f 1120/81/98 1179/93/191 1180/81/180
f 1179/93/191 1120/81/98 1127/83/97
f 1179/93/191 1127/83/97 1213/83/97
f 1230/93/189 1145/81/86 1204/81/178
f 1145/81/86 1230/93/189 1142/83/83
f 1142/83/83 1230/93/189 1209/83/83
f 1203/78/177 1148/82/188 1233/82/188
f 1148/82/188 1203/78/177 1147/78/53
f 1105/89/56 1193/86/55 1242/89/56
f 1193/86/55 1105/89/56 1107/86/55
f 1226/93/179 1084/81/98 1225/81/180
f 1084/81/98 1226/93/179 1081/83/97
f 1081/83/97 1226/93/179 1208/83/97
f 1243/93/191 1112/81/98 1235/81/180
f 1112/81/98 1243/93/191 1109/83/97
f 1109/83/97 1243/93/191 1194/83/97
f 1218/89/51 1163/91/50 1165/89/51
f 1163/91/50 1218/89/51 1215/91/50
f 1102/91/50 1242/89/56 1241/91/50
f 1242/89/56 1102/91/50 1105/89/56
f 1190/78/192 1176/79/173 1189/79/193
f 1176/79/173 1190/78/192 1175/78/171
f 1087/82/50 1229/82/50 1228/82/50
f 1229/82/50 1087/82/50 1090/82/50
f 1069/86/82 1238/89/51 1244/86/82
f 1238/89/51 1069/86/82 1072/89/51
f 1190/78/192 1173/81/86 1175/78/171
f 1173/81/86 1190/78/192 1191/81/178
f 1224/78/183 1087/82/190 1228/82/190
f 1087/82/190 1224/78/183 1088/78/76
f 1092/81/86 1227/93/189 1217/81/178
f 1227/93/189 1092/81/86 1094/83/83
f 1227/93/189 1094/83/83 1236/83/83
f 1097/86/82 1240/89/51 1237/86/82
f 1240/89/51 1097/86/82 1100/89/51
f 1191/81/178 1170/83/83 1173/81/86
f 1170/83/83 1191/81/178 1192/93/189
f 1170/83/83 1192/93/189 1201/83/83
f 1232/82/50 1148/82/50 1149/82/50
f 1148/82/50 1232/82/50 1233/82/50
f 1211/89/56 1130/86/55 1132/89/56
f 1130/86/55 1211/89/56 1212/86/55
f 1185/93/194 1245/79/194 1184/79/194
f 1245/79/194 1185/93/194 1246/93/194
s 0
f 1246/93/194 1185/93/194 1247/93/194
f 1246/93/194 1247/93/194 1248/93/194
f 1246/93/194 1248/93/194 1249/93/194
f 1246/93/194 1249/93/194 1250/93/194
s 1
f 1234/78/186 1116/79/195 1251/79/196
f 1116/79/195 1234/78/186 1117/78/187
f 1066/83/83 1244/86/82 1239/83/83
f 1244/86/82 1066/83/83 1069/86/82
f 1235/81/181 1252/93/181 1243/93/181
f 1252/93/181 1235/81/181 1234/78/197
f 1252/93/181 1234/78/197 1251/79/181
f 1252/93/181 1251/79/181 1245/79/181
f 1252/93/181 1245/79/181 1246/93/181
f 1119/78/185 1183/79/196 1121/79/198
f 1183/79/196 1119/78/185 1182/78/184
f 1219/93/199 1187/79/199 1221/79/199
f 1187/79/199 1219/93/199 1186/93/199
f 1255/79/200 1254/80/201 1253/80/200
f 1254/80/201 1255/79/200 1256/79/201
f 1257/79/202 1122/80/203 1123/79/203
f 1122/80/203 1257/79/202 1258/80/202
f 1259/80/204 1118/79/205 1115/80/205
f 1118/79/205 1259/80/204 1260/79/204
f 1257/79/202 1253/80/200 1258/80/202
f 1253/80/200 1257/79/202 1255/79/200
f 1061/80/206 1262/79/207 1261/80/207
f 1262/79/207 1061/80/206 1062/79/206
f 1178/79/208 1264/80/209 1263/79/209
f 1264/80/209 1178/79/208 1177/80/208
f 1262/79/207 1265/80/210 1261/80/207
f 1265/80/210 1262/79/207 1266/79/210
f 1057/79/173 1262/79/50 1062/79/50
f 1057/79/173 1266/79/50 1262/79/50
f 1058/79/172 1266/79/50 1057/79/173
f 1221/79/50 1266/79/50 1058/79/172
f 1187/79/50 1266/79/50 1221/79/50
f 1266/79/50 1187/79/50 1267/79/50
f 1189/79/193 1267/79/50 1187/79/50
f 1189/79/193 1263/79/50 1267/79/50
f 1176/79/173 1263/79/50 1189/79/193
f 1263/79/50 1176/79/173 1178/79/50
f 1146/80/34 1268/80/34 1150/80/34
f 1268/80/34 1146/80/34 1269/80/34
s 0
f 1268/80/211 1269/80/211 1270/80/211
s 1
f 1271/80/34 1270/80/34 1269/80/34
f 1271/80/34 1269/80/34 1272/80/34
f 1265/80/34 1270/80/34 1271/80/34
f 1265/80/34 1271/80/34 1063/80/34
f 1265/80/34 1063/80/34 1261/80/34
f 1261/80/34 1063/80/34 1061/80/34
f 1273/80/34 1270/80/34 1265/80/34
f 1264/80/34 1270/80/34 1273/80/34
f 1264/80/34 1174/80/34 1270/80/34
f 1174/80/34 1264/80/34 1177/80/34
f 1269/80/34 1274/80/34 1272/80/34
s 0
f 1275/80/211 1272/80/211 1274/80/211
s 1
f 1272/80/34 1275/80/34 1086/80/34
f 1086/80/34 1275/80/34 1089/80/34
f 1269/80/34 1254/80/34 1274/80/34
f 1274/80/34 1254/80/34 1114/80/34
f 1276/80/34 1254/80/34 1269/80/34
f 1114/80/34 1254/80/34 1259/80/34
f 1114/80/34 1259/80/34 1115/80/34
f 1276/80/34 1253/80/34 1254/80/34
f 1276/80/34 1258/80/34 1253/80/34
f 1276/80/34 1122/80/34 1258/80/34
f 1122/80/34 1276/80/34 1124/80/34
f 1266/79/210 1273/80/212 1265/80/210
f 1273/80/212 1266/79/210 1267/79/212
f 1267/79/212 1264/80/209 1273/80/212
f 1264/80/209 1267/79/212 1263/79/209
f 1256/79/201 1259/80/204 1254/80/201
f 1259/80/204 1256/79/201 1260/79/204
f 1116/79/195 1245/79/50 1251/79/196
f 1245/79/50 1116/79/195 1256/79/50
f 1256/79/50 1184/79/50 1245/79/50
f 1256/79/50 1116/79/195 1260/79/50
f 1260/79/50 1116/79/195 1118/79/50
f 1255/79/50 1184/79/50 1256/79/50
f 1255/79/50 1183/79/196 1184/79/50
f 1257/79/50 1183/79/196 1255/79/50
f 1123/79/50 1183/79/196 1257/79/50
f 1183/79/196 1123/79/50 1121/79/198
f 1279/94/50 1278/94/50 1277/94/50
f 1278/94/50 1279/94/50 1280/94/50
f 1280/94/50 1279/94/50 1281/94/50
s 0
f 1281/94/50 1279/94/50 1282/94/50
s 1
f 1281/94/54 1284/92/54 1283/92/54
f 1284/92/54 1281/94/54 1280/94/54
f 1287/95/77 1286/7/77 1285/7/77
f 1286/7/77 1287/95/77 1288/95/77
f 1291/7/213 1290/96/214 1289/7/213
f 1290/96/214 1291/7/213 1292/96/214
f 1294/7/215 1289/7/213 1293/7/215
f 1289/7/213 1294/7/215 1291/7/213
f 1296/96/216 1293/7/215 1295/96/216
f 1293/7/215 1296/96/216 1294/7/215
f 1299/97/217 1298/95/218 1297/95/218
f 1298/95/218 1299/97/217 1300/97/217
f 1292/96/214 1299/97/217 1290/96/214
f 1299/97/217 1292/96/214 1300/97/217
f 1296/96/54 1291/7/54 1294/7/54
f 1291/7/54 1296/96/54 1292/96/54
f 1292/96/54 1296/96/54 1301/97/54
f 1292/96/54 1301/97/54 1300/97/54
f 1300/97/54 1301/97/54 1302/95/54
f 1300/97/54 1302/95/54 1298/95/54
f 1297/95/218 1302/95/219 1303/95/219
f 1302/95/219 1297/95/218 1298/95/218
f 1301/97/220 1295/96/216 1304/97/220
f 1295/96/216 1301/97/220 1296/96/216
f 1303/95/219 1301/97/220 1304/97/220
f 1301/97/220 1303/95/219 1302/95/219
f 1307/7/215 1306/96/216 1305/7/215
f 1306/96/216 1307/7/215 1308/96/216
f 1310/7/213 1305/7/215 1309/7/213
f 1305/7/215 1310/7/213 1307/7/215
f 1312/96/214 1309/7/213 1311/96/214
f 1309/7/213 1312/96/214 1310/7/213
f 1315/97/220 1314/95/219 1313/95/219
f 1314/95/219 1315/97/220 1316/97/220
f 1308/96/216 1315/97/220 1306/96/216
f 1315/97/220 1308/96/216 1316/97/220
f 1312/96/77 1307/7/77 1310/7/77
f 1307/7/77 1312/96/77 1308/96/77
f 1308/96/77 1312/96/77 1317/97/77
f 1308/96/77 1317/97/77 1316/97/77
f 1316/97/77 1317/97/77 1318/95/77
f 1316/97/77 1318/95/77 1314/95/77
f 1313/95/219 1318/95/218 1319/95/218
f 1318/95/218 1313/95/219 1314/95/219
f 1317/97/217 1311/96/214 1320/97/217
f 1311/96/214 1317/97/217 1312/96/214
f 1319/95/218 1317/97/217 1320/97/217
f 1317/97/217 1319/95/218 1318/95/218
f 1323/98/54 1322/99/54 1321/99/54
f 1322/99/54 1323/98/54 1324/98/54
f 1325/100/57 1157/101/58 1156/100/57
f 1157/101/58 1325/100/57 1326/101/58
f 1327/102/75 1161/103/35 1159/102/75
f 1161/103/35 1327/102/75 1328/103/35
f 1169/100/74 1329/104/73 1171/104/73
f 1329/104/73 1169/100/74 1330/100/74
f 1331/102/75 1133/103/35 1131/102/75
f 1133/103/35 1331/102/75 1332/103/35
f 1333/100/57 1129/101/58 1128/100/57
f 1129/101/58 1333/100/57 1334/101/58
f 1085/105/221 1272/106/54 1086/106/54
f 1272/106/54 1085/105/221 1335/105/221
f 1336/107/34 1164/103/72 1162/107/34
f 1164/103/72 1336/107/34 1337/103/72
f 1337/103/72 1336/107/34 1338/107/222
f 1144/105/223 1269/106/77 1146/106/77
f 1269/106/77 1144/105/223 1339/105/223
f 1172/105/223 1270/106/77 1174/106/77
f 1270/106/77 1172/105/223 1340/105/223
f 1334/101/58 1131/102/75 1129/101/58
f 1131/102/75 1334/101/58 1331/102/75
f 1341/102/33 1140/101/32 1138/102/33
f 1140/101/32 1341/102/33 1342/101/32
f 1343/102/33 1168/101/32 1166/102/33
f 1168/101/32 1343/102/33 1344/101/32
f 1332/103/35 1134/107/34 1133/103/35
f 1134/107/34 1332/103/35 1345/107/34
f 1346/103/72 1138/102/33 1136/103/72
f 1138/102/33 1346/103/72 1341/102/33
f 1168/101/32 1330/100/74 1169/100/74
f 1330/100/74 1168/101/32 1344/101/32
f 1326/101/58 1159/102/75 1157/101/58
f 1159/102/75 1326/101/58 1327/102/75
f 1143/104/73 1339/105/223 1144/105/223
f 1339/105/223 1143/104/73 1347/104/73
f 1348/104/78 1156/100/57 1154/104/78
f 1156/100/57 1348/104/78 1325/100/57
f 1349/105/221 1154/104/78 1153/105/221
f 1154/104/78 1349/105/221 1348/104/78
f 1171/104/73 1340/105/223 1172/105/223
f 1340/105/223 1171/104/73 1329/104/73
f 1337/103/72 1166/102/33 1164/103/72
f 1166/102/33 1337/103/72 1343/102/33
f 1141/100/74 1347/104/73 1143/104/73
f 1347/104/73 1141/100/74 1350/100/74
f 1351/105/221 1126/104/78 1125/105/221
f 1126/104/78 1351/105/221 1352/104/78
f 1140/101/32 1350/100/74 1141/100/74
f 1350/100/74 1140/101/32 1342/101/32
f 1352/104/78 1128/100/57 1126/104/78
f 1128/100/57 1352/104/78 1333/100/57
f 1328/103/35 1162/107/34 1161/103/35
f 1162/107/34 1328/103/35 1336/107/34
f 1336/107/34 1328/103/35 1338/107/224
f 1113/105/221 1274/106/54 1114/106/54
f 1274/106/54 1113/105/221 1353/105/221
f 1345/107/34 1136/103/72 1134/107/34
f 1136/103/72 1345/107/34 1346/103/72
f 1111/104/78 1353/105/221 1113/105/221
f 1353/105/221 1111/104/78 1354/104/78
f 1355/105/223 1089/106/77 1275/106/77
f 1089/106/77 1355/105/223 1093/105/223
f 1103/107/34 1357/103/72 1356/107/34
f 1357/103/72 1103/107/34 1101/103/72
f 1101/103/72 1358/102/33 1357/103/72
f 1358/102/33 1101/103/72 1099/102/33
f 1108/101/58 1359/100/57 1110/100/57
f 1359/100/57 1108/101/58 1360/101/58
f 1361/104/73 1093/105/223 1355/105/223
f 1093/105/223 1361/104/73 1095/104/73
f 1363/101/32 1096/100/74 1362/100/74
f 1096/100/74 1363/101/32 1098/101/32
f 1362/100/74 1095/104/73 1361/104/73
f 1095/104/73 1362/100/74 1096/100/74
f 1099/102/33 1363/101/32 1358/102/33
f 1363/101/32 1099/102/33 1098/101/32
f 1108/101/58 1364/102/75 1360/101/58
f 1364/102/75 1108/101/58 1106/102/75
f 1104/103/35 1356/107/34 1365/103/35
f 1356/107/34 1104/103/35 1103/107/34
f 1110/100/57 1354/104/78 1111/104/78
f 1354/104/78 1110/100/57 1359/100/57
f 1106/102/75 1365/103/35 1364/102/75
f 1365/103/35 1106/102/75 1104/103/35
f 1274/106/87 1355/105/87 1275/106/87
f 1355/105/87 1274/106/87 1361/104/87
f 1361/104/87 1274/106/87 1362/100/87
f 1362/100/87 1274/106/87 1363/101/87
f 1363/101/87 1274/106/87 1358/102/87
f 1358/102/87 1274/106/87 1357/103/87
f 1357/103/87 1274/106/87 1356/107/87
f 1356/107/87 1274/106/87 1365/103/87
f 1365/103/87 1274/106/87 1364/102/87
f 1364/102/87 1274/106/87 1360/101/87
f 1360/101/87 1274/106/87 1359/100/87
f 1359/100/87 1274/106/87 1354/104/87
f 1354/104/87 1274/106/87 1353/105/87
f 1347/104/25 1269/106/25 1339/105/25
f 1269/106/25 1347/104/25 1276/106/25
f 1276/106/25 1347/104/25 1350/100/25
f 1276/106/25 1350/100/25 1342/101/25
f 1276/106/25 1342/101/25 1341/102/25
f 1276/106/25 1341/102/25 1346/103/25
f 1276/106/25 1346/103/25 1345/107/25
f 1276/106/25 1345/107/25 1332/103/25
f 1276/106/25 1332/103/25 1331/102/25
f 1276/106/25 1331/102/25 1334/101/25
f 1276/106/25 1334/101/25 1333/100/25
f 1276/106/25 1333/100/25 1352/104/25
f 1276/106/25 1352/104/25 1351/105/25
f 1351/105/221 1124/106/54 1276/106/54
f 1124/106/54 1351/105/221 1125/105/221
f 1349/105/221 1150/106/54 1268/106/54
f 1150/106/54 1349/105/221 1153/105/221
f 1083/104/78 1335/105/221 1085/105/221
f 1335/105/221 1083/104/78 1366/104/78
f 1367/105/223 1063/106/77 1271/106/77
f 1063/106/77 1367/105/223 1065/105/223
f 1370/107/34 1369/103/72 1368/107/222
f 1369/103/72 1370/107/34 1073/103/72
f 1073/103/72 1370/107/34 1075/107/34
f 1073/103/72 1371/102/33 1369/103/72
f 1371/102/33 1073/103/72 1071/102/33
f 1082/100/57 1373/101/58 1372/100/57
f 1373/101/58 1082/100/57 1080/101/58
f 1374/104/73 1065/105/223 1367/105/223
f 1065/105/223 1374/104/73 1067/104/73
f 1376/101/32 1068/100/74 1375/100/74
f 1068/100/74 1376/101/32 1070/101/32
f 1375/100/74 1067/104/73 1374/104/73
f 1067/104/73 1375/100/74 1068/100/74
f 1080/101/58 1377/102/75 1373/101/58
f 1377/102/75 1080/101/58 1078/102/75
f 1076/103/35 1368/107/224 1378/103/35
f 1368/107/224 1076/103/35 1370/107/34
f 1370/107/34 1076/103/35 1075/107/34
f 1071/102/33 1376/101/32 1371/102/33
f 1376/101/32 1071/102/33 1070/101/32
f 1082/100/57 1366/104/78 1083/104/78
f 1366/104/78 1082/100/57 1372/100/57
f 1078/102/75 1378/103/35 1377/102/75
f 1378/103/35 1078/102/75 1076/103/35
f 1272/106/87 1367/105/87 1271/106/87
f 1367/105/87 1272/106/87 1374/104/87
f 1374/104/87 1272/106/87 1375/100/87
f 1375/100/87 1272/106/87 1376/101/87
f 1376/101/87 1272/106/87 1371/102/87
f 1371/102/87 1272/106/87 1369/103/87
f 1369/103/87 1272/106/87 1368/107/87
f 1368/107/87 1272/106/87 1378/103/87
f 1378/103/87 1272/106/87 1377/102/87
f 1377/102/87 1272/106/87 1373/101/87
f 1373/101/87 1272/106/87 1372/100/87
f 1372/100/87 1272/106/87 1366/104/87
f 1366/104/87 1272/106/87 1335/105/87
f 1329/104/25 1270/106/25 1340/105/25
f 1270/106/25 1329/104/25 1268/106/25
f 1268/106/25 1329/104/25 1330/100/25
f 1268/106/25 1330/100/25 1344/101/25
f 1268/106/25 1344/101/25 1343/102/25
f 1268/106/25 1343/102/25 1337/103/25
f 1268/106/25 1337/103/25 1338/107/25
f 1268/106/25 1338/107/25 1328/103/25
f 1268/106/25 1328/103/25 1327/102/25
f 1268/106/25 1327/102/25 1326/101/25
f 1268/106/25 1326/101/25 1325/100/25
f 1268/106/25 1325/100/25 1348/104/25
f 1268/106/25 1348/104/25 1349/105/25
f 1381/108/225 1380/109/226 1379/109/226
f 1380/109/226 1381/108/225 1382/110/226
f 1382/110/226 1381/108/225 1383/110/226
f 1384/108/225 1383/110/226 1381/108/225
f 1385/109/226 1383/110/226 1384/108/225
f 1383/110/226 1385/109/226 1386/109/226
f 1387/109/77 1279/111/77 1277/111/77
f 1279/111/77 1387/109/77 1388/109/77
f 1389/112/77 1248/113/77 1247/113/77
f 1248/113/77 1389/112/77 1390/112/77
f 1393/112/54 1392/114/54 1391/114/54
f 1392/114/54 1393/112/54 1394/112/54
s 0
f 1395/112/54 1394/112/54 1393/112/54
f 1395/112/54 1396/112/54 1394/112/54
s 1
f 1186/113/54 1396/112/54 1395/112/54
f 1396/112/54 1186/113/54 1219/113/54
f 1399/114/205 1398/109/206 1397/114/206
f 1398/109/206 1399/114/205 1400/109/205
f 1403/109/227 1402/114/228 1401/114/227
f 1402/114/228 1403/109/227 1404/109/228
f 1399/114/34 1406/114/34 1405/114/34
f 1406/114/34 1399/114/34 1407/114/34
f 1407/114/34 1399/114/34 1401/114/34
f 1401/114/34 1399/114/34 1397/114/34
f 1401/114/34 1392/114/34 1407/114/34
f 1401/114/34 1391/114/34 1392/114/34
f 1401/114/34 1408/114/34 1391/114/34
f 1402/114/34 1408/114/34 1401/114/34
f 1402/114/34 1409/114/34 1408/114/34
s 0
f 1408/114/211 1409/114/211 1410/114/211
s 1
f 1411/114/34 1409/114/34 1402/114/34
f 1409/114/34 1411/114/34 1412/114/34
f 1380/109/229 1413/115/229 1379/109/229
f 1413/115/230 1380/109/230 1414/112/230
f 1414/112/230 1380/109/230 1389/112/230
f 1389/112/230 1380/109/230 1386/109/230
f 1389/112/230 1386/109/230 1390/112/230
f 1390/112/230 1386/109/230 1415/112/230
f 1415/112/230 1386/109/230 1416/112/229
f 1416/112/230 1386/109/230 1417/112/230
f 1417/112/230 1386/109/230 1385/109/230
f 1417/112/231 1385/109/232 1418/115/230
f 1415/112/77 1250/113/77 1249/113/77
f 1250/113/77 1415/112/77 1416/112/77
f 1421/114/87 1420/109/233 1419/114/87
f 1420/109/233 1421/114/87 1422/109/233
f 1420/109/233 1385/109/50 1423/109/50
f 1385/109/50 1420/109/233 1422/109/233
f 1385/109/77 1421/114/77 1424/114/77
f 1421/114/77 1385/109/77 1422/109/77
f 1421/114/34 1425/114/34 1424/114/34
f 1425/114/34 1421/114/34 1419/114/34
f 1428/109/234 1427/114/25 1426/109/234
f 1427/114/25 1428/109/234 1429/114/25
f 1430/114/34 1427/114/34 1429/114/34
f 1427/114/34 1430/114/34 1431/114/34
f 1432/109/50 1428/109/234 1426/109/234
f 1428/109/234 1432/109/50 1379/109/50
f 1428/109/77 1430/114/77 1429/114/77
f 1430/114/77 1428/109/77 1379/109/77
f 1404/109/50 1434/109/50 1433/109/50
f 1434/109/50 1404/109/50 1435/109/50
f 1435/109/50 1404/109/50 1436/109/50
f 1404/109/50 1387/109/50 1436/109/50
f 1437/109/50 1436/109/50 1387/109/50
f 1387/109/50 1404/109/50 1403/109/50
f 1387/109/50 1403/109/50 1388/109/50
f 1388/109/50 1403/109/50 1438/109/50
f 1438/109/50 1403/109/50 1439/109/50
f 1439/109/50 1403/109/50 1398/109/50
f 1439/109/50 1398/109/50 1440/109/50
f 1440/109/50 1398/109/50 1400/109/50
f 1438/109/25 1279/111/25 1388/109/25
f 1279/111/25 1438/109/25 1282/111/25
f 1282/111/25 1438/109/25 1281/111/25
f 1442/116/235 1440/109/235 1441/109/235
f 1442/116/235 1439/109/235 1440/109/235
f 1442/116/235 1443/108/235 1439/109/235
f 1443/108/235 1442/116/235 1384/108/235
f 1384/108/235 1442/116/235 1444/116/235
f 1384/108/235 1444/116/235 1445/109/235
f 1384/108/235 1445/109/235 1385/109/235
s 0
f 1385/109/236 1445/109/236 1423/109/236
s 1
f 1278/111/87 1387/109/87 1277/111/87
f 1387/109/87 1278/111/87 1437/109/87
f 1437/109/87 1278/111/87 1280/111/87
f 1443/108/50 1381/108/225 1446/108/50
f 1381/108/225 1443/108/50 1384/108/225
s 0
f 1447/109/237 1379/109/237 1432/109/237
s 1
f 1447/109/238 1381/108/238 1379/109/238
f 1448/116/238 1381/108/238 1447/109/238
f 1449/116/238 1381/108/238 1448/116/238
f 1449/116/238 1446/108/238 1381/108/238
f 1446/108/238 1449/116/238 1436/109/238
f 1436/109/238 1449/116/238 1435/109/238
f 1450/109/238 1435/109/238 1449/116/238
f 1443/108/239 1438/109/239 1439/109/239
f 1438/109/239 1443/108/239 1437/109/239
f 1437/109/239 1443/108/239 1436/109/239
f 1436/109/239 1443/108/239 1446/108/239
f 1220/113/87 1396/112/87 1219/113/87
f 1396/112/87 1220/113/87 1451/112/87
f 1451/112/87 1220/113/87 1406/114/87
f 1406/114/87 1220/113/87 1244/117/87
f 1244/117/87 1220/113/87 1239/118/87
f 1239/118/87 1220/113/87 1223/113/87
f 1406/114/87 1244/117/87 1238/119/87
f 1406/114/87 1238/119/87 1214/120/87
f 1406/114/87 1214/120/87 1405/114/87
f 1405/114/87 1214/120/87 1195/119/87
f 1405/114/87 1195/119/87 1196/117/87
f 1405/114/87 1196/117/87 1208/118/87
f 1405/114/87 1208/118/87 1226/113/87
f 1405/114/87 1226/113/87 1227/113/87
f 1405/114/87 1227/113/87 1440/109/87
f 1440/109/87 1227/113/87 1441/109/87
f 1441/109/87 1227/113/87 1236/118/87
f 1441/109/87 1236/118/87 1237/117/87
f 1441/109/87 1237/117/87 1445/109/87
f 1445/109/87 1237/117/87 1240/119/87
f 1445/109/87 1240/119/87 1241/120/87
f 1445/109/87 1241/120/87 1425/114/87
f 1423/109/87 1445/109/87 1425/114/87
f 1425/114/87 1241/120/87 1242/119/87
f 1425/114/87 1242/119/87 1424/114/87
f 1424/114/87 1242/119/87 1193/117/87
f 1424/114/87 1193/117/87 1385/109/87
f 1385/109/87 1193/117/87 1418/115/87
f 1418/115/87 1193/117/87 1194/118/87
f 1418/115/87 1194/118/87 1243/113/87
f 1418/115/87 1243/113/87 1252/113/87
f 1450/109/25 1409/114/25 1435/109/25
f 1230/113/25 1409/114/25 1450/109/25
f 1230/113/25 1450/109/25 1209/118/25
f 1209/118/25 1450/109/25 1197/117/25
f 1206/113/25 1409/114/25 1230/113/25
f 1197/117/25 1450/109/25 1447/109/25
f 1207/118/25 1409/114/25 1206/113/25
f 1197/117/25 1447/109/25 1198/119/25
f 1200/117/25 1409/114/25 1207/118/25
f 1199/119/25 1409/114/25 1200/117/25
f 1215/120/25 1409/114/25 1199/119/25
f 1215/120/25 1410/114/25 1409/114/25
f 1218/119/25 1410/114/25 1215/120/25
f 1410/114/25 1218/119/25 1452/112/25
f 1198/119/25 1447/109/25 1210/120/25
f 1452/112/25 1218/119/25 1202/117/25
f 1210/120/25 1447/109/25 1431/114/25
f 1431/114/25 1447/109/25 1432/109/25
f 1210/120/25 1431/114/25 1211/119/25
f 1211/119/25 1431/114/25 1430/114/25
f 1211/119/25 1430/114/25 1212/117/25
f 1430/114/25 1413/115/25 1212/117/25
f 1413/115/25 1430/114/25 1379/109/25
f 1212/117/25 1413/115/25 1213/118/25
f 1213/118/25 1413/115/25 1179/113/25
f 1179/113/25 1413/115/25 1181/113/25
f 1452/112/25 1202/117/25 1188/113/25
f 1188/113/25 1202/117/25 1201/118/25
f 1188/113/25 1201/118/25 1192/113/25
f 1186/113/25 1452/112/25 1188/113/25
f 1452/112/25 1186/113/25 1395/112/25
f 1405/114/204 1400/109/205 1399/114/205
f 1400/109/205 1405/114/204 1440/109/204
f 1434/109/203 1411/114/208 1433/109/208
f 1411/114/208 1434/109/203 1412/114/203
f 1435/109/202 1412/114/203 1434/109/203
f 1412/114/203 1435/109/202 1409/114/202
f 1433/109/208 1402/114/228 1404/109/228
f 1402/114/228 1433/109/208 1411/114/208
f 1398/109/206 1401/114/227 1397/114/206
f 1401/114/227 1398/109/206 1403/109/227
f 1420/109/54 1425/114/54 1419/114/54
f 1425/114/54 1420/109/54 1423/109/54
f 1432/109/54 1427/114/54 1431/114/54
f 1427/114/54 1432/109/54 1426/109/54
f 1437/109/50 1435/109/50 1436/109/50
f 1435/109/50 1437/109/50 1450/109/50
f 1450/109/50 1437/109/50 1432/109/50
s 0
f 1432/109/211 1447/109/211 1450/109/211
s 1
f 1432/109/50 1437/109/50 1379/109/50
f 1379/109/50 1437/109/50 1380/109/50
f 1380/109/50 1437/109/50 1438/109/50
f 1380/109/50 1438/109/50 1386/109/50
f 1386/109/50 1438/109/50 1385/109/50
f 1385/109/50 1438/109/50 1439/109/50
s 0
f 1385/109/50 1439/109/50 1440/109/50
f 1385/109/50 1440/109/50 1441/109/50
f 1385/109/211 1441/109/211 1445/109/211
s 1
f 1290/121/77 1293/122/77 1289/122/77
f 1293/122/77 1290/121/77 1295/121/77
f 1295/121/77 1290/121/77 1299/123/77
f 1295/121/77 1299/123/77 1304/123/77
f 1304/123/77 1299/123/77 1297/108/77
f 1304/123/77 1297/108/77 1303/108/77
f 1306/121/54 1309/122/54 1305/122/54
f 1309/122/54 1306/121/54 1311/121/54
f 1311/121/54 1306/121/54 1315/123/54
f 1311/121/54 1315/123/54 1320/123/54
f 1320/123/54 1315/123/54 1313/108/54
f 1320/123/54 1313/108/54 1319/108/54
f 1455/124/240 1454/125/77 1453/125/202
f 1454/125/77 1455/124/240 1456/124/77
f 1459/124/77 1458/125/204 1457/125/77
f 1458/125/204 1459/124/77 1460/124/241
f 1458/125/204 1462/126/87 1461/125/87
f 1462/126/87 1458/125/204 1460/124/241
f 1455/124/240 1464/125/25 1463/126/25
f 1464/125/25 1455/124/240 1453/125/202
f 1467/127/207 1466/128/54 1465/128/207
f 1466/128/54 1467/127/207 1468/127/54
f 1471/127/54 1470/128/209 1469/128/54
f 1470/128/209 1471/127/54 1472/127/209
f 1473/127/25 1470/128/209 1472/127/209
f 1470/128/209 1473/127/25 1474/128/25
f 1475/128/87 1467/127/207 1465/128/207
f 1467/127/207 1475/128/87 1476/127/87
f 1477/129/226 1386/130/226 1380/130/226
f 1386/130/226 1477/129/226 1478/129/226
f 1448/131/238 1480/130/238 1479/131/238
f 1480/130/238 1448/131/238 1447/130/238
f 1445/130/235 1482/131/235 1481/130/235
f 1482/131/235 1445/130/235 1444/131/235
o Cube.1
v 0.096893 0.790729 -0.053281
v 0.096893 0.828970 -0.053281
v 0.096876 0.790729 -0.273768
v 0.096876 0.828970 -0.273768
v -0.063398 0.790729 -0.273755
v -0.063398 0.828970 -0.273755
v -0.063380 0.790729 -0.053268
v -0.063380 0.828970 -0.053268
v -0.501232 0.847125 0.084844
v 0.516766 0.838625 0.070363
v -0.501370 0.847125 -1.645317
v 0.516631 0.838625 -1.630998
v 0.534630 0.847125 -1.645399
v -0.483369 0.838625 -1.630919
v 0.534768 0.847125 0.084761
v -0.483234 0.838625 0.070442
v 0.534768 0.821004 0.084761
v 0.534768 0.838625 0.084761
v 0.534630 0.821004 -1.645399
v 0.534630 0.838625 -1.645399
v -0.501370 0.821004 -1.645317
v -0.501370 0.838625 -1.645317
v -0.501232 0.821004 0.084844
v -0.501232 0.838625 0.084844
v 0.516766 0.847125 0.070363
v 0.516631 0.847125 -1.630998
v -0.483369 0.847125 -1.630919
v -0.483234 0.847125 0.070442
vn 1.0000 -0.0000 -0.0001
vn -0.0001 -0.0000 -1.0000
vn -1.0000 -0.0000 0.0001
vn 0.0001 -0.0000 1.0000
vn -0.0000 -1.0000 -0.0000
vn -0.0000 1.0000 -0.0000
vt 0.680819 0.914985
vt 0.680819 0.931308
vt 0.563176 0.931308
vt 0.563176 0.914985
vt 0.631588 0.932636
vt 0.631588 0.948959
vt 0.563176 0.948959
vt 0.563176 0.932636
vt 0.680819 0.897335
vt 0.680819 0.913658
vt 0.563176 0.913658
vt 0.563176 0.897335
vt 0.442878 0.932201
vt 0.442878 0.948524
vt 0.374466 0.948524
vt 0.374466 0.932201
vt 0.561848 0.897335
vt 0.561848 0.965747
vt 0.444206 0.965747
vt 0.444206 0.897335
vt 0.961292 0.000664
vt 0.961292 0.008185
vt 0.038148 0.008185
vt 0.038148 0.000664
vt 0.442878 0.897335
vt 0.442878 0.904856
vt 0.000664 0.904856
vt 0.000664 0.897335
vt 0.961285 0.013141
vt 0.961285 0.020663
vt 0.038141 0.020663
vt 0.038141 0.013141
vt 0.442878 0.909812
vt 0.442878 0.917334
vt 0.000664 0.917334
vt 0.000664 0.909812
vt 0.959498 0.469160
vt 0.959498 0.896007
vt 0.051722 0.896007
vt 0.051722 0.469160
vt 0.038134 0.025619
vt 0.961277 0.025619
vt 0.961277 0.467832
vt 0.038134 0.467832
vt 0.839353 0.978913
vt 0.828980 0.989424
vt 0.170255 0.989424
vt 0.159729 0.978913
vt 0.000664 0.920962
vt 0.442878 0.920962
vt 0.036807 0.692078
vt 0.029123 0.684395
vt 0.029123 0.257548
vt 0.036807 0.249864
vt 0.016028 0.925918
vt 0.016028 0.922290
vt 0.442878 0.922290
vt 0.442878 0.925918
vt 0.158540 0.977586
vt 0.168913 0.967075
vt 0.827638 0.967075
vt 0.838165 0.977586
vt 0.038141 0.024291
vt 0.961285 0.024291
vt 0.020113 0.249864
vt 0.027796 0.257548
vt 0.027796 0.684395
vt 0.020113 0.692078
vt 0.000996 0.994380
vt 0.000996 0.990752
vt 0.908758 0.990752
vt 0.908758 0.994380
vt 0.039989 0.999336
vt 0.039989 0.995708
vt 0.947751 0.995708
vt 0.947751 0.999336
vt 0.038148 0.011814
vt 0.961292 0.011814
vt 0.016037 0.930874
vt 0.016037 0.927245
vt 0.442878 0.927245
vt 0.442878 0.930874
vt 0.000664 0.908485
vt 0.442878 0.908485
s 1
usemtl Mat_1
f 1485/132/242 1486/133/242 1484/134/242 1483/135/242
f 1487/136/243 1488/137/243 1486/138/243 1485/139/243
f 1489/140/244 1490/141/244 1488/142/244 1487/143/244
f 1483/144/245 1484/145/245 1490/146/245 1489/147/245
f 1487/148/246 1485/149/246 1483/150/246 1489/151/246
f 1501/152/242 1502/153/242 1500/154/242 1499/155/242
f 1503/156/243 1504/157/243 1502/158/243 1501/159/243
f 1505/160/244 1506/161/244 1504/162/244 1503/163/244
f 1499/164/245 1500/165/245 1506/166/245 1505/167/245
f 1494/168/247 1496/169/247 1498/170/247 1492/171/247
f 1505/172/246 1503/173/246 1501/174/246 1499/175/246
f 1495/176/247 1508/177/247 1507/178/247 1497/179/247
f 1491/180/245 1506/166/245 1500/165/245 1497/181/245
f 1493/182/247 1509/183/247 1508/184/247 1495/185/247
f 1507/186/243 1492/187/243 1498/188/243 1510/189/243
f 1491/190/247 1510/191/247 1509/192/247 1493/193/247
f 1493/194/244 1504/162/244 1506/161/244 1491/195/244
f 1497/196/247 1507/197/247 1510/198/247 1491/199/247
f 1510/200/242 1498/201/242 1496/202/242 1509/203/242
f 1508/204/244 1494/205/244 1492/206/244 1507/207/244
f 1497/208/242 1500/154/242 1502/153/242 1495/209/242
f 1509/210/245 1496/211/245 1494/212/245 1508/213/245
f 1495/214/243 1502/158/243 1504/157/243 1493/215/243
